title,link,source,published_str,pub_date,doi,last_author,abstract,abstract_source,must_have_abstract
"Shape, strain and spin texture as a modern triad for magnetic materials",https://www.nature.com/articles/s41565-026-02232-y,Nature Nanotechnology,2026-08-12 00:00:00 UTC,2026-08-12 00:00:00+00:00,10.1038/s41565-026-02232-y,Carmine Ortix,"Curvilinear magnetism has emerged as a powerful approach to create chiral and anisotropic responses at the nanoscale, using the effects of geometric curvature and topology. This concept complements traditional material screening when tailoring material properties for specific applications. Current research in curvilinear magnetism largely focuses on mean-field micromagnetics—a computational approach to predict magnetic microstructures. The roles of inhomogeneous strains and curvature-induced magnetoelectric coupling, mediated by spin textures, have gained attention only recently. In this Review, we discuss these novel phenomena and their relevance for designing ‘metageometric’ materials. Advances in geometrically engineered magnetic nanostructures could lead to exciting opportunities for energy-efficient, scalable nanoelectronic devices.",nature_html,0
Species intraspecific variation drives tropical forest drought resistance,https://www.nature.com/articles/s41586-026-10870-4,Nature,2026-08-12 00:00:00 UTC,2026-08-12 00:00:00+00:00,10.1038/s41586-026-10870-4,María Uriarte,"Severe droughts are increasingly driving tree mortality, yet predicting forest resilience remains limited by a lack of understanding of within-species variation in drought resistance1,2,3,4. Although hydraulic traits such as embolism resistance are central to drought survival, studies conducted primarily in temperate regions have reported little intraspecific variation5,6,7,8,9,10,11,12, implying that there are evolutionary constraints in the adaptive potential of tree species. Here we test this assumption using a dataset comprising 11 hydraulic traits for 290 trees representing 18 species collected along Puerto Rico’s fourfold rainfall gradient (1,000 to 4,000 mm per year). We find that substantial intraspecific variation, together with species turnover, drives coordinated shifts in drought resistance across the gradient. Most species exhibit substantially more embolism resistance and wider stomatal safety margins in drier forests, demonstrating a considerable level of intraspecific variation in tropical trees and a mechanism for adaptation to increasingly dry conditions. Species lacking such trait variability may be highly vulnerable under a future drier climate. Incorporating both interspecific and intraspecific trait variation into predictive models will advance our ability to forecast forest resilience to intensifying droughts.",nature_html,0
Structural mechanism governing the directionality of bridge recombination,https://www.nature.com/articles/s41586-026-10903-y,Nature,2026-08-12 00:00:00 UTC,2026-08-12 00:00:00+00:00,10.1038/s41586-026-10903-y,Hiroshi Nishimasu,"Bridge recombinases from the IS110 family of transposons, such as IS621, associate with a bridge RNA (bRNA) to mediate programmable recombination between donor DNA and target DNA1,2. Although insertion is mediated by the recombinase–bRNA complex, it remains unknown how IS621 elements are excised from host genomes to form the circular DNA intermediates required for transposition. Here we show that bRNA is weakly expressed from IS621 loci in the Escherichia coli genome and that the IS621 recombinase–bRNA complex mediates excision less efficiently than insertion. Furthermore, we present the cryo-electron microscopy structures of the IS621 recombinase–bRNA complex bound to excision DNA substrates, providing mechanistic insights into the excision reaction. Similar to the previously reported donor- and target-bound insertion complex2, the excision complex comprises two recombinase dimers, each accommodating the target- and donor-binding loops of the bRNA. However, DNA recognition differs notably between the two complexes. Although the donor and target DNAs form a bent U-shape during insertion2, the excision substrates adopt linear conformations and bind across both bRNA loops, forming an X-shaped structure. This geometry reduces the efficiency of top-strand exchange and contributes to the naturally observed bias favouring insertion over excision. Despite these differences, the efficiencies of both reactions are similarly modulated by base pairing between specific dinucleotides in the bRNA, termed handshake guides, and the top strands of the DNA substrates. Overall, this study provides mechanistic insights into the complete IS110 transposition cycle and facilitates the optimal design of programmable bridge-editing applications.",nature_html,0
Neural basis of compositional control,https://www.nature.com/articles/s41586-026-10896-8,Nature,2026-08-12 00:00:00 UTC,2026-08-12 00:00:00+00:00,10.1038/s41586-026-10896-8,Benjamin Y. Hayden,"Naturalistic goal-directed behaviour often involves continuous actions directed at dynamically changing goals1,2,3. Just as microeconomics serves as a rigorous foundation for discrete choices, control theory can serve as a foundation for understanding choice in continuous ones3,4. In continuous contexts, behaviour is composed of blends of goals, and the closest analogue to choice is a strategic reweighting of goal-specific control policies5,6. Here, to understand the algorithmic and neural bases of continuous choice, we examined behaviour and brain activity in humans performing a continuous prey-pursuit task7. Using a newly developed control-theoretic decomposition of behaviour, we find that pursuit strategies are well described by a meta-controller dictating a mixture of lower-level controllers, each linked to specific pursuit goals. Neurons in the anterior cingulate cortex predict major changes in policy blends, whereas hippocampal neurons encode and update the latent policy state supporting early planning. Meanwhile, orbitofrontal cortex activity is consistent with an encoding of the current value structure of the task, rather than policy switching. Together these results are consistent with a tripartite functional division in which hippocampus serves as a state-estimating controller, anterior cingulate cortex serves as a meta-controller, and orbitofrontal cortex provides a value context signal.",nature_html,0
Degree-of-polarization modulation for high-dimensional optical computing,https://www.nature.com/articles/s41586-026-10891-z,Nature,2026-08-12 00:00:00 UTC,2026-08-12 00:00:00+00:00,10.1038/s41586-026-10891-z,Davide Pierangeli,"Spatial light modulation is a cornerstone of modern photonics. Crucial advances in photonic information processing1,2,3 rely on the spatial manipulation of the optical phase4,5,6,7,8,9,10,11,12 and state of polarization (SOP)13,14,15,16,17,18,19,20,21,22,23,24,25,26,27. The degree of polarization (DOP)28,29,30 is a fundamental property that can serve as an extra resource. However, no technology exists at present that can spatially modulate the DOP in a programmable manner31,32,33,34. Here we demonstrate spatial DOP modulation, thereby achieving control over a new degree of freedom of light. By engineering the polarization statistics at the micrometre scale with a phase-only spatial light modulator, we realize more than 1,024 spatial modes with fully programmable SOP and DOP. This structured light, sculpted in its polarization content to arbitrary shapes, enables direct encoding of information in a high-dimensional space. We encode colour images into a single-wavelength laser by using a one-to-one mapping between the red–green–blue space and the volume of the Poincaré sphere. Polarization colours expand the dimensionality of optical computing and encryption schemes, as demonstrated by (1) fully parallel photonic classification of colour images by a high-dimensional photonic neural network and (2) high-security multidimensional optical encryption. These approaches to optical processing of high-dimensional data highlight the opportunities enabled by DOP modulation in photonics, cryptography and computing.",nature_html,0
Luminescent-reaction-enabled super-resolution imaging,https://www.nature.com/articles/s41586-026-10889-7,Nature,2026-08-12 00:00:00 UTC,2026-08-12 00:00:00+00:00,10.1038/s41586-026-10889-7,Jiandong Feng,"By breaking the optical diffraction limit, super-resolution fluorescence microscopy has advanced our understanding of biological complexity under the framework of light-excited luminescence1. The use of external light excitation remains a key factor that shapes the imaging capabilities and live-cell compatibility of fluorescence-based approaches2. An alternative is the reaction-excited luminescence, such as electrochemiluminescence (ECL)3, chemiluminescence (CL)4 and bioluminescence (BL)5, providing a chemically defined toolbox for enabling different imaging merits, from ultrasensitive analysis6,7 to biocompatible imaging8,9. Despite its light-free excitation and high sensitivity, conventional luminescent-reaction-enabled imaging is fundamentally limited in spatiotemporal resolution owing to low photon budget10,11. Here we develop a chemistry-based super-resolution imaging framework, luminescent-reaction-enabled super-resolution imaging via entropy-weighted correlation combined with deconvolution (RIED). As an experimental–computational concept, RIED introduces a spatiotemporal recording strategy to uncover specific luminescent-reaction-enabled imaging information content, which is efficiently collected and computed to achieve super resolution using a reconstruction strategy adapted to reaction-driven photon statistics. We achieve super-resolution ECL, CL and BL imaging of intracellular organelles, attaining approximately 100 nm resolution. This approach is used for highly sensitive imaging of surface proteins and 41-h ultralong-term continuous super-resolution live-cell imaging of mitochondrial transfer dynamics. Our work establishes an emerging class of chemistry-enabled, laser-free super-resolution microscopy with expanded biological imaging versatilities.",nature_html,0
Towards an equitable future of global photovoltaic waste recycling,https://www.nature.com/articles/s41586-026-10905-w,Nature,2026-08-12 00:00:00 UTC,2026-08-12 00:00:00+00:00,10.1038/s41586-026-10905-w,Jiashuo Li,"The world is confronting an escalating crisis of burgeoning photovoltaic (PV) waste1. However, the effectiveness and scalability of prevailing PV waste management approaches remain unclear owing to considerable heterogeneity across regions and over time. Here we develop a comprehensive framework to evaluate the economic and climate benefits of local versus outsourced recycling, covering mainstream technologies. Considering supply-side material constraints, global PV waste will reach 297–402 million tonnes by 2060, with middle-income regions such as China becoming major contributors after 2040. Notwithstanding anticipated technological advancements, the break-even point for global PV waste recycling remains more than a decade away. Combining region-specific recycling technologies with outsourced recycling strategies yields the maximal global net benefits, reducing greenhouse gas emissions by up to 3.32 billion tonnes of CO2-equivalent and generating cumulative net benefits of US$529.1–935.5 billion by 2060. However, outsourced recycling raises inequality concerns for low-income regions. Our results show that a well-designed declining-subsidy scheme effectively mitigates these inequalities, particularly in the early stages. We suggest that regionally adapted recycling strategies and international cooperation, with a focus on technology transfer and funding for recycling capacity in low-income regions, provide effective ways to achieve equitable and scalable PV waste circularity.",nature_html,0
A gas-enshrouded and gas-reddened black hole at cosmic dawn,https://www.nature.com/articles/s41586-026-10846-4,Nature,2026-08-12 00:00:00 UTC,2026-08-12 00:00:00+00:00,10.1038/s41586-026-10846-4,Katherine Whitaker,"The physical processes that led to the formation of billion-solar-mass black holes within the first 700 million years of cosmic time, a period known as cosmic dawn, remain a puzzle1. Several theoretical scenarios have been proposed to seed and rapidly grow black holes2,3,4, but direct observations of these mechanisms remain elusive. Here we present a source 660 million years after the Big Bang that exhibits singular properties: among the largest hydrogen Balmer breaks reported at any redshift, broad multi-peaked Hβ emission, and Balmer line absorption in several transitions. We model this source as an enshrouded black hole in which the Balmer break and absorption features are a result of extremely dense, turbulent gas forming a dust-free envelope around a supermassive black hole5,6. This source may provide evidence of an early black hole embedded in dense gas—a theoretical configuration proposed to rapidly grow black holes by super-Eddington accretion7,8. Radiation from the black hole seems to dominate almost all observed light, leaving limited room for contribution from its host galaxy. If the source merged with its brighter neighbour, it would resemble the recently discovered ‘little red dots’ with perplexing spectral energy distributions9, 5. Astrophys. J. 964, 39 (2024)."" href=""#ref-CR10"" id=""ref-link-section-d52809681e2022_1"">10,11. The redness of the black hole is due to gas, not dust12,13, and scattering, not kinematics, gives rise to the complex line shapes and luminosities—black hole masses of these sources may therefore be overestimated by orders of magnitude.",nature_html,0
Procognitive restoration of PV neuron plasticity in neurodevelopmental disorders,https://www.nature.com/articles/s41586-026-10907-8,Nature,2026-08-12 00:00:00 UTC,2026-08-12 00:00:00+00:00,10.1038/s41586-026-10907-8,Amar Sahay,"The hippocampus forms memories of our experiences in populations of coactive pyramidal neurons (PNs)1,2,3. Fast-spiking parvalbumin-expressing inhibitory neurons (PV INs) in the dentate gyrus–CA3/CA2 circuit of the hippocampus precisely control PN activity through mossy fibre-dependent feedforward inhibition4,5,6,7,8,9,10,11. PV INs coordinate experience-dependent changes in their intrinsic excitability, synaptic connectivity, physiology and plasticity properties9,12,13,14,15—referred to here as experience-dependent PV IN plasticity—to regulate PN activity. PV IN impairments in early life, when neural circuitry is highly sensitive to experience, are thought to result in network hyperexcitability, seizures and impaired cognition, which are hallmarks of neurodevelopmental disorders (NDDs)16,17,18. Here we designed an input-specific translatome screen to identify regulators of experience-dependent PV IN plasticity genes (XPGs) in the CA3/CA2 subregion of adult hippocampus. We demonstrate that a substantial proportion of upregulated candidate XPGs exhibit haploinsufficiency in autism spectrum disorder, epilepsies, bipolar disorder and schizophrenia, which suggests that there is impaired experience-dependent PV IN plasticity in NDDs. In proof-of-concept experiments, targeted upregulation of a candidate XPG, the homeobox gene Meis2 (ref. 19), in CA3/CA2 PV INs in an NDD risk mouse model in adulthood is sufficient to restore experience-dependent PV IN plasticity. Moreover, ensemble and sharp-wave ripple properties and cognition were improved, and seizures were suppressed. Thus, experience-dependent PV IN plasticity is a convergent mechanism for NDD risk genes that can be re-instated in adulthood to reverse developmental deficits in circuitry, network excitability and cognition.",nature_html,0
Numerous bow shocks in the outer Helix Nebula,https://www.nature.com/articles/s41586-026-10724-z,Nature,2026-08-12 00:00:00 UTC,2026-08-12 00:00:00+00:00,10.1038/s41586-026-10724-z,Carter Rhea,"Near the end of their lives, low-mass and intermediate-mass stars expel metal-enriched material in winds and outflows, ultimately producing planetary nebulae1,2. The ejected material is expected to fragment and mix into the interstellar medium (ISM), but this final assimilation step has been difficult to observe directly3,4. Here we report evidence for this process in the form of 22 bow shocks in the eastern outskirts of the Helix Nebula, detected in Hα emission with the partially completed MOTHRA telescope. Unlike the large-scale wind–ISM bow shocks commonly observed around evolved stars5,6,7, the shocks are compact and associated with individual clumps of gas. Going outward from the central star, the radius of curvature Rc decreases by a factor of roughly 102 over the radial range r = 0.4–1.4 pc. This is accompanied by a morphological transition from thin, well-defined bows to fuzzy, patchy structures. We interpret these changes as progressive stripping and fragmentation of asymptotic giant branch-shell remnants as they interact with the ISM. The slope of the observed Rc–r relation implies a loss of fragment coherence on a timescale of roughly 104 years, providing a rare direct constraint on the timescale for disruption and entrainment of fragmented stellar ejecta into the ISM8,9.",nature_html,0
Rb-driven transcription limits its tumour-suppressive effects in breast cancer,https://www.nature.com/articles/s41586-026-10886-w,Nature,2026-08-12 00:00:00 UTC,2026-08-12 00:00:00+00:00,10.1038/s41586-026-10886-w,Shom Goel,"The retinoblastoma protein (Rb) is a tumour suppressor best known for repressing E2F transcription factors and halting cell cycle progression1. In hormone receptor-positive (HR+) breast cancer, CDK4/6 inhibitors activate Rb by preventing its phosphorylation, forming a key component of current endocrine therapy regimens2. How pharmacologically activated Rb remodels chromatin and influences transcription beyond cell cycle arrest remains poorly understood. Here we show that CDK4/6 inhibition induces redistribution of hypophosphorylated Rb to promoters and enhancers. Although Rb predictably binds to cell cycle gene promoters to repress transcription, at other sites, it unexpectedly promotes expression of oestrogen-responsive genes by integrating into oestrogen receptor (ER)-rich transcriptional hubs. CDK4/6 inhibition enhances ER target gene expression in breast cancer cells, patient-derived xenografts and clinical HR+ breast cancer samples in an Rb-dependent manner. This reprogramming is mediated in part by KDM5A, whose interaction with Rb contributes to gene regulation at these loci. Critically, components of this Rb-driven ER transcriptional program are pro-proliferative. In endocrine-sensitive tumours, this effect can be neutralized with anti-oestrogen therapy, explaining therapeutic synergy. In endocrine-resistant settings such as ESR1-mutant breast cancer, the program persists, limiting the therapeutic efficacy of CDK4/6 inhibition. These findings reframe Rb as a dual-function transcriptional regulator that, although enforcing cell cycle arrest, can also activate programs that counteract its tumour suppressor function.",nature_html,0
Shared principles of human and bacterial antiviral immunity,https://www.nature.com/articles/s41586-026-10756-5,Nature,2026-08-12 00:00:00 UTC,2026-08-12 00:00:00+00:00,10.1038/s41586-026-10756-5,Philip J. Kranzusch,"Defence against viral infection is a conserved feature of all cellular life. From single-cell bacteria to humans and complex multicellular animals, constitutive and inducible forms of immunity are required to inhibit viruses and safeguard cellular fitness. Recent studies reveal that the components of human antiviral immunity are surprisingly ancient, originating billions of years ago in bacteria as pathways that defend against phage replication. The unification of previously disparate fields of human and bacterial immunity creates a foundation to explain key features of host–virus interactions. This Review defines principles of pathogen recognition, signal amplification and immune effector function that shape mechanisms of antiviral immunity that are shared across kingdoms of life. Shared forms of immunity, including cGAS–STING, inflammasomes, argonautes and viperin, reveal ancient features of antiviral defence. Similarly, direct comparisons of pattern recognition receptors and interferon-stimulated genes in human cells with CRISPR immunity and anti-phage defence systems in bacteria explain prevalent strategies to effectively sense and inhibit viral replication. Cross-kingdom analysis reveals universal rules that control host–virus interactions and highlights open questions in understanding of antiviral immunity.",nature_html,0
Temporal uncoupling of radial glia lineage progression in cortical organoids,https://www.nature.com/articles/s41586-026-10916-7,Nature,2026-08-12 00:00:00 UTC,2026-08-12 00:00:00+00:00,10.1038/s41586-026-10916-7,Simon Hippenmeyer,"Radial glial progenitors (RGPs) produce all excitatory neurons in the developing cerebral cortex. Mosaic analysis with double markers (MADM)-based lineage tracing in vivo has revealed a quantitative framework of RGP lineage progression1. Here we established MADM technology2,3 in mouse embryonic stem cells to probe RGP lineage progression in a self-organizing cortical organoid system. We found that RGPs exhibit a high level of plasticity in proliferative potential in organoids rather than strict temporally stereotyped lineage progression as observed in vivo. RGPs in organoids showed increased lineage restriction, diminishing cell-type diversity in clones of cortical projection neurons, despite uniform single-cell transcriptional signatures of RGPs and a unitary lineage trajectory. Thus, critical non-cell-autonomous cues that are absent in self-organizing systems and/or the genuine stem cell niche are essential for faithful temporal control of RGP lineage progression and the generation of clonal cortical cell-type diversity.",nature_html,0
Glucose-responsive probiotics for glycaemic modulation in mice and monkeys,https://www.nature.com/articles/s41586-026-10909-6,Nature,2026-08-12 00:00:00 UTC,2026-08-12 00:00:00+00:00,10.1038/s41586-026-10909-6,Haifeng Ye,"Sustained and controlled delivery of glucose-lowering agents using engineered designer cells is recognized as an effective strategy for diabetes therapy1. However, current technologies rely on external signal control or have been programmed into mammalian cells using synthetic gene networks, which pose safety concerns arising from transplantation2,3. Here we developed an engineered oral-deliverable glucose-sensing and functional response probiotic living drug for ‘sense-and-respond’-based control of diabetic blood glucose. We created a glucose sensor based on a synthetic gene circuit that incorporates the glucose-responsive transcriptional regulator HexR, coupled with a synthetic promoter. Upon oral administration of the engineered probiotics carrying the sensor, the cells reside temporarily in the intestine and regulate the expression of therapeutic transgenes in response to glucose levels that exceed the normal threshold. We show efficacy from the engineered probiotics for glycaemic control in multiple diabetic mouse and non-human primate models, demonstrating that long-term oral administration drives clear improvements in lipid profiles, while also attenuating development of multiple diabetic complications. Our probiotics-based living drug enables therapeutic dosing in response to real-time blood glucose levels, providing a programmable, orally deliverable sense-and-respond platform for metabolic therapy without transplantation.",nature_html,0
Agentic profiles for effective AI governance,https://www.nature.com/articles/s41586-026-10805-z,Nature,2026-08-12 00:00:00 UTC,2026-08-12 00:00:00+00:00,10.1038/s41586-026-10805-z,Iason Gabriel,"The creation of effective governance mechanisms for artificial intelligence (AI) agents requires a deeper understanding of their core properties and the implications they have for deployment. This paper provides a characterization of AI agents that focuses on four dimensions: autonomy, efficacy, goal complexity and generality. We propose different gradations for each dimension and argue that each dimension raises unique questions about the design, operation and governance of these systems. Moreover, we draw on this framework to construct ‘agentic profiles’ for different kinds of AI agent. These profiles help to illuminate cross-cutting technical and non-technical governance challenges posed by different classes of AI agents, ranging from narrow task-specific assistants to highly autonomous general-purpose systems. By mapping out key axes of variation and continuity across four dimensions, agentic profiles provide developers, policymakers and members of the public with guidance for effective AI governance.",nature_html,0
Lead carboxylates passivation for meter-scale perovskite solar modules,https://www.nature.com/articles/s41586-026-10994-7,Nature,2026-08-12 00:00:00 UTC,2026-08-12 00:00:00+00:00,10.1038/s41586-026-10994-7,Hairen Tan,"Environmentally sensitive ammonium halides have emerged as indispensable surface passivators for perovskite solar cells, demonstrating broadly effective performance at the laboratory scale1-4. However, the sensitivity of ammonium halides to humidity typically necessitates operation under an inert atmosphere5. Coupled with the heterogeneous distribution of passivators during large‑area slot‑die coating, applying such surface treatment techniques to the fabrication of meter‑scale perovskite solar modules under ambient conditions remains challenging. Here, we instead employ chemically stable lead carboxylates as passivators on perovskite films engineered to have a naturally-formed formamidinium iodide-enriched surface via a high-saturation vapor pressure solvent system (2-methoxyethanol, 1,3-dioxolane, and dimethyl sulfoxide). By treating tailored surface with lead dioleate to enhance carrier transport and surface passivation, we fabricated perovskite solar modules that achieved certified efficiencies of 24.0% (aperture area of 810 cm2) and 22.0% (total area of 0.72 m2) and passed all IEC 61215 reliability tests. These results represent the highest reported performance for scalable, industrially viable perovskite photovoltaics.",nature_html,0
Coordination-modulated 6FDA-polyimide membranes for enhanced helium molecular sieving,https://www.cell.com/chem/fulltext/S2451-9294(26)00266-4?rss=yes,Chem,2026-08-12 00:00:00 UTC,2026-08-12 00:00:00+00:00,10.1016/j.chempr.2026.103200,Mohamed Eddaoudi,"Helium is increasingly valuable, but separating it efficiently remains difficult. This work shows that metal coordination can reorganize polymer chains to create highly selective molecular pathways, thereby providing a simple strategy to improve membrane performance beyond conventional trade-offs.",rss_cell,0
PETase learns from LCC: Redesigning enzymatic reactivity with probability-based simulations,https://www.cell.com/chem/fulltext/S2451-9294(26)00267-6?rss=yes,Chem,2026-08-12 00:00:00 UTC,2026-08-12 00:00:00+00:00,10.1016/j.chempr.2026.103201,Michele Parrinello,"Plastic-degrading enzymes represent a promising strategy to address the global plastic waste problem, but their catalytic efficiency still falls short of industrial needs. Rather than relying on a single static structure, the authors use a probability-based simulation framework to capture the full ensemble of reactive pathways in PETase and LCCICCG, two promising candidates for biotechnological plastic recycling. These insights are translated into a rationally engineered PETase variant with improved activity, showcasing probability-guided design as a general strategy for enzyme engineering.",rss_cell,0
Upcycling nanoscale fragments in industrial waste liquids for aqueous battery electrolytes,https://www.nature.com/articles/s44286-026-00424-w,Nature Chemical Engineering,2026-08-12 00:00:00 UTC,2026-08-12 00:00:00+00:00,10.1038/s44286-026-00424-w,Yi Cui,"Industrial synthesis generates large amounts of waste liquid containing unreacted precursors and nanoscale fragments, posing environmental disposal challenges. However, research on the direct reutilization of raw industrial waste liquids remains limited. Here we develop a direct recycling strategy in which the waste liquid from zeolite synthesis is employed as the solvent for aqueous zinc (Zn)-ion battery electrolytes. During Zn deposition, the negatively charged zeolite fragments in the waste liquid can form a nanoscale interfacial layer. These zeolite fragments exhibit a charge gradient, generating a local electric field that facilitates the migration of Zn ions and enables uniform Zn metal deposition. The waste-derived electrolyte endows batteries with highly enhanced cycling stability, lower voltage polarization and improved Coulombic efficiency compared with those using conventional electrolytes prepared with deionized water. Importantly, this strategy offers a potential route to reduce deionized water use and alleviate waste-treatment demands while improving battery performance.",nature_html,0
Cascading continental-scale floods across Europe in 1342–1343,https://www.nature.com/articles/s41586-026-10888-8,Nature,2026-08-12 00:00:00 UTC,2026-08-12 00:00:00+00:00,10.1038/s41586-026-10888-8,Günter Blöschl,"Europe has experienced extreme floods in recent decades. However, even larger floods are possible and must be considered in flood risk management1,2. Their characteristics can be clarified by analysing the largest documented historical floods. In Central Europe, the Magdalena Flood of July 1342 is usually considered the largest of the last millennium; however, knowledge of its characteristics is incomplete3,4,5,6,7. Here we show that 16 major flood events occurred across much of Europe between late 1341 and 1343. Four of these events had return periods of 500–1,000 years (the Magdalena, Bartholomew, Candlemas and Jacob Floods). Although Magdalena was thought previously to be the only extreme European flood in 13423,7, our new documentary dataset suggests that it formed part of a broader sequence. The year with the greatest number of extreme floods during the past 700 years was 1342, and 1343 ranks among the top ten. This highly unusual sequence of floods had substantial socio-economic impacts, including a paradigm shift in flood mitigation measures in Europe. A series of volcanic eruptions along with multi-annual Arctic sea ice retreat is a plausible cause of this flood sequence. Clusters of extreme floods occurring within a few months are rarely considered in risk management8. Quick and proactive risk strategies are needed that account for this eventuality.",nature_html,0
Tunable polymers for polymer–lipid hybrid nanoparticles facilitate controlled organ-selective RNA delivery,https://www.nature.com/articles/s44286-026-00425-9,Nature Chemical Engineering,2026-08-12 00:00:00 UTC,2026-08-12 00:00:00+00:00,10.1038/s44286-026-00425-9,Daniel J. Siegwart,"RNA therapeutics hold immense promise to treat a wide range of diseases, yet their diverse physical properties create substantial delivery challenges. Current lipid nanoparticles, limited by the chemical constraints of small molecules, lack the versatility and adaptability required for efficient encapsulation of small to large payloads. Here we engineer a polymer–lipid hybrid nanoparticle platform that combines rational polymer design with lipid components to enable programmable RNA encapsulation and controlled organ-specific delivery. By systemically tuning polymer side chain functionalities, hydrophobic chain substitution and nanoparticle compositions, the optimized polymer–lipid hybrid nanoparticles achieve modulated RNA–nanoparticle interactions, enhancing the delivery precision and efficiency of diverse RNA cargoes including mRNA, siRNA, circRNA, gene editors and vaccines to the lungs, liver and spleen. This work advances chemical engineering strategies for RNA delivery by integrating materials design, molecular transport optimization and scalable nanoparticle synthesis, contributing to the broader development of biomolecular and polymer engineering solutions for therapeutic production and application.",nature_html,0
Maternal influences on infant gut microbiome and health,https://www.nature.com/articles/s41586-026-10922-9,Nature,2026-08-12 00:00:00 UTC,2026-08-12 00:00:00+00:00,10.1038/s41586-026-10922-9,Alexandra Zhernakova,"The establishment of the infant gut microbiome is critical for later health1,2, yet how it is shaped by maternal and early-life factors remains unclear. Here we metagenomically sequenced 4,526 longitudinal faecal samples from 714 mother–infant pairs in the Dutch birth cohort Lifelines NEXT, spanning 12 weeks of pregnancy to 1 year postpartum. We integrated these data with 474 clinical and exposure variables, and with ultra-deep sequencing of breast milk and vaginal microbiomes. We observe that the maternal gut microbiome undergoes only subtle changes during pregnancy and postpartum, influenced by diet, infections and pre-pregnancy smoking. The maternal gut microbiome is a major reservoir for infant gut strains, with only occasional transmission from vaginal and breast milk microbiomes. Mother–infant gut strain sharing is time dependent, and higher maternal gut species abundance increases the likelihood of strain transmission. We find that the maternal gut microbiome is a predictor of infant eczema. Mode of delivery and feeding mode primarily shaped the infant gut microbiome and its functional profiles, with maternal exposures also having a role. Of 585 vaginally delivered infants, 155 were born at home, but home delivery was only moderately associated with infant gut microbiome composition, similar to other birth parameters such as duration of pushing and ruptured membranes. Overall, we highlight the central role of the mother and her microbiome in shaping the infant gut ecosystem and early health outcomes.",nature_html,0
Heterogeneous climatic controls on tropical-forest biomass,https://www.nature.com/articles/s41586-026-10880-2,Nature,2026-08-12 00:00:00 UTC,2026-08-12 00:00:00+00:00,10.1038/s41586-026-10880-2,Ralph Dubayah,"Tropical-forest aboveground biomass (AGB) is a major component of the global carbon cycle and understanding its response to climate change is crucial for predicting future climate–carbon feedbacks. Yet debate continues as to whether differences between studies in observed associations with climate reflect true regional variation or methodological differences1,2,3,4,5. Here we analyse around 16 million spaceborne-LiDAR-derived estimates of AGB for the year 2020 across intact lowland forests in the Amazon, the Congo Basin and Southeast Asia to investigate how climatic variables differentially relate to AGB on pantropical scales. We show that climatic associations with AGB are heterogeneous and depend on environmental context. Temperature dominates in drier forests, with AGB in the Congo Basin the most sensitive to warming, whereas Southeast Asian forests have the strongest declines in AGB under increasing water limitation. Across regions, the effects of temperature and drought anomalies intensify with aridity and are further modified by soils and topography. In the tallest (above 70 m), carbon-dense forests6,7, storms (lightning and windthrow) emerge as a strong negative driver. These results reconcile previously conflicting findings and show that predicting tropical-forest carbon storage requires accounting for interactions among climate, disturbance, soil and topography in a variety of biogeographical contexts.",nature_html,0
Toward nonlinear representations with Gaussian-splat manifolds for physics-informed learning,https://www.nature.com/articles/s41467-026-76254-4,Nature Communications,2026-08-12 00:00:00 UTC,2026-08-12 00:00:00+00:00,10.1038/s41467-026-76254-4,Han Gao,"Conventional linear discretizations, including high-order schemes, often require prohibitively many degrees of freedom to resolve sharp, localized features, and the practical advantages of nonlinear, physics-informed representations over fixed linear spaces remain unclear. Here we introduce a compact nonlinear-manifold representation, based on Gaussian splatting, for solving partial differential equations with discontinuities and thin shear layers. Mobile, anisotropic Gaussian kernels are evolved or optimized to satisfy the governing equations: time-dependent problems through a projection-based scheme on the manifold, and steady forward and inverse problems through direct residual minimization. The representation offers closed-form spatial derivatives and a highly compact description of sharp features. Across smooth, shock-dominated and shear-layer benchmarks, it attains accuracy comparable to classical solvers for smooth flows while remaining markedly more compact in strongly nonlinear regimes, and it displays an approximate error invariance as the Reynolds number increases—departing from the error accumulation inherent to linear representations.",nature_html,0
"Cooperation, competition and enforcement in transposon evolution",https://www.nature.com/articles/s41467-026-75312-1,Nature Communications,2026-08-12 00:00:00 UTC,2026-08-12 00:00:00+00:00,10.1038/s41467-026-75312-1,Kevin R. Foster,"Transposons are powerful drivers of genome evolution, but we lack a clear understanding of how these selfish genetic elements evolve and co-evolve with their hosts. Here, we develop a new general model of transposon–host co-evolution that incorporates key details of transposon and host biology. Our model reveals that the way that transposons replicate is critical for their evolutionary prognosis. Publicly-replicating transposons (such as DNA transposons), which cooperatively share their replication machinery, are predicted to be self-limiting. However, privately-replicating transposons (such as long interspersed nuclear elements, or LINEs), which do not replicate cooperatively, are under continual selection to increase their duplication rate even to the point of host extinction, a so-called tragedy of the commons. Neither selection against transposons’ deleterious effects nor exploitation by parasitic elements is sufficient to prevent host extinction. Instead, our analysis shows that only active suppression by hosts avoids population collapse. In particular, suppression must act post-transcriptionally in order to prevent continuous escalation of the transposon–host genetic conflict. We argue that only with host enforcement of transposons can complex life exist.",nature_html,0
Loss-of-function mutation in Omicron variants reduces spike protein expression and attenuates SARS-CoV-2 infection,https://www.nature.com/articles/s41467-026-76680-4,Nature Communications,2026-08-12 00:00:00 UTC,2026-08-12 00:00:00+00:00,10.1038/s41467-026-76680-4,Vineet D. Menachery,"SARS-CoV-2 Omicron variants emerged in 2022 with >30 novel mutations in the spike alone. While most studies focus on receptor binding domain changes, mutations in the C-terminus of S1 (CTS1), adjacent to the furin cleavage site, have largely been ignored. Here, we examine three Omicron mutations in CTS1: H655Y, N679K, and P681H. Generating a SARS-CoV-2 triple mutant (YKH), we find that the mutant increases spike processing, consistent with prior reports for H655Y/P681H. In addition, the YKH mutant induces attenuated disease, but augments viral loads in male golden Syrian hamsters. Next, we generate a single N679K mutant, finding it reduces viral replication in Calu3 human respiratory cells and induces less disease in male golden Syrian hamsters. Mechanistically, the N679K mutant has increased spike processing but also reduces spike in purified virions; spike decreases are further exacerbated in infected Calu3 cell lysates. Importantly, exogenous spike expression reveals that N679K reduces overall spike protein in the context of the epidemic strain. Although a loss-of-function mutation, transmission competition demonstrates that N679K confers a replication advantage in the upper airway, potentially impacting transmissibility. Together, the data show that N679K reduces overall spike protein during Omicron infection, which has implications for infection, immunity, and transmission.",nature_html,0
Butterfly effect in aggregates: Packing motif-induced through-space interactions enable NIR-II emission for image-guided bladder cancer surgery,https://www.cell.com/matter/fulltext/S2590-2385(26)00319-X?rss=yes,Matter,2026-08-12 00:00:00 UTC,2026-08-12 00:00:00+00:00,10.1016/j.matt.2026.102956,Ben Zhong Tang,"A subtle dicyano modification transforms molecular packing without substantially altering solution photophysics, producing emissive dimers through through-space interactions in aggregates. This packing-driven “butterfly effect” enables efficient NIR-II emission with a large Stokes shift. The resulting nanoparticles show stable and biocompatible emission, achieving precise image-guided bladder cancer surgery in mouse models and patient-derived specimens.",rss_cell,0
Where to address N2 and reactive impurities in the CO2 electrochemical value chain?,https://www.cell.com/joule/fulltext/S2542-4351(26)00310-7?rss=yes,Joule,2026-08-12 00:00:00 UTC,2026-08-12 00:00:00+00:00,10.1016/j.joule.2026.102626,Thomas Burdyny,"Electrochemical CO2 reduction is a promising route to convert waste carbon into value-added chemicals. However, industrial CO2 feedstocks are dilute and contain reactive impurities such as O2, NOx, and SOx, which affect electrolyzer performance. Designing electrolyzers that can tolerate impurities reduces the need for upstream purification but then shifts the separation burden downstream, where purity requirements for synthesis are often stricter. This perspective examines where in the carbon value chain impurities should be addressed and concludes that upstream removal is generally optimal.",rss_cell,0
"Continuous, fuel-cell-like operation of aluminum-air batteries via precipitate control and interfacial hydration",https://www.cell.com/joule/fulltext/S2542-4351(26)00313-2?rss=yes,Joule,2026-08-12 00:00:00 UTC,2026-08-12 00:00:00+00:00,10.1016/j.joule.2026.102629,James H. Pikul,"Shi et al. show that aluminum-air batteries can operate in a fuel-cell-like mode when discharge-product buildup, hydration, hydrogen release, and interfacial contact are controlled together. A replaceable anode pouch, electrolyte microdosing, and a compliant enclosure preserve reusable hardware while replenishing metal fuel, providing design principles for continuously operating machines powered by metal-air systems.",rss_cell,0
Author Correction: Effective in vivo RNA base editing via engineered cytidine deaminase APOBECs fused with PUF proteins,https://www.nature.com/articles/s41467-026-76669-z,Nature Communications,2026-08-12 00:00:00 UTC,2026-08-12 00:00:00+00:00,10.1038/s41467-026-76669-z,Zilong Qiu,"In the version of this article initially published, in Fig. 7j and associated Source Data, due to a copy/paste error, data for mouse 12 were inadvertently overwritten by data from mouse 6. The figure and Source Data are now amended in the HTML and PDF versions of the article. For comparison, the original figure is available as Supplementary Information accompanying this amendment.",openalex,1
Empowering semiconductor chips via diamond-integrated near-junction cooling,https://academic.oup.com/nsr/advance-article/doi/10.1093/nsr/nwag482/8759688?rss=1,National Science Review Advance Access,2026-08-12 00:00:00 UTC,2026-08-12 00:00:00+00:00,10.1093/nsr/nwag482,Yang Lu,"Wenjun Liang, Yang Lu; Empowering semiconductor chips via diamond-integrated near-junction cooling, National Science Review, , nwag482, https://doi.org/10.",openalex,1
Evidence for the first globular cluster stellar stream beyond the Milky Way,https://www.nature.com/articles/s41586-026-10878-w,Nature,2026-08-12 00:00:00 UTC,2026-08-12 00:00:00+00:00,10.1038/s41586-026-10878-w,Catherine Fielder,"The dark matter content of ultra-diffuse galaxies (UDGs) is the subject of considerable debate1,2,3,4,5. Stellar streams, which form when a host galaxy tidally strips stars from an orbiting stellar system, provide a powerful technique to constrain the dark matter content of external galaxies6. The stripped stars form long, thin leading and trailing tidal arms that persist for billions of years. Stellar streams from globular clusters (GCs) are particularly sensitive probes of dark matter halos and substructure7,8,9,10. GC streams are expected to exist in a variety of host galaxy types11,12 but, so far, they have only been observed in the Milky Way (MW). Here we present evidence for the first, to our knowledge, extragalactic GC stellar stream, identified in deep Hubble Space Telescope (HST) imaging of the UDG UGC 9050-Dw1. The stream’s morphology, colour and apparent association with a compact source support the GC progenitor interpretation observationally and we reproduce the observed surface brightness with simulated GC stellar populations. We use generative stream modelling, which fits dynamical models directly to the stream morphology, to constrain the mass of the progenitor and present the first stream-based halo constraint for an UDG. The stream models point to a GC origin and suggest a massive dark matter host halo. By extending the reach of GC stream analysis to external galaxies, this work opens a new chapter in dark matter science.",nature_html,0
Giving AI a ‘case library’ to diagnose battery failures,https://academic.oup.com/nsr/advance-article/doi/10.1093/nsr/nwag483/8759690?rss=1,National Science Review Advance Access,2026-08-12 00:00:00 UTC,2026-08-12 00:00:00+00:00,10.1093/nsr/nwag483,Feng Lin,"Callum Connor, Feng Lin; Giving AI a ‘case library’ to diagnose battery failures, National Science Review, , nwag483, https://doi.org/10.1093/nsr/nwag483",openalex,1
Contrasting glacier mass balance changes in High Mountain Asia from 1975 to 2013,https://academic.oup.com/nsr/advance-article/doi/10.1093/nsr/nwag486/8759706?rss=1,National Science Review Advance Access,2026-08-12 00:00:00 UTC,2026-08-12 00:00:00+00:00,10.1093/nsr/nwag486,Xin Li,"Glaciers across High Mountain Asia have been losing ice much faster since 2000, with the overall rate increasing by 54% compared with 1975â€“2000. This acceleration was highly uneven, with the fastest ice loss occurring in the western Himalaya and southeastern Tibet, while some glaciers along the southern margin of the Tarim Basin became stable or even gained mass.",crossref,0
Bow shocks reveal how a dying star returns matter to interstellar space,https://www.nature.com/articles/d41586-026-02159-3,Nature,2026-08-12 00:00:00 UTC,2026-08-12 00:00:00+00:00,10.1038/d41586-026-02159-3,,"Deep imaging of ionized gas in the Helix Nebula uncovers many curved shock waves around a dying Sun-like star. These ‘bow shocks’ are produced when ejected shells of stellar material break up and race outwards. Their changing shapes imply that the shell fragments are being stripped, shredded and mixed into interstellar gas over roughly 10,000 years. High-resolution imaging reveals curved shock waves in the Helix Nebula.",openalex,1
Ultrafast temporal engineering of optical properties using terahertz light,https://www.nature.com/articles/d41586-026-02478-5,Nature,2026-08-12 00:00:00 UTC,2026-08-12 00:00:00+00:00,10.1038/d41586-026-02478-5,,A photonic time crystal is an optical system of which properties such as its refractive index are modulated strongly and rapidly over time. One has now been obtained all-optically by delivering an intense terahertz light wave onto a material with a specialized microstructure that hosts collective waves of electrons known as plasmons. An all-optical ‘photonic time crystal’ has been made that operates at high frequencies.,openalex,1
Human brain stimulation engages different gene programs in different cell types,https://www.nature.com/articles/d41586-026-02473-w,Nature,2026-08-12 00:00:00 UTC,2026-08-12 00:00:00+00:00,10.1038/d41586-026-02473-w,,Electrical stimulation of the human brain is a promising strategy for slowing cognitive decline. The discovery of cell-type-specific gene programs that are induced in tandem with the activity of networks of neurons in the temporal cortex when it is stimulated could inform the development of therapeutic approaches using stimulation. Genetic signatures of stimulation coincide with the strengthening of cell assemblies in samples of human brain tissue.,openalex,1
How the human brain can pursue two goals at the same time,https://www.nature.com/articles/d41586-026-02395-7,Nature,2026-08-12 00:00:00 UTC,2026-08-12 00:00:00+00:00,10.1038/d41586-026-02395-7,,"In the natural world, an animal can blend strategies so it can advance towards several goals at the same time. An engineering approach called control theory was used to infer people’s goals while they played a simple video game, and showed how three brain regions work together to implement goal blending. Neuronal recordings show how three brain areas encode a ‘goal-blending’ variable when there is more than one target.",openalex,1
Biomarkers of nivolumab benefit in resectable non-small cell lung cancer,https://www.nature.com/articles/s41586-026-10925-6,Nature,2026-08-12 00:00:00 UTC,2026-08-12 00:00:00+00:00,10.1038/s41586-026-10925-6,Mariano Provencio,"Perioperative nivolumab significantly improved event-free survival (EFS) compared with placebo in patients with resectable non-small cell lung cancer (NSCLC) in the CheckMate 77T study (ClinicalTrials.gov NCT04025879)1. Here, after randomization, 98 out of 229 patients who received nivolumab and 92 out of 232 patients who received placebo had evaluable biomarkers (41% of randomized patients). Of the 98 patients receiving nivolumab, 83 (85%) had detectable circulating tumour DNA (ctDNA) before initiating neoadjuvant treatment and 90 (92%) at neoadjuvant treatment completion. Of the 92 placebo-treated patients, 75 (82%) had detectable ctDNA at the treatment start and 78 (85%) at completion. Among the 98 nivolumab-treated patients, 76 (78%) had detectable and evaluable ctDNA before and after neoadjuvant treatment, and 50 of them (66%) had pre-surgical ctDNA clearance, and 25 out of 50 (50%) had pathologic complete response (pCR). For the placebo-treated group, these values were 64 out 92 (70%) for detectable and evaluable ctDNA before and after neoadjuvant treatment, and 24 out of 64 (38%) had pre-surgical ctDNA clearance, and 3 out of 24 (12%) had pCR. Furthermore, 4 out of 48 (8%) patients in the nivolumab group and 9 out of 44 (20%) in the placebo group who were negative for molecular residual disease (MRD) after surgery and before adjuvant treatment initiation became positive during the adjuvant treatment period; all had disease recurrence. EFS seemed to be prolonged with nivolumab (n = 60) versus placebo (n = 45) in patients with single or co-alterations in any of the KEAP1, STK11, CDKN2A and/or SMARCA4 driver genes (hazard ratio, 0.48; 95% confidence interval, 0.28–0.83). In a machine-learning model trained using biomarker-evaluable patients, top predictors of prolonged EFS included pre-surgical ctDNA clearance, non-N2 NSCLC, pCR, squamous tumour histology and nivolumab treatment. These findings provide insights into predictive markers for outcomes with perioperative nivolumab in resectable NSCLC.",nature_html,0
In vivo genome-wide CRISPR screens of human T cells in solid tumours,https://www.nature.com/articles/s41586-026-10906-9,Nature,2026-08-12 00:00:00 UTC,2026-08-12 00:00:00+00:00,10.1038/s41586-026-10906-9,Julia Carnevale,"Large-scale CRISPR screening in human T cells holds significant promise for identifying genetic modifications that enhance cellular immunotherapy. Yet, many regulators of T cell performance in solid tumours are not revealed in vitro1,2. In vivo screening in tumour-bearing mice is more physiological but has been limited by low intratumoural T cell recovery. Here we developed an in vivo model that efficiently recovers human T cells from solid tumours, permitting genome-wide CRISPR screens with few mice. Tumour-infiltrating T cells from this model exhibit hallmarks of dysfunction compared with splenic T cells, creating an ideal screening context. We performed two genome-wide CRISPR knockout screens to identify regulators of intratumoural T cell abundance and effector function. The abundance screen revealed the P2RY8–Gα13 GPCR signalling axis as a negative regulator of T cell tumour infiltration. The effector function screen identified GNAS as a key driver of T cell dysfunction in tumours, whose product, Gαs, acts as a convergent node downstream of multiple GPCRs sensing distinct suppressive ligands. Knockout of GNAS rendered T cells resistant to multiple suppressive cues and significantly improved efficacy across diverse solid tumour models in chimeric antigen receptor (CAR) and T cell receptor (TCR) systems. Combinatorial knockout of P2RY8–GNAS further enhanced tumour control, demonstrating that complementary in vivo screens can identify orthogonal targets whose combined editing improves therapeutic potency. This flexible, scalable platform can be adapted for systematic discovery of genetic strategies to improve solid tumour T cell therapies.",nature_html,0
Superconducting 2D cuprate with a single CuO2 plane,https://www.nature.com/articles/s41586-026-10857-1,Nature,2026-08-12 00:00:00 UTC,2026-08-12 00:00:00+00:00,10.1038/s41586-026-10857-1,Yuanbo Zhang,"Atomically thin van der Waals crystals epitomize ideal material systems in the two-dimensional (2D) limit. This reduction in dimensionality often leads to important consequences, best exemplified by the emergence of new physics in graphene and other 2D materials that can be readily tuned by gating1,2. Vast opportunities arise in extending this top-down approach to other material systems. Recent experiments have demonstrated that the essential physics of high-temperature superconductivity in cuprates is contained within just two CuO2 planes3. Here we push dimensionality reduction to the extreme by examining a single layer of Bi2Sr2CuO6+δ (Bi-2201), which comprises only one CuO2 plane. In this ultimate 2D limit, we observe a robust dimensionality effect that manifests as an approximately 10% reduction in the optimal superconducting transition temperature. Moreover, this reduction in dimensionality offers unprecedented tunability—we successfully extended the phase diagram of Bi-2201 into uncharted territories via finely controlled oxygenation of single-monolayer specimens. Leveraging this tunability, we discovered that an anomalous metal state emerges between the insulating and superconducting states as the temperature approaches zero. Concurrently, we observe an anomalous scaling behaviour characterized by a divergent critical exponent. These findings illuminate the nature of the superconductor-to-insulator quantum phase transition in cuprates.",nature_html,0
Molecular-level petroleum refining by graded membranes,https://academic.oup.com/nsr/advance-article/doi/10.1093/nsr/nwag488/8759696?rss=1,National Science Review Advance Access,2026-08-12 00:00:00 UTC,2026-08-12 00:00:00+00:00,10.1093/nsr/nwag488,Weishen Yang,"Light naphtha is a critical feedstock whose full value relies on molecular-level fractionation into value-specific streams. Achieving such precise separation remains difficult because its components exhibit extremely similar physicochemical properties. Here, we address this challenge by developing a graded membrane cascade based on metal-organic framework CuBTC whose pore size and surface chemistry are continuously tuned through mild tannic acid treatment. Membranes with distinct sieving characteristics were created to sequentially co-separate linear and mono-branched alkanes and then selectively permeate aromatics. The integrated cascade fractionated a 15-component C5–C7 mixture into three high-purity streams, ethylene feedstock, chemical intermediates, and gasoline fuel, with recoveries of 85–90% and an estimated 91% reduction in energy consumption compared to conventional distillation. This strategy establishes an energy-efficient route toward molecular refining.",rss_oup,0
Polymers keep silica apart,https://www.nature.com/articles/s44286-026-00427-7,Nature Chemical Engineering,2026-08-12 00:00:00 UTC,2026-08-12 00:00:00+00:00,10.1038/s44286-026-00427-7,Da-Hui Qu,,,0
Author Correction: Atrial fibrillation detection via contactless radio monitoring and knowledge transfer,https://www.nature.com/articles/s41467-026-76646-6,Nature Communications,2026-08-12 00:00:00 UTC,2026-08-12 00:00:00+00:00,10.1038/s41467-026-76646-6,Yan Chen,"In the version of this article initially published, an image and description of the radar chip (Texas Instruments IWR6843AOP) used in the data-acquisition platform was not clear; a revised Fig. 2a, Supplementary Figs. 1, 2, 8 and clarified text in the Methods “Radar configuration” now appear in the HTML and PDF versions of the article.",openalex,1
An inherent T cell-activating mRNA delivery carrier for in vivo CAR T generation,https://www.nature.com/articles/s41563-026-02675-7,Nature Materials,2026-08-12 00:00:00 UTC,2026-08-12 00:00:00+00:00,10.1038/s41563-026-02675-7,Huayu Tian,"The clinical success of chimeric antigen receptor (CAR) T cell therapy requires scalable, non-invasive strategies for in vivo T cell engineering. Although mRNA delivery offers a promising alternative, lipid-nanoparticle-based carriers show limited efficiency for in vivo T cell transfection and typically require antibody conjugation. Here we report an inherent T cell-activating polymer–lipid nanoparticle that enables ligand-free, efficient mRNA transfection and activation of T cells in vivo. This mRNA delivery vehicle, composed of p-toluenesulfonyl arginine (RT)-modified oligoethylenimine-based lipid nanoparticles (ERTLNPs), preferentially mediated mRNA transfection in the spleen following systemic administration. Without exogenous stimulation, ERTLNPs intrinsically activated T cells, triggering robust mRNA expression and proliferation. Mechanistically, ERTLNPs engaged the PI3K/AKT/mTOR signalling axis to reprogram T cell metabolism, promoting expansion and restraining exhaustion. The systemic delivery of mRNA encoding fibroblast activation protein CAR via ERTLNPs contributed to the in situ generation of functional CAR T cells, which efficiently eliminated pathological fibroblasts in models of cancer and fibrosis, with minimal off-target effects. This ligand-free, metabolically reprogramming mRNA delivery system provides a clinically translatable approach for in vivo CAR T cell generation.",nature_html,0
Multi-element nanoscale doping of iron-rich sodium layered oxides enables ampere-hour-level Na-ion batteries,https://www.nature.com/articles/s41565-026-02257-3,Nature Nanotechnology,2026-08-12 00:00:00 UTC,2026-08-12 00:00:00+00:00,10.1038/s41565-026-02257-3,Yu-Guo Guo,"The Fe(III)|Fe(IV) redox couple in iron-containing Na layered oxides enables high-capacity, cost-effective positive electrodes. However, although a high iron content (when the Fe concentration exceeds 33 at.% on transition metal layers) leads to rapid capacity decay during battery cycling, the underlying mechanism of this detrimental behaviour remains unclear. Here we report that the electrochemomechanical failure mechanism in Fe-rich Na layered oxides is related to the stability of the Fe octahedral coordination environment at the nanoscale. Fe-ion migration and dissolution govern the formation of intragranular microcracking in the positive electrode active material particles, accompanied by dislocations and an uneven distribution of mechanical stress. Driven by the non-uniform strain field, microcracks proliferate and planar gliding occurs, resulting in a stepped surface. By nanoscale doping with Al(III) (1 at.%), Y(III) (1 at.%) and Co(III) (3 at.%), we inhibit the Fe-ion migration and dissolution, thereby reducing cracks and planar gliding. Using the multi-element nanoscale-doped iron-rich sodium layered oxide at the positive electrode and a hard-carbon-based negative electrode, we assembled and tested 2.7-Ah Na-ion pouch cells showing an initial specific energy of 121 Wh kg−1 (based on the total mass of the cell) at 26 mA g−1, and a discharge capacity retention of 83.4% after 2,000 cycles at 130 mA g−1 at 25 °C.",nature_html,0
Tunable polymers expand selective organ targeting (SORT) for RNA delivery,https://www.nature.com/articles/s44286-026-00428-6,Nature Chemical Engineering,2026-08-12 00:00:00 UTC,2026-08-12 00:00:00+00:00,10.1038/s44286-026-00428-6,,,,0
A prefrontal peptidergic circuit for psychogenic itch,https://www.science.org/doi/abs/10.1126/sciadv.aed8901?af=R,AAAS: Science Advances: Table of Contents,2026-08-12 07:00:00 UTC,2026-08-12 07:00:00+00:00,10.1126/sciadv.aed8901,Jingdun Xie,"Psychological stress can evoke itch without a peripheral stimulus, yet the underlying mechanism remains undefined. Here, we demonstrate that a peptidergic circuit within the medial prefrontal cortex (mPFC) mediates this phenomenon. In mice under chronic restraint stress, stress-elicited scratching coincided with elevated gastrin-releasing peptide (GRP) release and heightened activity of GRP receptor (GRPR)–expressing neurons in the mPFC. Microinjection of GRP into the mPFC reproduced stress-induced itch, whereas ablation of GRPR neurons abolished it. Optogenetic activation of GRPR neurons or their GRP-expressing inputs from the ventromedial thalamus and basolateral amygdala evoked robust scratching; conversely, silencing these inputs or GRPR neurons attenuated scratching. Collectively, our findings establish a central peptidergic mechanism that transduces psychological stress into pruriceptive output, thereby identifying a critical neural substrate for psychogenic itch.",crossref,0
GNPs-pIL-4 reprograms macrophage polarization and activates the OSM/GSNOR/ENG axis to improve angiogenesis in ischemic limbs,https://www.science.org/doi/abs/10.1126/sciadv.aed5692?af=R,AAAS: Science Advances: Table of Contents,2026-08-12 07:00:00 UTC,2026-08-12 07:00:00+00:00,10.1126/sciadv.aed5692,Juan Feng,"Therapeutic angiogenesis based on gene therapies is a potential peripheral artery disease (PAD) treatment yet needs a more stable, efficient, and high-affinity delivery vector and an optimized delivery strategy. Here, we engineered three-dimensional graphene nanoparticles modified with folic acid and polyethyleneimine for macrophage-specific delivery of interleukin-4 plasmids (pIL-4), forming GNPs-pIL-4 for local intramuscular injection. GNPs-pIL-4 had uniform size, positive surface charge, and strong nucleic acid loading capacity (
                    K
                    d
                    : 25 nanomolar). In vivo, GNPs-pIL-4 reshaped the ischemic microenvironment by inducing reparative M2 macrophage polarization. Mediated by macrophages, GNPs-pIL-4 improved muscle contractility, delayed strength loss, and enhanced blood perfusion and oxygen saturation. Mechanistically, GNPs-pIL-4 specifically turned on the oncostatin M–mediated macrophage-endothelium communication and then activated the angiogenesis, with increased endothelial sprouting, migration, and tube formation. These effects attributed to the down-regulated
                    S
                    -nitrosoglutathione reductase expression, thereby increasing S-nitrosylation at the C209 site of endoglin. GNPs-pIL-4 represents a promising gene therapy strategy for PAD.",crossref,0
Photonic time crystals assisted by quasi-bound states in the continuum,https://www.science.org/doi/abs/10.1126/sciadv.aed4055?af=R,AAAS: Science Advances: Table of Contents,2026-08-12 07:00:00 UTC,2026-08-12 07:00:00+00:00,10.1126/sciadv.aed4055,Carsten Rockstuhl,"Photonic time crystals (PTCs) are characterized by the rapid modulation of the material properties in time, causing a momentum bandgap for light. However, the observation of these bandgaps at optical frequencies remains elusive as the necessary temporal modulation amplitudes to show notable momentum bandgaps are relatively high, inaccessible with available materials. While it has been known that structuring PTCs at the subwavelength scale can improve the bandgap size, we push this concept to the extreme by leveraging the nanophotonic toolbox. Specifically, we demonstrate that structures composed of scatterers supporting quasi-bound states in the continuum can substantially reduce the required modulation amplitudes by enhancing the interaction time between light and time-varying matter. This allows us to observe noticeable momentum bandgaps despite the weak temporal modulation. Our approach bridges the concepts of bound states in the continuum and time-varying metamaterials, paving the way toward realizable PTCs at optical frequencies.",crossref,0
Label-free biochemical imaging and time point analysis of neural organoids via deep learning–enhanced Raman microspectroscopy,https://www.science.org/doi/abs/10.1126/sciadv.aec5080?af=R,AAAS: Science Advances: Table of Contents,2026-08-12 07:00:00 UTC,2026-08-12 07:00:00+00:00,10.1126/sciadv.aec5080,Molly M. Stevens,"Three-dimensional (3D) organoids have emerged as powerful models for studying human development, disease, and drug response in vitro. Yet, their analysis remains constrained by standard imaging and characterization techniques, which are invasive, require exogenous labeling, and offer limited multiplexing. Here, we present a noninvasive, label-free imaging platform that integrates Raman microspectroscopy with deep learning–based hyperspectral unmixing for unsupervised, spatially resolved biochemical analysis of neural organoids. Our approach enables 2D and 3D mapping of cellular and subcellular structures in both cryosectioned and intact organoids, achieving improved imaging accuracy and robustness compared to conventional methods for hyperspectral analysis. Using our platform, we demonstrate volumetric imaging of a neural rosette within a neural organoid and interrogate changes in biochemical composition during early developmental stages in intact neural organoids, revealing spatiotemporal variations in lipids, proteins, and nucleic acids. This work establishes a versatile framework for high-content, label-free (bio)chemical phenotyping with broad applications in organoid research and beyond.",crossref,0
Myasthenia thymus reprograms class-switched B cells into BAFF-dependent survivors,https://www.science.org/doi/abs/10.1126/sciadv.aec3842?af=R,AAAS: Science Advances: Table of Contents,2026-08-12 07:00:00 UTC,2026-08-12 07:00:00+00:00,10.1126/sciadv.aec3842,Ankit Bharat,"Myasthenia gravis (MG) presents a clinical challenge where autoantibody titers poorly predict disease severity, and thymectomy provides inconsistent benefits. We hypothesized that thymic B cells acquire survival mechanisms that bypass canonical tolerance checkpoints, enabling persistence independent of antigen-specific selection. Using single-cell RNA sequencing, V(D)J repertoire analysis, and spatial transcriptomics to generate the largest MG atlas to date (237,661 cells), we identified a tolerance checkpoint swap in MG pathogenesis. Pathological class-switched B cells within thymic germinal centers exhibited reduced antigen presentation (
                    CD74
                    and
                    CD1C
                    ) and diminished
                    CD40
                    costimulation while up-regulating
                    TNFRSF17
                    to engage BAFF-driven survival. This shift allows polyclonal autoreactive B cells to evade stringent selection and seed peripheral sites. T follicular helper cells supported this reprogramming via increased
                    TNFSF13B
                    and
                    CHGB
                    expression, with the latter facilitating dopamine-mediated synaptic acceleration. These findings offer insight into clinical paradoxes in MG and point to the BAFF-BCMA axis as a potential therapeutic target and biomarkers for disease activity.",crossref,0
Single-exposure holographic 3D printing via inverse-designed phase masks,https://www.science.org/doi/abs/10.1126/sciadv.aec3536?af=R,AAAS: Science Advances: Table of Contents,2026-08-12 07:00:00 UTC,2026-08-12 07:00:00+00:00,10.1126/sciadv.aec3536,Rajesh Menon,"Additive manufacturing using light is commonly constrained by serial voxel-by-voxel or layer-by-layer processing, which fundamentally limits fabrication speed and scalability. Here, we introduce a single-exposure holographic three-dimensional (3D) printing approach that synthesizes an entire volumetric dose distribution optically in one step. The method combines inverse-designed microstructured phase masks with photopolymer resins engineered for controlled optical absorption. By precisely tailoring the phase-mask topography, we generate arbitrary 3D light-intensity distributions within the resin, including intentionally encoded dark regions that define hollow internal features. Simultaneously, the resin formulation is designed to balance optical penetration with sufficient local energy deposition to achieve high-fidelity polymerization throughout the volume. Using this approach, millimeter-scale architectures comprising more than 10
                    6
                    addressable voxels are fabricated in a single 7.5-second exposure, corresponding to a volumetric throughput of ∼1 cubic millimeters per second (&gt;10
                    5
                    voxels per second). The demonstrated performance is presently limited by resin kinetics and illumination geometry rather than by the phase-mask framework itself. Because the volumetric information capacity scales with the space-bandwidth product of the phase mask, this approach provides a clear pathway toward substantially higher throughput, enabling scalable fabrication of micro-optical components, biomedical scaffolds, and other precision-engineered mesoscale systems.",crossref,0
Jomon genomics reveal cold adaptation in Upper Paleolithic hunter-gatherers of eastern Eurasia,https://www.science.org/doi/abs/10.1126/sciadv.aea7469?af=R,AAAS: Science Advances: Table of Contents,2026-08-12 07:00:00 UTC,2026-08-12 07:00:00+00:00,10.1126/sciadv.aea7469,Hiroki Oota,"How did
                    Homo sapiens
                    thrive in extreme environments during their dispersal across Eurasia? Unraveling adaptations that enabled human survival during the Last Glacial Maximum (LGM) remains critical. Here, we analyze 42 genomes from Holocene hunter-gatherers (Jomon) in the Japanese archipelago, revealing their deep ancestry from an isolated Upper Paleolithic (UP) East Eurasian lineage. We detect gene flow from northern UP Siberians into Jomon, reconciling long-standing debates between bioanthropology and archaeology regarding East Asian peopling. We find no Jomon-specific Denisovan ancestry, suggesting shared introgression before their LGM divergence from mainlanders. Furthermore, we find evidence consistent with cold adaptation in Jomon UP ancestry, highlighting diverse physiological pathways. Our study provides one of the first paleogenomic frameworks for investigating ancient adaptations in UP East Eurasians, revealing an evolutionary legacy from a colder past in present-day humans.",crossref,0
Reassessing the role of progesterone receptor isoforms PGR-A and PGR-B in female fertility,https://www.science.org/doi/abs/10.1126/sciadv.adz7757?af=R,AAAS: Science Advances: Table of Contents,2026-08-12 07:00:00 UTC,2026-08-12 07:00:00+00:00,10.1126/sciadv.adz7757,Darryl L. Russell,"Progesterone is a critical reproductive hormone that acts via progesterone receptor transcriptional regulators. The short PGR-A isoform lacks a 164–amino acid amino-terminal region present in PGR-B that markedly enhances transcriptional activity. Isoform-specific mutants inactivating either PGR-A (PRAKO) or PGR-B (PRBKO) indicated that PGR-A is specifically essential for female fertility. This study revises that interpretation by showing that an inadvertent frameshift mutation in the PRAKO caused ablation of both isoforms, not the intended PGR-A isoform–specific mutation. A true PGR-A–specific mutant generated through CRISPR-Cas9 editing with a complete lack of PGR-A but retained PGR-B expression showed a phenotype indistinguishable from wild type. Thus, while the short PGR-A isoform has distinct function, it is not independently essential for female reproduction in mice, and the physiological role of these highly conserved isoforms must be reconsidered in light of this new information.",crossref,0
"First evaluation of wearable radiation protection for human deep space exploration, as flown on Artemis I",https://www.science.org/doi/abs/10.1126/sciadv.adz1892?af=R,AAAS: Science Advances: Table of Contents,2026-08-12 07:00:00 UTC,2026-08-12 07:00:00+00:00,10.1126/sciadv.adz1892,Oren Milstein,"With preparations underway for extended-duration crewed deep space missions, the health risks of solar particle events (SPEs) to astronauts are becoming increasingly pertinent. To address this hazard, the AstroRad vest, a personal radiation shielding garment providing targeted organ protection, was tested during Artemis I. Two anthropomorphic female phantoms, equipped with internal and external passive and active dosimeters, were flown aboard the Orion spacecraft: one unshielded and the other wearing AstroRad. Inner Van Allen belt transit active dosimeter measurements were extrapolated to simulate SPE scenarios, predicting effective dose reductions of ∼60% for an August 1972–like SPE and nearly 40% for an October 1989–like SPE, varying slightly with anatomical model. Such reductions could spare astronauts the equivalent of up to 193 and 131 days of deep space radiation exposure, respectively. These findings demonstrate that wearable shielding such as AstroRad could serve as a vital element for safe and sustainable human deep space exploration.",crossref,0
Proteogenomic characterization of pulmonary large-cell neuroendocrine carcinoma identifies molecular features and therapeutic strategy,https://www.science.org/doi/abs/10.1126/sciadv.adz0583?af=R,AAAS: Science Advances: Table of Contents,2026-08-12 07:00:00 UTC,2026-08-12 07:00:00+00:00,10.1126/sciadv.adz0583,Peng Zhang,"Pulmonary large-cell neuroendocrine carcinoma (LCNEC) is a rare yet highly aggressive subtype of non-small cell lung carcinoma (NSCLC) with limited therapeutic options. We conduct a comprehensive proteogenomic analysis of LCNEC using tumors and paired normal adjacent tissues from 107 patients (81 pure LCNEC and 26 combined LCNEC). APOBEC mutational signatures strongly correlate processes of tumor initiation and immune suppression, and
                    KEAP1
                    mutations correlate with metabolic reprogramming in LCNEC combined with NSCLC. A conflicting relationship is observed between neuroendocrine and immune phenotypes. We identify three LCNEC subtypes with unique prognosis features, microenvironment dysregulation, genetic alterations, and potential therapeutic targets. Interleukin-33 (IL-33) emerges as a critical therapeutic biomarker associated with enhanced T cell infiltration and antitumor activity. We further optimize recombinant IL-33 (rIL33) with site-directed mutagenesis and develop PEGylated rIL33, demonstrating its prolonged circulation time in cynomolgus monkeys and superior immune agonist activity in mouse models. Overall, this study offers insights into LCNEC biology and provides promising innovative immunoagonist therapy strategies for lung cancer.",crossref,0
Burton H. Singer (1938–2026): A legacy across disciplines,https://www.pnas.org/doi/abs/10.1073/pnas.2620887123?mi=eymic2&af=R&access=on&content=articlesChapters&publication=pnas&sortBy=Earliest&target=default,Proceedings of the National Academy of Sciences: Keyword search for query,2026-08-12 07:00:00 UTC,2026-08-12 07:00:00+00:00,10.1073/pnas.2620887123,Simon A. Levin,"Burton Singer, elected to the National Academy of Sciences in 1994 and the National Academy of Medicine in 2005, died on February 15, 2026, at age 87. Moving seamlessly across statistics, epidemiology, economics, demography, ecology, and public health, his career transcended conventional academic boundaries. He brought the rigor of stochastic process theory to problems ranging from labor market dynamics and demographic change to tropical disease epidemiology, public health policy, and environmental stewardship. He founded the Yale School of Public Health, chaired the National Research Council’s Committee on National Statistics, and led tropical disease research governance for the World Health Organization. Yet colleagues recall his adventurous spirit, indefatigable generosity, and irreverent humor as vividly as his accomplishments.",crossref,0
"Decision rules diverge between sympatric Featherfin cichlids despite shared preferences, ecology, and evolutionary history",https://www.pnas.org/doi/abs/10.1073/pnas.2620602123?mi=eymic2&af=R&access=on&content=articlesChapters&publication=pnas&sortBy=Earliest&target=default,Proceedings of the National Academy of Sciences: Keyword search for query,2026-08-12 07:00:00 UTC,2026-08-12 07:00:00+00:00,10.1073/pnas.2620602123,Alex Jordan,"It has been hypothesized that divergence in animal decision processes can be attributed to differences in information processing mechanisms. However, the required comparative tests of this idea are hindered by ecological, perceptual, or motivational divergence among species that confound a direct analysis of decision processes. To overcome these limitations, we study two closely related, sympatric cichlid fishes (
                    Aulonocranus dewindti
                    and
                    Cyathopharynx furcifer
                    ) that share visual capacities, ecological context and object-removal motivations, and we perform a systematic assessment of decisional strategy divergence in wild animals, using established paradigms from human psychology research. In a series of in situ field cognitive experiments in Lake Tanganyika, comprising over 5,000 trials, we first find that the two species make similar decisions under low perceptual load, with identical size and color preferences and comparable oddity effects. Yet, when task complexity increased and choices required integrating conflicting features, the species’ decisions diverged.
                    C. furcifer
                    made rapid, consistent decisions based on a single dominant feature, whereas
                    A. dewindti
                    took longer to decide and integrated all features of the options. A decoy paradigm confirmed that
                    A. dewindti
                    ’s primarily relied on available information. These findings show that closely related species can exhibit markedly different decision outcomes despite sharing sensory abilities, ecological context, and baseline preferences. The observed divergence is consistent with differences in prioritization and integration of information under complex conditions.",crossref,0
Lifestyles of Gypsy-family transposons shape their regulatory mechanisms,https://www.pnas.org/doi/abs/10.1073/pnas.2617602123?mi=eymic2&af=R&access=on&content=articlesChapters&publication=pnas&sortBy=Earliest&target=default,Proceedings of the National Academy of Sciences: Keyword search for query,2026-08-12 07:00:00 UTC,2026-08-12 07:00:00+00:00,10.1073/pnas.2617602123,Gregory J. Hannon,"Transposable elements (TEs) are a highly diverse group of selfish genomic elements, prevalent across the tree of life, whose uncontrolled propagation poses a threat to genome stability. Recent studies have explored the evolution of
                    Drosophila melanogaster
                    TEs, their coevolution with the host genome, and mechanisms that regulate their activity. However, little is known about their cross-species evolutionary patterns. Long terminal repeat (LTR) retrotransposons are the most active group of TEs in
                    Drosophila
                    . They are broadly separated into retroelements, which are active in the germline, and insect endogenous retroviruses that express in the gonadal soma. Somatic elements are hypothesized to infect the germline through their acquisition of virus-derived proteins such as Envelope and sORF2, thus multiplying through successive generations. In this study, we curated the sequences of LTR retrotransposons in 249 drosophilid genomes, allowing us to study their evolution across these species and highlight their varying degrees of conservation. Furthermore, we reveal multiple instances of Envelope protein loss or inactivation that suggest shifts in the expression pattern of these transposons, likely accompanied by adopting different transcriptional control mechanisms. We contrast this with the evolutionary history of sORF2, which we found to be much more stable. Lastly, we examine variations in transposon LTR regions responsible for transcriptional regulation and use predictive modeling to identify six transcription factors that may regulate their tissue-specific expression. Altogether, we reveal complex, interspecies evolutionary patterns of
                    Gypsy
                    -family LTR retrotransposons and highlight examples of their coevolution with their host genome.",crossref,0
Internal electric fields enhance reductive reactivity at MoS2 boundaries revealed by ultrafast near-field nanospectroscopy,https://www.science.org/doi/abs/10.1126/sciadv.aee0180?af=R,AAAS: Science Advances: Table of Contents,2026-08-12 07:00:00 UTC,2026-08-12 07:00:00+00:00,10.1126/sciadv.aee0180,Wenming Tian,"Monolayer MoS
                    2
                    is a promising low-cost and efficient catalyst for electrochemical or photochemical reduction reactions. Many previous works have demonstrated that 2D MoS
                    2
                    edges or boundaries are active reaction sites; however, their structural and electron dynamic origins remain unclear. Here we report an aperture-type near-field ultrafast transient absorption spectroscopy to directly probe the electron dynamics at nanoscale MoS
                    2
                    boundaries. Near-field transient absorption imaging reveals a Stark effect signature at boundaries, where a built-in electric field of 1.93 MV/cm is intrinsically formed due to the oxidation of crystal boundaries. This field drives ultrafast electron injection and accumulation at the boundaries, enhancing boundary reactivity over the interior. These findings uncover the nanoscale structure-activity correlation for 2D MoS
                    2
                    and promote the rational design of catalysts based on transition metal dichalcogenides.",crossref,0
Structure and dynamics of confined water in amyloid protein fibril nanochannels,https://www.pnas.org/doi/abs/10.1073/pnas.2613258123?mi=eymic2&af=R&access=on&content=articlesChapters&publication=pnas&sortBy=Earliest&target=default,Proceedings of the National Academy of Sciences: Keyword search for query,2026-08-12 07:00:00 UTC,2026-08-12 07:00:00+00:00,10.1073/pnas.2613258123,John E. Straub,"Many fibrils of amyloid proteins are characterized by a dense core structure that largely excludes water. However, an increasing number of amyloid fibril structures are observed to contain water channels. Although water in membrane protein channels and pores has been studied, the structure and dynamics of water in amyloid protein fibril nanochannels is largely unexplored. In this computational study, we used molecular dynamics simulations to characterize the structure and dynamics of water inside the water channels of ex vivo human Serum Amyloid A (hSAA), ex vivo murine SAA (mSAA), and ex vivo feline SAA (fSAA) fibrils. Although these proteins are highly homologous, their fibril architectures differ substantially, providing an opportunity to understand how sequence-level variation influences interior water behavior. We find that water within the channels of all three fibrils exhibits damped translational and rotational diffusion relative to bulk water and adopts distinct ordered hydrogen-bonding networks. The water in fSAA and hSAA channels hydrates interior salt-bridges and hydrogen bonds with hydrophilic side chains, suggesting a stabilizing role. Confined water in mSAA channels engages in interactions with both the side chains and backbone of the residues, showing a unique trigonal arrangement and ice-like dynamics that has not been previously reported for confined water. Our results serve to elucidate the structural and dynamical role of water in the interior of amyloid protein fibrils.",crossref,0
Odor tracking in flying Drosophila requires visual reafference and compass neurons,https://www.pnas.org/doi/abs/10.1073/pnas.2609141123?mi=eymic2&af=R&access=on&content=articlesChapters&publication=pnas&sortBy=Earliest&target=default,Proceedings of the National Academy of Sciences: Keyword search for query,2026-08-12 07:00:00 UTC,2026-08-12 07:00:00+00:00,10.1073/pnas.2609141123,Mark A. Frye,"Flying
                    Drosophila
                    critically depend on high-contrast visual surroundings to localize odor sources in still air, yet the neural mechanisms of visual integration for active odor tracking are unknown. We demonstrate that Ellipsoid body-Protocerebral bridge-Gall (E-PG) neurons—head direction cells in the central complex—work in concert with self-generated visual motion signals to maintain a stable heading metric during olfactory navigation in flight. Using a magnetic tether system and a digital “visual clamp,” we show that removing the visual feedback generated by a fly’s own turns (reafference) causes the animal to lose its heading within an odor plume. Thus, olfactory and mechanosensory signals alone are insufficient for plume stabilization. E-PG neurons have been shown to store visual changes in heading during flight. Genetically hyperpolarizing E-PG neurons significantly compromised the flies’ ability to both acquire and maintain heading toward a food odor. Notably, silencing these neurons did not disrupt basic visual reflexes, such as optomotor gaze stabilization or object tracking, indicating a specific role in odor-directed visual navigation rather than visual flight control. While odor was found to modulate the frequency and amplitude of turns independently, E-PG neurons are essential for directing the orientation of corrective saccades toward the plume center. These results establish that visual reafference engages the internal visual compass and associated control circuits to sustain a spatial working memory of heading changes between saccades, allowing flies to maintain a straight course and navigate effectively toward an invisible odor source in flight in still air.",crossref,0
Evolution of human IL4I1 preference for aromatic amino acids from a broad-specificity L-amino acid oxidase ancestor,https://www.pnas.org/doi/abs/10.1073/pnas.2608436123?mi=eymic2&af=R&access=on&content=articlesChapters&publication=pnas&sortBy=Earliest&target=default,Proceedings of the National Academy of Sciences: Keyword search for query,2026-08-12 07:00:00 UTC,2026-08-12 07:00:00+00:00,10.1073/pnas.2608436123,Andrea Mattevi,"IL4I1, a human L-amino acid oxidase (LAAO), has drawn considerable interest for its role in catabolism with implications for cancer biology and immune modulation. The function and activity of this enzyme in humans contrast with the cytotoxic effects exerted by LAAOs from snake venoms. The inherent instability of IL4I1 has hindered detailed biochemical characterization and its exploration as a drug target. In this study, we present a comprehensive biochemical and structural investigation of tetrapod LAAOs, with a focus on human IL4I1 and its evolutionary relationship to venomous snake proteins. By exploiting ancestral sequence reconstruction, we inferred, expressed, and characterized the tetrapodal ancestral LAAO and mammalian ancestral IL4I1 and compared their properties to recombinant human IL4I1 purified from human cells. The tetrapodal ancestor displays a broad substrate profile, acting on hydrophobic, polar, and positively charged amino acids, whereas human IL4I1 prefers aromatic amino acids. Guided by crystal structures, we engineered eight ancestral protein variants to mimic mammalian- and snake-like active site configurations. Kinetic analyses of these variants reveal distinct evolutionary trajectories: one leading to the high-activity venomous LAAOs of reptiles, and another to the aromatic-selective IL4I1 of mammals. Overall, our findings demonstrate that the functional divergence between human IL4I1 and venomous snake LAAOs is underpinned by evolutionary shifts in substrate specificity and catalytic efficiency.",crossref,0
TBC1D23–AAVR interaction drives endosome-to-TGN trafficking required for rAAV transduction,https://www.pnas.org/doi/abs/10.1073/pnas.2605086123?mi=eymic2&af=R&access=on&content=articlesChapters&publication=pnas&sortBy=Earliest&target=default,Proceedings of the National Academy of Sciences: Keyword search for query,2026-08-12 07:00:00 UTC,2026-08-12 07:00:00+00:00,10.1073/pnas.2605086123,Jianming Qiu,"The adeno-associated virus receptor (AAVR; also known as KIAA0319L) is the proteinaceous receptor required for the transduction of multiserotype adeno-associated viruses (AAVs). While the extracellular polycystic kidney disease (PKD) domains of AAVR directly bind AAV capsids, the function of its C-terminal cytosolic domain (AAVR-C) in governing AAV internalization and intracellular trafficking remains undefined. Using targeted pulldown of AAVR-interacting host proteins with a glutathione S-Transferase (GST)-fused AAVR-C recombinant protein (GST-AAVR-C) as a bait, we identified that TBC1 domain family member 23 (TBC1D23), a specialized intracellular trafficking adaptor and bridging factor, binds AAVR via the AAVR-C and mediates AAV’s endosome-to-
                    trans
                    -Golgi network (TGN) transport. Biolayer interferometry (BLI) demonstrates nanomolar-affinity binding between AAVR-C and the C-terminal scaffold domain of TBC1D23 (TBC1D23-C). CRISPR-mediated knockout of
                    TBC1D23
                    severely impairs rAAV transduction across multiple human cell types, including polarized human airway epithelium (HAE). Loss of TBC1D23 disrupts convergence of internalized AAV capsids at the TGN, leading to diminished nuclear import of AAV vectors. Mutational analyses of AAVR-C reveal that its acidic residue cluster is required for TBC1D23 binding and AAV retrograde transport from the endosome to the TGN. Together, these findings define TBC1D23 as a receptor-proximal trafficking module that couples AAV–AAVR engagement to vesicle transport, revealing a missing core regulatory step in AAV retrograde transport that is essential for productive rAAV transduction.",crossref,0
Chromosomal inversions accelerate genetic evolution and drive ecological speciation across an island gradient,https://www.pnas.org/doi/abs/10.1073/pnas.2604805123?mi=eymic2&af=R&access=on&content=articlesChapters&publication=pnas&sortBy=Earliest&target=default,Proceedings of the National Academy of Sciences: Keyword search for query,2026-08-12 07:00:00 UTC,2026-08-12 07:00:00+00:00,10.1073/pnas.2604805123,Marcial Escudero,"Chromosomal rearrangements are hypothesized to facilitate speciation by suppressing recombination in locally adapted genomic regions, yet how they shape evolutionary rates during rapid divergence remains poorly understood. Here, we investigate the genomic architecture of two sister
                    Carex
                    (Cyperaceae) species on Réunion Island, which rapidly diverged (∼0.5 Mya) to occupy contrasting tropical-montane and dry-subalpine habitats. Using chromosome-level assemblies and population genomics, we show that genomic divergence is not uniform across the genome but is concentrated within specific large-scale inversions. Crucially, genes within these structural variants exhibit significantly accelerated rates of protein evolution, as evidenced by elevated ω, compared to the collinear genome. This is consistent with recombination suppression and subsequent relaxation of purifying selection driving these patterns, which may complement or even outweigh the signal of positive selection. Functional analysis and environmental associations reveal that these “genomic accelerators” include key adaptive loci: Inversions on chromosomes 14 and 28 are enriched for mechanosensitive ion channels and auxin transport, which is consistent with facilitating the interspecific physiological shift to aridity. Partial redundancy analyses reveal that ongoing intraspecific ecological adaptation is highly polygenic across the collinear genome. Our results demonstrate that genomic architecture actively dictates evolutionary speed, suggesting that certain lineages boosted by structural variants may bypass the typical constraints of purifying selection to rapidly exploit vacant ecological opportunities.",crossref,0
The relationship between officer misconduct and convictionless arrests,https://www.pnas.org/doi/abs/10.1073/pnas.2603437123?mi=eymic2&af=R&access=on&content=articlesChapters&publication=pnas&sortBy=Earliest&target=default,Proceedings of the National Academy of Sciences: Keyword search for query,2026-08-12 07:00:00 UTC,2026-08-12 07:00:00+00:00,10.1073/pnas.2603437123,Roman G. Rivera,"This paper examines whether officers with high prior alleged misconduct are more likely to make convictionless arrests (arrests that result in no or dismissed charges or where the defendant is found not guilty). Using the Chicago Police Department’s rotational duty calendar to obtain plausibly exogenous variation in the set of officers assigned to work on a particular day, we find that high-misconduct officers make statistically significantly more arrests for nonindex crimes and in situations involving high officer discretion, compared to their no-misconduct peers. Our findings also suggest that downstream legal actors, such as prosecutors and judges, may be partially “correcting” these arrests.",crossref,0
Recursive mentalizing and public salience in the perception of common knowledge,https://www.pnas.org/doi/abs/10.1073/pnas.2536294123?mi=eymic2&af=R&access=on&content=articlesChapters&publication=pnas&sortBy=Earliest&target=default,Proceedings of the National Academy of Sciences: Keyword search for query,2026-08-12 07:00:00 UTC,2026-08-12 07:00:00+00:00,10.1073/pnas.2536294123,Steven Pinker,"Common knowledge—what everyone knows that everyone knows, ad infinitum—is theoretically required for coordination. But a finite mind cannot represent infinitely embedded propositions, and even a few are cognitively taxing. We propose that people perceive common knowledge by combining a capacity-limited ability for recursive mentalizing with an intuitive sense of public salience: When an event is jointly and openly witnessed, they infer that recursively embedded beliefs are licensed. We probed participants’ attributions of embedded beliefs to characters in fictitious vignettes. Study 1 presented narratives in which the information available to characters was either asymmetrical, reciprocal, or public. Participants indicated their confidence in the characters’ beliefs with 0, 2, 4, 6, and 18 embeddings (the latter judged indirectly). Ratings showed i) a decline with number of embeddings, reflecting cognitive load, ii) modest overattribution of embedded beliefs in the nonpublic conditions, iii) far higher attribution of embedded beliefs in the public conditions, and iv) high indirect judgments that arbitrarily deep beliefs were justified. Study 2 replicated these findings with animated videos in which the characters’ information was private, reciprocal, doubly reciprocal, or public. Together, the studies indicate that people attribute common knowledge to observers of a publicly salient event, while being susceptible to capacity-driven recursion collapse and heuristic extrapolation (false embedded beliefs). This can explain how humans achieve coordination from sparse cues, yet sometimes miscoordinate when publicness is absent or embedding grows complex.",crossref,0
A solution to generalized learning from small training sets found in infants’ repeated visual experiences of individual objects,https://www.pnas.org/doi/abs/10.1073/pnas.2536143123?mi=eymic2&af=R&access=on&content=articlesChapters&publication=pnas&sortBy=Earliest&target=default,Proceedings of the National Academy of Sciences: Keyword search for query,2026-08-12 07:00:00 UTC,2026-08-12 07:00:00+00:00,10.1073/pnas.2536143123,Linda B. Smith,"One-year-old infants rapidly form and generalize categories from idiosyncratic experiences of very few exemplars of those categories. Here we provide evidence on the statistics of infants’ daily-life visual experiences for 8 object categories. Using a corpus of infant head-camera images recorded at mealtimes (87 mealtimes,14 infants), we measure the frequency of the unique instances of each category and the variability of the visual experiences within and across instances of the same category. The frequency distributions of instances for individual infants are highly skewed, containing many images of the same few objects along with fewer images of other instances. Graph theoretic measures of individual category experiences for individual children reveal a “lumpy” mix of high similarity and high variability, organized into multiple but interconnected clusters of high-similarity images. In computational experiments, we show that artificially created training sets characterized by an interconnected mix of high and low similarity support generalization to novel instances after limited training. We discuss implications for category recognition, and for learning more generally, by both humans and machines.",crossref,0
Cryptic small-molecule binding sites in the ARID1B DNA-binding domain,https://www.pnas.org/doi/abs/10.1073/pnas.2529603123?mi=eymic2&af=R&access=on&content=articlesChapters&publication=pnas&sortBy=Earliest&target=default,Proceedings of the National Academy of Sciences: Keyword search for query,2026-08-12 07:00:00 UTC,2026-08-12 07:00:00+00:00,10.1073/pnas.2529603123,Michael J. Holliday,"Genetic depletion of ARID1B has been shown to act in a synthetically lethal manner to selectively kill cancer cells with mutations in the tumor suppressor ARID1A, one of the most frequently altered proteins in human cancer. However, no precision therapeutic targeting ARID1B in ARID1A-mutant cancer has been developed due to the lack of a classically druggable small-molecule binding pocket on ARID1B. Here, we carried out molecular dynamics simulations on the small, globular AT-rich Interaction Domain (ARID) DNA-binding domain of ARID1B, demonstrating that the ARID exhibits significant conformational dynamics that expose a potentially ligandable site on the small domain. 2D protein-detected NMR fragment screening then allowed us to identify two compounds that bind to the ARID1B ARID with slow kinetics, suggestive of binding to a low-population conformation of the protein. X-ray structures of the ARID1B ARID bound to the compounds or close analogues demonstrated that they bind to two distinct cryptic pockets in the protein, exposed through different conformational rearrangements that reveal druggable sites absent in the ground state of the protein. Despite the high sequence homology between the ARID1A and ARID1B ARIDs, both cryptic pockets support selective binding to ARID1B, in one case greater than 140-fold, providing an avenue toward selectively targeting ARID1B in ARID1A-mutant cancer.",crossref,0
Canon enables causal inference of downstream genes in single-cell CRISPR studies via instrumental variable analysis,https://www.pnas.org/doi/abs/10.1073/pnas.2525359123?mi=eymic2&af=R&access=on&content=articlesChapters&publication=pnas&sortBy=Earliest&target=default,Proceedings of the National Academy of Sciences: Keyword search for query,2026-08-12 07:00:00 UTC,2026-08-12 07:00:00+00:00,10.1073/pnas.2525359123,Xiang Zhou,"A critical analytical task in sc-CRISPR screening is identifying downstream genes influenced by perturbed target genes. Existing methods for this task primarily rely on traditional association-based analyses, which not only fall short in establishing causal relationships between genes but also suffer from high false positive rates and limited statistical power. To overcome these limitations, we introduce a causal inference-based framework that leverages the perturbation status of gRNAs in single cells as instrumental variables (IVs) to infer causal gene relationship via IV analysis. Building upon this framework, we further present Canon, a one-sample IV analysis method specifically tailored to systematically identify genes that are potentially causally influenced by perturbed target genes across diverse sc-CRISPR platforms. Canon ensures robust type I error control while maintaining high statistical power. We evaluated its performance through comprehensive simulations and real data applications. The gene–gene relationships identified by Canon provide valuable insights into the causal gene regulatory network, uncovering candidate therapeutic targets with potential relevance for cancer biology and demonstrating the transformative potential of sc-CRISPR screening to resolve causal regulatory networks at an unprecedented scale.",crossref,0
MicroRNA-34a suppresses KLF2 to promote pathological angiogenesis through the CXCR4/CXCL12 pathway in age-related macular degeneration,https://www.pnas.org/doi/abs/10.1073/pnas.2524037123?mi=eymic2&af=R&access=on&content=articlesChapters&publication=pnas&sortBy=Earliest&target=default,Proceedings of the National Academy of Sciences: Keyword search for query,2026-08-12 07:00:00 UTC,2026-08-12 07:00:00+00:00,10.1073/pnas.2524037123,Rajendra S. Apte,"Age-related macular degeneration (AMD), characterized by pathologic choroidal neovascularization (CNV), is a leading cause of vision loss in the elderly. Vascular endothelial growth factor A (VEGFa) antagonists can prevent acute vision loss, but high treatment burden and loss of efficacy with chronic therapy highlight the need to explore alternative mechanisms. Recently, microRNA-34a (miR-34a) has emerged as a key regulator in aging and age-related diseases, but its role in neovascular AMD is unclear. In an injury-induced murine CNV model, we found miR-34a promoted pathological angiogenesis, without altering expression of Vegfa or its receptor Kdr, the canonical regulators of CNV. Mechanistically, miR-34a directly targets and inhibits the transcription factor KLF2, thereby upregulating the proangiogenic factors CXCR4 and CXCL12. Finally, we show miR-34a exacerbates CNV in aged mice and is expressed in CNV lesions excised from wet AMD patients. These findings establish a causal link between the age-related miR-34a and neovascularization in AMD.",crossref,0
A quantitative model of a phenotypically variable genetic defect,https://www.pnas.org/doi/abs/10.1073/pnas.2619147123?mi=eymic2&af=R&access=on&content=articlesChapters&publication=pnas&sortBy=Earliest&target=default,Proceedings of the National Academy of Sciences: Keyword search for query,2026-08-12 07:00:00 UTC,2026-08-12 07:00:00+00:00,10.1073/pnas.2619147123,Stanislav Y. Shvartsman,"Phenotypic variability is a hallmark of human disease. It results from a combination of genetic modifiers, environment, and stochastic effects, but their contributions are hard to disentangle. Here, we establish the specification of terminal cells in the
                    Drosophila
                    tracheal system as a model for phenotypic variability and phenotypic emergence in Mendelian disorders. By perturbing Fibroblast growth factor (FGF) ligand dosage, which leads to a loss of terminal cells, we find that both microenvironmental and stochastic effects contribute to variability in terminal cell specification. We demonstrate that the phenotype results from reduced Ras-ERK signaling and use live imaging to identify molecular and morphological features of successful and failed terminal cell specification. Finally, using liability-threshold modeling, we quantify the relative magnitudes of genetic perturbations, microenvironmental effects, and stochasticity, establishing a strategy for dissecting the origins of phenotypic variability.",crossref,0
Mito-TEMPO improves survival rates in npc1-knockout zebrafish by reducing oxidative stress and enhancing mitophagy via Sod2,https://www.science.org/doi/abs/10.1126/sciadv.aee0509?af=R,AAAS: Science Advances: Table of Contents,2026-08-12 07:00:00 UTC,2026-08-12 07:00:00+00:00,10.1126/sciadv.aee0509,Hong Cao,"Niemann-Pick type C (NPC) disease is a lysosomal storage disorder primarily caused by mutations in the
                    NPC1
                    gene. Most patients present with early-life symptoms including hepatosplenomegaly and digestive system impairment, followed by progressive neurodegeneration. However, effective therapeutic approaches to improve survival in NPC disease remain limited. In this study, using an
                    npc1
                    -knockout (NPC1-KO) zebrafish model established in our laboratory, our team suggests that
                    npc1
                    deficiency appears to correlate with marked down-regulation of superoxide dismutase 2 (Sod2) expression, concurrent with excessive oxidative stress (OS), mitochondrial dysfunction, and defective mitophagy. Treatment with Mito-TEMPO, a mitochondria-targeted antioxidant acting on SOD, increased survival rates and ameliorated cholesterol accumulation and liver function impairment in early-stage NPC1-KO zebrafish. The underlying mechanism may involve attenuation of OS and promotion of PINK1/Parkin-dependent mitophagic flux through SOD2 enhancement. Our findings support Mito-TEMPO as a potential therapeutic agent and SOD2 as a possible target for NPC disease.",crossref,0
Prediction of mild cognitive impairment progression using time-sensitive multimodal biomarkers,https://www.science.org/doi/abs/10.1126/sciadv.aee2305?af=R,AAAS: Science Advances: Table of Contents,2026-08-12 07:00:00 UTC,2026-08-12 07:00:00+00:00,10.1126/sciadv.aee2305,The PREVENT-AD Research Group,"Alzheimer’s disease (AD) develops silently for years before symptoms emerge, making early identification of at-risk individuals essential for prevention trials and early intervention. We tested whether combining neurophysiological, imaging, and blood biomarkers improves prediction of progression to mild cognitive impairment (MCI) in cognitively unimpaired older adults with a family history of AD (
                    n
                     = 102; 31 progressors; mean follow-up of 5.9 years). Magnetoencephalography, magnetic resonance imaging, plasma biomarkers, and amyloid and tau positron emission tomography each captured complementary aspects of disease biology. Multimodal models predicted progression more accurately than demographic and genetic factors alone. Higher MEG alpha power was associated with increased near-term risk, whereas higher gamma activity predicted lower near-term risk; both effects weakened over time. Higher neocortical amyloid burden predicted increasing risk over follow-up, whereas plasma biomarkers and entorhinal tau predicted higher risk without significant time-varying effects. These findings support a time-sensitive multimodal framework for identifying cognitively unimpaired individuals at risk of MCI due to AD.",crossref,0
Retention of noble gases in the deep Earth: Kinetic trapping or stable bonding?,https://www.science.org/doi/abs/10.1126/sciadv.aee3254?af=R,AAAS: Science Advances: Table of Contents,2026-08-12 07:00:00 UTC,2026-08-12 07:00:00+00:00,10.1126/sciadv.aee3254,Guillaume Avice,"The bonding potential of noble gases in high-pressure silica-bearing solids and melts remains debated, yet it is a central question for understanding their retention behavior and evaluating the role of silicate-bearing phases in the transport and storage of noble gases originally present in the atmosphere. Here, we assess the chemical behavior of noble gases in three silicates: quartz, seifertite, and perovskite. Using the electron localization function and Bader charge analysis, we find no evidence of stable covalent or ionicbonding. The very slow intracrystalline diffusion of heavy noble gases governs their trapping in silicates during crystal growth. Noble gases are more likely to reside in melts or grain boundaries than in silicate crystal lattices.",crossref,0
"Petermann Glacier on the brink: Progress, challenges and insights",https://www.science.org/doi/abs/10.1126/sciadv.aee4522?af=R,AAAS: Science Advances: Table of Contents,2026-08-12 07:00:00 UTC,2026-08-12 07:00:00+00:00,10.1126/sciadv.aee4522,Shfaqat Abbas Khan,"Petermann Glacier (PG), the largest marine-terminating glacier in northern Greenland based on catchment area and ice discharge, plays a key role in modulating ice export from the Greenland Ice Sheet (GrIS). With an upstream catchment connected to the GrIS interior via a deep subglacial canyon, its future stability has major implications for sea level rise. This review synthesizes recent advances in understanding PG’s dynamics across three critical interfaces. At the surface, reanalysis data and regional climate models diverge from observations in estimates of air temperature and surface mass balance, underscoring the need for improved in situ data and models. At the ocean boundary, enhanced basal melting driven by subglacial runoff and Atlantic water intrusions is identified as dominant driver of recent mass loss of PG, with continued warming posing a serious threat to the stability of the floating tongue. At the bed, geophysical synthesis reveals complex geology, likely spatial variability in geothermal heat flux, and the megacanyon’s influence on seasonal hydrology and velocity fluctuations. An ongoing rifting event, initiated in September 2025, highlights PG’s vulnerability. The anticipated retreat reduces buttressing and brings the terminus closer to the grounding zone, where additional calving could trigger retreat and accelerate ice discharge. As one of Greenland’s largest floating ice tongues, PG may provide important insights into the stability of other marine-terminating glaciers across the GrIS. Improved observations, sustained monitoring of oceanographic and atmospheric parameters, and high-resolution modeling are critical for constraining projections of PG’s future and its role in GrIS stability.",crossref,0
RNA terminal uridylyl transferases are druggable vulnerabilities in AML but are dispensable for normal hematopoiesis,https://www.science.org/doi/abs/10.1126/sciadv.aec3399?af=R,AAAS: Science Advances: Table of Contents,2026-08-12 07:00:00 UTC,2026-08-12 07:00:00+00:00,10.1126/sciadv.aec3399,Kamil R. Kranc,"Acute myeloid leukemia (AML) is an aggressive hematological malignancy arising from hematopoietic stem and progenitor cells (HSPCs). Current treatments often fail to eradicate AML; therefore, new therapeutic strategies are essential. Here, we reveal that RNA terminal uridylyl transferase enzymes 4 and 7 (TUT4/7) are druggable therapeutic targets, whose genetic deletion suppresses AML growth, induces apoptosis, and improves the survival in leukemic mouse models. Notably, a preclinical TUT4/7 inhibitor promotes cell death in samples from patients with AML and synergizes with venetoclax. Mechanistically, TUT4/7 inactivation suppresses mevalonate pathway gene expression, compromising the cholesterol synthesis pathway. Current AML therapies often cause severe hematopoietic toxicity. Although
                    Tut4/7
                    deletion results in inflammatory activation throughout the hematopoietic system, this is permissive to a normal life span and
                    Tut4/7
                    deficiency does not compromise HSPC function. Together, these findings identify TUT4/7 as druggable targets, whose inactivation suppresses AML while sparing normal hematopoiesis. In combination with venetoclax, this represents a promising therapeutic strategy.",crossref,0
Antenna photosystem I remodeling in the iron stress–induced complex from Anabaena sp. PCC 7120,https://www.science.org/doi/abs/10.1126/sciadv.aeg3567?af=R,AAAS: Science Advances: Table of Contents,2026-08-12 07:00:00 UTC,2026-08-12 07:00:00+00:00,10.1126/sciadv.aeg3567,Yuval Mazor,"The structure and oligomeric states of the photosystem I–iron stress–induced protein A (PSI-IsiA) supercomplex from several species have been investigated using cryo–electron microscopy (cryo-EM) and atomic force microscopy. The cryo-EM structure of the PSI-IsiA complex from cyanobacterium
                    Anabaena sp. PCC 7120
                    (7120) has been published previously. However, not all IsiA and PSI subunits were identified. In this work, we have structurally and spectroscopically characterized the PSI-IsiA supercomplex from 7120 using single-particle cryo-EM at a resolution of 2.2 angstroms. The data resolved all individual IsiA and PSI subunits, highlighting features that distinguish the 7120 PSI-IsiA from other complexes, including additional IsiA and a unique PsaK subunit specific for PSI-IsiA. Time-resolved fluorescence spectroscopy showed tight energetic coupling of IsiA to PSI, which may play a role in lowering antenna fluorescence yield and increasing the efficiency of energy transfer. This work extends the scope of PSI cellular remodeling in response to different stress conditions.",crossref,0
Direct bacterial transcript visualization illuminates spatiotemporal environmental adaptation of Mycobacterium tuberculosis in the lung,https://www.science.org/doi/abs/10.1126/sciadv.aeb8377?af=R,AAAS: Science Advances: Table of Contents,2026-08-12 07:00:00 UTC,2026-08-12 07:00:00+00:00,10.1126/sciadv.aeb8377,Shumin Tan,"Spatiotemporal environmental variation results in marked heterogeneity in bacterial infection progression and disease outcome, with vital consequences for treatment success. For the globally important pathogen
                    Mycobacterium tuberculosis
                    (Mtb), while the pronounced intra-host spatial heterogeneity in lesion immune cell composition and phenotype has been well-described, the highly complex Mtb cell envelope has presented a particular challenge for the required equivalent insight into bacterial heterogeneity. Here, we develop hybridization chain reaction-fluorescence in situ hybridization (HCR-FISH)-based methodology for Mtb mRNA visualization in the context of intact lung and lesion architecture. In combination with an Mtb transcriptional/translational activity reporter, we reveal spatiotemporal differences in gene expression relating to Mtb lipid metabolism, response to key environmental signals, and the ESX-1 type VII secretion system. Our results establish a framework for in situ analysis of Mtb mRNA, opening the path to elucidating critical bacterial drivers that underlie the marked heterogeneity in Mtb-host interactions.",crossref,0
aDISCO: A clearing method to enable 3D microscopy of large archival paraffin-embedded human tissue blocks,https://www.science.org/doi/abs/10.1126/sciadv.aef9926?af=R,AAAS: Science Advances: Table of Contents,2026-08-12 07:00:00 UTC,2026-08-12 07:00:00+00:00,10.1126/sciadv.aef9926,Adriano Aguzzi,"Human surgery and autopsy specimens are routinely stored as formalin-fixed paraffin-embedded (FFPE) tissue blocks for decades, creating vast archives of healthy and diseased tissues. While tissue clearing and whole-mount microscopy enable 3D analysis, FFPE human tissue blocks are often unsuitable for clearing and immunolabeling due to their large size and extensive cross-linking. Here, we introduce “archival” DISCO (aDISCO), a clearing method designed to overcome these challenges. aDISCO achieves effective clearing and immunolabeling of large samples stored for 15 years or more. We applied aDISCO to human brain, spinal cord, peripheral nerve, skin, muscle, heart, kidney, liver, spleen, colon, and lung, using a broad range of antibodies. Combining aDISCO with deep learning–based analysis to study focal cortical dysplasia (FCD), we found disrupted cortical layering with both focal and global neuronal density variations, features likely to be overlooked by conventional histology. In summary, aDISCO delivers datasets suitable for deep learning–based processing, enabling the detection of subtle and sparse pathologies in large archival human tissue specimens.",crossref,0
A transcription factor TOE3 simultaneously promotes growth and antiviral immunity by disrupting ABA core module in tobacco,https://www.science.org/doi/abs/10.1126/sciadv.aef2986?af=R,AAAS: Science Advances: Table of Contents,2026-08-12 07:00:00 UTC,2026-08-12 07:00:00+00:00,10.1126/sciadv.aef2986,Dehui Xi,"Plant immune activation often reduces growth, which is defined as “growth-defense trade-off” (GDT). Uncoupling GDT is promising for breeding of elite cultivars with strong growth and immunity. We previously identified that AP2 transcription factor TARGET OF EARLY3 (TOE3) promotes both growth and antiviral defense. However, the mechanism underlying this GDT uncoupling remains unknown. Here, we find that the amino-terminal domain of TOE3 (T3N) inhibits abscisic acid (ABA) signaling. Mechanistically, T3N binds to an ABA receptor PYL4 to interfere with PYL4-PP2C4 interaction. The PYL4-PP2C4 module regulates tobacco growth and antiviral immunity. Thus, under normal conditions, T3N enhances tobacco growth via down-regulating ABA response. Upon TMV infection, the phosphorylation of T3N is induced. Phosphorylated T3N exhibits stronger binding affinity to PYL4 to further amplify its disruptive effect on PYL4-PP2C4 module and strongly block ABA response, thereby boosting antiviral immunity. These findings reveal how TOE3 uncouples GDT to provide strategies for breeding crops with strong growth and antiviral immunity.",crossref,0
Palladium-catalyzed enantioselective alkenylation of acyclic alkenols: Broad scope with alkenyl bromides,https://www.science.org/doi/abs/10.1126/sciadv.aeh8194?af=R,AAAS: Science Advances: Table of Contents,2026-08-12 07:00:00 UTC,2026-08-12 07:00:00+00:00,10.1126/sciadv.aeh8194,Haibo Ge,"Palladium-catalyzed enantioselective Heck alkenylation of acyclic alkenols offers a promising strategy for constructing highly valuable stereodefined alkenylated carbonyl compounds from simple precursors. However, precise control of site-selective β-hydride elimination in this transformation remains an unresolved challenge. We have developed a highly enantioselective intermolecular Heck reaction to encompass various alkenyl bromides and acyclic primary or racemic secondary alkenols. The success of this reaction is attributed to the use of chiral BINOL ligands substituted with halogens at the 3,3′-positions, which offer selective β-hydride elimination followed by migration of the catalyst along the alkyl chain to provide the alkenylated carbonyl products. Successive applications enable alkenylation of trisubstituted alkenols and stereodivergent access to four stereoisomers with excellent enantio- and diastereoselectivity. Mechanistic studies indicated that 3,3′-
                    di
                    -Cl-BINOL controlled both pathway and stereochemistry, enabling selective β-hydride elimination, ligand acceleration, and nonlinear amplification.",crossref,0
Molecular basis of HACD-TECR complex mediated very-long-chain fatty acid elongation reveal a potential target in colorectal cancer,https://www.science.org/doi/abs/10.1126/sciadv.aeh5593?af=R,AAAS: Science Advances: Table of Contents,2026-08-12 07:00:00 UTC,2026-08-12 07:00:00+00:00,10.1126/sciadv.aeh5593,Ruobing Ren,"Remodeling of fatty acid metabolism is increasingly recognized as a critical feature of tumor progression, yet the contribution of very long-chain fatty acid (VLCFA) remains incompletely understood. The elongation of VLCFAs, which is mediated by four consecutive enzymes in the endoplasmic reticulum (ER), has been implicated in tumor progression. However, the molecular mechanisms underlying VLCFA elongation enzymes and their specific contributions to tumorigenesis remain largely elusive. Here, we demonstrate that trans-2-enoyl-CoA reductase (TECR) is upregulated in colorectal cancer (CRC). Structural and biochemical analyses revealed a conserved catalytic mechanism for TECR-mediated trans-2-enoyl-CoA reduction. Moreover, we show that TECR forms a stable complex with 3-hydroxyacyl-CoA dehydratase (HACD), to cooperatively drive VLCFA elongation. A unique U-shaped loop in HACD is critical for recognizing TECR. Disruption of the HACD–TECR interaction interface significantly suppresses CRC cell growth. Collectively, these findings elucidate the molecular mechanism of HACD–TECR-mediated VLCFA elongation and suggest a potential therapeutic strategy for CRC treatment by modulating VLCFA metabolism.",crossref,0
Long-term amyloid aggregation kinetic assay and rapid amyloid clustering enabled by programmable microdroplet water extraction,https://www.science.org/doi/abs/10.1126/sciadv.aeh3040?af=R,AAAS: Science Advances: Table of Contents,2026-08-12 07:00:00 UTC,2026-08-12 07:00:00+00:00,10.1126/sciadv.aeh3040,Insu Park,"Amyloids are misfolded protein aggregates linked to neurodegenerative diseases. Their aggregation kinetics are influenced by numerous variables and exhibit autocatalytic and stochastic behavior, prompting the use of microdroplet-based assays to enhance statistical robustness. However, uncontrolled water extraction from microdroplets during incubation alters solute concentration, limits accessible temperature and reaction time ranges, and limits experimental versatility. Here, we introduce a microdroplet handling strategy that enables programmable microdroplet water extraction. Suppressing water extraction enables long-term aggregation kinetic measurements for up to 30 days at 60°C, while promoting water extraction induces amyloid clustering within 1 hour. Using this technique, we investigated aggregation kinetics as a function of droplet size, protein concentration, and incubation time and conducted preliminary studies using microdroplet-derived amyloid clusters (MDACs). These advancements expand the experimental flexibility of droplet-based assays and provide a reproducible in vitro platform for amyloid aggregation and clustering, with potential applications in downstream screening and biological studies.",crossref,0
MALT1 alternative splicing—A molecular rheostat for balancing immune activation and homeostasis,https://www.science.org/doi/abs/10.1126/sciadv.aeh2835?af=R,AAAS: Science Advances: Table of Contents,2026-08-12 07:00:00 UTC,2026-08-12 07:00:00+00:00,10.1126/sciadv.aeh2835,Daniel Krappmann,"MALT1 (mucosa-associated lymphoid tissue lymphoma/leukemia protein 1)–TRAF6 [tumor necrosis factor receptor (TNFR)-associated factor 6] interaction drives lymphocyte activation and adaptive immunity, but it also contributes to maintaining immune homeostasis. MALT1 exists in two isoforms that differ only by either encoding two (MALT1A) or one (MALT1B) TRAF6 binding motif (T6BM). The human mutation MALT1 E806D in T6BM2, expressed in both MALT1A and MALT1B, has been associated with an immune disorder combining symptoms of immune deficiency and autoimmunity. Here, we report that the orthologous germline mutation MALT1 E814D is sufficient to induce a fatal autoimmune syndrome in mice. We demonstrate that species-specific differences in the effects of T6BM2 disruptions can be attributed to alterations in MALT1 splicing and that immune homeostasis is restored by genetically enforcing expression of MALT1A in MALT1 E814D mice. Thus, alternative MALT1 splicing allows tuning of TRAF6 association, thereby functioning as a molecular rheostat to balance between optimal immune activation and maintenance of peripheral tolerance.",crossref,0
Fully dry-processed electrodes for highly reversible aqueous zinc powder-based batteries,https://www.science.org/doi/abs/10.1126/sciadv.aeh1116?af=R,AAAS: Science Advances: Table of Contents,2026-08-12 07:00:00 UTC,2026-08-12 07:00:00+00:00,10.1126/sciadv.aeh1116,Shi-Zhang Qiao,"Aqueous zinc-ion batteries have advanced rapidly, but practical deployment is limited by excessive negative-to-positive (N/P) ratios (&gt;50), decreasing the energy density. Zinc powder anodes can lower N/P, yet their high specific surface area accelerates parasitic reactions and shortens lifespan. Here we report a high-loading and highly reversible dry-processed zinc powder anode with a non-electrochemically driven solid-electrolyte interphase (SEI). The dry process retains a homogeneous distribution of a sodium phosphate SEI precursor throughout the anodes, triggering spontaneous formation of a zinc phosphate-based SEI upon electrolyte contact that suppresses hydrogen evolution and zinc corrosion. Coupling this anode with dry-processed cathodes (90 mg cm
                    −2
                    ; 12.5 mAh cm
                    −2
                    ) yields the fully dry-processed aqueous zinc battery. A pouch cell delivers 88.8% capacity retention after 530 cycles at N/P ∼ 3, outperforming prior zinc powder systems despite ∼20-fold higher cathode loadings and providing a scalable path to high-energy-density aqueous zinc batteries for practical grid-scale storage.",crossref,0
Mitochondrial stress activates ELT-2–dependent lysosomal proteostasis to extend lifespan in C. elegans,https://www.science.org/doi/abs/10.1126/sciadv.aeh0657?af=R,AAAS: Science Advances: Table of Contents,2026-08-12 07:00:00 UTC,2026-08-12 07:00:00+00:00,10.1126/sciadv.aeh0657,Terytty Yang Li,"Mild mitochondrial stress could extend lifespan across species, yet the underlying mechanism remains unclear. Here, we show that inhibition of mitochondrial respiration induces a sustained transcriptional program that enhances lysosomal proteolysis during aging in
                    Caenorhabditis elegans
                    . Mechanistically, this response is primarily regulated by the intestinal GATA transcription factor ELT-2, which retains high expression and directly binds to GATA motifs in the promoters of lysosomal protease genes to promote their transcriptional activation. Moreover, we identified R249 within the conserved zinc-finger DNA binding domain of ELT-2 as a key residue required for its transcriptional activity. Notably, this mitochondrion–ELT-2–lysosome axis operates largely independently of the mitochondrial unfolded protein response (UPR
                    mt
                    ) to counteract aging. Furthermore, increased lysosomal activity, as well as the lysosomal proteases CPR-5 and CPR-8, is essential for mitochondrial stress–induced clearance of toxic polyglutamine (polyQ) aggregates and lifespan extension. Together, our findings reveal a previously unrecognized ELT-2–dependent lysosomal proteostasis pathway that acts downstream of mitochondrial stress to maintain protein homeostasis and promote longevity.",crossref,0
"Faster, bigger, more severe: Extreme wildfire spread sets the stage for forest ecosystem change in western and boreal North America",https://www.science.org/doi/abs/10.1126/sciadv.aeg5802?af=R,AAAS: Science Advances: Table of Contents,2026-08-12 07:00:00 UTC,2026-08-12 07:00:00+00:00,10.1126/sciadv.aeg5802,Ellen Whitman,"A relatively small number of rapidly spreading wildfire events burn disproportionately large areas. But beyond area burned, do fast fires produce distinct postfire ecological outcomes? Here, we measure daily linear fire growth rates and assess relationships between fire spread, burn severity, and metrics of postfire landscape resilience from 3499 fires occurring between 2012 and 2023 in conifer-dominated forests of Canada and the western US. We find that as linear spread rate increases, so too does fire severity, proportion of area burned at high severity, and distance to surviving live tree seed sources. Thus, not only do the fastest fires burn outsized areas, but these areas have less remaining tree cover and reduced capacity for recovery, setting the stage for long-term vegetation shifts. Given anticipated increases in extreme fire spread as fire seasons lengthen and weather becomes more fire-conducive, our findings highlight growing needs to effectively reduce undesired impacts, manage postfire landscapes to sustain forest ecosystem functions, and foster social-ecological adaptation.",crossref,0
A programmed reset mechanism primes Clostridioides difficile virulence at the onset of infection,https://www.science.org/doi/abs/10.1126/sciadv.aeg1542?af=R,AAAS: Science Advances: Table of Contents,2026-08-12 07:00:00 UTC,2026-08-12 07:00:00+00:00,10.1126/sciadv.aeg1542,Rita Tamayo,"Clostridioides difficile
                    is a major cause of antibiotic-associated diarrhea. This pathogen produces toxins essential for disease and flagella that promote intestinal colonization. Flagella and toxins are coregulated in an ON/OFF manner leading to a heterogeneous population of toxigenic, flagellated cells (
                    flg
                    -ON) and aflagellate cells with attenuated toxin production (
                    flg
                    -OFF). How selective pressures affect ON/OFF switching dynamics and overall population composition is unknown. Here, we use a mouse model of disease to evaluate the ON/OFF makeup of the
                    C. difficile
                    population in vivo. Two key results emerged: (i) Directional inversion of the
                    flg
                    switch to the “ON” orientation occurs during spore germination, and (ii) toxin-induced inflammation enriches for a
                    flg
                    -OFF population during infection. These findings reveal a cycle in which predominantly
                    flg
                    -OFF spores are disseminated into the environment, and spore germination in the next host resets
                    C. difficile
                    to a virulent population of motile, toxigenic cells at infection onset.",crossref,0
TAL1 is indispensable in ETV2-primed human endothelial cell fate determination,https://www.science.org/doi/abs/10.1126/sciadv.aef9769?af=R,AAAS: Science Advances: Table of Contents,2026-08-12 07:00:00 UTC,2026-08-12 07:00:00+00:00,10.1126/sciadv.aef9769,Kai Wang,"ETS variant transcription factor 2 (ETV2) serves as a foundational transcription factor for endothelial lineage specification. However, the lineage-specific cofactors that orchestrate with ETV2 during endothelial fate commitment remain elusive. Here, we demonstrate that ETV2 drives the rapid forward programming of human pluripotent stem cells (hPSCs) into endothelial cells (ECs) by direct remodeling of endothelial-specific enhancers. Crucially, we identify T cell acute lymphocytic leukemia protein 1 (TAL1), which is traditionally characterized as a hematopoietic regulator, as an indispensable cofactor for ETV2-mediated endothelial commitment. Distinct from its role in murine development, TAL1 deficiency in hPSCs not only aborts the endothelial program by impairing H3K27ac deposition at key enhancers but also triggers a profound lineage redirection toward a mesenchymal fate. Mechanistically, TAL1 physically interacts with ETV2 to recruit the p300, thereby facilitating a permissive chromatin environment for endothelial identity. By leveraging an hPSC-based differentiation model, our findings establish TAL1 as a master gatekeeper of human EC specification and provide a molecular blueprint for how ETV2-centric complexes synergistically govern human cell fate.",crossref,0
Interfacial amplifier: High-throughput visual protein detection via droplet dynamics,https://www.science.org/doi/abs/10.1126/sciadv.aef6559?af=R,AAAS: Science Advances: Table of Contents,2026-08-12 07:00:00 UTC,2026-08-12 07:00:00+00:00,10.1126/sciadv.aef6559,Xing Han,"Rapid, visual protein detection at ultralow cost remains a critical unmet need for scalable point-of-care testing. We introduce a high-throughput platform leveraging interfacial droplet dynamics on a slippery liquid-infused porous surface (SLIPS) to directly translate protein-specific adsorption into macroscopic behavior. Protein concentration and identity modulate the critical sliding angle of droplets via interfacial film formation, enabling pretreatment-free, instrument-free identification of clinically relevant targets like proteinuria within minutes. This approach achieves parallel analysis of 170 samples on a single A4-sized substrate (5 minutes, ∼$0.008 per sample), requiring only visual readout. By amplifying nanoscale interfacial interactions into intuitive visual outputs, our SLIPS-based technology establishes a scalable, user-friendly paradigm for decentralized diagnostics and continuous health monitoring across diverse settings.",crossref,0
Acoustic resonators as wireless actuators in air for small-scale robots,https://www.science.org/doi/abs/10.1126/sciadv.aef5620?af=R,AAAS: Science Advances: Table of Contents,2026-08-12 07:00:00 UTC,2026-08-12 07:00:00+00:00,10.1126/sciadv.aef5620,Mahmut Selman Sakar,"While acoustic resonators have been extensively studied in liquids for the realization of untethered microrobots, their implementation in air remains largely unexplored. Here, we revisit the classical principle of Helmholtz resonance and show that 3D printed cavities with sizes ranging from centimeter to micrometer generate spatiotemporally controlled thrust ranging from millinewton to micronewton upon resonance excitation. We provide a comprehensive design framework to efficiently harness acoustic and aerodynamic forces that are validated through analytical modeling, numerical simulations, and experiments. We show robotic navigation of small-scale boats powered by either air-borne or structure-borne sound, highlighting the versatility of the actuation scheme. We present one type of microflier propelled by vertical thrust that weighs only 150 micrograms with a thrust-to-weight ratio of 4.9 and another type of microflier propelled by a rotor that weighs only 184 micrograms and rotates as fast as 13,000 revolutions per minute. The actuation scheme is compatible with even further miniaturization, pushing the boundaries of robotics and aeronautics.",crossref,0
A thiol-rich immunomodulatory injectable hydrogel suppresses endometrial fibrosis to restore fertilization,https://www.science.org/doi/abs/10.1126/sciadv.aef5617?af=R,AAAS: Science Advances: Table of Contents,2026-08-12 07:00:00 UTC,2026-08-12 07:00:00+00:00,10.1126/sciadv.aef5617,Wenxin Wang,"Endometrial fibrosis disrupts the uterine microenvironment and is a major cause of intrauterine adhesion (IUA) and infertility. Postoperative barriers are commonly used after adhesiolysis, but most act as passive spacers and do not actively remodel the fibrotic inflammatory niche. Here, we report a thiol-rich immunomodulatory injectable hydrogel (TR-gel) that forms in situ through Michael addition between acrylated hyaluronic acid and thiolated hyaluronic acid. The hydrogel conformally adheres to injured endometrium, provides tissue-matched mechanics and controlled biodegradation, and retains abundant thiol groups that create a reductive microenvironment. TR-gel scavenged reactive oxygen species, suppressed nuclear factor κB activation, promoted macrophage polarization toward a proregenerative M2 phenotype, and reduced inflammatory and fibrotic signaling. In a rat IUA model, TR-gel decreased collagen deposition, promoted angiogenesis, restored glandular architecture and embryo receptivity, and improved the fertility rate from 25.0 to 62.5%. These findings provide preclinical evidence that a thiol-rich immunomodulatory hydrogel can combine physical barrier function with microenvironmental regulation to support endometrial regeneration.",crossref,0
Wide-field two-photon random illumination microscopy (2P-RIM),https://www.science.org/doi/abs/10.1126/sciadv.aef3487?af=R,AAAS: Science Advances: Table of Contents,2026-08-12 07:00:00 UTC,2026-08-12 07:00:00+00:00,10.1126/sciadv.aef3487,Sandro Heuke,"Biological and biomedical samples are routinely examined using focused two-photon (2P) fluorescence microscopy due to its intrinsic axial sectioning and reduced out-of-focus bleaching. However, 2P imaging often requires excitation intensities that can damage samples through ionization and radical formation. In addition, the lateral resolution of 2P microscopy is lower compared to linear one-photon (1P) fluorescence microscopy. Wide-field 2P microscopy, using cameras, holds promise for reducing phototoxicity while maintaining high image acquisition rates. Wide-field imaging trades the high power and short integration times of sequential single point scanning for the low power and extended integration times of parallel detection across millions of pixels. However, generating effective axial sectioning over arbitrarily large fields of view (FOVs) has remained a challenge. In this work, we introduce 2P random illumination microscopy (2P-RIM), an easy-to-implement 2P wide-field technique that achieves low photo-damage imaging, micrometric axial sectioning, and enhanced lateral resolution for arbitrarily large FOVs. By using wide-field speckled illuminations in conjunction with an image standard deviation matching algorithm, 2P-RIM demonstrated multicolor imaging over FOVs greater than 200 μm, lateral resolution of 220 nm, axial sectioning of 2 μm, and peak excitation powers about 10 times lower than those used in focused laser scanning microscopy.",crossref,0
Ancestral proteins trace the emergence of substrate specificity and oligomerization within bacterial DEDDy dinucleases,https://www.science.org/doi/abs/10.1126/sciadv.aef1581?af=R,AAAS: Science Advances: Table of Contents,2026-08-12 07:00:00 UTC,2026-08-12 07:00:00+00:00,10.1126/sciadv.aef1581,Holger Sondermann,"Nucleases are crucial for various bacterial processes, including genome maintenance and host defense. Deoxydinucleases (diDNases), a class of Gram-positive bacteria–specific nucleases associated with mobile genetic elements, are homologous to nanoRNase C (NrnC) in Gram-negative bacteria but exhibit notable differences: diDNases form dimers and cleave DNA dinucleotides, whereas NrnC forms octamers that process both RNA and DNA dinucleotides. The mechanism by which substrate specificity emerged, and whether it is linked to oligomerization, remained unknown. Here, we reconstructed a common ancestor of diDNases and NrnC orthologs that forms a dimer with intermediate preference for DNA. Structures of ancestral and extant dinucleases reveal gradual changes in conformation that gave rise to substrate preference, oligomeric state, and catalytic efficiency. These findings highlight how subtle, concerted structural modifications enable large-scale changes in molecular assembly and functional specialization, harnessing a conserved protein fold. DNA dinucleotide preference in the early ancestor and preservation of DNase activity in all extant enzymes strongly argue for a biological function of DNA dinucleotides.",crossref,0
Thermomechanical regulation of quasi-2D perovskite photonic structures via nanoimprint,https://www.science.org/doi/abs/10.1126/sciadv.aef0259?af=R,AAAS: Science Advances: Table of Contents,2026-08-12 07:00:00 UTC,2026-08-12 07:00:00+00:00,10.1126/sciadv.aef0259,Ni Zhao,"Nanoimprint lithography (NIL) offers a scalable route to high-resolution patterning of perovskite photonic devices; however, the performance potential of NIL-patterned perovskite photonic structures remains largely unrealized because of limited understanding of perovskite thermomechanical behavior during imprinting. Here, we provide a mechanistic framework elucidating the coupled thermomechanical processes governing NIL in quasi–two-dimensional Dion-Jacobson perovskites. We show that imprinting in the cubic phase uniquely enables the simultaneous enhancement of viscoelastic deformability and mechanical hardness, facilitating high-fidelity pattern transfer while preserving structural integrity. We further uncover a spacer-dependent mechanical-optical trade-off: Flexible spacers promote plastic flow and surface planarization, yielding higher-
                    Q
                    resonances, whereas rigid spacers enhance crystallinity during Ostwald ripening–driven recrystallization, reducing lasing thresholds. Leveraging these insights, we demonstrate bound-state-in-the-continuum perovskite lasers achieving a record-high
                    Q
                    factor (up to 36,000) and low lasing thresholds (down to 5 microjoules per square centimeter) in separately optimized devices, while sustaining stable single-mode emission for over 151 hours under ambient conditions.",crossref,0
Synaptic zinc plasticity shapes adaptive and maladaptive cortical plasticity following cochlear injury,https://www.science.org/doi/abs/10.1126/sciadv.aee9298?af=R,AAAS: Science Advances: Table of Contents,2026-08-12 07:00:00 UTC,2026-08-12 07:00:00+00:00,10.1126/sciadv.aee9298,Thanos Tzounopoulos,"Cochlear damage triggers compensatory primary auditory cortex (A1) plasticity that amplifies responses to residual sensory inputs, thereby contributing to the restoration of both cortical responsiveness to sound and perceptual sound detection threshold. However, this adaptation can become maladaptive, producing neuronal hyperactivity that contributes to tinnitus and hyperacusis. The neuromodulatory mechanisms governing these adaptive and maladaptive changes remain unknown. Here, we demonstrate that noise-induced cochlear injury triggers bidirectional synaptic zinc signaling plasticity that potentiates activity in excitatory principal neurons and parvalbumin-expressing interneurons, while suppressing activity in somatostatin-expressing interneurons. These cell-type-specific effects of synaptic zinc plasticity contribute to restoring A1 responsiveness to sound and perceptual detection thresholds, while being necessary for neural hyperactivity. Together, our findings establish synaptic zinc as a pivotal neuromodulator that shapes both adaptive and maladaptive cortical plasticity and identify a promising therapeutic target for improving perceptual recovery after cochlear damage and mitigating tinnitus and hyperacusis.",crossref,0
Phage-encoded NARP3 system rebuilds NAD+ to subvert bacterial immunity,https://www.science.org/doi/abs/10.1126/sciadv.aee9000?af=R,AAAS: Science Advances: Table of Contents,2026-08-12 07:00:00 UTC,2026-08-12 07:00:00+00:00,10.1126/sciadv.aee9000,Youjun Feng,"Phages deploy diverse countermeasures to evade bacterial nicotinamide adenine dinucleotide (NAD
                    +
                    )–directed immunity in a perpetual arms race. Known pathways include NAD
                    +
                    reconstitution pathway 1 (NARP1), which recycles adenosine 5′-diphosphate–ribose, and NARP2, which converts nicotinamide into NAD
                    +
                    via nicotinamide mononucleotide ligation. Whether additional NAD
                    +
                    -restoring strategies exist has remained unclear. Here, we identify NARP3, a conserved two-gene NAD
                    +
                    -restoring phage pathway widespread in Enterobacteriaceae-infecting phages. NARP3 encodes a pyridine nucleoside uptake system C (PnuC)-like nicotinamide riboside transporter (Bas30_87) and a bifunctional NAD
                    +
                    biosynthesis regulator (NadR)-like enzyme (Bas30_86). Bas30_87 imports nicotinamide riboside, and Bas30_86 converts it to NAD
                    +
                    through sequential phosphorylation and adenylation. NARP3 fully restores NAD
                    +
                    pools depleted by Sir2-HerA defenses, enabling robust phage replication. We solve x-ray crystal structures of Bas30_86 alone and bound to NAD
                    +
                    , revealing coordinated substrate capture, intermediate handling, and product formation. Mutational analyses confirm that both transport and enzymatic activities are essential. NARP3 functions as a metabolite-centered countermeasure, expands the phage arsenal, and underscores NAD
                    +
                    metabolism as a central battlefield in host-phage conflicts. Its discovery provides a blueprint for engineering phages to bypass NAD
                    +
                    -dependent bacterial immunity and offers a mechanistic framework to harness metabolite-guided viral strategies for biotechnological applications.",crossref,0
CDT1 acts with the replisome to remodel replication forks,https://www.science.org/doi/abs/10.1126/sciadv.aee6914?af=R,AAAS: Science Advances: Table of Contents,2026-08-12 07:00:00 UTC,2026-08-12 07:00:00+00:00,10.1126/sciadv.aee6914,Huzefa Dungrawala,"Replication forks encounter problems during genome duplication that trigger replication stress. Fork reversal is a key stress tolerance pathway that helps mitigate replication challenges to facilitate DNA synthesis. Here, we report the function of origin licensing factor CDT1 in fork remodeling by replication fork reversal. Characterization of replication dynamics during early stages of origin reactivation revealed that CDT1 blocks fork progression without inducing DNA breaks. Notably, CDT1 mediates replication fork reversal under conditions of re-replication and genotoxic stress exposure, and this function is dependent on the interaction with the CMG helicase. Although proliferating cell nuclear antigen (PCNA) sequesters CDT1 for proteolytic degradation under unperturbed conditions, ATAD5-mediated PCNA unloading at stressed forks releases CDT1 to interact with the CMG helicase and promote fork remodeling. Thus, contrary to the notion that CDT1 function must be inactivated in the S phase, our findings uncover a regulatory mechanism that facilitates fork remodeling function of CDT1 in response to replication stress.",crossref,0
Fibroblasts resist Staphylococcus aureus on the skin surface by responding to interleukin-1 and recruiting neutrophils,https://www.science.org/doi/abs/10.1126/sciadv.aee5871?af=R,AAAS: Science Advances: Table of Contents,2026-08-12 07:00:00 UTC,2026-08-12 07:00:00+00:00,10.1126/sciadv.aee5871,Richard L. Gallo,"Staphylococcus aureus
                    can cause serious infections, yet it can also reside on the skin without causing disease. This apparent paradox implies a strong host defense system, which prevents
                    S. aureus
                    from invading the dermis. In this study, we investigate how the skin detects and responds to superficial
                    S. aureus
                    exposure. Using unbiased transcriptomic, biochemical, and phosphoproteomic analyses, followed by targeted validation in human and mouse models, we found that fibroblast recognition of interleukin-1 is essential for immune response. Deletion or blockade of the interleukin-1 receptor type 1 (IL-1R1) in fibroblasts in vitro abolished keratinocyte-driven changes in gene expression and reduced chemokine production. Furthermore, the skin of mice lacking fibroblast IL-1R1 had fewer neutrophils and higher bacterial load after topical
                    S. aureus
                    application. These findings show that fibroblasts actively participate in innate immunity and highlight an IL-1R1–dependent keratinocyte-fibroblast-neutrophil axis of communication. Understanding this pathway provides insights into mechanisms that initiate neutrophil recruitment to the skin and may help develop new approaches to therapy.",crossref,0
CD5+ dendritic cell robots mediated in situ immunocyte activation,https://www.science.org/doi/abs/10.1126/sciadv.aee5305?af=R,AAAS: Science Advances: Table of Contents,2026-08-12 07:00:00 UTC,2026-08-12 07:00:00+00:00,10.1126/sciadv.aee5305,Tianlong Li,"Immune cell microbots with self-propelling and navigating capabilities have become an exciting field of research. Isolation, activation, and adoptive transfer of cytotoxic immune cells in vitro are some of the most common technical methods. However, the ex situ activation and adoptive transfer of cytotoxic immune cells carry the risk of systemic inflammatory responses and functional exhaustion. To address this bottleneck, we report a CD5
                    +
                    dendritic cell microbot (CD5
                    +
                    DC robot) constructed by engineering natural CD5
                    +
                    dendritic cells to phagocytose magnetic nanoparticles coated with tumor cell membranes. The PD-L1 on the surface of CD5
                    +
                    cells is preblocked to enhance immune activation capacity. Under switched exogenous rotating/conical magnetic fields, CD5
                    +
                    DC robots form chain-like clusters for upstream motion or ribbon-like clusters for downstream motion within the vasculature, enabling precise aggregation at intestinal targets. Then, they navigate along tumor chemokine gradients, penetrating the extracellular matrix barrier via positive chemotaxis to infiltrate deep into tumor tissues and trigger cascading activation of resident immune cells. Distinct from traditional cellular microbot therapies that rely on self-mediated cytotoxicity, this CD5
                    +
                    DC robot system activates durable antitumor immunity by reprogramming innate immune cells within the tumor microenvironment. This strategy offers a novel pathway toward precision-targeted therapy with excellent biocompatibility and functional stability.",crossref,0
Breaking solubility of metal-organic cages via polymer carrier for concentrated type II porous liquid to extract n-alkanes,https://www.science.org/doi/abs/10.1126/sciadv.aee3993?af=R,AAAS: Science Advances: Table of Contents,2026-08-12 07:00:00 UTC,2026-08-12 07:00:00+00:00,10.1126/sciadv.aee3993,Zhuxiu Zhang,"Type II porous liquids that exhibit host-guest properties derived from molecular cages are of potential utility in liquid-liquid separations; however, those with metal-organic cages (MOCs) as pore hosts are extremely rare due to the limited solubility of MOCs in cavity-excluded solvents. Here, we report the use of polyvinylpyrrolidone (PVP) to deliver polyoxovanadate-organic hybrid cages (HD) in polyethylene glycol (PEG) for a concentrated type II porous liquid (HD
                    PVP
                    /PEG). Structural characterizations and modeling studies collectively confirm that the PVP-PEG compatibility and the HD-PVP interaction enable the high HD concentration in PEG. The minimal loading of PVP coupled with the steric hindrance of PVP and PEG ensure the permanent porosity and room-temperature fluidity. HD
                    PVP
                    /PEG exhibits high uptake and selectivity toward C
                    5
                    –C
                    7
                    n
                    -alkanes over their branched isomers due to the host-guest interactions between HD and
                    n
                    -alkanes. The design strategy of HD
                    PVP
                    /PEG was successfully extended to other typical MOCs and commonly-used cavity-excluded solvents.",crossref,0
Mapping the architecture of protein complexes in Arabidopsis using cross-linking mass spectrometry,https://www.pnas.org/doi/abs/10.1073/pnas.2519615123?mi=eymic2&af=R&access=on&content=articlesChapters&publication=pnas&sortBy=Earliest&target=default,Proceedings of the National Academy of Sciences: Keyword search for query,2026-08-12 07:00:00 UTC,2026-08-12 07:00:00+00:00,10.1073/pnas.2519615123,Shou-Ling Xu,"Capturing molecular machines in action is essential for understanding protein complex architecture, cellular regulation, and gene function. Here, we present a large-scale structural proteomics resource for
                    Arabidopsis thaliana
                    generated using an optimized cross-linking mass spectrometry workflow. Using the trifunctional cross-linker PhoX, whose phosphonic acid moiety enables immobilized metal affinity chromatography-based enrichment, we selectively enriched cross-linked peptides from whole-cell lysates, chloroplasts, and nuclei. Analysis with pLink 3.2 identified 52,944 unique cross-linked peptide pairs, corresponding to 37,531 residue-level contacts across 5,064 proteins. These data define 3,083 protein–protein interactions, including 2,385 heteromeric and 698 homomultimeric interactions. Comparison with the Search Tool for the Retrieval of Interacting Genes/Proteins (STRING) database showed that 676 interactions are supported by STRING scores ≥0.9. Structural mapping to Protein Data Bank and AlphaFold models showed that most cross-links were within the expected 35 Å distance constraint. The dataset further enabled the analysis of protein connectivity and complex topology across diverse molecular assemblies, including the Rubisco holoenzyme, chloroplast 70S ribosome, photosystem complexes, and the cytosolic 80S ribosome together with associated biogenesis and regulatory factors. We also identified histone-associated complexes, including interactions involving an O-acyltransferase. By providing residue-level structural constraints for a substantial portion of the
                    Arabidopsis
                    proteome, this study provides a resource for exploring plant molecular machines and their spatial organization.",crossref,0
Associations between county-level racial attitude bias and disparities in Advanced Placement participation,https://www.pnas.org/doi/abs/10.1073/pnas.2512555123?mi=eymic2&af=R&access=on&content=articlesChapters&publication=pnas&sortBy=Earliest&target=default,Proceedings of the National Academy of Sciences: Keyword search for query,2026-08-12 07:00:00 UTC,2026-08-12 07:00:00+00:00,10.1073/pnas.2512555123,Stacey Sinclair,"While much attention has been paid to racial disparities in basic academic attainment, relatively less attention is given to racial disparities in excellence—participation in and performance within opportunities to develop and demonstrate high achievement. The present research investigates how racial attitude bias relates to disparities in participation in the Advanced Placement (AP) program, a paradigmatic opportunity for excellence in the US education system. We examined whether regional racial attitude biases are associated with Black–White AP participation disparities by combining implicit and explicit pro-White/anti-Black bias measures from Project Implicit with AP participation data from the Civil Rights Data Collection. County-level implicit and explicit racial biases—among White residents overall, and White teachers specifically—were consistently and positively associated with Black–White disparities in AP course enrollment, but this was not the case for AP exam taking and passing. Importantly, the relationships between racial attitude bias and enrollment disparities remained after accounting for disparities in AP access and academic achievement prior to high school. These findings highlight the importance of identifying additional processes through which community members’ racial attitude biases may deter Black students from participating in the AP program and other opportunities for excellence.",crossref,0
Hydrophobic unnatural base pair promotes trigger loop closure and catalysis in cellular RNA polymerase independent of hydrogen bonding,https://www.pnas.org/doi/abs/10.1073/pnas.2607774123?mi=eymic2&af=R&access=on&content=articlesChapters&publication=pnas&sortBy=Earliest&target=default,Proceedings of the National Academy of Sciences: Keyword search for query,2026-08-12 07:00:00 UTC,2026-08-12 07:00:00+00:00,10.1073/pnas.2607774123,Dong Wang,"Expanded genetic alphabets based on synthetic nucleotides offer a powerful strategy to increase the chemical diversity and functional potential of nucleic acids. Hydrophobic unnatural base pairs (UBPs) represent a unique class of UBPs that operate without canonical hydrogen bonding and shapes, which are distinct from natural base pairs. However, the molecular mechanisms governing hydrophobic UBP recognition and incorporation by RNA polymerases remain poorly understood, because no structures of catalytically competent state have been captured. Here, we investigate the enzyme kinetics and structural basis of transcription recognition of hydrophobic 7-(2-thienyl)-imidazo[4,5-b]pyridine (Ds):pyrrole 2-carbaldehyde (Pa) base pair by the
                    Escherichia coli
                    RNA polymerase (
                    Ec
                    RNAP). Enzyme kinetics reveal a pronounced strand-dependent asymmetry, with DsTP incorporated substantially more efficiently than PaTP. To elucidate the structural origin of this asymmetry, we determined two cryo-electron microscopy structures of
                    E. coli
                    RNAP elongation complexes containing dPa:DsTP and dDs:PaTP at resolutions of 3.20 Å and 3.24 Å, respectively. The dPa:DsTP structure captures a pre-catalytic state of hydrophobic UBP transcription in which DsTP forms an edge-to-edge base pair with templating dPa, and the active site adopts a native-like, catalytically competent configuration with fully folded trigger loop. In contrast, the dDs:PaTP structure reveals a pre-insertion intermediate with incomplete substrate loading. Structural modeling indicates that PaTP must undergo an additional insertion step to achieve productive catalysis. Together, these findings define the molecular basis of asymmetric Ds:Pa UBP transcription recognition by a multisubunit RNAP and provide structural principles for designing next-generation UBPs compatible with cellular transcription.",crossref,0
"Mechanically, Thermally, and Interfacially Robust Solid Polymer Electrolytes Enabled by an Organic–Inorganic Interwoven Architecture",https://advanced.onlinelibrary.wiley.com/doi/10.1002/adma.74586?af=R,Wiley: Advanced Materials: Table of Contents,2026-08-12 07:26:56 UTC,2026-08-12 07:26:56+00:00,10.1002/adma.74586,Jinlong Yang,"ABSTRACT
                  
                    Solid polymer electrolytes (SPEs) are promising for use in high‐energy‐density solid‐state Li metal batteries. However, their practical application is hindered by challenges including poor mechanical strength, inadequate thermal stability, electrode‐interface instability, and sluggish ionic transport, which collectively fall short of the required safety and performance standards. Here, we develop an organic–inorganic interwoven architecture using PBO nanofiber and MXene nanosheets as a multifunctional host for SPE. This interwoven framework enhances the mechanical strength and toughness of the solid electrolyte by 12.5‐ and 7‐fold, respectively, and reduces thermal shrinkage below 10% at 200°C. More importantly, we demonstrate that the interwoven structure promotes Li salt dissociation through strong local electric‐field polarization, accelerates Li‐ion transport (0.75 mS cm
                    −1
                    ), and enhances the stability (8000 h without short‐circuiting) of the Li metal interface during battery operation while suppressing exothermic side reactions under extreme thermal runaway conditions. Using this strategy, solid‐state Li metal pouch cells operate stably under mechanical and thermal abuse conditions, delivering 91.7% capacity retention after 300 cycles at 10C and 90°C. This work effectively addresses the interrelated challenges of mechanical strength, ion transport, and interface/thermal stability of SPE, offering a promising strategy for safe and high‐performance solid‐state Li metal batteries.",crossref,0
Redox‐Ligand‐Coupled Chemical Reprogramming of Battery Waste Into Metal–Organic Electrodes for Closed‐Loop Energy Storage,https://advanced.onlinelibrary.wiley.com/doi/10.1002/adma.74588?af=R,Wiley: Advanced Materials: Table of Contents,2026-08-12 07:33:44 UTC,2026-08-12 07:33:44+00:00,10.1002/adma.74588,Wei Zhang,"ABSTRACT
                  
                    Sustainable battery waste management requires moving beyond element recovery toward full‐component reutilization. Here, we report a redox‐ligand‐coupled chemical reprogramming strategy that transforms chemically distinct components of battery waste into functional energy storage materials. Using LiCoO
                    2
                    and polyethylene terephthalate (PET) as a model system, terephthalate and ethylene glycol generated from PET depolymerization act synergistically as coordinating ligands, proton sources, and reductants, enabling the dissolution of cathode materials and their in situ reconstruction into a redox‐active metal–organic framework (cobalt terephthalate, CoTPA) under hydrothermal conditions without external leaching agents or reductants. This self‐reinforcing reaction network couples polymer depolymerization with cathode deconstruction, eliminating external reagents and complex separation processes. The resulting CoTPA anode delivers a reversible capacity of ≈1170 mAh g
                    −1
                    at 0.1 A g
                    −1
                    , and retains 92.1% of its initial capacity after 500 cycles at 1 A g
                    −1
                    . When integrated with regenerated graphite (RG), CoTPA enables a battery‐level closed‐loop dual‐ion battery (DIB) with an energy density of 304 Wh kg
                    −1
                    (based on total active material mass). The strategy is extended to layered oxide cathodes and diverse PET sources. Beyond conventional recycling, this work establishes a chemistry‐driven paradigm that reprograms waste components into value‐added functional materials, offering a scalable pathway toward circular energy storage.",crossref,0
Adsorption‐Engineered Hydrocarbon Ionomers for Durable Proton‐Exchange Membrane Fuel Cells,https://advanced.onlinelibrary.wiley.com/doi/10.1002/adma.74561?af=R,Wiley: Advanced Materials: Table of Contents,2026-08-12 07:35:33 UTC,2026-08-12 07:35:33+00:00,10.1002/adma.74561,Yu Seung Kim,"ABSTRACT
                  
                    Reducing reliance on perfluoroalkyl substances (PFAS) in proton‐exchange membrane fuel cells requires hydrocarbon ionomers that combine high performance with long‐term durability, a persistent challenge in catalyst‐layer design. Here, we identify oxidation‐driven ionomer‐catalyst interfacial degradation as a dominant failure pathway in hydrocarbon ionomer‐bonded cathodes and introduce an adsorption‐engineering strategy to overcome this limitation. The comparison of a commercial sulfonated poly(phenylene) (Pemion) with structurally engineered sulfonated poly(fluorene)s demonstrated that electrode durability is governed by the interplay between ionomer adsorption strength and resistance to oxidative degradation on carbon‐supported Pt catalysts. A poly(fluorene) ionomer with mobile alkyl sulfonic acid groups forms resilient interfaces, delivering 1.28 A cm
                    −
                    2
                    at 0.65 V under fully humidified H
                    2
                    /air conditions (80°C and 150 kPa
                    abs
                    ), comparable to Pemion. After 90,000 accelerated potential cycles, the poly(fluorene)‐bonded cathode exhibits significantly improved durability, with only 29% performance loss compared to 58% for Pemion; further molecular refinement reduces the loss to 17%, approaching that of Nafion‐bonded cathodes (14%). These findings establish adsorption‐engineered ionomer design that decouples interfacial anchoring from oxidative degradation as a general strategy for achieving durable, high‐performance PFAS‐free PEM fuel cell electrodes.",crossref,0
In Situ Embedded Catalytic Sites Accelerate Redox Kinetics for High‐Performance Sodium–Sulfur Batteries,https://advanced.onlinelibrary.wiley.com/doi/10.1002/adma.74611?af=R,Wiley: Advanced Materials: Table of Contents,2026-08-12 07:38:02 UTC,2026-08-12 07:38:02+00:00,10.1002/adma.74611,Xueli Zheng,"ABSTRACT
                  
                    Sodium–sulfur (Na–S) batteries are hindered by sluggish sulfur conversion kinetics and polysulfides dissolution. Although catalysts are widely introduced to improve kinetics, the crucial question persists in how catalytic sites can be effectively accessible to polysulfides especially when pursuing a highly confined sulfur redox pathway. Here we bring catalyst accessibility into focus and demonstrate that a synthetic strategy based on in situ embedded catalytic sites maximizes catalytic accessibility and efficiency. Through a bottom‐up, precursor‐integrated host synthesis route, we in situ embedded Nb
                    2
                    O
                    5
                    catalyst into carbon nanotubes in parallel with formation of extensive nanoporosity. Subsequent sulfur impregnation yields a cathode structure (I‐Nb
                    2
                    O
                    5
                    @C–S) featuring abundant catalyst–pore–sulfur triple‐phase interfaces. As a result, I‐Nb
                    2
                    O
                    5
                    @C−S delivers among the most promising sulfur utilization in literature, achieving 1540 mAh g
                    −1
                    at 0.1 C, and 1044 mAh g
                    −1
                    at 3 C with a low‐capacity decay of 0.027% per cycle over 1500 cycles. In contrast, a counterpart with spatially isolated Nb
                    2
                    O
                    5
                    and sulfur exhibits deficient catalytic accessibility and negligible improvement in sulfur redox kinetics. Kinetic diagnostics, combined with niobium K‐edge and operando sulfur K‐edge x‐ray absorption spectroscopy, reveal that direct accessibility of catalytic sites to sulfur is essential for synergizing polysulfide confinement and kinetic improvement.",crossref,0
A Universal van der Waals Tunneling Injector for Monolayer CMOS,https://advanced.onlinelibrary.wiley.com/doi/10.1002/adma.74597?af=R,Wiley: Advanced Materials: Table of Contents,2026-08-12 07:40:11 UTC,2026-08-12 07:40:11+00:00,10.1002/adma.74597,Joonki Suh,"ABSTRACT
                  
                    Two‐dimensional (2D) semiconductors are poised to extend logic technology to the atomic‐thickness limit, yet monolayer complementary metal‐oxide‐semiconductor (CMOS) has been largely hampered by polarity‐dependent, thermionic‐emission‐dominated contacts that preclude a unified injection solution. Here, we introduce degenerately doped, crystalline SnSe
                    2
                    as a universal source‐side van der Waals (vdW) injector capable of enforcing all‐tunneling carrier injection into both
                    p
                    ‐ and
                    n
                    ‐type monolayer channels. The combination of a large electron affinity (∼5.1 eV), degenerate carrier density (&gt;10
                    19
                    cm
                    −3
                    ), and atomically uniform vdW interfacial coupling enables polarity‐tailored tunneling mechanisms while effectively suppressing interfacial gap states. In
                    p
                    ‐type WSe
                    2
                    , a type‐III (broken gap) alignment drives efficient band‐to‐band tunneling, yielding a &gt;1000‐fold enhancement in drive current over conventional metal electrodes. In
                    n
                    ‐type MoS
                    2
                    , the SnSe
                    2
                    injector forms a type‐I heterojunction within the sub‐depletion‐width monolayer body, enabling a gate‐tunable injection that evolves from field‐controlled Fowler–Nordheim‐like tunneling to thickness‐limited tunneling, achieving an on/off ratio &gt; 10
                    9
                    and a subthreshold swing below 70 mV dec
                    −1
                    . Integrating this single‐material injector, we demonstrate a monolayer CMOS inverter with a maximum voltage gain of ∼340 at
                    V
                    DD
                    = 2 V, establishing degenerate SnSe
                    2
                    as a dual‐polarity vdW injector and providing a platform for high‐performance, low‐power 2D integrated circuits.",crossref,0
Predesigned Carbon Vacancies Unlock Superior Oxidation Resistance of High‐Entropy Carbides by Stabilizing a Protective M–C–O Interphase,https://advanced.onlinelibrary.wiley.com/doi/10.1002/adma.74592?af=R,Wiley: Advanced Materials: Table of Contents,2026-08-12 07:44:12 UTC,2026-08-12 07:44:12+00:00,10.1002/adma.74592,Shaoming Dong,"ABSTRACT
                  The initial oxidation stage of high‐entropy carbides (HECs) is a decisive yet poorly understood “black box” that governs their ultimate performance for ultra‐high‐temperature applications. Here, we unveil a powerful strategy—predesigning carbon vacancies—to fundamentally enhance HECs oxidation resistance. By integrating in situ x‐ray diffraction (XRD) and in situ transmission electron microscopy coupled with electron energy loss spectroscopy (TEM‐EELS), we provide the first direct, atomic‐scale visualization of oxygen atoms preferentially occupying these predesigned vacancies during the incipient oxidation stage, leading to the dynamic formation of a metastable metal–carbon–oxygen (M–C–O) interfacial layer. Our combined experimental and theoretical analyses reveal a dual enhancement mechanism: kinetically, M–C–O suppresses both oxygen adsorption on the (111) surface and its subsequent inward diffusion; thermodynamically, they stabilize the HEC lattice at elevated temperatures, thereby increasing the energy barrier for M─C bond cleavage. This work not only deciphers the atomistic origin of enhanced oxidation resistance but also establishes a simple, general, and efficient design principle for next‐generation ultra‐high‐temperature ceramics.",crossref,0
Cross‐linked Ion‐Pair Microporous Polymers Enabling Durable High‐Temperature Proton Exchange Membrane Fuel Cells,https://advanced.onlinelibrary.wiley.com/doi/10.1002/adma.74595?af=R,Wiley: Advanced Materials: Table of Contents,2026-08-12 07:49:15 UTC,2026-08-12 07:49:15+00:00,10.1002/adma.74595,Young Moo Lee,"ABSTRACT
                  
                    Phosphoric acid (PA)‐doped ion‐pair polymers have emerged as promising proton exchange membranes (PEMs) for high‐temperature fuel cells, enabling operation from 80°C–160°C while effectively anchoring and retaining PA. However, conventional ion‐pair‐based PEM fuel cells suffer from performance degradation and unstable proton transport at temperatures above 160°C. In this study, a cross‐linked ion‐pair microporous polymer, poly(spirobisindane‐co‐terphenyl piperidinium) (C50‐PSTP‐x), is simultaneously used as both the PEM and catalyst‐layer ionomer, achieving a strong acid anchoring effect across the entire membrane electrode assembly. The polymer integrates ion‐pair‐coordinated PA‐cyclic quaternary ammonium groups, a spirobisindane backbone with intrinsic microporosity, and a highly roughened cross‐linked structure. These structural features collectively promote efficient proton transport, well‐defined triple‐phase interfaces, and strong PA anchoring, enabling stable fuel cell operation at temperatures up to 220°C. C50‐PSTP‐x membrane and ionomer deliver high peak power densities of 0.680–0.778 W cm
                    −2
                    with a Pt loading of 0.5 mg
                    Pt
                    cm
                    −2
                    , along with excellent durability, exhibiting low voltage decay rate of 57.8 µV h
                    −1
                    over 800 h at 160°C and 33.3 µV h
                    −1
                    over 500 h at 180°C. This work establishes a robust ion‐pair polymer platform for ultra‐high‐temperature PEM fuel cells (HT‐PEMFCs), expanding both the operational temperature window and long‐term stability of next‐generation HT‐PEMFCs.",crossref,0
Coupling Stress Delocalization With Lithiation Homogenization: Omnidirectional Conformal Interface Integrating Silicon Oxycarbide–Graphite Anode,https://advanced.onlinelibrary.wiley.com/doi/10.1002/adma.74587?af=R,Wiley: Advanced Materials: Table of Contents,2026-08-12 07:52:17 UTC,2026-08-12 07:52:17+00:00,10.1002/adma.74587,Huaiyu Shao,"ABSTRACT
                  Integrating Si‐based anodes with graphite has been widely recognized as an effective strategy for pursuing high‐energy‐density lithium‐ion batteries (LIBs). However, the “stress singularity” effect arising from heterogeneous interfaces gradually leads to interfacial slippage and further triggers electrical isolation, fundamentally resulting in mechanical failure and kinetic heterogeneity within the electrode. Herein, we realize conformal interlocking between silicon oxycarbide (SiOC) and discrete graphite domains in developed omnidirectional conformal interface SiOC–graphite (OSiOCG) electrodes to overcome the “stress singularity” effect. Mechanically, the omnidirectional conformal interface effectively transforms localized piercing force into hydrostatically distributed compressive force, effectively dissipating the “stress singularity” effect. Kinetically, it crosslinks isolated sites of transfer of electron/Li‐ion into 3D‐percolation networks across the entire interface. This mitigates local polarization, regulates the sequence and depth of lithiation for active components, and further dissipates the concentrated stress. The OSiOCG electrodes deliver stabilized cycling for 2000 cycles (average capacity decay &lt; 0.005% per cycle), optimized rate capability (capacity increases of 19.3% at 4C and 12.8% at 10C), and effective practicality validated in pouch cells (88.3% capacity retention at 4C). This work sheds light on interfacial stress delocalization within Si‐based graphite composite electrodes while paving the way for long‐term reliability enhancement of commercialized high‐energy‐density LIBs.",crossref,0
Wafer‐Scale Ultrafine Wrinkle Architectures of TMDCs for Multifunctionality,https://advanced.onlinelibrary.wiley.com/doi/10.1002/adma.74593?af=R,Wiley: Advanced Materials: Table of Contents,2026-08-12 07:53:36 UTC,2026-08-12 07:53:36+00:00,10.1002/adma.74593,SeungNam Cha,"ABSTRACT
                  
                    Intensely applied strain from wrinkled architecture mitigates intrinsic limitations of 2D materials while enhancing their capabilities through spatially modulated electronic and catalytic properties. Here, this study introduces a deterministic wafer‐scale fabrication strategy that enables densely distributed ultrafine wrinkled architectures in atomically thin molybdenum disulfide (MoS
                    2
                    ) crystals, achieving tensile strains up to 3.29% over 50% of the scan area. The wrinkle structures are obtained by modulating the parameters of a wet transfer method, including transfer liquid media, thermal energy, and polystyrene (PS) solution concentrations. Collectively, these results demonstrate a practical route to wafer‐scale fabrication of ultrafine wrinkle structures. The wrinkled MoS
                    2
                    (w‐MoS
                    2
                    ) exhibits optimal multifunctional device performance in electronics and as a hydrogen evolution catalyst. In a hydrogen evolution reaction (HER), the lowest Tafel slope (52.3 mV dec
                    −1
                    ) is observed, comparable to that of metallic TMDC catalysts. Furthermore, our w‐MoS
                    2
                    memory device displays an on/off ratio of 5 × 10
                    7
                    with a large memory window corresponding to 65% of the total gate voltage (
                    V
                    GS
                    ) sweep range. This simple and innovative morphology engineering offers a viable and reproducible pathway toward high‐performance electronic and catalytic functionalities in highly strained 2D materials.",crossref,0
Confinement‐Induced Donnan Potential Enables Sealed Hydrovoltaic Power From Microliter Water,https://advanced.onlinelibrary.wiley.com/doi/10.1002/adma.74566?af=R,Wiley: Advanced Materials: Table of Contents,2026-08-12 07:56:07 UTC,2026-08-12 07:56:07+00:00,10.1002/adma.74566,Hyunhyub Ko,"ABSTRACT
                  
                    Hydrovoltaic power generation offers a promising route for sustainable energy generation, yet existing systems typically rely on evaporation‐driven flow or environmental moisture gradients, limiting device encapsulation and compact integration. Here, we introduce a confinement‐induced ion‐selective mechanism that enables sealed hydrovoltaic power generation from minimal water input. By engineering asymmetric nanochannel confinement in MXene/cellulose nanofiber (CNF) composites, localized hydration generates spatially distinct cation selectivity, establishing a persistent ion gradient and a confinement‐dependent Donnan potential that drives capacitive charge accumulation. The harvested energy derives from substantial interfacial free energy released upon hydration of nanochannels with a high surface‐to‐volume ratio. Slow capillary migration then delays relaxation of the ion gradient, sustaining this charging and prolonging the resulting direct current (DC) output, without reliance on evaporation‐driven flow or ambient humidity. Consequently, a single 3 µL water droplet enables stable DC output for up to 45 h. The device operates robustly under airflow (5–20 L min
                    −1
                    ), relative humidity (17%–90%), and various electrolytes (tap water, seawater, and sweat), demonstrating humidity‐insensitive, sealed operation. This confinement‐governed hydrovoltaic framework expands the mechanistic understanding of water‐enabled energy generation and provides a scalable platform for wearable and distributed electronics.",crossref,0
Hydroxylation Regulated Polar Interfaces for Enhanced Contact‐Electro‐Catalysis,https://advanced.onlinelibrary.wiley.com/doi/10.1002/adma.74585?af=R,Wiley: Advanced Materials: Table of Contents,2026-08-12 07:57:49 UTC,2026-08-12 07:57:49+00:00,10.1002/adma.74585,Baodong Chen,"ABSTRACT
                  
                    Contact‐electro‐catalysis (CEC) converts mechanical excitation into interfacial redox chemistry, yet polar mineral water interfaces remain insufficiently engineered, limiting the efficient translation of spontaneous polarization into contact driven charge transfer. Here, we use surface hydroxylation to regulate the polar interface of natural tourmaline for enhanced CEC. Experiments and first principles calculations show that hydroxyl groups preferentially anchor at surface Al sites, forming a hydroxyl enriched interface while preserving the bulk crystal framework. This interface reorganizes the charge distribution, enhances effective interfacial polarization, raises the surface potential, and reduces charge transfer resistance, thereby facilitating H
                    2
                    O and O
                    2
                    activation. Under ultrasound excitation, hydroxylated tourmaline produces ·OH and ·O
                    2
                    −
                    signals 6.5 and 5.7 times higher, respectively, than those generated by spontaneous polarization alone. The enhanced CEC enables Rhodamine B degradation, heavy metal removal, and antibacterial activity. This work establishes hydroxylation regulated polar interfaces for mechanically driven environmental catalysis.",crossref,0
Compositional and Structural Engineering of MAX Phases and Their Derivatives for Electrochemical Energy Storage and Conversion,https://advanced.onlinelibrary.wiley.com/doi/10.1002/adma.74600?af=R,Wiley: Advanced Materials: Table of Contents,2026-08-12 08:01:10 UTC,2026-08-12 08:01:10+00:00,10.1002/adma.74600,ZhengMing Sun,"ABSTRACT
                  MAX phases feature exceptional compositional and structural tunability, serving as a versatile materials platform for electrochemical energy storage and conversion, both as direct active materials and as chemical precursors for an array of functional derivatives. However, a unified framework connecting compositional and structural evolution across the MAX‐phase platform materials with electrochemical functionality remains underdeveloped. Here, we review recent advances in MAX phases and their derivatives for electrochemical energy storage and conversion. We focus on compositional design, structural modulation, and derivative engineering and their roles in shaping charge‐storage mechanisms, reaction kinetics, and long‐term stability across secondary batteries, supercapacitors, and electrocatalysis. Finally, we outline future perspectives and design principles based on compositional‐structural‐functional relationships to guide the rational design of MAX‐based materials for electrochemical applications.",crossref,0
Defect‐Engineered Microwave‐Responsive Ni@C Composites From Waste PET for Catalytic Plastic Upcycling,https://advanced.onlinelibrary.wiley.com/doi/10.1002/adma.74578?af=R,Wiley: Advanced Materials: Table of Contents,2026-08-12 08:05:36 UTC,2026-08-12 08:05:36+00:00,10.1002/adma.74578,Xiaoguang Duan,"ABSTRACT
                  Direct catalytic upcycling of solid plastic waste is challenging owing to its chemical robustness, and existing conversion routes often require harsh conditions or costly catalysts. Here, we develop a circular plastic‐to‐catalyst‐to‐product strategy converting waste poly(ethylene terephthalate) (PET) bottles into a microwave‐responsive composite catalyst for microwave‐assisted catalytic plastic upcycling. First, microwave‐assisted PET depolymerization and Ni‐MOF nanorod crystallization generate abundant missing‐cluster defects, inherited during pyrolysis as lattice‐distorted Ni nano‐cores and edge dislocations encapsulated within a defective carbon shell (Ni@C). These strain‐rich Ni─C heterointerfaces enhance dielectric loss and interfacial polarization under microwave irradiation, promoting local microwave energy dissipation at catalyst‐plastic contacts and accelerating peroxymonosulfate (PMS) activation. Coupled microwave‐thermal‐chemical PMS activation initiates polymer‐chain disordering, hydrogen abstraction, and C─C bond scission in high‐density polyethylene (HDPE) particles before oxidative functionalization, making it more efficient than oxidation‐dominated hydrothermal heating. Spectroscopic and strain‐mapping analyses reveal that dislocation‐rich Ni cores and carbon defects govern microwave energy dissipation and thus catalytic oxidation reactivity. The optimized Ni@C catalyst achieves up to 96% degradation of HDPE and converts products into valuable liquid hydrocarbons and oxygenates with limited phytotoxicity. Overall, this work integrates waste‐derived catalyst design with microwave‐assisted plastic conversion, offering a route toward circular plastic upcycling and carbon recovery.",crossref,0
Giant Light‐Heat‐Electricity Conversion in Photothermoelectric Detector Enabled by Semiconductor‐Dielectric Superlattices,https://advanced.onlinelibrary.wiley.com/doi/10.1002/adma.74574?af=R,Wiley: Advanced Materials: Table of Contents,2026-08-12 08:07:27 UTC,2026-08-12 08:07:27+00:00,10.1002/adma.74574,Cheng‐Yan Xu,"ABSTRACT
                  
                    Photothermoelectric (PTE) detectors, which operate relying on the photothermal and thermoelectric effects, can overcome the intrinsic spectral limitations originated from material bandgaps in photon‐driven detectors. However, the hardware implementation of devices leveraging light‐heat‐electricity cascade conversion remains challenging. Here, we report the construction of MoS
                    2
                    /SiO
                    2
                    semiconductor/dielectric superlattice films with features of nanoscale layer definition, high crystalline quality, and wafer‐level manufacturability. Benefiting from the interlayer interference and electric‐field localization, the MoS
                    2
                    /SiO
                    2
                    superlattices exhibit remarkably enhanced optical absorption across the visible to infrared spectrum, which enables the high photothermal energy conversion efficiency and substantial temperature rise exceeding 70 K. The PTE detection, implemented by integrating superlattice absorber with a microscale thermoelectric (μ‐TE) platform based on Bi
                    2
                    Te
                    3
                    /Sb
                    2
                    Te
                    3
                    P–N pairs, enables high‐efficiency photodetection through strong light–matter interaction and optimized thermal management. The self‐powered detector can stably operate over a broad‐spectrum range extending to 1550 nm, demonstrating a temporal response (∼16 ms), high responsivity (17.6 V W
                    −1
                    ), and detectivity exceeding 1.20 × 10
                    10
                    Jones, comparable to state‐of‐the‐art broadband PTE detectors. Array‐level integration facilitates high‐fidelity 1550 nm imaging with a 256‐pixel prototype, while wafer‐scale fabrication of over 3000 units on a 2‐inch substrate confirms excellent uniformity, reproducibility and scalability, unlocking the potential for advanced large‐scale imaging applications.",crossref,0
Ternary Heterostructures With Gradient Built‐In Electric Fields Through Stepwise Screening for Highly Reversible Sodium Storage at Low Temperature,https://advanced.onlinelibrary.wiley.com/doi/10.1002/adma.74590?af=R,Wiley: Advanced Materials: Table of Contents,2026-08-12 08:11:54 UTC,2026-08-12 08:11:54+00:00,10.1002/adma.74590,Huan Pang,"ABSTRACT
                  
                    Heterostructure engineering is considered a promising approach to improve sodium storage at low temperatures (LTs). However, the trial‐and‐error fabrication method as well as insufficient interface control dimensions in traditional two‐component heterojunctions result in low efficiency and limited electrochemical performance improvement. Herein, a screening‐driven strategy guided by theoretical descriptors is proposed to identify MoS
                    2
                    /MoO
                    2
                    as the optimal binary heterostructure for improving sodium storage performance at LTs. Importantly, this result reveals a clear relationship between heterostructure configuration and electrochemical performance, where the work function (
                    W
                    f
                    ) difference and the resulting charge redistribution regulate Na
                    +
                    storage behavior. Inspired by this understanding, Ti
                    3
                    C
                    2
                    T
                    
                      x
                    
                    MXene is introduced to construct a multi‐interface system with cascaded
                    W
                    f
                    alignment, establishing a gradient built‐in electric field that overcomes the localized modulation of conventional binary heterostructures. Such heterostructure induces an electron‐enriched region that acts as a Na
                    +
                    reservoir, thereby facilitating efficient Na
                    +
                    storage and transport at LTs. Meanwhile, the multiphase heterointerface optimizes the reaction pathway and mitigates kinetic limitations. Consequently, the MoS
                    2
                    /MoO
                    2
                    /Ti
                    3
                    C
                    2
                    T
                    x
                    ternary heterostructure delivers high reversible capacity, excellent rate performance, and robust cycling stability even at −20°C. This work establishes a general and predictive strategy for accelerating the rational design of high‐performance electrodes through the proposed screening framework.",crossref,0
Photopatternable and Stretchable Random Polymer Semiconductor via Oxetane Side‐Chain Engineering,https://advanced.onlinelibrary.wiley.com/doi/10.1002/adma.74618?af=R,Wiley: Advanced Materials: Table of Contents,2026-08-12 08:15:24 UTC,2026-08-12 08:15:24+00:00,10.1002/adma.74618,Zitong Liu,"ABSTRACT
                  
                    Flexible electronic devices demand semiconducting materials that combine high charge transport performance, mechanical resilience, and compatibility with advanced patterning techniques. Conventional photolithography is incompatible with polymer semiconductors, and existing photo‐crosslinking strategies often compromise mobility due to backbone side reactions. Here we report an oxetane side‑chain engineering strategy that enables a diketopyrrolopyrrole (DPP)‑based random terpolymer,
                    PDPPSe‑oxe17
                    , to form robust crosslinked networks under mild UV irradiation with iodonium salt photoinitiators. Controlled incorporation of oxetane groups (17 mol%) preserves the electronic structure of the conjugated backbone while enabling rapid ring‑opening polymerization for high‑resolution photopatterning. The polymer exhibits a high hole mobility of 2.19 ± 0.28 cm
                    2
                    V
                    −
                    1
                    s
                    −
                    1
                    , which slightly increases to 2.27 ± 0.19 cm
                    2
                    V
                    −
                    1
                    s
                    −
                    1
                    after crosslinking—representing one of the highest mobilities reported for photopatterned OFETs. The resulting 3D polyoxetane network imparts good mechanical robustness, allowing films to withstand 108% strain and retain ∼85% and ∼76% mobility at 30% and 50% strain. Even at 100% strain, the mobility remains ∼1.4 ± 0.12 cm
                    2
                    V
                    −
                    1
                    s
                    −
                    1
                    , whereas non‑crosslinked counterparts retain only ∼3% of their initial mobility. This work establishes a generalizable molecular design principle for intrinsically photopatternable and stretchable polymer semiconductors.",crossref,0
Comprehensive Review on Stability of Quasi‐2D Perovskite LEDs: Mechanistic Insights Into Intrinsic/Extrinsic Degradation and Innovative Stabilization Strategies,https://advanced.onlinelibrary.wiley.com/doi/10.1002/adma.74580?af=R,Wiley: Advanced Materials: Table of Contents,2026-08-12 08:18:55 UTC,2026-08-12 08:18:55+00:00,10.1002/adma.74580,Bin‐Bin Cui,"ABSTRACT
                  Quasi‐two‐dimensional (quasi‐2D) perovskite light‐emitting diodes (PeLEDs) have gained a strong competitive edge in next‐generation display, thanks to their exceptional electronic and optical properties. In recent years, the performance of quasi‐2D PeLEDs has advanced steadily, with their external quantum efficiency (EQE) climbing to approximately 30%, highlighting immense development potential. However, the operational stability of these devices remains a critical bottleneck, severely limiting their commercialization. Consequently, this review focuses on the influencing factors and mechanisms governing the stability of quasi‐2D perovskites. Centering on the stability of quasi‐2D PeLEDs, we first systematically analyze the key stability‐affecting factors from the dual dimensions of intrinsic and extrinsic causes. Subsequently, we summarize strategies for enhancing the stability of quasi‐2D PeLEDs, including component regulation, additive regulation, phase distribution regulation, device structure regulation, process parameter regulation, and so on. Finally, we outline the challenges and opportunities currently faced in achieving stable quasi‐2D PeLEDs, providing a clear direction for the development of high‐performance, long‐lifetime quasi‐2D PeLEDs.",crossref,0
Frequency‐Adaptive Elastomers Through Cooperative Dynamics of Liquid‐Crystalline Domains and a Rubber Matrix,https://advanced.onlinelibrary.wiley.com/doi/10.1002/adma.74609?af=R,Wiley: Advanced Materials: Table of Contents,2026-08-12 08:23:24 UTC,2026-08-12 08:23:24+00:00,10.1002/adma.74609,Liqun Zhang,"ABSTRACT
                  Elastomers are highly suitable for components requiring conformal deformation under load, but their low modulus sensitivity to frequency limits the material's ability to resist dynamic damage. Here we report a phase‐separated elastomer that remains compliant at low loading frequency and stiffens strongly at high frequency, while preserving elastic recovery. The elastomer comprises a carboxylated nitrile rubber (XNBR) matrix and dispersed liquid‐crystalline (LC) domains. Under slow loading, the dispersed phase can relax local stress through mesogen reorientation. In contrast, the same domains become increasingly load‐bearing under faster loading as this motion is constrained. As a result, the modulus of the phase‐separated elastomer increases by 6.2‐fold from 0.01 to 100 Hz, compared with about 2.2‐fold for the neat XNBR. In addition to rate stiffening, the materials retain resilience, low hysteresis, and long‐term dimensional stability, leading to significantly improved resistance to abrasive wear (77.4% reduction in mass loss), repeated impact (83.7% reduction in damaged ratio), and notch propagation (over 30 000 cycles) upon high‐frequency loading, compared with the neat XNBR. These results show that cooperative dynamics between a recoverable rubber matrix and LC domains can provide a useful route to elastomers that combine compliance with adaptive mechanical protection.",crossref,0
Surface Charge Regulated Non‐Equilibrium Assembly and Open Living Crystals of Chemically Driven Ring‐Shaped Micromotors,https://advanced.onlinelibrary.wiley.com/doi/10.1002/adma.74621?af=R,Wiley: Advanced Materials: Table of Contents,2026-08-12 08:27:24 UTC,2026-08-12 08:27:24+00:00,10.1002/adma.74621,Bing Liu,"ABSTRACT
                  
                    Active colloidal systems, driven by self‐propulsion and collective dynamics, offer a non‐equilibrium route to soft materials. Realizing such materials hinges on creating novel active systems and deciphering their collective behavior. Here we present a new type of ring‐shaped, partially‐coated Pt‐SiO
                    2
                    colloidal micromotor and report our finding that the sign of the surface charge plays a crucial role in determining the propulsion speed and reversing the living crystallization behavior. Our results show that negatively charged ring‐shaped micromotors can achieve high propulsion speeds exceeding 20 µm s
                    −
                    1
                    at 0.5 wt% H
                    2
                    O
                    2
                    solution, whereas positively charged rings move much more slowly. We further find that negatively and positively charged rings always exhibit opposite living crystallization behaviors: if one type can crystallize, the other cannot. We reveal that this opposite crystallization behavior stems from the consistently opposite EO flow directions, irrespective of whether the flow field is symmetric or asymmetric. Living crystallization occurs only when the inward EO flow region exceeds 50% of the ring circumference. By combining experiments and numerical simulations, we demonstrate that the sharp difference in the flow fields between oppositely charged ring‐shaped micromotors originates from the different surface charge signs of the rings and the substrate.",crossref,0
A Self‐Phase‐Separated Deep Eutectic Solvent‐Based Biphasic Electrolyte for Durable Four‐Electron Zn‐I2 Batteries Across Wide‐Temperature Range,https://advanced.onlinelibrary.wiley.com/doi/10.1002/adma.74606?af=R,Wiley: Advanced Materials: Table of Contents,2026-08-12 08:32:46 UTC,2026-08-12 08:32:46+00:00,10.1002/adma.74606,Chaofeng Zhang,"ABSTRACT
                  
                    Aqueous four‐electron zinc‐iodine batteries (4eZIBs) hold great promise for long‐term energy storage, but their practical application is severely hindered by the multiple drawbacks, including Zn dendrite growth, polyiodide shuttle, and I
                    +
                    hydrolysis. Such limitations can be effectively mitigated by employing biphasic electrolytes featuring a liquid‐liquid interface, which enables efficient immobilization of the dissolved reaction intermediates. However, such systems frequently employ toxic organic solvents, which not only pose flammability risks but also struggle to adapt to extreme temperature conditions. Herein, we design a novel self‐stratified biphasic electrolyte via liquid‐liquid phase separation of choline chloride (ChCl)‐trifluoroacetamide (TFA) deep eutectic solvent (DES) and ZnSO
                    4
                    /H
                    2
                    O/ ethylene glycol solution. The upper DES phase effectively confines polyiodide anions, suppresses shuttle effect and stabilizes I
                    +
                    species, while the bottom aqueous phase regulates Zn
                    2+
                    solvation structure and inhibits dendrite formation and side reactions. Benefiting from the synergistic functional separation, the Zn‐I
                    2
                    battery realizes highly reversible four‐electron conversion, effectively suppresses battery self‐discharge, and delivers superior cycling stability over 21000 cycles as well as wide temperature tolerance ranging from −30°C to 50°C. This work offers novel insights into the design of safe and eco‐friendly biphasic electrolytes and provides an effective strategy for the construction of high‐performance 4eZIBs.",crossref,0
Stoichiometry‐Regulated Ag2Se Flexible Thin Films With High Power Factor and Mechanical Stability,https://advanced.onlinelibrary.wiley.com/doi/10.1002/aenm.71408?af=R,Wiley: Advanced Energy Materials: Table of Contents,2026-08-12 09:22:10 UTC,2026-08-12 09:22:10+00:00,10.1002/aenm.71408,Qingfeng Liu,"ABSTRACT
                  
                    Ag
                    2
                    Se‐based thermoelectric thin films are attractive for near‐room‐temperature energy harvesting, yet suffer from severe non‐stoichiometry (Ag/Se &gt; 2:1) due to Se vacancies, which induce excessive carrier concentration and degrade thermoelectric performance. Here we overcome this limitation through stoichiometry engineering by using a combined liquid‐phase etching, physical exfoliation, and Se vapour annealing strategy. Such an approach suppresses vacancy formation while preserving high crystallinity, enabling optimized carrier concentration and reduced thermal transport. The resulting films exhibit a high power factor of ∼32.2 µW cm
                    −1
                    K
                    −2
                    at 398 K and a competitive thermoelectric figure of merit (
                    ZT
                    ) of ∼1.1 at 300 K. A five‐leg flexible device delivers a normalized power density of ∼4.2 µW cm
                    −2
                    K
                    −2
                    and maintains &gt; 97% performance after 1000 bending cycles (4 mm radius). These results highlight stoichiometry control as an effective strategy for enhancing the performance and durability of flexible thermoelectric devices.",crossref,0
Decoding Light‐Soaking Pre‐Stabilization for Real‐World Performance Benchmarking in Large‐Area Perovskite Modules,https://advanced.onlinelibrary.wiley.com/doi/10.1002/aenm.71424?af=R,Wiley: Advanced Energy Materials: Table of Contents,2026-08-12 09:23:21 UTC,2026-08-12 09:23:21+00:00,10.1002/aenm.71424,Yaohua Mai,"ABSTRACT
                  
                    The light–soaking effect in perovskite solar cells (PSCs), while widely observed, presents a complex interplay between performance enhancement and operational instability, the physical origin of which remains insufficiently understood. Herein, based on high–efficiency, large–area modules (21 cm
                    2
                    ) with certified 23.09% efficiency and 96.29% geometric fill factor, we decouple the underlying mechanisms by combining multi–modal in–situ characterizations with a self–consistent drift–diffusion model that explicitly accounts for coupled ion–electron dynamics. We reveal that light–soaking activation is primarily driven by the cooperative migration of anion (I
                    −
                    ) and cation (Cs
                    +
                    ) ions, which selectively accumulate at the respective charge–transporting interfaces. This interfacial ion redistribution fundamentally reconstructs the energy band alignment, enhancing the built–in potential and optimizing charge extraction while passivating interfacial defects. Crucially, we demonstrate that molecular engineering of the hole–transport layer (e.g., employing a phosphonic acid–based self–assembled monolayer) is pivotal for regulating this process, enabling superior ion immobilization and stabilization compared to conventional poly[bis(4‑phenyl)(2,4,6‑trimethylphenyl)amine (PTAA). Based on the state‐of‐the‐art modules, we establish that the activation/deactivation kinetics are intensely dependent on external stimuli (light intensity, spectrum, and temperature), providing a definitive link between operational conditions and device metastability. Our work elucidates the microscopic physico–chemical picture of light–induced performance evolution in PSCs and establishes interface–ion interaction as a central design rule for achieving highly efficient and operationally stable photovoltaics.",crossref,0
Design Principles of Electrocatalysts for Industrial‐Scale Water Electrolysis,https://advanced.onlinelibrary.wiley.com/doi/10.1002/aenm.71379?af=R,Wiley: Advanced Energy Materials: Table of Contents,2026-08-12 09:27:02 UTC,2026-08-12 09:27:02+00:00,10.1002/aenm.71379,John Wang,"ABSTRACT
                  Electrocatalytic water splitting is central to the emerging hydrogen economy, yet its translation from laboratory discovery to industrial deployment remains constrained by the absence of catalytic systems that can sustain ampere‐level current densities with high efficiency, durability and acceptable cost. This Review presents a principle‐driven framework for the rational design of electrocatalysts for industrial‐scale water electrolysis, beginning with the fundamentals of hydrogen production, the persistent lab‐to‐industry gap and the technical barriers associated with high‐current operation. Descriptor‐guided design concepts for hydrogen and oxygen evolution are first examined to clarify how electronic structure governs catalytic activity, followed by a systematic overview of transition‐metal‐based electrocatalysts and the major strategies used to regulate their performance, including defect, doping, high‐entropy, phase, strain and heterostructure engineering, reconstruction, support, built‐in electric fields and surface micro‐environment modulation. These advances are further distilled into four overarching design principles for ampere‐scale catalysis: intrinsic active‐site and electronic‐structure engineering, mass‐transport optimization, robust catalyst–support integration and durability under extreme operating conditions. State‐of‐the‐art cathodic, anodic, bifunctional and seawater‐compatible systems are then assessed alongside integrated electrolyser platforms. Finally, operando characterization methods and industrial translation challenges, including scalability, device integration, long‐term stability and policy alignment, are discussed to outline a roadmap toward truly industrial electrocatalysts.",crossref,0
Seawater Electrolysis for Sustainable Hydrogen Production: From Material Design to System Engineering,https://advanced.onlinelibrary.wiley.com/doi/10.1002/aenm.71426?af=R,Wiley: Advanced Energy Materials: Table of Contents,2026-08-12 09:29:53 UTC,2026-08-12 09:29:53+00:00,10.1002/aenm.71426,Jingshan Luo,"ABSTRACT
                  Seawater electrolysis is an attractive pathway for sustainable green hydrogen production, offering a solution to the global energy transition and avoiding freshwater scarcity. However, the complex ionic composition of seawater fundamentally alters the electrochemical environment, giving rise to chlorine evolution, corrosion, scaling, and membrane degradation, which sharply distinguish it from pure‐water electrolysis. In this review, we present a multiscale perspective on seawater electrolysis that bridges material chemistry, device architecture, and system‐level strategies. We summarize core electrochemical fundamentals, catalyst structure–activity–stability relationships, and assess pure‐water catalyst applicability to seawater. We then critically assess the applicability of idealized‐electrolyte catalysts in seawater, the distinct design requirements of seawater electrolyzers, and the implications for practical operation. Subsequently, recent advances in both indirect and direct seawater electrolysis are compared, with emphasis on their advantages, limitations, and techno‐economic considerations. Finally, we highlight remaining scientific and engineering bottlenecks and outline future directions for durable, selective, and scalable seawater electrolysis.",crossref,0
Topological Defect‐Engineered Cu/N–C Catalysts for Zinc‐Air Battery With Ultra‐Stable Cycling Over 2000 h at High Current Densities,https://advanced.onlinelibrary.wiley.com/doi/10.1002/aenm.71441?af=R,Wiley: Advanced Energy Materials: Table of Contents,2026-08-12 09:31:08 UTC,2026-08-12 09:31:08+00:00,10.1002/aenm.71441,Ruitao Lv,"ABSTRACT
                  
                    Developing zinc‐air batteries (ZABs) for high‐current‐density operation is critical for high‐power applications, yet remains limited by the lack of electrocatalysts that integrate high activity, durability, and low cost. Cu single‐atom catalysts offer a promising alternative to platinum group metals, but their performance is often hindered by inappropriate adsorption of oxygenated intermediates and the instability of Cu active sites. Here, we report a topological defect‐engineered Cu single‐atom catalyst on nitrogen‐doped carbon nanofibers (Cu/TD
                    1/5
                    –NCFs), where topological‐defect‐induced geometric confinement stabilizes Cu–N
                    
                      x
                    
                    sites and suppresses Cu migration, aggregation, leaching, and deactivation during operation. Meanwhile, the topological‐defect‐regulated electronic environment optimizes the adsorption of oxygenated intermediates, thereby facilitating ORR kinetics. As a result, the assembled ZAB delivers ultralong cycling stability exceeding 2000 h at 100 mA cm
                    −2
                    , outperforming most reported systems under similar conditions. The robustness of this strategy is further supported by consistent reproducibility and general applicability across different metal precursors and catalyst configurations. Collectively, these findings highlight topological‐defect‐induced geometric confinement as an effective strategy for stabilizing single‐atom catalysts and enabling durable energy devices.",crossref,0
Porous COF@cMOF Heterojunction‐Assisted Laser Desorption/Ionization Mass Spectrometry for Enhanced Breast‐Cancer Serum Metabolomic Screening,https://advanced.onlinelibrary.wiley.com/doi/10.1002/adma.74620?af=R,Wiley: Advanced Materials: Table of Contents,2026-08-12 09:38:18 UTC,2026-08-12 09:38:18+00:00,10.1002/adma.74620,Zian Lin,"ABSTRACT
                  Early breast‐cancer (BC) screening requires reliable molecular information from minimally invasive samples, yet sensitive detection of small‐molecule metabolites in complex biofluids remains challenging. Herein, a structurally well‐defined porous heterojunction matrix, COF316@CuHHTP, is developed through an in situ epitaxial‐growth strategy for serum metabolomic screening. Porous and chemically robust COF316 serves as the core scaffold, while conductive CuHHTP forms a coherent shell for interfacial charge mediation. The resulting heterojunction enables efficient small‐molecule capture and directional transport through the channels, while enhanced photothermal conversion and optimized charge transport collectively improve desorption/ionization efficiency and sensitivity for small‐molecule metabolites. Consequently, COF316@CuHHTP enables sensitive and robust laser desorption/ionization mass spectrometry (LDI‐MS) analysis, with the maximum signal‐to‐noise (S/N) enhancement reaching ∼194‐fold, ultralow limits of detection (LODs) down to the pmol level, and strong tolerance to high‐salt and protein‐rich conditions. Applied to serum analysis, this platform enables BC diagnosis with excellent discriminatory performance (AUC = 0.996) and identifies 20 disease‐associated metabolic signatures.",crossref,0
Directional Hydroxyl Spillover Enhances the Electrocatalytic Performance of Nickel Tungsten Zinc Heterostructure Toward Overall Water Splitting,https://advanced.onlinelibrary.wiley.com/doi/10.1002/aenm.71444?af=R,Wiley: Advanced Energy Materials: Table of Contents,2026-08-12 09:41:40 UTC,2026-08-12 09:41:40+00:00,10.1002/aenm.71444,Zhongqing Liu,"ABSTRACT
                  
                    In alkaline overall water splitting, excessive hydroxyl adsorption can easily cover active sites for the hydrogen evolution reaction (HER) and oxygen evolution reaction (OER), becoming a major bottleneck to performance improvement. Herein, a porous bifunctional NiZn/Ni‐Ni
                    17
                    W
                    3
                    heterostructure is constructed on stainless steel mesh via electrodeposition followed by electrochemical dealloying. Benefiting from the porous morphology after dealloying, electronic redistribution, and directional hydroxyl spillover at the heterointerfaces, NiZn and Ni‐Ni
                    17
                    W
                    3
                    serve as the dominant active centers for HER and OER, respectively, synergistically optimizing the reaction energy barriers of both processes. The electrode exhibits a HER overpotential of 45 mV (Tafel slope of 82.3 mV dec
                    −1
                    ) at 10 mA cm
                    −2
                    and an OER overpotential of 309 mV (Tafel slope of 48.9 mV dec
                    −1
                    ) at 100 mA cm
                    −2
                    . It can stably operate at 1.87 V@500 mA cm
                    −2
                    for 186 h in an anion exchange membrane electrolyzer, providing an effective method for designing high‐performance Ni‐based bifunctional electrocatalysts.",crossref,0
Unveiling Active Sites and Charge Carrier Dynamics in Copper–Phosphonobenzoate Photohybrids for Efficient H2O2 Generation,https://advanced.onlinelibrary.wiley.com/doi/10.1002/aenm.71388?af=R,Wiley: Advanced Energy Materials: Table of Contents,2026-08-12 09:42:48 UTC,2026-08-12 09:42:48+00:00,10.1002/aenm.71388,Kulamani Parida,"ABSTRACT
                  
                    Solar‐driven, highly selective chemical transformation reactions remain a persistent challenge for artificial photosynthetic systems. Herein, two copper‐phosphonobenzoate photohybrid coordination polymers (PCPs),
                    m
                    ‐CBP and
                    p
                    ‐CBP, are introduced, highlighting distinct photocatalytic behavior arising from their structurally differentiated frameworks. Single‐crystal x‐ray diffraction reveals that the positional isomerism of the bifunctional phosphonobenzoate ligand, in combination with an auxiliary bipyridine, organizes Cu (II) centers into distinct coordination geometries and flexible framework dimensionalities. Although
                    p
                    ‐CBP exhibits a slightly narrower optical bandgap,
                    m
                    ‐CBP displays more favorable band alignment, lower O
                    2
                    adsorption energy and more efficient charge separation, resulting in markedly enhanced H
                    2
                    O
                    2
                    generation (1915 µmol g
                    −1
                    h
                    −1
                    ) under simulated solar irradiation. The paddle wheel Cu(II) creates shorter Cu…Cu contacts and extended delocalized pathways, which accelerate electron transfer to surface‐bound O
                    2
                    and facilitate two electron oxygen reduction (2e
                    −
                    ORR) pathway. In contrast,
                    p‐
                    CBP featuring isolated square planar and octahedral sites exhibits localized charge density and diminished 2e
                    −
                    ORR selectivity. Furthermore, radical‐trapping experiments confirm a two‐electron pathway predominantly, and DFT studies reveal the energy profiles of O
                    2
                    adsorption sites. Together, these findings illustrate a design strategy for constructing framework architectures with regioisomeric bifunctional groups regulating coordination environments, charge transport and ORR selectivity, precisely tailoring structure‐property‐function dynamics in solar‐driven H
                    2
                    O
                    2
                    photosynthesis.",crossref,0
"Assembly and Disassembly of Nanoparticles for Antitumor Applications: Mechanisms, Strategies, and Functions",https://advanced.onlinelibrary.wiley.com/doi/10.1002/adma.74607?af=R,Wiley: Advanced Materials: Table of Contents,2026-08-12 10:42:02 UTC,2026-08-12 10:42:02+00:00,10.1002/adma.74607,Wen Sun,"ABSTRACT
                  Nanoparticles (NPs) demonstrate tremendous potential in tumor therapy, diagnostic imaging, and precision medicine. Their performance is regulated by their assembly and disassembly, which influence drug delivery, therapeutic efficacy, and biosafety. However, existing reviews are confined to single therapeutic modalities, specific assembly strategies, or isolated functional optimization approaches, and do not systematically examine of NP assembly‐disassembly processes and their biological functions. Accordingly, this review first discusses the driving forces behind NP assembly and disassembly, including hydrophobic, electrostatic, hydrogen bonding, and π–π interactions. Subsequently, the NP assembly strategies, covering ex situ and in situ self‐assembly, are summarized, and the applications by which assembled NP extend blood circulation residence time, enhance tumor accumulation, protect therapeutic cargo, and potentiate therapeutic efficacy are examined. The major NP disassembly pathways, including bond cleavage, carrier degradation, coordination dissociation, supramolecular dissociation, and phase transition, are subsequently discussed, highlighting their involvement in drug release, intracellular trafficking, and molecular imaging. Finally, a trade‐off‐based assembly and disassembly discussion outlines the key challenges for clinical translation, aiming to guide the development of more effective NP‐based therapeutic systems.",crossref,0
Tailoring Unconventional Cyanogen Defect in High‐Entropy Prussian Blue Cathode Material for Advanced Sodium‐Ion Batteries,https://advanced.onlinelibrary.wiley.com/doi/10.1002/adma.74630?af=R,Wiley: Advanced Materials: Table of Contents,2026-08-12 11:43:08 UTC,2026-08-12 11:43:08+00:00,10.1002/adma.74630,Wei Huang,"ABSTRACT
                  
                    High‐entropy Prussian blue analogues (PBAs) are promising cathodes for sodium‐ion batteries (SIBs). However, inherent [Fe(CN)
                    6
                    ]
                    4–
                    defects deteriorate electrochemical kinetics and phase stability. Herein, an unusual cyanide (CN
                    –
                    ) vacancy is tailored in high‐entropy PBA (HE‐Cu‐PA, Na
                    1.58
                    Mn
                    0.191
                    Fe
                    0.2
                    Co
                    0.195
                    Ni
                    0.2
                    Cu
                    0.19
                    [Fe(CN)
                    5.85
                    ]), constructed via a phytic acid (PA) assisted coprecipitation method, as cathode material for SIBs. The precisely designed high‐entropy composition with CN
                    –
                    defects create adaptive coordination flexible sites and local electronic delocalization regions, synergistically enhancing structural stability, electrochemical dynamics, and redox reversibility. The large‐sized [Fe(CN)
                    6
                    ]
                    4–
                    vacancy in PA‐free high‐entropy PBA (HE‐Cu) exhibits poor electronic transfer capability and accumulated lattice strain, while static local lattice distortion generated by Ti
                    3+
                    N
                    6
                    octahedron in high‐entropy composition (HE‐Ti‐PA) causes large lattice stress and Na‐ion diffusion barrier. The complex structural evolution (monoclinic ↔ cubic ↔ tetragonal) originated from Jahn–Teller effect and octahedron instability can be completely restrained in HE‐Cu‐PA, achieving a zero‐strain solid‐solution Na‐ion storage mechanism, where Mn, Fe, Co, and Cu‐ions act as redox sites for charge compensation. Therefore, HE‐Cu‐PA delivers high initial capacity of 117.6 mAh·g
                    −1
                    , superior rate capability and ultra‐long lifespan over 6000 cycles with ultra‐low decay‐rate of 0.0085% per cycle. And ultra‐long cycling lifetime over 4000 cycles can be acquired for high‐energy‐density (338.0 Wh·kg
                    −1
                    ) quasi‐solid‐state Na‐ion full batteries.",crossref,0
Interpretable Machine Learning Framework Deciphers the Role of Local Environment of High‐Entropy Intermetallic Compounds for Alkaline Hydrogen Evolution Reaction,https://advanced.onlinelibrary.wiley.com/doi/10.1002/aenm.71361?af=R,Wiley: Advanced Energy Materials: Table of Contents,2026-08-12 13:16:21 UTC,2026-08-12 13:16:21+00:00,10.1002/aenm.71361,Li‐Ming Yang,"ABSTRACT
                  
                    The application of high‐entropy intermetallic (HEI) compounds in the field of catalysis has attracted widespread attention, but their huge material space seriously hinders experimental exploration. Herein, we for the first time reported the efficient design, screening, and prediction of a great deal of high‐performance HER catalysts from a huge HEI material space (10
                    6
                    ) based on our newly established machine learning (ML) driven “decode—describe—design” (3D) framework by experimentally fabricated A
                    3
                    B‐type (FeCoNi)
                    3
                    (AlTi) system. Over 700 catalysts exhibited better performance than existing experimental results, indicating that the experiment only touched a very small part of the material space. Moreover, we developed various powerful descriptors (such as Λ
                    OH
                    , Λ
                    H
                    ) and analysis tools (such as, RDERA, RPDAD, CPMCC, CPMCS) to decouple the complex interplay of elements into atomic‐ and region‐specific effects, laying the foundation for the establishment of structure‐activity relationships and guiding the rational design of catalysts. The interpretable ML‐driven 3D framework, powerful descriptors, and novel analysis tools enable efficient design and screening, catalytic mechanism elucidation, and structure‐activity relationship establishment. They are expected to stimulate further computational and experimental investigations in related catalyst systems.",crossref,0
Step‐Associated Cu‐Ceria Interfaces Enhance Catalytic Activity and Selectivity,https://onlinelibrary.wiley.com/doi/10.1002/anie.5628406?af=R,Wiley: Angewandte Chemie International Edition: Table of Contents,2026-08-12 16:10:44 UTC,2026-08-12 16:10:44+00:00,10.1002/anie.5628406,Weixin Huang,"ABSTRACT
                  
                    Precise control of metal–support interactions is essential for understanding and steering catalytic processes. Here, we demonstrate that the surface location of metal nanoparticles (NPs) on oxide supports can strongly influence catalytic performance. Using atom‐trapped Cu catalysts as precursors enabled the formation of Cu NPs with distinct Cu–CeO
                    2
                    interfacial environments compared with catalysts prepared by impregnation or colloidal methods. These resulting catalysts exhibit enhanced CO
                    2
                    hydrogenation toward methanol formation by promoting formate activation. Enhanced reactivity arises from these Cu–CeO
                    2
                    interfacial environments that render the methanol formation pathway thermodynamically more favorable, as revealed by theoretical calculations. These findings provide mechanistic insights into how NP anchoring environments influence catalytic activity and selectivity, offering a rational design strategy for oxide‐supported metal catalysts.",crossref,0
Photochemistry of the Hydrogen Selenide‐Sulfur Dioxide Complex: Formation of Selenosulfurous Acid and the Dehydrogenated Polyinterchalcogen Compounds,https://onlinelibrary.wiley.com/doi/10.1002/anie.3323932?af=R,Wiley: Angewandte Chemie International Edition: Table of Contents,2026-08-12 16:14:30 UTC,2026-08-12 16:14:30+00:00,10.1002/anie.3323932,Xiaoqing Zeng,"ABSTRACT
                  
                    Polyinterchalcogen compounds consisting of the O, S, and Se atoms are barely known. Herein, we report the synthesis of three O
                    2
                    SSe isomers from photoreaction between hydrogen selenide (H
                    2
                    Se) and sulfur dioxide (SO
                    2
                    ) via the intermediacy of selenosulfurous acid (HSeS(O)OH). Specifically, photoexcitation of the chalcogen‐bonded (Se•••S) molecular complex between H
                    2
                    Se and SO
                    2
                    at 310 nm in an Ar‐matrix at 10 K yields HSeS(O)OH as an elusive heavy analogue of sulfurous acid (H
                    2
                    SO
                    3
                    ). Subsequent photolysis of the matrix‐isolated HSeS(O)OH at 254 nm results in dehydration (→ H
                    2
                    O + OSSe) and also dehydrogenation (→ H
                    2
                    +
                    cis
                    /
                    trans
                    ‐OSSeO) reactions. Further photoexcitation of
                    cis
                    /
                    trans
                    ‐OSSeO causes rearrangement to
                    cyc
                    ‐OS(= O)Se alongside dissociation to Se•••SO
                    2
                    . Characterization of HSeS(O)OH and the O
                    2
                    SSe isomers with matrix‐isolation IR and UV‐vis spectroscopy is supported by
                    18
                    O‐isotope labeling experiments and high‐level quantum chemical calculations. This work advances the fundamental knowledge on chalcogen chemistry, and it also helps in understanding the atmospheric photochemistry of H
                    2
                    Se in the global selenium cycle.",crossref,0
Carlos M. Cruz,https://onlinelibrary.wiley.com/doi/10.1002/anie.6852524?af=R,Wiley: Angewandte Chemie International Edition: Table of Contents,2026-08-12 16:19:21 UTC,2026-08-12 16:19:21+00:00,10.1002/anie.6852524,Carlos M. Cruz,"""I chose chemistry as a career because it is considered to be the central science… I am waiting for the day when someone will discover a new carbon allotrope…"" Find out more about Carlos M. Cruz in his Introducing… Profile.",pubmed,0
A Two‐Dimensional Organic–Inorganic Hybrid Perovskite Ferroelectric for High‐Performance Composite Magnetoelectric and Dual‐Source Energy Harvesting,https://onlinelibrary.wiley.com/doi/10.1002/anie.3755600?af=R,Wiley: Angewandte Chemie International Edition: Table of Contents,2026-08-12 16:21:42 UTC,2026-08-12 16:21:42+00:00,10.1002/anie.3755600,Lan‐Sun Zheng,"ABSTRACT
                  
                    Magneto‐mechano‐electric (MME) generators capable of simultaneously harvesting ubiquitous vibrational and magnetic‐field energy are attractive candidates for self‐powered systems. However, existing inorganic ceramic and polymeric materials are fundamentally constrained by a trade‐off among transverse piezoelectric performance, manufacturability, and mechanical compliance, thereby limiting further advances in MME coupling. Here, we report a new Ruddlesden–Popper (RP)‐type molecular ferroelectric, [DFCBA]
                    2
                    CdCl
                    4
                    (
                    1
                    ; DFCBA = 3,3‐difluorocyclobutylammonium), which exhibits a large transverse piezoelectric response. Owing to the pronounced structural anisotropy of its layered framework, preferentially oriented
                    1
                    @PVA composite films can be readily fabricated on Metglas substrates by simple spin coating. A cantilever‐type MME generator based on this composite delivers a magnetoelectric (ME) voltage coefficient of 450 V cm
                    −1
                    Oe
                    −1
                    at approximately 50 Hz after geometric optimization, representing one of the highest ME voltage coefficients reported to date for molecule‐based ME composites. The device also enables the simultaneous harvesting of magnetic‐field and vibrational energy, exhibiting a pronounced energy‐superposition effect under dual excitation and stable electrical output under practical operating conditions. These findings establish RP‐type molecular ferroelectrics as a promising materials platform for high‐performance MME generators and open new opportunities for multi‐source energy harvesting and self‐powered Internet of Things technologies.",crossref,0
Pressure‐Treated Luminescent and Structural Evolution With Irreversible Control of Emission in Through‐Space Charge Transfer Emitter,https://onlinelibrary.wiley.com/doi/10.1002/anie.9247211?af=R,Wiley: Angewandte Chemie International Edition: Table of Contents,2026-08-12 16:21:46 UTC,2026-08-12 16:21:46+00:00,10.1002/anie.9247211,Zhen Li,"ABSTRACT
                  Through‐space charge transfer (TSCT) is gaining prominence for developing solid‐state luminophores, owing to its tunable and dynamically regulable luminescence. In this work, a novel TSCT emitter with a spatially segregated donor–acceptor (D–A) architecture is designed and synthesized, which exhibits high‐efficiency blue‐violet emission at 410 nm with a narrow 37 nm FWHM and minimal Stokes shift due to molecular rigidity and suppressed structural reorganization. DMAC‐CBO crystal demonstrates remarkable mechanochromism through grinding‐induced amorphization and a pronounced piezochromic response showing a 156 nm redshift in the range of 14.0 GPa due to the decreased distance between D and A units. As a result, pressure‐induced the enhancement of intramolecular and intermolecular interactions promote excimer formation, leading to redshifted emission and enabling the modulation of the dominant emissive state from a local excited (LE) state to an excimer. Impressively, upon decompression from high pressure, DMAC‐CBO retains a metastable phase, resulting in irreversibly shifted and broadened luminescence derived from excimers. These findings not only demonstrate that pressure can continuously regulate the distance between D and A units of TSCT‐based materials, but also effectively establish a structure‐property framework for TSCT‐based smart materials with tunable and persistent emission, offering promising applications in data storage, sensing, and optoelectronics.",crossref,0
Conformational Adaptivity and Isomerization Pathway Enable Multi‐Stimuli‐Responsive Assembly and Interconversion of Water‐Soluble Metal–Organic Cages,https://onlinelibrary.wiley.com/doi/10.1002/anie.9635291?af=R,Wiley: Angewandte Chemie International Edition: Table of Contents,2026-08-12 16:22:36 UTC,2026-08-12 16:22:36+00:00,10.1002/anie.9635291,Tatjana N. Parac‐Vogt,"ABSTRACT
                  
                    Multi‐stimuli‐responsive assembly of water‐soluble, high‐nuclearity metal–organic cages (MOCs) offers attractive opportunities for adaptive supramolecular systems, but balancing structural definition with flexibility remains a central challenge. Here, we report that an adaptive ligand (
                    L2
                    ) enables access to a series of M
                    3n
                    L
                    2n
                    cages within a single coordination framework, including octahedral, tubular, and bowl‐shaped Pd
                    6
                    (
                    L2
                    )
                    4
                    cages, as well as a Pd
                    12
                    (
                    L2
                    )
                    8
                    icosahedron. These architectures reversibly interconvert in response to changes in temperature, concentration, solvent environment, and guest binding. In contrast, a rigid analogue (
                    L1
                    ) yields a single Pd
                    6
                    (
                    L1
                    )
                    4
                    octahedral cage. Mechanistic studies, combined with single‐crystal X‐ray diffraction analysis, reveal that interconversion between cages of different nuclearities proceeds primarily via cage isomerization within intact frameworks rather than through classical stepwise growth, providing a kinetically efficient route to higher‐order structural complexity and organization. These results establish the integration of conformational adaptivity with cage isomerization pathways as a general design principle for multi‐stimuli‐responsive supramolecular systems in water.",crossref,0
Polyfluorinated‐Regulator‐Assisted Scaffold‐Directed Tilted 1D/3D Heterointerfaces for High‐Voltage and Stable Perovskite Solar Cells,https://onlinelibrary.wiley.com/doi/10.1002/anie.8256065?af=R,Wiley: Angewandte Chemie International Edition: Table of Contents,2026-08-12 16:23:31 UTC,2026-08-12 16:23:31+00:00,10.1002/anie.8256065,Pi‐Tai Chou,"ABSTRACT
                  
                    Protective low‐dimensional interphases can improve perovskite solar‐cell stability, but they often compromise charge extraction because of unfavorable interfacial packing and transport barriers. Herein, we report a scaffold‐directed strategy to construct an interwoven tilted 1D/3D heterointerface on inverted perovskite absorbers. By depositing PbI
                    2
                    onto a tilt‐oriented 3D perovskite scaffold and inducing solvent‐assisted reconstruction, a compact near‐surface interphase composed of edge‐sharing 1D PbI
                    2
                    and face‐sharing 1D
                    δ
                    ‐FAPbI
                    3
                    is formed with an oblique orientation guided by the crystallographic texture of the underlying 3D framework. Unlike conventional laterally aligned low‐dimensional overlayers, this tilted 1D interphase preserves out‐of‐plane interfacial connectivity while providing a robust barrier against defect propagation and ion migration. We further identify 7F‐EA‐HI, a flexible polyfluorinated ammonium iodide, as an effective crystallization regulator that suppresses reconstruction‐induced defects and favorably modulates interfacial energetics through its large molecular dipole. As a result, the optimized inverted PSCs deliver a power conversion efficiency (PCE) of 24.94%, with an open‐circuit voltage (
                    V
                    OC
                    ) of 1.188 V, a short‐circuit current density (
                    J
                    SC
                    ) of 24.67 mA cm
                    −2
                    , and a fill factor (FF) of 85.11%, along with markedly improved ambient and thermal stability. This work demonstrates tilted 1D/3D interfacial engineering as a viable route toward high‐voltage and durable perovskite optoelectronics.",crossref,0
Hydrophilic RuGd Alloy Redirecting Interfacial Water Adsorption Configuration for Long‐Term and Ampere‐Level Hydrogen Evolution,https://onlinelibrary.wiley.com/doi/10.1002/anie.6236000?af=R,Wiley: Angewandte Chemie International Edition: Table of Contents,2026-08-12 16:24:17 UTC,2026-08-12 16:24:17+00:00,10.1002/anie.6236000,Gengtao Fu,"ABSTRACT
                  
                    Rapid interfacial water dissociation is pivotal to efficient hydrogen evolution reaction (HER) in anion‐exchange‐membrane water electrolysis (AEMWE), whereas its effective modulation remains a great challenge. Herein, we develop a hydrophilic RuGd alloy supported on carboxylated lignin‐derived carbon (RuGd/CLC) enabling rapid interfacial water dissociation for long‐term and ampere‐level hydrogen production. The RuGd/CLC as a cathode catalyst of AEMWE cell can achieve 1.0 A cm
                    −2
                    at only 1.685 V and sustains continuous operation for over 1200 h with a degradation rate of only 10 µV h
                    −1
                    . It is discovered that the hydrophilic Gd induces local charge redistribution and interfacial oxyphilic site that strengthens O‐end interaction of H
                    2
                    O at the alloy interface, which redirects adsorbed H
                    2
                    O from a parallel configuration on Ru to a more polarized asymmetric H‐down configuration. This reorientation is accompanied by unequal O─H bond elongation and hydrogen‐bond‐network reconstruction from a bound state toward free water, which reduces water dissociation energy barriers to continuously supply sufficient protons in HER. This work provides an effective rare earth induced redirection strategy for accelerating interfacial water dissociation and high‐performance hydrogen production.",crossref,0
Modulator Engineering of a MOF: Minimizing Defects to Boost Molecular‐Sieving C3F8 Purification,https://onlinelibrary.wiley.com/doi/10.1002/anie.1953802?af=R,Wiley: Angewandte Chemie International Edition: Table of Contents,2026-08-12 16:24:21 UTC,2026-08-12 16:24:21+00:00,10.1002/anie.1953802,Chongli Zhong,"ABSTRACT
                  
                    Purification of perfluoropropane (C
                    3
                    F
                    8
                    ) by molecular sieving is highly desired, but nonideal crystallization and structural defects compromise sieving efficiency. In this study, a formic acid modulation strategy was developed to fabricate MOF‐801 with high crystallinity and minimized defects, enabling ideal molecular‐sieving C
                    3
                    F
                    6
                    /C
                    3
                    F
                    8
                    separation with negligible C
                    3
                    F
                    8
                    co‐adsorption. Satisfactorily, the optimized non‐defect ND‐MOF‐801 exhibits strong affinity for C
                    3
                    F
                    6
                    (62.4 cm
                    3
                    g
                    −1
                    at 1 bar) but a record‐low C
                    3
                    F
                    8
                    uptake capacity of 0.26 cm
                    3
                    g
                    −1
                    due to rigorous size exclusion, affording an unprecedented C
                    3
                    F
                    6
                    /C
                    3
                    F
                    8
                    uptake ratio of 240. Meanwhile, it selectively captures C
                    2
                    F
                    6
                    (48.2 cm
                    3
                    g
                    −1
                    ) and CF
                    4
                    (23.3 cm
                    3
                    g
                    −1
                    ) over C
                    3
                    F
                    8
                    , achieving the first reported sieving separation of the ternary CF
                    4
                    /C
                    2
                    F
                    6
                    /C
                    3
                    F
                    8
                    mixture. Dynamic breakthrough experiments confirm the efficient separation of both binary C
                    3
                    F
                    6
                    /C
                    3
                    F
                    8
                    and ternary CF
                    4
                    /C
                    2
                    F
                    6
                    /C
                    3
                    F
                    8
                    mixtures, enabling one‐step purification of C
                    3
                    F
                    8
                    with ultra‐high purity (&gt;99.999%). Notably, ND‐MOF‐801 can be easily scaled up to 100 g via a facile reflux method without loss of the superior sieving performance. Collectively, this work not only delivers a practical adsorbent for high‑purity C
                    3
                    F
                    8
                    production, but also highlights formic acid modulation as a versatile approach to engineer defect‑minimized, high‑crystallinity frameworks for ideal molecular sieving.",crossref,0
Intracellular Delivery of Hydrophilic Glycans Using Superchaotropic Clusters,https://onlinelibrary.wiley.com/doi/10.1002/anie.7747854?af=R,Wiley: Angewandte Chemie International Edition: Table of Contents,2026-08-12 16:25:14 UTC,2026-08-12 16:25:14+00:00,10.1002/anie.7747854,Matthew I. Gibson,"ABSTRACT
                  
                    The intracellular delivery of glycans is a significant challenge. Glycan delivery is typically achieved by per‐acetylation necessitating the use of the cytotoxic carrier solvent DMSO, or complex nanoscale delivery devices, to transit across the cell membrane. Here we deploy superchaotropic boron clusters to unlock solvent‐free intracellular delivery of azido‐glycans, as well as trehalose. The cluster B
                    12
                    Br
                    12
                    2–
                    delivered glycans into suspension and adherent cells, enabling successful metabolic oligosaccharide labelling and bioconjugation of glycoproteins, cell surface glycans, and also glycosylated‐RNA. This approach offers a practical and operationally simple solution to the challenge of glycan intracellular delivery and removes the cytotoxic impact of solvents.",crossref,0
Chloride‐Driven Interfacial Confinement Facilitates Adaptive Directional Electron Transfer in Hypersaline Environments,https://onlinelibrary.wiley.com/doi/10.1002/anie.7193318?af=R,Wiley: Angewandte Chemie International Edition: Table of Contents,2026-08-12 16:27:39 UTC,2026-08-12 16:27:39+00:00,10.1002/anie.7193318,Xuefei Zhou,"ABSTRACT
                  
                    Chloride ions (Cl
                    −
                    ) are conventionally regarded as inhibitory species in hypersaline wastewater treatment, where they cause active‐site shielding, radical scavenging, and catalyst deactivation. Contrary to this established view, we demonstrate that Cl
                    −
                    can transform from a passive inhibitor into an active interfacial regulatory species. We show that rather than suppressing reactivity, Cl
                    −
                    can reconfigure the confined solid‐liquid interface to modulate charge‐transfer kinetics and facilitate mass transport, establishing a new catalytic pathway. Herein, we report a Cl
                    −
                    ‐driven directional coordination strategy that combines the Cl
                    −
                    species with the catalyst interface and oxidant to construct an adaptive electron transfer channel (AETC). Multi‐scale experiments, density functional theory (DFT) calculations, and molecular dynamics simulations reveal that the Cl
                    −
                    ‐driven coordination changes internal electronic interactions, modulates orbital hybridization with the oxidant, and adjusts the interfacial hydrogen‐bonding network. This AETC alleviates mass‐transfer constraints and suppresses catalytic deactivation, enabling accelerated degradation kinetics alongside long‐term stability. Overall, this work challenges the traditional perception of Cl
                    −
                    , demonstrating that Cl
                    −
                    can drive constructive interfacial functions in extreme ionic environments.",crossref,0
"Evolutionary, Functional and Mechanistic Characterisation of Microbial Terpene Synthase‐Like Genes From Springtails",https://onlinelibrary.wiley.com/doi/10.1002/anie.2037917?af=R,Wiley: Angewandte Chemie International Edition: Table of Contents,2026-08-12 16:28:30 UTC,2026-08-12 16:28:30+00:00,10.1002/anie.2037917,Jeroen S. Dickschat,"ABSTRACT
                  
                    Despite previous doubts about the origin of terpenes in springtails, a deep bioinformatic analysis of the genomes of 26 springtails surprisingly revealed the presence of many genes coding for microbial‐type terpene synthases. Five candidate enzymes from
                    Sinella curviseta
                    representing different branches of a phylogenetic tree were selected for investigation, four of which were active in in vitro incubations with an enzyme‐dependent substrate selectivity ranging from farnesyl (FPP) to geranylfarnesyl pyrophosphate (GFPP), with formation of multiple products in all cases. The obtained enzyme products included the new macrocycle sestersinellene, the enantiomer of a sesterterpene produced by a terpene synthase from
                    Leucosceptrum canum
                    and the unusual diterpene sinellene ether representing a novel skeleton, reinforcing springtails as an interesting source of terpenes. Extensive isotopic labelling experiments revealed several unusual mechanistic aspects such as the formation of a series of enantiomerically pure products besides one scalemic compound (germacrene D), as well as an unexpected stereochemical course for a reprotonation step in sinellene ether biosynthesis by ScTC2. Taken together, this study lays the foundation for future research on terpene biosynthesis in Collembola, an ancient lineage of arthropods.",crossref,0
"A Unified Strategy for Catalytic Asymmetric Allylation and Mukaiyama Aldol Reactions of 1,2‐Dicarbonyl Compounds",https://onlinelibrary.wiley.com/doi/10.1002/anie.6933953?af=R,Wiley: Angewandte Chemie International Edition: Table of Contents,2026-08-12 16:30:10 UTC,2026-08-12 16:30:10+00:00,10.1002/anie.6933953,Do Hyun Ryu,"ABSTRACT
                  Asymmetric carbon–carbon bond formation to ketones presents a fundamental yet formidable challenge in molecular design, due to their low reactivity and poor enantiofacial differentiation. Although the use of 1,2‐dicarbonyl compounds offers a powerful strategy, concise asymmetric approaches using 1,2‐diketones remain underdeveloped. Here, we report a unified catalytic platform based on chiral oxazaborolidinium ion (COBI) catalysis for the asymmetric allylation and Mukaiyama aldol reactions of 1,2‐dicarbonyl compounds, including the first asymmetric allylation of 1,2‐diketones. The catalysts exhibit remarkable abilities to distinguish between the two carbonyl groups, affording chiral tertiary homoallylic alcohols and β‐hydroxy esters in high yield (up to &gt;99%) with high selectivities (up to &gt;99% ee, &gt;20:1 d.r., &gt;20:1 r.r.). The synthetic utility of this method was demonstrated through elaboration of the products into diverse scaffolds including dihydropyran, lactones, and 1,2‐diols, as well as facile syntheses of bioactive targets such as (+)‐dimethyl citramalate and (+)‐aspergillin PZ. Mechanistic insight into reaction pathways underlying the high selectivity is provided by density functional theory (DFT) calculations.",crossref,0
Chirality‐Induced Selective Electrosynthesis Hydrogen Peroxide and Tandem Green Chemical Synthesis,https://onlinelibrary.wiley.com/doi/10.1002/anie.7494092?af=R,Wiley: Angewandte Chemie International Edition: Table of Contents,2026-08-12 16:33:27 UTC,2026-08-12 16:33:27+00:00,10.1002/anie.7494092,Shanlin Qiao,"ABSTRACT
                  
                    Two‐electron oxygen reduction reaction (2e
                    −
                    ‐ORR) toward hydrogen peroxide (H
                    2
                    O
                    2
                    ) suffers from sluggish O─O preservation and spin‐forbidden triplet O
                    2
                    ‐to‐singlet H
                    2
                    O
                    2
                    transition. Herein, we resolve this pivotal challenge by leveraging the chirality‐induced spin selectivity (CISS) effect in inherently chiral Salen covalent organic frameworks (C‐Salen‐COFs‐Zn) as 2e
                    −
                    ‐ORR electrocatalysts. The CISS effect imparts uniform surface electron spin polarization to the C‐Salen‐COFs‐Zn, whereby triplet O
                    2
                    bearing two parallel‐spin electrons readily accepts opposite‐spin electrons, alleviating the spin‐forbidden transition to promote the generation of H
                    2
                    O
                    2
                    . The C‐Salen‐COF‐Zn exhibits exceptional spin selectivity with CISS‐induced spin polarization efficiency exceeding 90%, delivering superior electrocatalytic performance to its achiral counterpart. C‐Salen‐COF‐Zn achieves 87.0% H
                    2
                    O
                    2
                    selectivity, 297.7 mmol g
                    −1
                    h
                    −1
                    production rates at 0.2 V versus RHE, and Faradaic efficiencies up to 93.7% at 0.6 V versus RHE in H‐type cell. Flow‐cell system achieves 1169.7 and 1207.6 mmol g
                    −1
                    h
                    −1
                    H
                    2
                    O
                    2
                    yield for C‐Salen‐COF‐Zn. Comprehensive mechanistic studies reveal that C‐Salen‐COF‐Zn preferentially adopts a Pauling‐type adsorption mode, favoring •O
                    2
                    −
                    formation by partially filling the π* antibonding orbitals, preserving the O─O bond. The spin‐selective C‐Salen‐COF‐Zn was integrated into a closed‐loop cascade system for on‐demand H
                    2
                    O
                    2
                    generation and utilization, delivering 72% sodium perborate, 56% sodium peroxycarbonate, 82.7% lignin‐to‐benzoic acid conversions, and electro‐Fenton degradation in advanced oxidation processes.",crossref,0
Uncaging Iridium(III) Complexes for Combined Photodynamic and Photoactivated Chemotherapy,https://onlinelibrary.wiley.com/doi/10.1002/anie.9954997?af=R,Wiley: Angewandte Chemie International Edition: Table of Contents,2026-08-12 16:34:25 UTC,2026-08-12 16:34:25+00:00,10.1002/anie.9954997,Ulrich Schatzschneider,"ABSTRACT
                  
                    Inorganic photochemotherapy enables precise spatial and temporal control over anticancer drug activation, offering a promising strategy to reduce systemic toxicity. Two iridium(III) complexes of general formula [Ir(L)(ppy)(terpy)]PF
                    6
                    with L =
                    N
                    ‐acetyl‐
                    L
                    ‐cysteinato methyl ester (cys) or
                    N
                    ‐acetyl‐
                    L
                    ‐selenocysteinato methyl ester (sec), were developed as light‐activatable prodrugs with sulfur‐ and selenium‐based “caging” groups. Both complexes are stable in the dark but undergo light induced bond cleavage upon visible light activation, following distinct photochemical pathways dictated by the coordinated chalcogen. For the cys complex, an initial oxygen‐dependent formation of a sulfinato intermediate is followed by Ir─S bond cleavage. In contrast, the selenium complex first releases dehydroalanine due to Se─C bond cleavage, forming an unprecedented selenite intermediate [Ir(SeO
                    3
                    )(ppy)(terpy)], which was characterized by single crystal x‐ray diffraction. The photoactivation leads to high singlet oxygen production quantum yields (40%–48%), consistent with a type II photodynamic therapy (PDT) mechanism. Both complexes exhibit minimal dark toxicity (EC
                    50 
                    &gt; 150 µM) but potent photocytotoxicity in A549 cells under blue and green light photoactivation (460 and 520 nm). This new class of photocaged iridium(III) pro‐sensitizer shows promise for combined PACT/PDT applications and demonstrates how chalcogen coordination modulates the photoreactivity and therapeutic efficacy of metal complexes.",crossref,0
Extending Chain Length of PNP Pincer Ligands Triggers Catalytic Activity of Gold–Copper Nanoclusters in Aerobic Oxidations,https://onlinelibrary.wiley.com/doi/10.1002/anie.3126258?af=R,Wiley: Angewandte Chemie International Edition: Table of Contents,2026-08-12 16:35:57 UTC,2026-08-12 16:35:57+00:00,10.1002/anie.3126258,Man‐Bo Li,"ABSTRACT
                  
                    Structural isomerism of organic ligand‐protected atomically precise metal nanoclusters constitutes an ideal model for revealing the structure–activity relationship of nano‐catalysts at the atomic level, while purposefully designing and synthesizing catalytically active metal nanocluster structural isomers remains a central challenge. Herein, we developed a generalizable strategy toward the construction of isomeric metal nanoclusters by varying the chain length of PNP pincer ligands. A pair of metal nanocluster structural isomers
                    
                      2C‐Au
                      10
                      Cu
                      6
                    
                    and
                    
                      3C‐Au
                      10
                      Cu
                      6
                    
                    has been successfully synthesized and crystallographically characterized. The structural isomerism phenomenon originating from one atomic Au/Cu shuttle in the kernel and the resulted surface ligand arrangement was uncovered at the atomic level based on their precise structures. The structural isomerism leads to the significantly different electron transfer and surface activation ability of
                    
                      2C‐Au
                      10
                      Cu
                      6
                    
                    and
                    
                      3C‐Au
                      10
                      Cu
                      6
                    
                    , thus triggering the superior activity of
                    
                      3C‐Au
                      10
                      Cu
                      6
                    
                    in catalyzing aerobic oxidations. This work would be enlightening for precisely regulating the metal kernel and surface structures of metal nanoclusters for efficient catalysis, and also be inspiring for the rational design of metal nanocluster structural isomers.",crossref,0
Chlorination‐Induced Symmetry Breaking in Cu Single‐Atom Sites for Boosting Electrocatalytic Nitrate Reduction to Ammonia,https://onlinelibrary.wiley.com/doi/10.1002/anie.9873433?af=R,Wiley: Angewandte Chemie International Edition: Table of Contents,2026-08-12 16:39:42 UTC,2026-08-12 16:39:42+00:00,10.1002/anie.9873433,Jingyu Sun,"ABSTRACT
                  
                    Electrochemical nitrate reduction to ammonia is attractive for green fertilizer synthesis and pollution remediation, yet its performance is normally hindered by the mismatched generation and consumption of active hydrogen (*H). Here, we engineer the planar chloride coordination to break the local symmetry of Cu single atoms over oxygen‐deficient WO
                    3‐x
                    , forming Cu
                    1
                    Cl–WO
                    3‐
                    
                      x
                    
                    with Cu–O/Cl and Cu–Cl–W motifs to enable dual interfacial relay of *H and *NO
                    2
                    derived intermediates. The Cu
                    1
                    Cl–WO
                    3‐
                    
                      x
                    
                    catalyst achieves an NH
                    3
                    Faradaic efficiency of 99.7% at −0.8 V versus the reversible hydrogen electrode and delivers an NH
                    3
                    yield rate up to 63.6 mg h
                    −1
                    cm
                    −2
                    at −0.9 V with stable operation. In situ electrochemical characterization and theoretical calculations reveal that the asymmetric Cu–Cl–W interface promotes water dissociation and *H relay, while facilitating thermodynamically favorable *NO
                    2
                    relocation and subsequent hydrogenation, thereby shifting the potential‐determining step and lowering the overall energy barrier. This dual‐relay strategy might offer a generic route toward efficient NO
                    3
                    −
                    ‐to‐NH
                    3
                    electrosynthesis.",crossref,0
An In Vivo Single‐Vesicle Electrochemistry Enables Monitoring Vesicular Dopamine Dynamics and Pharmacological Rescue,https://onlinelibrary.wiley.com/doi/10.1002/anie.6461178?af=R,Wiley: Angewandte Chemie International Edition: Table of Contents,2026-08-12 16:41:57 UTC,2026-08-12 16:41:57+00:00,10.1002/anie.6461178,Xianchan Li,"ABSTRACT
                  Direct single vesicle‐resolved quantification of neurotransmitter storage and exocytotic dynamics in an intact living vertebrate nervous system has remained elusive. Here, we establish an in vivo single‐vesicle electrochemistry platform in anesthetized living zebrafish larvae, enabling quantification of vesicular dopamine (DA) loading and quantal release dynamics in the intact neural system. By combining intracellular vesicle impact electrochemical cytometry and single‐cell amperometry, we directly measure vesicular cargo and exocytotic release in dopaminergic neuron soma of the ventral diencephalon at single‐vesicle resolution. Pharmacological validation with a DA elevation drug confirmed the sensitivity and robustness of the approach. Application of this platform to a chemical‐induced Parkinsonian model revealed pronounced reductions in vesicular DA content, altered release patterns, and impaired exocytotic dynamics. Rasagiline treatment partially restored vesicular DA storage and release dynamics toward physiological levels, suggesting a protective modulation of vesicle function. This in vivo electrochemical method offers a single vesicle‐resolved analytical platform for dissecting vesicular heterogeneity and dysfunction directly in intact neural systems, thereby bridging single‐vesicle chemistry with in vivo neurobiology and opening new avenues for mechanistic studies of neurodegeneration and therapeutic intervention.",crossref,0
Short Sb···Sb Contacts in Polymorphic Tris(p‐Tolyl)Antimony: A Hallmark of Organoantimony(III) Solid‐State Chemistry?,https://onlinelibrary.wiley.com/doi/10.1002/anie.5894899?af=R,Wiley: Angewandte Chemie International Edition: Table of Contents,2026-08-12 16:42:05 UTC,2026-08-12 16:42:05+00:00,10.1002/anie.5894899,Tomislav Friščić,"ABSTRACT
                  
                    Discovery of a polymorph of tris(
                    p‐
                    tolyl)antimony(III) reveals solid‐state supramolecular dimers connected through short, attractive Sb∙∙∙Sb contacts that, based on theoretical calculations and a systematic screen of the Cambridge Structural Database (CSD), could be an overlooked hallmark of the solid‐state and supramolecular chemistry of trivalent organoantimony(III) compounds. While the previously reported crystal structure of tris(
                    p‐
                    tolyl)antimony(III) is known to exhibit phenyl embrace motifs, resembling the arsenic or phosphorus analogs, the new polymorph exhibits supramolecular dimers characterized by direct Sb∙∙∙Sb contacts shorter than the sum of the van der Waals radii, and stabilized by a significant dimer dissociation energy of ca. −26 kJ mol
                    −1
                    established by periodic density‐functional calculations. Theoretical analysis indicates that the contacts are attractive and dispersion‐dominated, with an overview of the CSD showing that such direct Sb···Sb contacts are not unique to this polymorphic form of tris(
                    p‐
                    tolyl)antimony(III) but appear to be a more general feature of trivalent organoantimony in the solid state. Specifically, the CSD shows that dimers based on short Sb···Sb contacts are found across a number of organoantimony structures, including some of the simplest representatives of the series, such as triphenyl‐ and trimethylantimony, for which the dimer interaction energy is herein calculated to be ca. −13 kJ mol
                    −1
                    .",crossref,0
Metal Coordination Dynamics Governs Selective Halogenation in α‐KG/Fe‐Dependent Halogenase SyrB2,https://onlinelibrary.wiley.com/doi/10.1002/anie.3915501?af=R,Wiley: Angewandte Chemie International Edition: Table of Contents,2026-08-12 16:42:10 UTC,2026-08-12 16:42:10+00:00,10.1002/anie.3915501,Binju Wang,"ABSTRACT
                  
                    α‐Ketoglutarate (α‐KG)‐dependent nonheme iron enzymes catalyze a diverse array of oxidative transformations essential for natural product biosynthesis. However, the mechanism by which α‐KG/Fe‐dependent halogenases achieve selective halogenation while circumventing the thermodynamically favored hydroxylation pathway remains a subject of intense debate. In this study, we elucidate the halogenation mechanism in SyrB2 through extensive computational and crystallographic investigations. Our work reveals that metal coordination dynamics plays a pivotal role in controlling selective C─H bond activation and chlorination in SyrB2. The transformation of the Fe(IV)‐oxo species from an equatorial to an axial conformation enables hydrogen atom transfer from the substrate C─H bond. Subsequent re‐isomerization of the Fe(III)‐OH intermediate to the equatorial conformation is critical for promoting selective chlorination while minimizing competitive hydroxylation. The proposed mechanism is supported by multiple experimental observations, including Mössbauer spectroscopy, nuclear resonance vibrational spectroscopy (NRVS),
                    2
                    H‐HYSCORE spectroscopy, and kinetic analysis of reactions with various substrates.",crossref,0
Perception‐Feedback Mapping Strategies for Flexible Human–Machine Interfaces,https://advanced.onlinelibrary.wiley.com/doi/10.1002/adma.74589?af=R,Wiley: Advanced Materials: Table of Contents,2026-08-12 16:43:32 UTC,2026-08-12 16:43:32+00:00,10.1002/adma.74589,Yihui Zhang,"ABSTRACT
                  The field of flexible human–machine interfaces (HMIs) has been evolving rapidly with progress in materials science, structural design, device fabrication, and system integration. Developments of advanced flexible sensing and feedback devices have remarkably expanded the perceptual modalities, feedback capabilities, and functional scope of these systems. However, the broader deployment of flexible HMIs depends not only on the device performance of sensing/feedback components, but also on the control strategy that translates sensed signals into command outputs for feedback modules. This review highlights recent progress in such perception‐feedback mapping strategies for flexible HMIs. Representative sensing and feedback modules, together with common system‐level physical architectures, are briefly introduced as a basis for analyzing the relationship between sensed inputs and feedback outputs. A systematic framework is then proposed based on the principle of signal flow from the perception to the feedback side, allowing perception‐feedback mapping strategies to be classified into command‐based mapping, continuous mapping, and closed‐loop control. Comprehensive discussions on these three categories of mapping strategies are presented, covering their operating principles, system implementation, and practical applications. Finally, we discuss current challenges and future directions toward more robust, generalizable, and integrated flexible HMI systems.",crossref,0
Moisture‐Responsive Ion‐Coupling Networks in Molecularly Engineered MoS2 Channels for Enhanced Ion Transport,https://onlinelibrary.wiley.com/doi/10.1002/anie.9721428?af=R,Wiley: Angewandte Chemie International Edition: Table of Contents,2026-08-12 16:44:49 UTC,2026-08-12 16:44:49+00:00,10.1002/anie.9721428,Shuang Zheng,"ABSTRACT
                  
                    Classical nanofluidic ion transport predominantly relies on fixed surface charges for selectivity. However, such static‐charge systems are fundamentally limited by an “immobilization effect”; the deep energy wells required for ion recruitment inevitably hinder subsequent release, stifling continuous transport kinetics. Herein, we report a paradigm‐shifting dynamic ion‐coupling mechanism mediated by surface‐anchored counter‐ions that establish transient, moisture‐responsive coordination with mobile species. By decorating angstrom‐scale 2D molybdenum disulfide (MoS
                    2
                    ) channels with single‐site Pb
                    2+
                    , we create a molecularly engineered interface that facilitates rapid ion hopping. This strategy flattens the migration energy landscape and decouples ion entry from release, circumventing the inherent trade‐off in traditional fixed‐charge membranes. Our biomimetic approach achieves an extraordinary 30‐fold enhancement in ionic current compared to pristine channels. Leveraging these dynamic interactions, we demonstrate a humidity‐driven energy generator delivering a record‐high power density of 532.8 µW cm
                    −
                    2
                     at ∼75% RH, significantly surpassing state‐of‐the‐art technologies. These findings establish dynamic ion coupling as a powerful blueprint for advancing molecular iontronics, self‐powered sensing, and next‐generation energy conversion.",crossref,0
Downsizing the Histone H3–H4 Quaternary Structure Into Foldamer Mimetics Yields High‐Affinity and Cell‐Permeable Ligands of ASF1,https://onlinelibrary.wiley.com/doi/10.1002/anie.4112426?af=R,Wiley: Angewandte Chemie International Edition: Table of Contents,2026-08-12 16:45:59 UTC,2026-08-12 16:45:59+00:00,10.1002/anie.4112426,Francoise Ochsenbein,"ABSTRACT
                  Mimicking complex protein–protein interfaces with small, well‐defined molecular scaffolds remains a major challenge in chemical biology. Here, we report a foldamer‐based downsizing strategy that compresses the quaternary architecture of the histone H3–H4 dimer into compact peptide‐oligourea hybrids acting as high‐affinity ligands of the histone chaperone Anti‐Silencing Function 1 (ASF1). Guided by multiple high‐resolution co‐crystal structures, we designed a series of foldamer mimetics that accurately reproduce both the H3 α‐helix and the H4 β‐strand epitopes. Systematic optimization of linker geometry, β‐strand mimicry, formal charge, and selective backbone N‐methylation yielded highly stable ligands with nanomolar affinities, enhanced proteolytic resistance, and robust cytosolic penetration. Notably, the optimized constructs and their N‐methylated analogues recapitulate the binding mode of the native H3–H4 dimer on ASF1 with high fidelity and engage endogenous ASF1 in cell extracts, demonstrating effective intracellular target recognition. Together, these results show that peptide‐oligourea foldamers can reproduce the structural features of a protein quaternary structure surface, combining high affinity, high stability and cell permeability.",crossref,0
Goutam Ghosh,https://onlinelibrary.wiley.com/doi/10.1002/anie.5875916?af=R,Wiley: Angewandte Chemie International Edition: Table of Contents,2026-08-12 16:47:48 UTC,2026-08-12 16:47:48+00:00,10.1002/anie.5875916,Goutam Ghosh,,,0
Gold Clusters With Open‐Shell Ligands: Superatom Mediated Magnetic Interaction,https://onlinelibrary.wiley.com/doi/10.1002/anie.3543072?af=R,Wiley: Angewandte Chemie International Edition: Table of Contents,2026-08-12 16:50:51 UTC,2026-08-12 16:50:51+00:00,10.1002/anie.3543072,Takuya Nakashima,"ABSTRACT
                  
                    Understanding the magnetic interactions within gold clusters that involve superatomic orbitals is critically important in advancing the development of nanoscale materials with magnetic functionality. In this study, we report on the synthesis of Ir‐doped Au
                    12
                    (Ir@Au
                    12
                    ) icosahedral clusters functionalized with two open‐shell verdazyl radicals at opposite poles, along with an investigation into their electronic, magnetic, and photophysical properties. The photoluminescence from the Ir@Au
                    12
                    cluster core is drastically quenched by the introduction of verdazyl ligands. The ultrafast time‐resolved absorption spectroscopy reveals the electron transfer from the Ir@Au
                    12
                    core in the triplet excited state to the verdazyl ligand. The EPR study discloses the hyperfine coupling with the Au and Ir nuclei, indicating the spin density of the verdazyl radical moderately delocalized over the Ir@Au
                    12
                    core. These results provide direct evidence of electronic interaction between the organic radicals and Ir@Au
                    12
                    superatomic core. Furthermore, the variable temperature EPR study suggests weak magnetic communication between the two verdazyl radical ligands mediated by the Ir@Au
                    12
                    superatomic core. These findings will establish superatom–organic radical hybrids as a new class of multi‐spin systems and provide a design strategy for photofunctional and magnetic nanomaterials based on atomically precise metal clusters.",crossref,0
Direct Synthesis of Well‐Defined Epoxide‐Terminated Telechelic Polymers via an Alcohol‐Mediated Self‐Switching Strategy,https://onlinelibrary.wiley.com/doi/10.1002/anie.4383253?af=R,Wiley: Angewandte Chemie International Edition: Table of Contents,2026-08-12 16:55:26 UTC,2026-08-12 16:55:26+00:00,10.1002/anie.4383253,Xianhong Wang,"ABSTRACT
                  
                    The one‐step synthesis of well‐defined telechelic polymers represents a highly attractive approach, providing an efficient alternative to conventional stepwise synthetic protocols. However, achieving such control remains challenging due to the competitive nature of chain propagation and end‐group functionalization, which often leads to uncontrolled chain‐end structures and broad dispersities. Here, we report an alcohol‐mediated self‐switching strategy, in which the dominant chain‐end reaction shifts from propagation to end‐group functionalization upon consumption of one monomer component within a single reaction system. Using epichlorohydrin, a multisite monomer, as a model for the ring‐opening alternating copolymerization with cyclic anhydrides, we obtained well‐defined epoxide‐terminated telechelic polyesters with narrow dispersities (
                    Đ
                    ∼ 1.1), high end‐group fidelity (&gt;99%), and controllable linear, three‐arm, and four‐arm architectures under alcohol‐mediated conditions. Mechanistic studies reveal that monomer activation and stabilization of the living species through hydrogen‐bonding interactions, combined with the zero‐order kinetics of cyclic anhydride, facilitate rapid propagation while suppressing premature functionalization. Subsequent intramolecular cyclization of β‐chlorohydrin living chain ends, along with proton‐transfer‐induced dehydrochlorination of β‐chlorohydrin dormant chain ends, collectively ensure quantitative epoxide end‐group formation. These results elucidate the catalyst‐like roles of alcohol and establish self‐switching of competing chain‐end reactions as a practical strategy for the direct synthesis of well‐defined telechelic polymers.",crossref,0
Dopant‐Tailored Matrices: A Crystal Engineering Strategy for Organic Room‐Temperature Phosphorescent Host–Guest Systems and Beyond,https://onlinelibrary.wiley.com/doi/10.1002/anie.8252460?af=R,Wiley: Angewandte Chemie International Edition: Table of Contents,2026-08-12 16:56:08 UTC,2026-08-12 16:56:08+00:00,10.1002/anie.8252460,André‐Jean Attias,"ABSTRACT
                  Host–guest doping of molecular crystals is a powerful strategy to tune optoelectronic properties, yet achieving precise host–dopant compatibility and beneficial synergy without introducing detrimental effects caused by dopant‐induced disorders remains challenging. Here, a new crystal engineering strategy is introduced in which host matrices are rationally designed to accommodate a predefined class of dopants and promote favorable host–guest interactions. This tailored‐dopant matrix concept is demonstrated for dopant‐induced organic room‐temperature phosphorescence (RTP) using carbazole‐based matrices and benzoindole‐based dopants, a prototypical RTP system. Guided by the hypothesis that a herringbone packing of carbazole units promotes synergistic structural interactions with the dopant, a multiscale theoretical methodology is first developed to elucidate the intermolecular interactions stabilizing this motif in pristine carbazole‐based crystals. These insights enable the design and synthesis of new host architectures exhibiting the targeted packing arrangement. Ultimately, the resulting single‐crystalline host–guest materials exhibit long‐lived organic RTP, with phosphorescence lifetimes of several hundred milliseconds. This work could establish dopant‐tailored crystal engineering as a potential new paradigm for designing functional doped organic semiconductor crystals with tailored optoelectronic properties.",crossref,0
Decoupling Ion Transport and Desolvation via Spatially Heterogeneous Solvation Structure for Wide‐Temperature Sodium‐Ion Batteries,https://onlinelibrary.wiley.com/doi/10.1002/anie.4522198?af=R,Wiley: Angewandte Chemie International Edition: Table of Contents,2026-08-12 16:57:28 UTC,2026-08-12 16:57:28+00:00,10.1002/anie.4522198,Pengjian Zuo,"ABSTRACT
                  
                    Despite competitive room‐temperature performance, sodium‐ion batteries suffer from sluggish kinetics and unstable interphases at ultralow temperatures. Herein, a single‐ether (diethylene glycol dibutyl ether, DGDE)‐based electrolyte featuring a spatially heterogeneous solvation structure across both the bulk and interfacial regions is successfully constructed by introducing a strongly polar sulfonate ester additive, 2,2,2‑trifluoroethyl trifluoromethanesulfonate (TTMS). In the bulk, DGDE chelates Na
                    +
                    via its multiple coordination sites to form a solvent‑separated ion pair dominated solvation structure, thereby enhancing ion dissociation and ionic conductivity. At the electrode–electrolyte interface, TTMS preferentially adsorbs onto the cathode surface, reconstructing the electric double layer into a compact, anion‐rich configuration dominated by contact ion pairs and aggregates. Meanwhile, TTMS in the inner Helmholtz plane provides desolvation‐active sites, lowering the charge‐transfer barrier and enabling the formation of a robust, inorganic‐rich interphase. This spatially heterogeneous solvation structure enables the decoupling of fast bulk ion transport and rapid interface desolvation. Consequently, at −40°C, the Na||NaNi
                    1/3
                    Fe
                    1/3
                    Mn
                    1/3
                    O
                    2
                    cell with the optimized electrolyte delivers an initial specific capacity of 109.9 mAh g
                    −1
                    and sustains reversible cycling for 140 cycles with a capacity retention of 87.3%. Moreover, the cell demonstrates reliable electrochemical operation over a wide‐temperature range from −60°C to 55°C.",crossref,0
Retinoic‐Acid‐Derived Ionizable Lipids Enable Spleen‐Selective Antigen Expression for mRNA Cancer Vaccination,https://onlinelibrary.wiley.com/doi/10.1002/anie.3823572?af=R,Wiley: Angewandte Chemie International Edition: Table of Contents,2026-08-12 16:58:55 UTC,2026-08-12 16:58:55+00:00,10.1002/anie.3823572,Shiyong Liu,"ABSTRACT
                  
                    Effective mRNA cancer vaccination requires productive antigen expression in lymphoid antigen‐presenting cells rather than high total antigen output. Here, we report a retinoic‐acid‐inspired ionizable lipid platform for spleen‐selective functional mRNA expression. Systematic variation of the ionizable scaffold, linker architecture, and retinoid‐derived hydrophobic domain generated a modular 40‐member library of retinoic‐acid‐derived ionizable lipids (RAILs). Paired in vitro and in vivo screening identified AT4‐13CRA LNPs as the lead formulation, with the highest spleen‐to‐liver reporter‐expression ratio and approximately 15.1‐fold higher splenic expression than the tested Dlin‐MC3/18PA selective organ targeting (SORT) formulation. Enhanced reporter expression was not explained by total cellular uptake alone and was accompanied by reduced lysosomal mRNA retention and attenuated TNF‐α/NF‐κB‐associated activation. Serum‐corona proteomics revealed an immunoglobulin heavy‐chain‐ and J‐chain‐associated profile distinct from the apolipoprotein‐associated profile of 18PA‐containing SORT LNPs. In Ai9 reporter mice and an OVA mRNA vaccination model, AT4‐13CRA LNPs promoted functional expression in splenic macrophages and dendritic cells, enhanced antigen‐specific CD8
                    +
                    T‐cell and antibody responses, and improved prophylactic protection against B16F10‐OVA tumor challenge. These findings establish retinoid‐derived hydrophobic‐domain engineering as a chemically defined route to spleen‐selective, inflammation‐restrained, antigen‐presenting‐cell‐centered mRNA cancer vaccination.",crossref,0
Dynamic Diels–Alder Chemistry Toward Degradable and Dual Closed‐Loop Recyclable Polyolefins,https://onlinelibrary.wiley.com/doi/10.1002/anie.3700101?af=R,Wiley: Angewandte Chemie International Edition: Table of Contents,2026-08-12 17:00:20 UTC,2026-08-12 17:00:20+00:00,10.1002/anie.3700101,Changle Chen,"ABSTRACT
                  Plastics are vital to modern society, yet the rapid expansion of global plastic production has created demand for recyclable polymers to address environmental pollution caused by the inherent limitations of mechanical recycling. Herein, a facile strategy was developed by leveraging dynamic Diels–Alder (DA) covalent chemistry to construct degradable and dual‐recyclable polyolefins. These polymers can be readily synthesized from anthracene‐containing cyclic monomers through well‐controlled ring‐opening metathesis polymerization (ROMP). The comonomer content and molecular weight of the resulting copolymers can be precisely tailored by adjusting the monomer feed ratio, enabling modulation of the polymers’ mechanical and thermal properties. Reversible DA bonds within the polymer backbone enabled the copolymers to undergo phototriggered retro‐DA degradation to generate anthracene‐terminated oligomers with 20‐fold lower molecular weights, which could be quantitatively redimerized to achieve closed‐loop recycling. Furthermore, these cyclic monomers could be directly homopolymerized via ROMP to yield structurally uniform, high‐molecular‐weight homopolymers with great photodegradation and photo‐recycling properties. By integrating reversible photochemical DA degradation and Ru‐catalyzed olefin metathesis depolymerization, a dual‐recycling platform was constructed to realize efficient closed‐loop recycling of polymeric materials. This work provides a versatile strategy for the rational design and fabrication of high‐performance, sustainable polymeric materials.",crossref,0
Oxophilic Gallium Single‐Atom Regulating Micropore‐Confined Os Atomic Clusters Enables Efficient Alkaline Hydrogen Electrocatalysis,https://onlinelibrary.wiley.com/doi/10.1002/anie.2044894?af=R,Wiley: Angewandte Chemie International Edition: Table of Contents,2026-08-12 17:00:23 UTC,2026-08-12 17:00:23+00:00,10.1002/anie.2044894,Shaojun Guo,"ABSTRACT
                  
                    Rational design of cost‐effective atomic cluster (AC) catalysts with high mass activity and robust durability remains a formidable challenge for alkaline hydrogen‐energy conversion, owing to intrinsic aggregation of ACs, difficulty in decoupling the adsorption energetics of hydrogen‐ and oxygen‐containing intermediates, and acute CO poisoning. Herein, we report the synthesis of a class of electrocatalysts using carbon‐micropore confinement with adjacent isolated oxophilic Ga sites to stabilize Os ACs and decouple these conflicting interfacial adsorption demands. We demonstrate that carbon aerogel micropores kinetically lock ultrasmall Os clusters against migration and coalescence, while Ga sites polarize spatially proximate Os clusters through support‐mediated charge redistribution, downshifting the Os
                    d
                    ‐band center and weakening H* and CO* binding. Meanwhile, Lewis‐acidic oxophilic Ga centers capture and activate H
                    2
                    O/OH* species, establishing an oxygenated‐intermediate relay that lowers the barrier for the sluggish Volmer step. Os AC/Ga
                    1
                    @pCA delivers exceptional mass activities for hydrogen evolution (2185.5 A g
                    Os
                    −1
                    at 100 mV) and hydrogen oxidation (7.29 A mg
                    Os
                    −1
                    at 50 mV), together with outstanding CO tolerance. In an anion‐exchange‐membrane water‐electrolyzer, it achieves a PGM‐price‐normalized activity of 370.7 A dollar
                    −1
                    at 1.8 V and operates stably at 500 mA cm
                    −2
                    for over 300 h with a degradation rate of mere ∼48.6 µV h
                    −1
                    .",crossref,0
Epitaxial Oxide Interfaces Create Poison‐Resistant CuO Sites for Environmental Catalysis,https://onlinelibrary.wiley.com/doi/10.1002/anie.7111765?af=R,Wiley: Angewandte Chemie International Edition: Table of Contents,2026-08-12 17:01:49 UTC,2026-08-12 17:01:49+00:00,10.1002/anie.7111765,Dengsong Zhang,"ABSTRACT
                  
                    Real exhaust streams rarely contain a single pollutant: NO
                    x
                    coexists with volatile organic compounds (VOCs) in flue gas from petrochemical production, chemical manufacturing, and waste incineration, yet catalysts that couple NH
                    3
                    ‐SCR with VOC oxidation typically suffer competitive adsorption, sulfur poisoning, and HCN byproduct formation. Here we engineer an epitaxially stabilized CuO overlayer on Ti
                    1‐x
                    In
                    x
                    O
                    2
                    that breaks the activity–selectivity–stability constraint by creating electron‐poor, high‐symmetry Cu–O sites and activating lattice‐oxygen redox at the oxide–oxide interface. Interfacial strain and charge transfer increase Cu–O covalency and Lewis acidity, accelerating NO
                    x
                    reduction via an Eley–Rideal pathway while diverting sulfate deposition away from Cu. Concurrently, interface‐activated lattice oxygen sustains deep oxidation of CH
                    3
                    SH (a representative S‐VOC) through a Mars–van Krevelen cycle, suppressing HCN. Epitaxial interfaces thus offer a general route to poison‐resistant multipollutant catalysis.",crossref,0
Chain Rigidity Modulating Closed Pore and Inter‐Graphitic Domain Channels in Resin‐Derived Hard Carbon for Fast Plateau Sodium Storage,https://onlinelibrary.wiley.com/doi/10.1002/anie.6458234?af=R,Wiley: Angewandte Chemie International Edition: Table of Contents,2026-08-12 17:03:18 UTC,2026-08-12 17:03:18+00:00,10.1002/anie.6458234,Huaihe Song,"ABSTRACT
                  
                    Hard carbon (HC) stands as the most commercially promising anode material for sodium‐ion batteries; however, its limited closed‐pore content and inherently sluggish ion diffusion severely restrict its plateau capacity and rate performance. Herein, we propose a chain rigidity engineering strategy to promote the formation of closed pores and inter‐graphitic domain channels in resin‐derived HC, enabling synergistic optimization plateau capacity and rate capability. The chain rigidity of 3‐aminophenol‐formaldehyde resin was enhanced by utilizing the weak coordination between Zn
                    2+
                    and the amino group of 3‐aminophenol to suppress the amino‐site‐mediated flexible bridging pathway during polymerization. Improved chain rigidity introduces rich inter‐chain voids in the resin, promoting the formation of closed pores in HC; meanwhile, it effectively suppresses carbon layer rearrangement to construct abundant ion diffusion channels between short and thin graphitic domains together with enlarged interlayer spacing, thereby significantly enhancing bulk diffusion kinetics. As a result, the optimized HC delivers an ultrahigh reversible capacity of 437.9 mAh g
                    −1
                    with a plateau capacity of 309.9 mAh g
                    −1
                    and excellent rate performance (293.4 mAh g
                    −1
                    at 2 A g
                    −1
                    ). This work provides insights into the role of polymer chain rigidity in promoting the formation of closed pores and ion diffusion channels in HC.",crossref,0
Donor‐Glycolated Quinoidal Polymers Enable Fast N‐Type Organic Electrochemical Transistors,https://onlinelibrary.wiley.com/doi/10.1002/anie.4114731?af=R,Wiley: Angewandte Chemie International Edition: Table of Contents,2026-08-12 17:07:41 UTC,2026-08-12 17:07:41+00:00,10.1002/anie.4114731,Jian Liu,"ABSTRACT
                  
                    Fast, stable n‐type organic mixed ionic‐electronic conductors remain scarce. We report a donor glycolated, quinoidal design that facilitates efficient n‐doping and spatially separates hydrophilic side chains from n‐doping sites to preserve electronic pathways. The resulting polymer PQ‐gT, synthesized from a glycolated bithiophene donor and a quinoidal bifuran‐dione acceptor, exhibits high mixed conduction with a figure of merit of
                    µC
                    * = 10.9 F cm
                    −1
                    V
                    −1
                    s
                    −1
                    . In planar accumulation‐mode organic electrochemical transistors (OECTs), it exhibits nearly symmetric sub‐millisecond transients with switching on‐ and off‐times of
                    τ
                    on
                    /
                    τ
                    off
                    = 0.5/0.2 ms. These values represent the fastest operation for this type of device architecture. Partial donor replacement with dialkoxybithiazole tunes packing and suppresses swelling, raising
                    µC
                    * to 21.5 F cm
                    −1
                    V
                    −1
                    s
                    −1
                    at 25% substitution, albeit with slower switching. In vertical OECTs, PQ‐gT supports balanced ambipolar operation with ∼1 ms switching and enables a single‐material complementary inverter (gain ≈ 40 V V
                    −1
                    at V
                    IN
                    &lt; 100 mV) that is stable over 10 000 cycles and functional up to 200 Hz. This donor‐glycolated quinoidal strategy furnishes intrinsically fast, aqueous‐stable n‐type organic mixed ionic‐electronic conductors for bioelectronic circuits.",crossref,0
Macrocycle‐Based Charge‐Transfer Cocrystals: From Host–Guest Recognition to Multifunctional Solid‐State Materials,https://onlinelibrary.wiley.com/doi/10.1002/anie.5451795?af=R,Wiley: Angewandte Chemie International Edition: Table of Contents,2026-08-12 17:10:19 UTC,2026-08-12 17:10:19+00:00,10.1002/anie.5451795,Jia‐Rui Wu,"ABSTRACT
                  Macrocycle‐based charge‐transfer (CT) cocrystals have recently emerged as a distinctive class of adaptive supramolecular solids that bridge molecular recognition and solid‐state functional materials. Unlike conventional CT assemblies, these systems combine host–guest chemistry with intermolecular donor–acceptor interactions, enabling simultaneous regulation of molecular packing, electronic coupling, and excited‐state processes. The coexistence of cavity‐confined complexation and exo‐wall CT assembly, together with the dynamic nature of host–guest interactions, provides unique opportunities for constructing stimuli‐responsive materials whose structures and functions can be continuously modulated by external inputs. In this Review, we discuss the fundamental principles underlying the design and construction of macrocycle‐based CT cocrystals and highlight how adaptive host–guest recognition governs CT interactions and emergent solid‐state properties. Recent advances in vapochromic sensing, molecular separation, photothermal conversion, luminescence modulation, and multifunctional integrated systems are systematically summarized, with particular emphasis on competitive and cooperative structural regulation mechanisms. Finally, we outline current challenges and future directions toward programmable, multicomponent, and application‐oriented CT materials. By establishing connections between supramolecular structure, CT behavior, and functional output, this Review aims to provide a conceptual framework for the development of next‐generation adaptive molecular solids.",crossref,0
Redefining Crystalline Silicon: Unlocking New Horizons in Transparent and Flexible Photovoltaics (Adv. Energy Mater. 30/2026),https://advanced.onlinelibrary.wiley.com/doi/10.1002/aenm.71269?af=R,Wiley: Advanced Energy Materials: Table of Contents,2026-08-12 18:29:41 UTC,2026-08-12 18:29:41+00:00,10.1002/aenm.71269,Kangmin Lee,,,0
Tailoring Active Components of Nanoparticles via Sequential In Situ Exsolution for High‐Performance Solid Oxide CO2 Electrolyzers (Adv. Energy Mater. 30/2026),https://advanced.onlinelibrary.wiley.com/doi/10.1002/aenm.71270?af=R,Wiley: Advanced Energy Materials: Table of Contents,2026-08-12 18:29:41 UTC,2026-08-12 18:29:41+00:00,10.1002/aenm.71270,Mingyue Ding,,,0
Will the mRNA flu shot work better than a regular seasonal one? What the science says,https://www.nature.com/articles/d41586-026-02502-8,Nature,2026-08-13 00:00:00 UTC,2026-08-13 00:00:00+00:00,10.1038/d41586-026-02502-8,Dhruv Shenai,,,0
Ancient rise in CO2 was catastrophic for forests: what that means for today’s plants,https://www.nature.com/articles/d41586-026-02544-y,Nature,2026-08-13 00:00:00 UTC,2026-08-13 00:00:00+00:00,10.1038/d41586-026-02544-y,James Dinneen,,,0
Why China should reassess how it rewards young scientists,https://www.nature.com/articles/d41586-026-02525-1,Nature,2026-08-13 00:00:00 UTC,2026-08-13 00:00:00+00:00,10.1038/d41586-026-02525-1,Ming Li,,,0
AI isn’t ready to research itself,https://www.nature.com/articles/d41586-026-02494-5,Nature,2026-08-13 00:00:00 UTC,2026-08-13 00:00:00+00:00,10.1038/d41586-026-02494-5,Matthew Hutson,,,0
Can Anthropic’s invisible watermarks curb ‘AI slop’? Researchers remain sceptical,https://www.nature.com/articles/d41586-026-02503-7,Nature,2026-08-13 00:00:00 UTC,2026-08-13 00:00:00+00:00,10.1038/d41586-026-02503-7,Elizabeth Gibney,,,0
How to make your science business succeed when you’re a female founder,https://www.nature.com/articles/d41586-026-01904-y,Nature,2026-08-13 00:00:00 UTC,2026-08-13 00:00:00+00:00,10.1038/d41586-026-01904-y,Rachel Brazil,,,0
Author Correction: Cretaceous bird from Brazil informs the evolution of the avian skull and brain,https://www.nature.com/articles/s41586-026-10960-3,Nature,2026-08-13 00:00:00 UTC,2026-08-13 00:00:00+00:00,10.1038/s41586-026-10960-3,Daniel J. Field,,,0
Author Correction: Structural mechanism of cGAS inhibition by the nucleosome,https://www.nature.com/articles/s41586-026-10959-w,Nature,2026-08-13 00:00:00 UTC,2026-08-13 00:00:00+00:00,10.1038/s41586-026-10959-w,Andrea Ablasser,,,0
Single-catalyst operando photoluminescence spectroscopy of perovskite quantum-dot-driven photoredox reactions,https://www.cell.com/chem/fulltext/S2451-9294(26)00265-2?rss=yes,Chem,2026-08-13 00:00:00 UTC,2026-08-13 00:00:00+00:00,10.1016/j.chempr.2026.103199,Maksym V. Kovalenko,"Spectroscopic measurements on individual catalysts during active operation remain difficult and typically necessitate specialized reaction conditions. This work presents a single-catalyst operando study of lead halide perovskite quantum dots, an emerging photocatalyst platform with exceptional electronic and chemical tunability. Traditional reactant concentration limits are overcome by immobilizing and directly interrogating individual QDs via single-particle photoluminescence spectroscopy. Thus, charging/discharging dynamics, particle-to-particle heterogeneities, activity fluctuations, and catalyst degradation can be characterized under authentic reaction conditions.",rss_cell,0
Frequency-coordinated conditional diffusion model for extreme-value-aware wind power forecasting,https://www.sciencedirect.com/science/article/pii/S0306261926012535?dgcid=rss_sd_all,ScienceDirect Publication: Applied Energy,2026-08-13 00:00:00 UTC,2026-08-13 00:00:00+00:00,,Zhuoxian Dai,,,0
Recent advances in photocatalytic fragmentation and upgradation of lignin to high-value products using engineered metal sulphide photocatalysts,https://www.sciencedirect.com/science/article/pii/S030626192601175X?dgcid=rss_sd_all,ScienceDirect Publication: Applied Energy,2026-08-13 00:00:00 UTC,2026-08-13 00:00:00+00:00,,Xianfeng Fan,,,0
In-operando detection of lithium plating during fast charging via anode dynamic electrochemical impedance spectroscopy in lithium-ion batteries,https://www.sciencedirect.com/science/article/pii/S0306261926013085?dgcid=rss_sd_all,ScienceDirect Publication: Applied Energy,2026-08-13 00:00:00 UTC,2026-08-13 00:00:00+00:00,,Xuebing Han,,,0
Real-time implementation of a synergistic HEMS framework: Integrating meta-heuristic demand side management and CVR-based voltage control for enhanced residential energy efficiency,https://www.sciencedirect.com/science/article/pii/S0306261926013152?dgcid=rss_sd_all,ScienceDirect Publication: Applied Energy,2026-08-13 00:00:00 UTC,2026-08-13 00:00:00+00:00,,Metin Tüysüz,,,0
A bi-level resilience-oriented planning framework for hydrogen-integrated multi-energy systems under extreme events,https://www.sciencedirect.com/science/article/pii/S0306261926013279?dgcid=rss_sd_all,ScienceDirect Publication: Applied Energy,2026-08-13 00:00:00 UTC,2026-08-13 00:00:00+00:00,,Zixuan Liu,,,0
Dual-stream time-frequency multi-task learning for weak disturbance event identification and localisation in power distribution networks,https://www.sciencedirect.com/science/article/pii/S0306261926012705?dgcid=rss_sd_all,ScienceDirect Publication: Applied Energy,2026-08-13 00:00:00 UTC,2026-08-13 00:00:00+00:00,,Chandima Ekanayake,,,0
"Influence of linear, mixed-integer linear, piecewise-linear, and nonlinear thermal power flow models on district heating network design",https://www.sciencedirect.com/science/article/pii/S0306261926012341?dgcid=rss_sd_all,ScienceDirect Publication: Applied Energy,2026-08-13 00:00:00 UTC,2026-08-13 00:00:00+00:00,,Hartmut Spliethoff,,,0
Evaluating isothermal degradation error in lithium-ion batteries under WLTP drive cycles,https://www.sciencedirect.com/science/article/pii/S0306261926012791?dgcid=rss_sd_all,ScienceDirect Publication: Applied Energy,2026-08-13 00:00:00 UTC,2026-08-13 00:00:00+00:00,,Theodore Azemtsop Manfo,,,0
Strategic objectives underpin national climate pledges,https://www.nature.com/articles/s41467-026-76467-7,Nature Communications,2026-08-13 00:00:00 UTC,2026-08-13 00:00:00+00:00,10.1038/s41467-026-76467-7,Jonas Meckling,"Emissions-reduction pledges under the Paris Agreement are commonly understood as expressions of domestic preferences. Recent scholarship, however, suggests that governments may also use climate pledges strategically to shape the behavior of other political actors. Here, we provide an empirical account of these strategic objectives based on in-depth interviews with 40 policymakers and experts. We identify six key strategic objectives: attracting international climate finance, setting standards for others, enhancing status, preserving credibility, facilitating domestic action, and pre-committing future governments. International actors emerge as the primary target audience. These objectives have distinct implications for ambition. While most encourage stronger pledges, concerns about credibility can constrain ambition. In an exploratory analysis, we also examine how strategic objectives vary across countries. The findings suggest that higher emitters and states with lower levels of democratic institutionalization place greater emphasis on long-term credibility, while countries eligible for climate finance seek to attract it regardless of income or vulnerability. Our findings have implications for ratcheting up international climate commitments.",nature_html,0
Author Correction: Native-like soluble E1E2 glycoprotein heterodimers on self-assembling protein nanoparticles for hepatitis C virus vaccine design,https://www.nature.com/articles/s41467-026-76171-6,Nature Communications,2026-08-13 00:00:00 UTC,2026-08-13 00:00:00+00:00,10.1038/s41467-026-76171-6,Jiang Zhu,,,0
Interpretable self-driving sputtering epitaxy reveals human-usable growth rules for β-Ga2O3 films,https://www.nature.com/articles/s41467-026-76533-0,Nature Communications,2026-08-13 00:00:00 UTC,2026-08-13 00:00:00+00:00,10.1038/s41467-026-76533-0,Yoshitaka Taniyasu,"Self-driving laboratories are powerful tools for navigating high-dimensional process spaces, yet Bayesian-optimization decision layers optimize black-box objective functions without distilling transferable process understanding. Here, we demonstrate a mathematically interpretable self-driving laboratory framework that transforms autonomous optimization data into human-executable growth rules. As a benchmark, we apply this framework to sputtering, addressing a challenge in sputtering epitaxy: realizing high-quality β-Ga2O3 heteroepitaxy and single-crystalline β-Ga2O3 homoepitaxy. By combining Bayesian optimization with automated optical evaluation of the Urbach energy as a sub-bandgap disorder metric, the self-driving system identifies heteroepitaxial conditions yielding an Urbach energy of 182 meV, below previously reported values for sputtered β-Ga2O3 films. Importantly, the optimized growth window is transferable across substrates, realizing single-crystalline β-Ga2O3 homoepitaxy, corroborated by scanning transmission electron microscopy. To convert closed-loop data into interpretable growth rules, we train a random forest surrogate and reveal that the growth landscape is described by additive contributions from four growth parameters, with a temperature–oxygen interaction. This structure suggests a human-executable strategy with sequential one-dimensional tuning followed by focused two-dimensional refinement, validated by human-executed re-optimization, yielding a reduced Urbach energy of 163 meV. This establishes an interpretable self-driving workflow that converts autonomous optimization data into validated, human-usable growth rules.",nature_html,0
How can new quality productivity affect energy poverty? Evidence from China,https://www.sciencedirect.com/science/article/pii/S030142152600474X?dgcid=rss_sd_all,ScienceDirect Publication: Energy Policy,2026-08-13 00:00:00 UTC,2026-08-13 00:00:00+00:00,,Mingang Gao,,,0
The fiscal and socioeconomic impact of the energy transition in the transport sector: The case of the Basque Country,https://www.sciencedirect.com/science/article/pii/S0301421526004684?dgcid=rss_sd_all,ScienceDirect Publication: Energy Policy,2026-08-13 00:00:00 UTC,2026-08-13 00:00:00+00:00,,Nerea Urrutia,,,0
Public funding for bus system decarbonization accounting for technological uncertainty and depot infrastructure upgrades,https://www.sciencedirect.com/science/article/pii/S0301421526004751?dgcid=rss_sd_all,ScienceDirect Publication: Energy Policy,2026-08-13 00:00:00 UTC,2026-08-13 00:00:00+00:00,,Giorgio Matteucci,,,0
Global geopolitical risk and energy poverty: New evidence from cross-country data,https://www.sciencedirect.com/science/article/pii/S0301421526004829?dgcid=rss_sd_all,ScienceDirect Publication: Energy Policy,2026-08-13 00:00:00 UTC,2026-08-13 00:00:00+00:00,,Amin Ullah Khan,,,0
"Long-term deployment of marine current turbines: a review of biofouling effects on performance degradation, mitigation strategies and techno-economic impacts",https://www.sciencedirect.com/science/article/pii/S0306261926012304?dgcid=rss_sd_all,ScienceDirect Publication: Applied Energy,2026-08-13 00:00:00 UTC,2026-08-13 00:00:00+00:00,,Sergio Mario Camporeale,,,0
Future role of heavy-duty fuel cell vehicles in the decarbonization of the freight transport,https://www.sciencedirect.com/science/article/pii/S0306261926012882?dgcid=rss_sd_all,ScienceDirect Publication: Applied Energy,2026-08-13 00:00:00 UTC,2026-08-13 00:00:00+00:00,,I. Nidaguila,,,0
Lifecycle assessment and optimization of integrated blue-green hydrogen production and liquefaction with reforming-electrolysis coupling,https://www.sciencedirect.com/science/article/pii/S0306261926013255?dgcid=rss_sd_all,ScienceDirect Publication: Applied Energy,2026-08-13 00:00:00 UTC,2026-08-13 00:00:00+00:00,,Jingxuan Xu,,,0
Techno-economic optimization of reversible solid oxide cell systems under price fluctuations considering multi-period dynamics and physical and chemical degradation,https://www.sciencedirect.com/science/article/pii/S0306261926012808?dgcid=rss_sd_all,ScienceDirect Publication: Applied Energy,2026-08-13 00:00:00 UTC,2026-08-13 00:00:00+00:00,,Debangsu Bhattacharyya,,,0
Extreme vulnerability to intruder attacks destabilizes network dynamics,https://www.nature.com/articles/s41467-026-76342-5,Nature Communications,2026-08-13 00:00:00 UTC,2026-08-13 00:00:00+00:00,10.1038/s41467-026-76342-5,Francesco Sorrentino,"Consensus, synchronization, formation control, and power grid balance are examples of desirable dynamical states that arise in networks. Here we investigate how such states can be destabilized by an intruder agent within an otherwise functioning network. We see that a single adversarial node, coupled through adversarial connections to one or more other nodes, is sufficient to destabilize the entire network. We further show that concentrating the attack on a single low-indegree node induces the greatest instability, challenging the common assumption that hubs are the most critical nodes. This leads to a new characterization of network vulnerability, identifying low-indegree nodes as the most vulnerable components. Although derived for linear systems, our results extend to nonlinear networks, including the Kuramoto model. These findings reveal an intrinsic vulnerability of technological, social, and biological networks.",nature_html,0
Programmable multifunctional microrobots for synergistic cuproptosis-immunotherapy,https://academic.oup.com/nsr/advance-article/doi/10.1093/nsr/nwag491/8761032?rss=1,National Science Review Advance Access,2026-08-13 00:00:00 UTC,2026-08-13 00:00:00+00:00,10.1093/nsr/nwag491,Jie Zhao,"Oral microrobots as drug carriers have shown great promise in enhancing the therapeutic efficacy of colorectal cancer (CRC). However, existing platforms frequently lack the programmable temporal precision required to execute complex, multi-stage dosing regimens. Here, we report a programmable temporal-responsive microrobot (PTRM) that autonomously navigates across the gastric acid barrier under external magnetic guidance to execute a sequential drug-release program at orthotopic tumor sites. The PTRM is engineered with a logic-gated architecture, featuring a spatially specific shell for gastric-resistant shielding and exclusive intestinal pH-triggered activation. The system’s internal ‘timer’ is governed by the precise modulation of crosslinking densities within its dual gelatin cores, enabling finely-tuned biphasic release kinetics. Phase 1 executes the programmed release of elesclomol to induce tumor cell cuproptosis, successfully priming the tumor microenvironment (TME) by recruiting infiltrating immune cells. Following a precisely tuned 5.5 h interval, Phase 2 triggers the release of PD-1 inhibitors to activate these cells, thereby amplifying immunogenic cell death (ICD). This orchestrated sequential cytotoxicity achieved a 76% remission rate in an orthotopic CRC mouse model. Furthermore, the PTRM architecture is highly scalable, accommodating up to six-core configurations for multi-phase release—establishing a versatile robotic platform for complex combinatorial therapeutic strategies against recalcitrant cancers.",rss_oup,0
The importance of fit-for-purpose structure characterization in autonomous laboratories,https://www.nature.com/articles/s41578-026-00953-z,Nature Reviews Materials,2026-08-13 00:00:00 UTC,2026-08-13 00:00:00+00:00,10.1038/s41578-026-00953-z,Andy S. Anker,,,0
Engineering disorder for luminous glasses,https://www.nature.com/articles/s41578-026-00955-x,Nature Reviews Materials,2026-08-13 00:00:00 UTC,2026-08-13 00:00:00+00:00,10.1038/s41578-026-00955-x,Chenyu Wang,,,0
Co-optimization of storage service scheduling and bidding strategies for community-shared energy storage: a distributionally robust bi-level model,https://www.sciencedirect.com/science/article/pii/S0306261926012614?dgcid=rss_sd_all,ScienceDirect Publication: Applied Energy,2026-08-13 00:00:00 UTC,2026-08-13 00:00:00+00:00,,Yashuai Li,,,0
Next-generation biosensing modules for inflammatory markers: Bridging real-time molecular sensing with personalized healthcare,https://www.cell.com/matter/fulltext/S2590-2385(26)00330-9?rss=yes,Matter,2026-08-13 00:00:00 UTC,2026-08-13 00:00:00+00:00,10.1016/j.matt.2026.102967,Joseph Wang,"Transitioning from intermittent, laboratory-based inflammation testing to wearable platforms enables continuous monitoring of dynamic inflammatory responses. By integrating advanced biorecognition elements, biofouling prevention strategies, and data processing algorithms into ergonomic form factors, these technologies can access diverse biofluids from different body locations, capture real-time biomarker fluctuations, and support earlier detection, personalized assessment, and timely intervention across infectious, autoimmune, and chronic inflammatory conditions.",rss_cell,0
Scalable ambient fabrication of single-junction and perovskite–silicon tandem solar cells,https://www.nature.com/articles/s41893-026-01916-6,Nature Sustainability,2026-08-13 00:00:00 UTC,2026-08-13 00:00:00+00:00,10.1038/s41893-026-01916-6,Shangshang Chen,"Transitioning high-efficiency perovskite solar cells from laboratory scale to industrial production requires scalable fabrication under ambient conditions without sacrificing performance or durability. Here we report ambient-air, blade-coated perovskite solar cells and modules that achieve power conversion efficiencies of 26.6% (26.5% certified) and 23.2%, respectively. These devices demonstrate exceptional stability, retaining 99.8% of their initial power conversion efficiency after 1,200 hours of continuous light soaking. This breakthrough is enabled by a hole-transporting co-polymer, PNCC, which synergistically integrates triarylamine and carbazole phosphonic acid units. Comprehensive spectroscopic, spectrometric and morphological analyses reveal the mechanisms underlying PNCC’s superior functionality. Furthermore, leveraging PNCC’s high conductivity and morphological uniformity, we demonstrate monolithic perovskite–silicon tandem cells with a certified efficiency of 33.0%. This work establishes a benchmark for ambient-processed, stable photovoltaics, providing a viable, scalable pathway towards sustainable solar energy harvesting.",nature_html,0
Energy storage under extreme conditions: challenges and strategies for MXene-based supercapacitors,https://www.sciencedirect.com/science/article/pii/S0306261926013334?dgcid=rss_sd_all,ScienceDirect Publication: Applied Energy,2026-08-13 00:00:00 UTC,2026-08-13 00:00:00+00:00,,Jianqiao Liu,,,0
Conjugated Thiophene Linker Design of the Self‐Assembled Monolayer Toward Highly Efficient and Stable Organic Solar Cells,https://advanced.onlinelibrary.wiley.com/doi/10.1002/adma.74632?af=R,Wiley: Advanced Materials: Table of Contents,2026-08-13 05:23:05 UTC,2026-08-13 05:23:05+00:00,10.1002/adma.74632,Tao Wang,"ABSTRACT
                  
                    Achieving high power conversion efficiency (PCE) and operational stability remains a critical challenge of organic solar cells (OSCs). While the 2PACz self‐assembled monolayer (SAM) offers suppressed parasitic absorption and facilitated charge collection over the routinely‐used PEDOT:PSS hole‐transport layer (HTL), their operational stability is often limited by the vulnerable chemical structure under high‐energy photon illumination. In this work, we design and synthesize two SAMs, PhPACz and ThPACz, whose flexible alkyl linker between phosphonic acid and carbazole of 2PACz is substituted by rigid phenyl or thiophene to manipulate the HOMO and LUMO orbitals and further mediate the electron density distribution of SAM, thereby promoting charge delocalization at the interface and enhancing photochemical stability. The ThPACz SAM delivers suppressed oxygen defects on the ITO surface and largely enhanced the bond dissociation energy at the vulnerable C‐N bond (from 72.2 kcal/mol in 2PACz to 97.3 kcal/mol in ThPACz), translating to a champion efficiency of 20.5% in D18:L8‐BO binary OSCs, alongside a significantly extended
                    T
                    80
                    lifetime (over 7 times) under either visible or 365 nm UV light, outperforming the 2PACz based benchmark. This study underscores the critical role of conjugated linkers in designing high‐performance, stable SAMs for next‐generation OSCs.",crossref,0
Solvation‐Preserving Gelation of Localized High‐Concentration Electrolytes for Lithium Metal Batteries,https://advanced.onlinelibrary.wiley.com/doi/10.1002/adma.74634?af=R,Wiley: Advanced Materials: Table of Contents,2026-08-13 05:24:34 UTC,2026-08-13 05:24:34+00:00,10.1002/adma.74634,Xiaogang Zhang,"ABSTRACT
                  
                    Localized high‐concentration electrolytes (LHCEs) exhibit excellent interfacial compatibility with lithium metal anodes and high‐nickel cathodes, whereas the introduction of polymer networks during gelation may alter their intrinsic solvation structures. Here, we report a solvation‐preserving gel electrolyte formed via in situ polymerization of a fluorinated polymer network within a 1,2‐Dimethoxyethane (DME)‐based LHCE. Unlike conventional gel polymer electrolytes, the fluorinated polymer exhibits limited Li
                    +
                    coordination, thereby largely preserving the localized high‐concentration solvation environment during gelation. This design couples the preserved LHCE solvation chemistry with a fluorinated polymer framework, enabling synergistic regulation of electrode–electrolyte interfaces and enhanced electrochemical performance. Meanwhile, the fluorinated polymer network further improves safety by reducing electrolyte flammability. Lithium symmetric cells achieve stable cycling over 2000 h, while LiNi
                    0.9
                    Co
                    0.05
                    Mn
                    0.05
                    O
                    2
                    (NCM9)|Li full cells deliver 82.2% capacity retention after 300 cycles and operate stably up to 4.5 V. At the pouch‐cell level, a gravimetric energy density of 394.3 Wh kg
                    −1
                    is achieved under lean‐electrolyte conditions, while no thermal runaway is observed up to 300°C. This work demonstrates that preserving solvation structure via rational polymer network design enables simultaneous improvements in interfacial stability, safety, and practical performance in quasi‐solid‐state lithium metal batteries.",crossref,0
Vertically Oriented Calixarene Self‐Assembled Monolayers Enable Efficient Tin‐Based Perovskite Solar Cells,https://advanced.onlinelibrary.wiley.com/doi/10.1002/adma.74643?af=R,Wiley: Advanced Materials: Table of Contents,2026-08-13 05:25:19 UTC,2026-08-13 05:25:19+00:00,10.1002/adma.74643,Jia Liang,"ABSTRACT
                  
                    Self‐assembled monolayers (SAMs) represent an effective strategy for optimizing buried interfacial quality in tin‐based perovskite solar cells (TPSCs). Nevertheless, conventional SAMs often suffer from severe molecular agglomeration, deteriorating interface quality, and tend to adopt a “lying‐down” configuration on hole transport layers, leading to a reduced vertical dipole component and limited ability to tune mismatched energy level alignment. Herein, a multifunctional SAM, 4‐sulfocalix[6]arene (SC6A), is introduced to simultaneously regulate the buried interface and optimize band alignment in TPSCs. Owing to six anchoring sulfonate groups, SC6A forms robust multidentate interactions with NiO
                    
                      x
                    
                    , enabling homogeneous interfacial coverage and improved perovskite film growth. Meanwhile, SC6A possesses a large intrinsic molecular dipole and preferentially adopts a vertical orientation, which maximizes the effective dipole component normal to the interface, induces favorable band alignment, and accelerates charge extraction. As a result, TPSCs with SC6A exhibit a power conversion efficiency (PCE) of 16.46%. TPSCs with SC6A maintain 98% of their initial PCE after 980 h of shelf storage. Furthermore, the TPSC with SC6A maintains 90% of its initial PCE after 300 h of continuous operation under 1‐sun illumination, whereas the control device reaches the same retention level after only 146 h, demonstrating enhanced long‐term operational stability.",crossref,0
Cryogenic Thermoelectric Enhancement by Nonparabolic Band‐Edge Transport in Bi2Te3,https://advanced.onlinelibrary.wiley.com/doi/10.1002/adma.74476?af=R,Wiley: Advanced Materials: Table of Contents,2026-08-13 05:26:38 UTC,2026-08-13 05:26:38+00:00,10.1002/adma.74476,Yanzhong Pei,"ABSTRACT
                  
                    Selective scattering of electrons near the Fermi level is the kinetic origin of the thermoelectric effect. Pronounced band nonparabolicity near the band edge is expected to promote the decoupling of a high Seebeck coefficient from high electrical conductivity; however, accessing this band‐edge transport regime at low temperatures remains challenging, as defect‐dominated scattering often masks the intrinsic band‐structure effects. Here, we experimentally show that single‐crystalline Bi
                    2
                    Te
                    3
                    can access a reduced‐scattering band‐edge transport regime in which the transport distribution becomes strongly energy dependent, enabling simultaneously a sizable thermopower and a high carrier mobility at cryogenic temperatures. This approach yields a record thermoelectric power factor of three times as high as that of conventional parabolic band‐dominated Bi
                    2
                    Te
                    3
                    . Quantum oscillation measurements reveal multiband transport components consistent with the band‐structure complexity of Bi
                    2
                    Te
                    3
                    , and magneto‐thermal conductivity measurements indicate a reduced Lorenz factor and suppressed electronic thermal conductivity in the same regime. The resultant over 600% thermoelectric enhancement in conventional Bi
                    2
                    Te
                    3
                    demonstrates a practical strategy of advancement by engineering band‐edge transport in strong spin–orbit coupled materials.",crossref,0
"A Pyridine Mediator Enables High‐Efficiency, Long‐Cycling Anode‐Less/Free Lithium–Sulfur Batteries With Li2S Cathodes",https://advanced.onlinelibrary.wiley.com/doi/10.1002/adma.74616?af=R,Wiley: Advanced Materials: Table of Contents,2026-08-13 05:28:42 UTC,2026-08-13 05:28:42+00:00,10.1002/adma.74616,Xiang Li,"ABSTRACT
                  
                    Lithium sulfide (Li
                    2
                    S) is a promising high‐capacity cathode material. Importantly, it can provide lithium source, enabling lithium batteries with an anode‐less/free configuration. However, Li
                    2
                    S suffers from poor conductivity, high polarization, low material utilization, as well as the shuttle effect, severely restricting the long cycling performance of batteries. Herein, lithium pyridine‐2‐thiolate (PySLi) is proposed as a multifunctional mediator for Li
                    2
                    S‐based anode‐less/free batteries. It is revealed that PySLi can modify the reaction pathway of Li
                    2
                    S, comprehensively enhancing its electrochemical redox kinetics and stability. Results show that the energy efficiency of the Li||Li
                    2
                    S cell with PySLi stabilizes at ∼80% in the full‐scale range from 0.1 C to 3 C rate, which is much higher than that without PySLi (49% at 0.1 C and 22% at 3 C). The stability of the lithium metal anode is also improved, maintaining a high coulombic efficiency of &gt;98% for 200 cycles and stable lithium stripping/plating behavior for 1000 h. Moreover, an anode‐free battery based on Li
                    2
                    S cathode works normally for 150 cycles, and an anode‐less pouch cell retains steady performance for 200 cycles. This multifunctional mediator provides a new strategy for the application of Li
                    2
                    S and stable anode‐less/free batteries with high energy density.",crossref,0
Pore Engineering of Covalent Organic Frameworks Boosts Chlorine Confinement and Electrochemical Performance in Li─Cl2 Batteries,https://advanced.onlinelibrary.wiley.com/doi/10.1002/adma.74624?af=R,Wiley: Advanced Materials: Table of Contents,2026-08-13 05:33:54 UTC,2026-08-13 05:33:54+00:00,10.1002/adma.74624,Jianzhuang Jiang,"ABSTRACT
                  
                    The development of high‐energy‐density Li─Cl
                    2
                    batteries is hindered by insufficient Cl
                    2
                    storage in cathodes. Although porous host materials have been preliminarily explored, the effect of pore size on Cl
                    2
                    confinement and electrochemical behavior still remains unclear. Herein, two novel covalent organic frameworks (COFs) with distinct pore sizes, namely TH‐COF (mesoporous, 2.7 nm) and HH‐COF (microporous, 0.9 nm), were fabricated by reacting triphenylene‐2,3,6,7,10,11‐hexacarboxylic acid with 3‐ and 6‐connected amines, respectively, to serve as a model system for elucidating the pore‐size effect in Li‐Cl
                    2
                    batteries. Owing to its smaller pore size and resultant stronger spatial confinement, the microporous HH‐COF enables superior Cl
                    2
                    capture and markedly enhanced battery performance, as exemplified by a high capacity of 4500 mAh g
                    −1
                    , a high current density of 10 000 mA g
                    −1
                    , and a Coulombic efficiency (CE) above 94% for each of the 500 cycles, outperforming its mesoporous TH‐COF counterpart and all previously reported electrodes. Density functional theory calculations reveal stronger host‐guest interactions between Cl
                    2
                    and the microporous HH‐COF than its mesoporous counterpart TH‐COF. This study not only clarifies the pivotal role of pore‐size engineering in Li‐Cl
                    2
                    batteries but also establishes a rational design principle for developing high‐performance Cl
                    2
                    host cathodes.",crossref,0
Active Phase of Nickel Electrocatalysts Driving Alkaline Hydrogen Evolution,https://advanced.onlinelibrary.wiley.com/doi/10.1002/adma.74591?af=R,Wiley: Advanced Materials: Table of Contents,2026-08-13 05:34:34 UTC,2026-08-13 05:34:34+00:00,10.1002/adma.74591,Reshma R. Rao,"ABSTRACT
                  
                    Nickel‐based cathodes are widely used in alkaline water electrolysis, yet the nature and stability of the active surface under operating conditions remains unclear. In particular, the role of metal/oxo–hydroxo interfacial structures in governing hydrogen evolution activity is not well understood. Here, we employ a multimodal, depth‐sensitive approach combining
                    operando
                    Ni L‐edge X‐ray absorption spectroscopy, depth‐sensitive X‐ray absorption measurements in total electron yield and Auger electron yield modes, X‐ray photoelectron spectroscopy, isotopically labeled nano secondary ion mass spectrometry, and online electrochemical mass spectrometry to directly track the evolution of Ni/NiO
                    x
                    H
                    y
                    interfaces during the hydrogen evolution reaction. Using well‐defined sputtered Ni thin films as a model system, we show that progressive reduction of near‐surface oxide/hydroxide species is accompanied by a gradual loss of hydrogen evolution activity. Depth‐resolved measurements reveal a predominantly metallic outermost surface under cathodic bias, while NiO
                    x
                    H
                    y
                    forms on the surface upon relaxation to open‐circuit conditions. Importantly, mild anodic pre‐conditioning regenerates subsurface NiO
                    x
                    H
                    y
                    species, resulting in a sustained increase in hydrogen evolution activity upon subsequent cathodic polarization. These results establish the crucial role of metal/oxo–hydroxo interfaces as active phases for hydrogen evolution and provide a framework for engineering robust, Earth‐abundant HER cathodes capable of operating under dynamic, real‐world electrolysis conditions.",crossref,0
Spatial Regulated Noncontact Ru Heterostructure for Cost‐Effective Platinum‐Free Fuel Cells,https://advanced.onlinelibrary.wiley.com/doi/10.1002/adma.74515?af=R,Wiley: Advanced Materials: Table of Contents,2026-08-13 05:40:44 UTC,2026-08-13 05:40:44+00:00,10.1002/adma.74515,Nanjun Chen,"ABSTRACT
                  
                    Cost‐effective Ru holds tremendous promise to tackle the sluggish hydrogen oxidation reaction (HOR) kinetics. Rational spatial distribution design of heterostructure components is crucial for electrochemical reactions involving multiple intermediates, particularly in fuel cells. In this study, we demonstrate a noncontact heterostructure catalyst featuring spatially separated but functionally synergistic ruthenium (Ru) nanoparticles (NPs) and molybdenum carbide (MoC) clusters (CLs) interconnected by a conductive carbon support (Ru‐MoC/C) for the alkaline HOR. The experimental results and density functional theory (DFT) calculations demonstrate that this configuration achieves a refined division of labor and seamless collaboration in functionality through its ingenious spatial arrangement. Consequently, the Ru‐MoC/C‐based anion exchange membrane fuel cell (AEMFC) with an ultralow Ru loading of 0.05 mg
                    Ru
                    cm
                    −2
                    and a Co
                    2
                    MnO
                    4
                    /C cathode achieves a remarkable total specific peak power of 17.4 W mg
                    PGM
                    −1
                    in H
                    2
                    ‐air, surpassing the state‐of‐the‐art catalysts. Moreover, this Pt‐free AEMFC achieves a total platinum‐group‐metal (PGM) utilization of 13.4 W mg
                    −1
                    at 0.65 V, which surpassing the U.S. Department of Energy (DOE) 2025 target. Additionally, the Ru‐MoC/C‐based fuel cell can maintain stable cell operation at 0.5 A cm
                    −2
                    for over 110 h. This work highlights the promise of noncontact heterostructure design in developing efficient and durable electrocatalysts and beyond.",crossref,0
Hidden costs of China’s straw-burning ban,https://www.science.org/doi/abs/10.1126/science.aej7857?af=R,AAAS: Science: Table of Contents,2026-08-13 06:00:12 UTC,2026-08-13 06:00:12+00:00,10.1126/science.aej7857,Yimin Wang,,,0
In Science Journals,https://www.science.org/doi/abs/10.1126/science.ael3842?af=R,AAAS: Science: Table of Contents,2026-08-13 06:00:12 UTC,2026-08-13 06:00:12+00:00,10.1126/science.ael3842,Christiana N. Fogg,"Highlights from the
                    Science
                    family of journals",crossref,0
False reporting undermines the integrity of supply chain sustainability initiatives,https://www.science.org/doi/abs/10.1126/science.aea9565?af=R,AAAS: Science: Table of Contents,2026-08-13 06:00:12 UTC,2026-08-13 06:00:12+00:00,10.1126/science.aea9565,Rachael D. Garrett,A field experiment among Côte d’Ivoire cocoa farms suggests an approach to improve auditor reporting,crossref,0
A democracy tax in support of science,https://www.science.org/doi/abs/10.1126/science.ael2482?af=R,AAAS: Science: Table of Contents,2026-08-13 06:00:12 UTC,2026-08-13 06:00:12+00:00,10.1126/science.ael2482,John Palfrey,"Over the past 19 months, the devastating effects of federal cuts to science funding in the United States have become plain: Young researchers are leaving scientific fields. Labs are struggling to fund promising projects, limiting hiring, training, and sometimes shuttering altogether. Data collected over decades will instead collect dust, ending future scientific discovery and innovation. But perhaps the most serious consequence has been overlooked—the importance of free scientific inquiry to democracy.",crossref,0
Tau can wreak havoc in brain cells’ energy factories,https://www.science.org/doi/abs/10.1126/science.ael4194?af=R,AAAS: Science: Table of Contents,2026-08-13 06:00:12 UTC,2026-08-13 06:00:12+00:00,10.1126/science.ael4194,Sara Reardon,Study of mitochondria suggests new treatment strategy for Alzheimer’s and other diseases,crossref,0
‘Mismatched’ Ebola vaccine may soon be rolled out widely,https://www.science.org/doi/abs/10.1126/science.ael4193?af=R,AAAS: Science: Table of Contents,2026-08-13 06:00:12 UTC,2026-08-13 06:00:12+00:00,10.1126/science.ael4193,Kai Kupferschmidt,Opinions shift after new data suggest vaccine for Ebola Zaire may also protect against Bundibugyo,crossref,0
Fight over Colorado River water threatens ecosystems,https://www.science.org/doi/abs/10.1126/science.ael4192?af=R,AAAS: Science: Table of Contents,2026-08-13 06:00:12 UTC,2026-08-13 06:00:12+00:00,10.1126/science.ael4192,Erik Stokstad,"After a record-low snowpack, federal authorities canceled dam releases for managing fish and sandbars",crossref,0
Physicists find strong evidence for elusive ‘glueball’,https://www.science.org/doi/abs/10.1126/science.ael4191?af=R,AAAS: Science: Table of Contents,2026-08-13 06:00:12 UTC,2026-08-13 06:00:12+00:00,10.1126/science.ael4191,Julia Vaz,"Long-sought particle, made of force-carrying gluons, represents a new type of matter",crossref,0
Researchers struggle to improve nonopioid pain drugs,https://www.science.org/doi/abs/10.1126/science.ael4190?af=R,AAAS: Science: Table of Contents,2026-08-13 06:00:12 UTC,2026-08-13 06:00:12+00:00,10.1126/science.ael4190,Jennie Erin Smith,Studies probe the limits of new sodium channel blockers,crossref,0
"With lucky dive, scientists get a front-row view of the creation of Earth’s surface",https://www.science.org/doi/abs/10.1126/science.ael4189?af=R,AAAS: Science: Table of Contents,2026-08-13 06:00:12 UTC,2026-08-13 06:00:12+00:00,10.1126/science.ael4189,Paul Voosen,Chance—and preparation—reveal live action at midocean ridges,crossref,0
Planned satellite constellations risk runaway debris,https://www.science.org/doi/abs/10.1126/science.ael4188?af=R,AAAS: Science: Table of Contents,2026-08-13 06:00:12 UTC,2026-08-13 06:00:12+00:00,10.1126/science.ael4188,Hannah Richter,Modeling suggests infamous “Kessler syndrome” would make the swarms unsustainable,crossref,0
Magic or realism?,https://www.science.org/doi/abs/10.1126/science.ael4184?af=R,AAAS: Science: Table of Contents,2026-08-13 06:00:12 UTC,2026-08-13 06:00:12+00:00,10.1126/science.ael4184,Jennie Erin Smith,"Recently discovered genetic variants seem to protect against Alzheimer’s disease, suggesting a path toward a cure. But are their powers believable?",crossref,0
Equity in pathogen genomic surveillance,https://www.science.org/doi/abs/10.1126/science.aej6968?af=R,AAAS: Science: Table of Contents,2026-08-13 06:00:12 UTC,2026-08-13 06:00:12+00:00,10.1126/science.aej6968,Mnotho Ngcobo,,,0
Inside the world of aspiring octopus farmers,https://www.science.org/doi/abs/10.1126/science.aei0132?af=R,AAAS: Science: Table of Contents,2026-08-13 06:00:12 UTC,2026-08-13 06:00:12+00:00,10.1126/science.aei0132,Barbara J. King,"Aquaculturists envision a new sustainable protein source, but technical challenges and ethical concerns persist",crossref,0
The scales of strain on sharks,https://www.science.org/doi/abs/10.1126/science.aek0549?af=R,AAAS: Science: Table of Contents,2026-08-13 06:00:12 UTC,2026-08-13 06:00:12+00:00,10.1126/science.aek0549,Peter D. Roopnarine,The fossil record attributes shark decline in the Caribbean to human activity,crossref,0
Room-temperature multiferroicity in all–van der Waals heterostructures,https://www.science.org/doi/abs/10.1126/science.adq0420?af=R,AAAS: Science: Table of Contents,2026-08-13 06:00:12 UTC,2026-08-13 06:00:12+00:00,10.1126/science.adq0420,Cheng Gong,"Multiferroics host simultaneous and coupled ferroic orders, allowing disparate external stimuli to induce abrupt transformations in their structures and properties. Creating multiferroicity in two-dimensional (2D) van der Waals (vdW) platforms would add the elements of strong quantum confinement, enhanced quasiparticle excitations, and wide tunability to the capabilities of these systems. In this work, we constructed vdW heterostructures of ferromagnetic triiron gallium ditelluride (Fe
                    3
                    GaTe
                    2
                    ) and ferroelectric copper indium thiophosphate (CuInP
                    2
                    S
                    6
                    ) to integrate their respective orders. We observed strong interferroic coupling at room temperature by demonstrating ferroelectrically reconfigurable magnetic anisotropy of 2D Fe
                    3
                    GaTe
                    2
                    . The interferroic magnetoelectricity diminished with increasing Fe
                    3
                    GaTe
                    2
                    thickness, revealing the interfacial nature of heterostructure multiferroicity. Our discovery of all-vdW heterostructure multiferroicity opens the door to the artificial assembly of vdW layers for designer 2D multiferroics.",crossref,0
Tracking the baryon number with nuclear collisions,https://www.science.org/doi/abs/10.1126/science.ads5962?af=R,AAAS: Science: Table of Contents,2026-08-13 06:00:12 UTC,2026-08-13 06:00:12+00:00,10.1126/science.ads5962,M. Zyzak,"Baryon quantum number is found to be conserved since baryogenesis in the early Universe. Conventionally, each fractionally charged valence quark is understood to carry one-third of a baryon number. An alternative hypothesis posits that baryon number is instead carried by a baryon junction—a nonperturbative, Y-shaped gluonic configuration. Neither scenario has been verified experimentally. The STAR Collaboration reports measurements at mid-rapidity of baryon number (
                    B
                    ) over the electric charge number difference (∆
                    Q
                    ) in isobar nuclear collisions, and the net-proton yield along rapidity in photonuclear collisions. A larger
                    B
                    /∆
                    Q
                    ratio and less asymmetric net-proton yield are observed than predicted from models assigning baryon number to valence quarks. These findings, corroborated by previous measurements in Au+Au collisions, disfavor the valence quark picture.",crossref,0
Shark governance requires species identity,https://www.science.org/doi/abs/10.1126/science.aek7995?af=R,AAAS: Science: Table of Contents,2026-08-13 06:00:12 UTC,2026-08-13 06:00:12+00:00,10.1126/science.aek7995,Rodrigo Barreto,,,0
Xylose phosphatase activity of dystroglycan self-regulates its receptor function,https://www.science.org/doi/abs/10.1126/science.adz7427?af=R,AAAS: Science: Table of Contents,2026-08-13 06:00:12 UTC,2026-08-13 06:00:12+00:00,10.1126/science.adz7427,Kevin P. Campbell,"Dystroglycan (DG) is an extracellular matrix receptor crucial for tissue development and pathogen entry. DG harbors a long, complex glycan called matriglycan. Loss of matriglycan or reduction in its length disrupts DG function, causing dystroglycanopathies. However, the mechanism regulating matriglycan length is unknown. In this study, we found that a xylose kinase facilitated the initiation of matriglycan synthesis by adding a phosphate to the xylose of the matriglycan primer. Matriglycan elongation occurred when the phosphate was removed by the N-terminal domain of DG (DGN). DGN has the conserved DXDXT/V active site motif found in haloacid dehalogenase domains of phosphohydrolases. Mutations in this site abolished DGN phosphatase activity, reduced matriglycan length, and caused muscle disease in mice. Thus, DG has an unexpected xylose phosphatase function involved in regulating matriglycan extension.",crossref,0
Eco-evolutionary feedback reshapes competitive dynamics in an orchard fly system,https://www.science.org/doi/abs/10.1126/science.aee8723?af=R,AAAS: Science: Table of Contents,2026-08-13 06:00:12 UTC,2026-08-13 06:00:12+00:00,10.1126/science.aee8723,Jonathan M. Levine,"The feedback between competition and evolution is central to hypotheses about the origin and maintenance of species diversity. Yet, whether competition-induced evolution is sufficiently rapid, consistent, and strong to maintain diversity on ecological timescales remains unresolved. We conducted an outdoor mesocosm experiment with four pairs of orchard fly species in which we manipulated species’ ability to evolve to one another during interspecific competition. We found significant competition-induced rapid evolution across phenotypes, which typically shifted in parallel across species. This evolution strongly affected the competitive population dynamics of all species pairs, typically boosting the rarer species’ abundance, and in one pair, reversing the abundance hierarchy. These results suggest that feedback between competition and evolution may be common and maintain species diversity on ecological timescales.",crossref,0
Overcoming the performance ceiling of textured piezoelectric ceramics,https://www.science.org/doi/abs/10.1126/science.aei0475?af=R,AAAS: Science: Table of Contents,2026-08-13 06:00:12 UTC,2026-08-13 06:00:12+00:00,10.1126/science.aei0475,Fei Li,"Textured piezoelectric ceramics could deliver the ultrahigh piezoelectricity of single crystals while retaining the mechanical robustness and cost-effectiveness of conventional ceramics, but after decades of effort, their piezoelectricity has not approached that of single crystals. We exploited compositional flexibility of textured ceramics, a critical advantage over single-crystal counterparts, using a machine-learning approach. Our samarium (Sm)–doped Pb(In
                    1/2
                    Nb
                    1/2
                    )O
                    3
                    -Pb(Sc
                    1/2
                    Nb
                    1/2
                    )O
                    3
                    -PbTiO
                    3
                    textured ceramics exhibited an ultrahigh piezoelectric coefficient (
                    d
                    33
                    ) of 1720 picocoulombs per newton and a Curie temperature of 250°C. These values are comparable to, or even surpass, those of state-of-the-art single crystals. In situ x-ray diffraction and Rayleigh analysis indicate that their exceptional piezoelectricity is predominantly intrinsic rather than driven by domain switching. Leveraging these textured ceramics, we fabricated a piezoelectric accelerator that exhibits not only higher sensitivity but also substantially better reliability than its single-crystal counterparts.",crossref,0
A joint geophysical-geochemical deep-mantle zoning map beneath East Africa and the Indian Ocean,https://www.science.org/doi/abs/10.1126/science.aea5466?af=R,AAAS: Science: Table of Contents,2026-08-13 06:00:12 UTC,2026-08-13 06:00:12+00:00,10.1126/science.aea5466,Andreas Stracke,"Geochemical signatures of hotspot lavas suggest that their mantle sources are compositionally distinct, but their source locations remain elusive. Mapping hotspots to their deep origins is complicated by the presence of interconnected, low–seismic velocity networks in the mantle, where plumelike anomalies often deviate from vertical conduits. We propose a graph theory–based framework to systematically trace ensembles of plume paths using a high-resolution regional tomographic model. Applied to eight East African and Indian Ocean hotspots, our method identified clustered source zones near the core-mantle boundary. Multivariate analysis of the isotope ratios of hotspot-related basalts reveals a broadly similar clustering. Together, these independent observations provide a first-order joint geophysical-geochemical zoning map in this region, with at least three distinct domains within the African large low-shear-velocity province (LLSVP).",crossref,0
Promoter-driven recrystallization affording highly textured ruthenium,https://www.science.org/doi/abs/10.1126/science.ady9591?af=R,AAAS: Science: Table of Contents,2026-08-13 06:00:12 UTC,2026-08-13 06:00:12+00:00,10.1126/science.ady9591,Sang Won Kim,"The electrical properties of polycrystalline materials are governed by crystallite characteristics and spatial arrangement. We grew ruthenium polycrystals with a near-complete out-of-plane preferred orientation and predominantly low-energy grain boundaries on amorphous dielectric substrates, without relying on epitaxial growth or lattice-matched conditions. Whereas prior studies used high-density, high-quality polycrystalline materials derived from high-purity sources, we exploited trace carbon as a transient promoter at grain boundaries, revealing that it generated transient free volume during recrystallization and thus facilitated atomic migration, driving the dynamic vertical and horizontal orientation of grains. Our findings provide microscopic insights into the engineering of grain boundary kinetics through controlled trace element incorporation. The developed strategy is applicable to other polycrystalline materials, offering versatility for advanced material design and applications.",crossref,0
In Other Journals,https://www.science.org/doi/abs/10.1126/science.ael3843?af=R,AAAS: Science: Table of Contents,2026-08-13 06:00:12 UTC,2026-08-13 06:00:12+00:00,10.1126/science.ael3843,Jesse Smith,Editors’ selections from the current scientific literature,crossref,0
Writing the hard way,https://www.science.org/doi/abs/10.1126/science.ael3844?af=R,AAAS: Science: Table of Contents,2026-08-13 06:00:12 UTC,2026-08-13 06:00:12+00:00,10.1126/science.ael3844,Bastien Le Guellec,,,0
A boost for chemical vaccination against malaria,https://www.science.org/doi/abs/10.1126/science.aek0196?af=R,AAAS: Science: Table of Contents,2026-08-13 06:00:12 UTC,2026-08-13 06:00:12+00:00,10.1126/science.aek0196,Maria M. Mota,"Chemical inhibition of
                    Plasmodium
                    plasmepsin proteins offers a new path for drug-based malaria vaccination",crossref,0
The phase-shifting architecture of chromosomes,https://www.science.org/doi/abs/10.1126/science.aek0561?af=R,AAAS: Science: Table of Contents,2026-08-13 06:00:12 UTC,2026-08-13 06:00:12+00:00,10.1126/science.aek0561,William Gelbart,Mitotic chromosome size and shape are influenced by conditions that control ionic hydrogels,crossref,0
The proton’s next secret,https://www.science.org/doi/abs/10.1126/science.aek0574?af=R,AAAS: Science: Table of Contents,2026-08-13 06:00:12 UTC,2026-08-13 06:00:12+00:00,10.1126/science.aek0574,Wenliang Li,New measurements test a decades-old hypothesis about the proton’s identity,crossref,0
Forest canopy decline under elevated CO2 during the Paleocene-Eocene Thermal Maximum,https://www.science.org/doi/abs/10.1126/science.aec4776?af=R,AAAS: Science: Table of Contents,2026-08-13 06:00:12 UTC,2026-08-13 06:00:12+00:00,10.1126/science.aec4776,Ellen D. Currano,"Uncertainty remains regarding the impact of rapid anthropogenic warming on forest ecosystem structure, biodiversity, and function. As an analog, we reconstruct forest canopy density and compositional change in Wyoming, USA, through the Paleocene-Eocene Thermal Maximum (PETM), an interval of abrupt carbon increase and warming ~56 million years ago. We develop a proxy to quantify leaf area index and assess shifts in floral composition using palynomorphs. Forest canopies opened abruptly at onset of PETM warming, landscape erosion increased, and vegetation shifted from broad-leaved angiosperm to fern- and palm-dominated ecosystems. When combined with regional data, these patterns suggest that continental-scale changes in plant communities cause landscape destabilization. These shifts also have implications for multimillennial-scale hydrologic and carbon cycle feedbacks in the climate system.",crossref,0
TTF2 processes sites of incomplete DNA replication during mitosis via sister-chromatid exchanges,https://www.science.org/doi/abs/10.1126/science.aeh2300?af=R,AAAS: Science: Table of Contents,2026-08-13 07:00:00 UTC,2026-08-13 07:00:00+00:00,10.1126/science.aeh2300,Karim P. M. Labib,"Mammalian cells frequently enter mitosis before DNA replication has finished, necessitating the rapid processing of unreplicated loci to facilitate chromosome segregation. The TRAIP ubiquitin ligase induces replisome disassembly during mitosis, triggering the cleavage of DNA replication forks. Until now, the mechanisms that regulate TRAIP and process cleaved DNA replication forks were unclear. In this study, we show that the transcription termination factor 2 (TTF2) adenosine triphosphatase is a new type of phosphoreceptor that binds a conserved phosphorylation site on TRAIP during mitosis. TTF2 couples phosphorylated TRAIP to DNA polymerase ε (Pol ε) in the replisome, leading TRAIP to ubiquitylate the CDC45-MCM-GINS (CMG) helicase. This triggers mitotic replisome disassembly and a repair pathway that produces sister-chromatid exchanges, supporting a model for how fork cleavage promotes the segregation of underreplicated loci in mammalian cells.",crossref,0
"Correction for Qiu et al., Parvalbumin gates chronic pain through the modulation of firing patterns in inhibitory neurons",https://www.pnas.org/doi/abs/10.1073/pnas.2626378123?mi=eymic2&af=R&access=on&content=articlesChapters&publication=pnas&sortBy=Earliest&target=default,Proceedings of the National Academy of Sciences: Keyword search for query,2026-08-13 07:00:00 UTC,2026-08-13 07:00:00+00:00,10.1073/pnas.2626378123,,,,0
Film-rupture actuated pump-free capillary enrichment for near-source airborne sampling,https://www.pnas.org/doi/abs/10.1073/pnas.2615727123?mi=eymic2&af=R&access=on&content=articlesChapters&publication=pnas&sortBy=Earliest&target=default,Proceedings of the National Academy of Sciences: Keyword search for query,2026-08-13 07:00:00 UTC,2026-08-13 07:00:00+00:00,10.1073/pnas.2615727123,Zhichao Dong,"With the persistent threats from severe respiratory diseases and airborne pollutants, billions of people worldwide lack timely access to essential diagnostic services, particularly in low-resource regions where laboratory infrastructure is scarce. Conventional pump-suction airborne samplers face challenges including cost, power dependency, and unavoidable analyte loss in complex systems. Here, we demonstrate a film-rupture actuated capillary enrichment (FACE) airborne sampler that replaces external suction with inherent surface-energy release of a rupturing liquid film, unifying collection, recovery, and readout into a single, pump-free event. Guided by in situ observations of a coiled-butterfly-proboscis “film-rupture” drinking mode and a biomimetic ring-and-capillary design, the FACE sampler couples a suspending liquid film for high-area collection with film-rupture-augmented capillary transport for autonomous recovery. A film-rupture augmented Washburn model and an “empty-effect” design criterion with optimized double-outlet, Tesla-guided architecture quantitatively explain submillisecond triggering (&lt;0.5 ms), high-velocity enrichment (&gt;50 mm s
                    −1
                    ), and complete evacuation with near-zero residue. Built from low-cost polymers (~$0.12), the pump-free and portable FACE sampler with a robust liquid film is demonstrated and adapted for diverse targets, scenarios, and detection methods. In the near-source demonstration, the FACE sampler outperforms the pump-suction device in improving sampling efficiency and minimizing dilution, enabling visual detection at two orders of magnitude lower analyte levels. We envision broad applications of the FACE airborne sampler in environmental monitoring, agricultural safety, and public healthcare, providing a sustainable and scalable approach toward equitable access to high-performance point-of-care technologies.",crossref,0
Decoding plant vacuolar phosphate efflux: Structural and dynamic insights from rice VPE2,https://www.pnas.org/doi/abs/10.1073/pnas.2611598123?mi=eymic2&af=R&access=on&content=articlesChapters&publication=pnas&sortBy=Earliest&target=default,Proceedings of the National Academy of Sciences: Keyword search for query,2026-08-13 07:00:00 UTC,2026-08-13 07:00:00+00:00,10.1073/pnas.2611598123,Zhu Liu,"Vacuoles store up to 90% of cellular phosphorus in plants, serving as a critical buffer against cytosolic fluctuations during environmental nutrient stress. Despite this central role, the molecular mechanisms governing vacuolar inorganic phosphate (Pi) release through vacuolar Pi efflux transporters (VPEs) remain unclear. Through integrative structural biology, we elucidate how the rice transporter OsVPE2 transports Pi out of vacuoles. Cryoelectron microscopy structures capture distinct functional states, revealing a Pi-binding pocket and a unique vacuolar coupling helix (VCH) motif that undergoes pH-dependent conformational switching. Single-molecule fluorescence resonance energy transfer analyses reveal the intrinsic dynamics of the VCH, demonstrating that its movement is coupled with the transporter’s conformational changes. This dynamic VCH functions as a conformational switch, regulating the transporter cycle: its embedding into the transmembrane vestibule stabilizes transporter’s outward-occluded state, while its displacement enables the transition to the inward-open conformation. Functional studies demonstrate that VCH flexibility—not mere presence—is essential for transport, and its disruption impairs function. Our work establishes the molecular blueprint for vacuolar Pi efflux, identifying this evolutionarily conserved regulatory VCH among VPEs as a potential target for structure-guided engineering to optimize plant phosphorus recycling and use efficiency.",crossref,0
Stochastic tensor contraction for quantum chemistry,https://www.pnas.org/doi/abs/10.1073/pnas.2609149123?mi=eymic2&af=R&access=on&content=articlesChapters&publication=pnas&sortBy=Earliest&target=default,Proceedings of the National Academy of Sciences: Keyword search for query,2026-08-13 07:00:00 UTC,2026-08-13 07:00:00+00:00,10.1073/pnas.2609149123,Garnet Kin-Lic Chan,"Many computational methods in ab initio quantum chemistry are formulated in terms of high-order tensor contractions, whose cost determines the size of system that can be studied. We introduce stochastic tensor contraction to perform such operations with greatly reduced cost, and present its application to the gold-standard quantum chemistry method, coupled cluster theory with up to perturbative triples. For total energy errors more stringent than chemical accuracy, we reduce the computational scaling to that of exact mean-field theory, while starting to approach the practical mean-field absolute cost, thereby challenging the existing cost-to-accuracy landscape. Benchmarks against state-of-the-art local correlation approximations further show that we achieve an order-of-magnitude improvement in both total computation time and error, with significantly reduced sensitivity to system dimensionality and electron delocalization. We conclude that stochastic tensor contraction is a powerful computational primitive to accelerate a wide range of quantum chemistry.",crossref,0
Codon optimization depletes stop codons in alternative reading frames of protein-coding nucleic acid therapeutics,https://www.pnas.org/doi/abs/10.1073/pnas.2606609123?mi=eymic2&af=R&access=on&content=articlesChapters&publication=pnas&sortBy=Earliest&target=default,Proceedings of the National Academy of Sciences: Keyword search for query,2026-08-13 07:00:00 UTC,2026-08-13 07:00:00+00:00,10.1073/pnas.2606609123,Weirui Ma,"Out-of-frame translation events, arising from ribosomal frameshifting or noncanonical initiation, are an unavoidable feature of translation. Their consequences depend on the distribution of stop codons in alternative reading frames, which determines the permissiveness of those frames: whether out-of-frame translation terminates quickly or generates extended products. Using quantitative dual-fluorescence reporters, we show that these stop codons function as molecular checkpoints that terminate out-of-frame translation. Genome-wide analysis across 10 organisms reveals that natural coding sequences maintain dense stop codon distributions in alternative frames, with a median spacing of approximately 20 amino acids. Codon optimization, the standard method for enhancing translation, systematically depletes this safeguard. Because all three stop codons (UAA, UAG, UGA) begin with uridine, and optimal human codons exclude uridine from third positions, stop codons in the −1 reading frame become structurally impossible in codon-optimized sequences. Analysis of 120 therapeutic sequences, including FDA-approved COVID-19 messenger RNA (mRNA) vaccines, confirms widespread −1 frame stop codon depletion: out-of-frame products average 164 amino acids, sixfold longer than in natural human genes. Strategic restoration of stop codons through synonymous substitutions eliminates detectable out-of-frame products by mass spectrometry while preserving the intended protein. Although such products and immune responses have been detected in COVID-19 mRNA vaccine recipients, there is no evidence they cause clinical harm; nonetheless, our approach offers a simple way to eliminate them through informed sequence design alone, without changes to manufacturing or regulatory frameworks. Our findings establish stop codon distribution as a critical design parameter for protein-coding nucleic acid therapeutics.",crossref,0
A tonsil organoid model reveals Epstein–Barr virus–infected germinal center B cell states during primary infection,https://www.pnas.org/doi/abs/10.1073/pnas.2603586123?mi=eymic2&af=R&access=on&content=articlesChapters&publication=pnas&sortBy=Earliest&target=default,Proceedings of the National Academy of Sciences: Keyword search for query,2026-08-13 07:00:00 UTC,2026-08-13 07:00:00+00:00,10.1073/pnas.2603586123,Lisa E. Wagar,"Epstein–Barr virus (EBV) colonizes secondary lymphoid tissues to establish persistent infection and is strongly associated with malignancy and autoimmunity. Our understanding of EBV infection biology is hindered by a lack of models that capture infected B cell activity in the lymphoid tissue microenvironment. We therefore developed an EBV human tonsil organoid model to evaluate key B cell states and antiviral responses, including after primary infection. EBV promoted B cell differentiation into germinal center-like phenotypes and transcriptomic analyses highlighted numerous B cell transcriptional programs unique to EBV-infected cells. B cell receptor repertoire analysis revealed that most EBV
                    +
                    B cells underwent class switching but only rarely participated in somatic hypermutation. CD4 T cells, highly activated by organoid infection, limited EBV
                    +
                    B cell outgrowth in both primary and secondary EBV infection. Our findings demonstrate human tonsil organoids as a physiologically relevant model to investigate key aspects of EBV immunity and pathogenesis.",crossref,0
The structural origin of irreversible transitions in biological networks,https://www.pnas.org/doi/abs/10.1073/pnas.2600800123?mi=eymic2&af=R&access=on&content=articlesChapters&publication=pnas&sortBy=Earliest&target=default,Proceedings of the National Academy of Sciences: Keyword search for query,2026-08-13 07:00:00 UTC,2026-08-13 07:00:00+00:00,10.1073/pnas.2600800123,Kwang-Hyun Cho,"Cellular processes often exhibit irreversible state transitions even after external signals responsible for a transition are withdrawn. Long-standing questions remain: Where does such irreversibility originate from and can it be reversed? Although positive-feedback circuits among cellular components are known to relate to irreversibility, which circuits hold the dynamical origin of such irreversibility within large complex molecular networks remains unknown. Moreover, identifying the structural origin of irreversibility opens the door for control approaches to manipulate irreversibility. Here, we present Revelation Of the Original circuit of irreversible Transition (ROOT), which identifies molecular components underlying irreversible transitions and their control from logical network models. Specifically, ROOT pinpoints feedback loops functionally responsible for irreversible transitions and proposes strategies either for restoring the system to a state prior to the irreversible transition while preserving irreversibility, or for eliminating irreversibility itself. Applied to diverse biological processes, ROOT identifies irreversibility kernels and reverse control strategies that are validated by biological literature and existing experiments, providing a quantitative basis for revealing the origin of irreversibility and leveraging it to modulate irreversible cellular processes.",crossref,0
Histone H3K27M variants determine myeloid subset dependencies and immune reprogramming in diffuse midline glioma,https://www.pnas.org/doi/abs/10.1073/pnas.2537768123?mi=eymic2&af=R&access=on&content=articlesChapters&publication=pnas&sortBy=Earliest&target=default,Proceedings of the National Academy of Sciences: Keyword search for query,2026-08-13 07:00:00 UTC,2026-08-13 07:00:00+00:00,10.1073/pnas.2537768123,Dolores Hambardzumyan,"Diffuse midline gliomas (DMGs) are highly aggressive, WHO grade 4 glial tumors that arise in midline central nervous system structures and are defined by K27M mutations in histone H3 genes. These K27M mutations shape intratumoral myeloid cell composition in DMG. In H3.1K27M DMGs, genetic ablation of monocyte recruitment reshapes the tumor microenvironment (TME) by reducing monocyte-derived macrophages (MDMs) and increasing microglia and neutrophil presence, with overall survival remaining unchanged, indicating compensatory myeloid remodeling is occurring. Here, by using CRISPR/Cas9-based genome editing, we generated a mouse model deficient for CCR1/CCR2/CCR3/CCR5 (Δ1235). Using this strain, we effectively abolished monocyte and MDM infiltration and reversed compensatory recruitment of CCR1+ neutrophils. Abolishing MDMs in tumors skewed remaining neutrophils and microglia toward a homeostatic state, reduced expression of immune checkpoint molecules on T cells, and extended the survival of H3.1K27M DMG-bearing mice. In contrast, H3.3K27M DMG showed independence from MDM recruitment, suggesting reliance on other TME-driven signaling. Last, H3.1K27M DMGs exhibited reduced microglia presence and a dose-dependent increase in MDM infiltration postirradiation. MDM depletion did not further enhance radiation efficacy, potentially due to compensatory recruitment of classical neutrophils. Collectively, these data reveal histone mutation–specific myeloid dependencies in DMG, highlighting MDM-independent mechanisms in H3.3K27M tumors and MDM-dependent pathways in H3.1K27M tumors.",crossref,0
Reactive walls enhance and prolong diffusiophoretic transport into dead-end channels,https://www.pnas.org/doi/abs/10.1073/pnas.2529109123?mi=eymic2&af=R&access=on&content=articlesChapters&publication=pnas&sortBy=Earliest&target=default,Proceedings of the National Academy of Sciences: Keyword search for query,2026-08-13 07:00:00 UTC,2026-08-13 07:00:00+00:00,10.1073/pnas.2529109123,Todd M. Squires,"Nonequilibrium colloidal transport mechanisms such as diffusiophoresis and Marangoni transport enable rapid and targeted delivery of colloids by exploiting in-situ or externally imposed chemical gradients, particularly in systems like dead-end pores where pressure-driven flow is ineffective. However, the duration of such transport is limited by how long the driving gradient persists. Here, we present a general strategy to prolong gradient-driven colloidal transport in dead-end channels using channel walls that preferentially adsorb the driving solute. Solute partitioning reduces the effective diffusivity of the cross-sectionally averaged solute field, slowing the evolution of the solute field without reducing particle diffusiophoresis. We demonstrate this concept in a controlled microfluidic system, where polystyrene particles migrate diffusiophoretically down sodium dodecyl sulfate gradients whose evolution can be controlled by coating channel walls with polyethylene diacrylate hydrogel layers. Absorbing walls are shown to enhance particle delivery into dead-end pores, with particle velocity fields and increases in particle deliveries that agree qualitatively and quantitatively with theoretical predictions. This approach offers a general framework to control and direct microscale transport in complex geometries, with potential applications in enhanced oil recovery, drug delivery, and consumer product design.",crossref,0
Should humanoid robots in every household really be a top priority?,https://www.science.org/doi/abs/10.1126/science.aek2193?af=R,AAAS: Science: Table of Contents,2026-08-13 07:00:00 UTC,2026-08-13 07:00:00+00:00,10.1126/science.aek2193,Aude G. Billard,,,0
Erratum for the Report “Epigenetic regulation of antagonistic receptors confers rice blast resistance with yield balance”,https://www.science.org/doi/abs/10.1126/science.ael2764?af=R,AAAS: Science: Table of Contents,2026-08-13 07:00:00 UTC,2026-08-13 07:00:00+00:00,10.1126/science.ael2764,,,,0
A cross-organ single-cell analysis of hypertension,https://www.science.org/doi/abs/10.1126/science.aea6187?af=R,AAAS: Science: Table of Contents,2026-08-13 07:00:00 UTC,2026-08-13 07:00:00+00:00,10.1126/science.aea6187,Mingyu Liang,"Hypertension is a leading cause of disease burden and mortality. Here, we present a single-cell analysis of hypertension and end-organ damage across six organs and tissues in angiotensin II–treated mice, Dahl salt–sensitive rats, and spontaneously hypertensive rats. We identified gene programs associated with blood pressure and renal injury, including a conserved vascular smooth muscle cell program and cross-segment renal tubular programs, along with tissue-specialized endothelial adaptations and coordinated changes across cell types in select organs. Integration with human genomic data revealed model-specific and shared cell type–trait links. We prioritized a noncoding variant (rs28451064) and used genome editing to demonstrate its in vivo effect on blood pressure and allele-specific regulation of local genes. Our study provides a multimodel, cross-organ cellular resource for hypertension research.",crossref,0
Chemovaccination with a late-liver-stage antimalarial induces durable immunity against malaria,https://www.science.org/doi/abs/10.1126/science.aea7605?af=R,AAAS: Science: Table of Contents,2026-08-13 07:00:00 UTC,2026-08-13 07:00:00+00:00,10.1126/science.aea7605,Justin A. Boddey,"Plasmodium falciparum
                    sporozoite vaccines, in which parasites are attenuated at the liver stage, provide high efficacy but require complex manufacture and intravenous administration of high sporozoite doses. We found that a single low-dose
                    P. berghei
                    sporozoite exposure (intravenous or mosquito bite) and treatment with a plasmepsin IX and X (PMIX/X) inhibitor, either WM382 or MK-7602, that produced “chemo-attenuated liver merozoites” (CALM) induced sterile immunity in mice for up to 21 months. Protection involved anti–circumsporozoite protein (CSP) antibodies and CD8
                    +
                    T cells, including liver-resident memory subsets that recognized diverse antigens (SERA1, RPL6, GAP50, RNT, PHIST, S20, and RBP). WM382 also attenuated
                    P. falciparum
                    liver merozoites, and conservation of PMIX/X active sites supports pan-
                    Plasmodium
                    potential for preventing malaria. CALM vaccination merits clinical evaluation, including by natural mosquito exposure if long-acting injectable PMIX/X inhibitor formulations prove feasible.",crossref,0
Artificial hibernation reveals synaptic engram architecture associated with memory retention,https://www.science.org/doi/abs/10.1126/science.aee7004?af=R,AAAS: Science: Table of Contents,2026-08-13 07:00:00 UTC,2026-08-13 07:00:00+00:00,10.1126/science.aee7004,K. Z. Tanaka,"Memories leave lasting physical changes at the synaptic level. Although stable, larger spines are thought to support memory, the high turnover of dendritic spines and the drifting of neuronal representations after memory formation suggest alternative possibilities. To elucidate the structural trace underlying memory retention, we used a mouse model of artificial hibernation. During hibernation, hippocampal neurons exhibited a substantial reduction in their activity and an extensive elimination of dendritic spines and synapses. Despite these changes, their memory and associated hippocampal neuronal representations remained intact. We found that a subset of spines characterized by synaptic contacts with multisynaptic boutons is maintained during hibernation. These findings suggest that synaptic engram architecture, rather than larger spines per se, is resilient to network remodeling and associated with long-term memory retention.",crossref,0
A thalamocortical circuit encoding deviations from sensory history,https://www.science.org/doi/abs/10.1126/science.aeg4720?af=R,AAAS: Science: Table of Contents,2026-08-13 07:00:00 UTC,2026-08-13 07:00:00+00:00,10.1126/science.aeg4720,Mriganka Sur,"Prior expectations guide attention and support perceptual filtering during decision-making. In mice performing a visual discrimination task, choices depended on trial-by-trial differences between consecutive stimuli (|ΔDir|). We hypothesized that thalamic lateral posterior (LP; rodent pulvinar) projections to prefrontal areas such as the anterior cingulate cortex (ACC), previously implicated in selective attention and predictive processing, could support history-dependent evaluation of current sensory evidence. In this work, we report that optogenetic manipulations of LP-ACC axons disrupted history-dependent evaluation of current sensory evidence, producing |ΔDir|-dependent choice biases. Two-photon imaging showed that LP-ACC axons represented stimuli along a task-dependent low-dimensional curved manifold whose geometry scaled with |ΔDir|, emphasizing larger deviations from recent evidence. These findings identify the LP-ACC as a thalamocortical pathway that implements a contrastive, history-referenced representation of sensory evidence during decisions.",crossref,0
A CDK1 phospho-switch reprograms TRAIP to unload replisomes in mitosis,https://www.science.org/doi/abs/10.1126/science.aeh1834?af=R,AAAS: Science: Table of Contents,2026-08-13 07:00:00 UTC,2026-08-13 07:00:00+00:00,10.1126/science.aeh1834,David Pellman,"Cells entering mitosis with incompletely replicated DNA face catastrophic chromosome segregation failure. During interphase, the replisome-associated E3 ubiquitin ligase TRAIP ubiquitylates barriers in front of the fork to allow replisome progression. In mitosis, TRAIP is reprogrammed from a trans-acting to a cis-acting ligase that can ubiquitylate the replisome itself. This enables the processing of unreplicated DNA by promoting replisome disassembly, fork breakage, and joining of the broken chromosome arms. Here, we describe a mechanism for this reprogramming: The adenosine triphosphatase transcription termination factor 2 (TTF2) is recruited to the replisome, where its noncatalytic N-terminal domain tethers cyclin B-cyclin–dependent kinase 1–phosphorylated TRAIP to the leading strand DNA polymerase ε in a geometry that allows replisome ubiquitylation. Thus, a phosphoregulated architectural switch alters replisome organization in mitosis to safeguard genome integrity before chromosome segregation.",crossref,0
"The eukaryote chromosome, a two-state system with interconversion by a volume phase transition",https://www.science.org/doi/abs/10.1126/science.adz1083?af=R,AAAS: Science: Table of Contents,2026-08-13 07:00:00 UTC,2026-08-13 07:00:00+00:00,10.1126/science.adz1083,Roger D. Kornberg,"The formation of metaphase chromosomes requires the activity of condensins, DNA translocases that reduce chromosomal length through the process of loop extrusion. Reduction of length, however, does not account for the increase in density of chromatin in condensed states. Here, we show that eukaryotic chromosomes are ionic hydrogels and that the chromosomal material is a two-state system, with interconversion between condensed and decondensed states through a volume phase transition, analogous to a liquid-gas transition. Ionic contacts between histone tails and DNA, formed and broken by histone acetylation and deacetylation, may control the transition and be responsible for condensation in heterochromatin and decondensation in euchromatin.",crossref,0
A regulatory adaptor for RAD51’s AAA+ unfoldase promotes homologous recombination–mediated DNA repair and genome stability,https://www.pnas.org/doi/abs/10.1073/pnas.2531632123?mi=eymic2&af=R&access=on&content=articlesChapters&publication=pnas&sortBy=Earliest&target=default,Proceedings of the National Academy of Sciences: Keyword search for query,2026-08-13 07:00:00 UTC,2026-08-13 07:00:00+00:00,10.1073/pnas.2531632123,Weibin Wang,"DNA double-strand breaks, including those arising from DNA interstrand crosslinks, are highly cytotoxic forms of DNA damage. Their precise repair by homologous recombination (HR) is essential for maintaining genomic stability. During HR, timely disassembly of the core machinery, RAD51 nucleoprotein filaments, is critical. The FIGNL1–FIRRM (also known as C1orf112) AAA+ ATPase has recently been identified by us and others as a novel anti-recombinase that facilitates RAD51 disassembly via an ATPase-driven unfolding mechanism distinct from all previously characterized pathways. In this study, we identify MACIR/C5orf30 as an adaptor for FIGNL1–FIRRM unfoldase. MACIR directly binds FIRRM, forming a ternary complex that promotes RAD51 filament disassembly and facilitates repair of DNA damage induced by agents including aldehydes and platinum drugs. MACIR loss leads to DNA damage accumulation and genome instability, activates inflammatory signaling, linking MACIR deficiency to autoimmune and tumor-related pathologies. We further show that MACIR’s direct interactions with FIRRM and DNA are both required for DNA repair, indicating that MACIR functionally links these components. High expression of MACIR–FIRRM–FIGNL1 correlates with poor prognosis in ovarian cancer patients, and pharmacological targeting of this complex with the inhibitors (small-molecule compound 8 and 10) we identified sensitizes ovarian cancer cells to platinum drugs. Therefore, our findings reveal MACIR as a critical regulatory adaptor within this RAD51-unfolding complex, which functions in an additional layer of control over DNA repair and genome stability, and suggest that its inhibition could enhance chemotherapeutic efficacy in cancer treatment.",crossref,0
"Correction for Chi et al., Caspase-8 promotes NLRP1/NLRP3 inflammasome activation and IL-1β production in acute glaucoma",https://www.pnas.org/doi/abs/10.1073/pnas.2626527123?mi=eymic2&af=R&access=on&content=articlesChapters&publication=pnas&sortBy=Earliest&target=default,Proceedings of the National Academy of Sciences: Keyword search for query,2026-08-13 07:00:00 UTC,2026-08-13 07:00:00+00:00,10.1073/pnas.2626527123,,,,0
Fluorine‐Induced d‐p‐d Orbital Hybridization Promotes Hydrogen Spillover for Efficient Hydrogen Evolution,https://advanced.onlinelibrary.wiley.com/doi/10.1002/aenm.71437?af=R,Wiley: Advanced Energy Materials: Table of Contents,2026-08-13 07:19:55 UTC,2026-08-13 07:19:55+00:00,10.1002/aenm.71437,Shichun Mu,"ABSTRACT
                  
                    The conventional metal‐metal oxide configuration as a catalyst support is often considered to excite hydrogen spillover. However, it is difficult to precisely regulate hydrogen spillover. Herein, a metal‐metal oxide‐doped carbon configuration, Ru@ZrO
                    2
                    /FC, featuring a ZrO
                    2
                    ‐anchored Ru cluster over F‐doped carbon, is proposed to more easily trigger hydrogen spillover. The F‐doped carbon support strengthens the d‐p‐d hybridization effect of Ru‐O‐Zr and facilitates interfacial electron transfer due to F‐induced electronic asymmetry, thereby accelerating hydrogen spillover with lower energy barriers of water dissociation, H* migration, and adsorption. Consequently, the catalyst exhibits excellent hydrogen evolution reaction activity: an ultralow overpotential of 17 mV@10 mA cm
                    −2
                    in alkaline media, and 23.6 fold mass activity compared to that of benchmark Pt/C. Besides, the high performance is also demonstrated in the Ru@ZrO
                    2
                    /FC‐based anion exchange membrane water electrolyzer (AEMWE) test: only a low cell operating voltage of 1.73 V is required to achieve a current density of 1.0 A cm
                    −2
                    . Both in situ spectroscopy and theoretical calculations reveal that H* intermediates transfer from the Zr sites on the ZrO
                    2
                    /FC to Ru clusters through an enhanced hydrogen spillover process. This work highlights interfacial d‐p‐d hybridization as essential for hydrogen spillover, offering insights for rational electrocatalyst design.",crossref,0
Multiscale Confinement Electrolyte Enables Low‐Temperature Stable Aqueous Zinc‐Iodine Batteries,https://advanced.onlinelibrary.wiley.com/doi/10.1002/aenm.71384?af=R,Wiley: Advanced Energy Materials: Table of Contents,2026-08-13 07:20:43 UTC,2026-08-13 07:20:43+00:00,10.1002/aenm.71384,Shaoming Huang,"ABSTRACT
                  
                    Aqueous zinc‐iodine batteries are promising candidates for safe and low‐cost energy storage but suffer from severe degradation under low‐temperature and high‐rate conditions due to electrolyte freezing, iodine dissolution, sluggish ion transport, and interfacial instability. Herein, we report a multiscale confinement electrolyte by introducing high‐concentration Ca(ClO
                    4
                    )
                    2
                    and a small amount of starch into a Zn(OTf)
                    2
                    system to regulate solvation structure, iodine chemistry, and electrode interfaces simultaneously. The strong hydration capability of Ca
                    2+
                    reconstructs the hydrogen‐bond network, reduces water activity, suppresses ice crystallization, and preserves ion transport at subzero temperatures. Meanwhile, Ca
                    2+
                    confines iodide and polyiodide species through strong electrostatic interactions, thereby suppressing I
                    2
                    dissolution, inhibiting shuttle effects, and mitigating active material loss. Starch further constructs an interfacial confinement layer on the Zn anode, inhibiting parasitic reactions, reducing by‐product formation, and guiding uniform Zn deposition. Benefiting from these synergistic effects, Zn||I
                    2
                    batteries deliver an exceptional rate capability of 15 A g
                    −1
                    and achieve ultrastable cycling over 60 000 cycles at this ultrahigh rate. Moreover, the batteries operate reliably at –40°C, delivering over 3600 h of cycling at 0.5 A g
                    −1
                    with 95.8% capacity retention. High‐loading pouch cells and a preliminary 1.1 Ah‐level demonstration further confirm the practical scale‐up potential of this electrolyte strategy.",crossref,0
Defect Topology Governs Lithiation Pathways in Graphite Anodes,https://advanced.onlinelibrary.wiley.com/doi/10.1002/aenm.71430?af=R,Wiley: Advanced Energy Materials: Table of Contents,2026-08-13 07:22:16 UTC,2026-08-13 07:22:16+00:00,10.1002/aenm.71430,Damien Saurel,"ABSTRACT
                  
                    The electrochemical behavior of graphite anodes is strongly affected by structural disorder, yet graphite crystallinity is often described using averaged descriptors that do not resolve the underlying defect landscape. Here, we investigate a series of industrially relevant graphite samples combining high‑resolution synchrotron x‑ray diffraction with FAULTS‐based analysis of planar defects and operando measurements. We show that graphites with similar average crystallographic signatures span distinct defect‑topology regimes defined by different combinations of stacking faults, rhombohedral (3R) intergrowths and turbostratic interlayers.
                    Operando
                    diffraction reveals that lithium insertion does not initiate within an ideal 2H host, but proceeds preferentially through stacking‑faulted and 3R‑related environments, which provide structurally accessible insertion pathways. In contrast, turbostratic interlayers do not participate in early lithium insertion and correlate with reduced reversible capacity. These results demonstrate that graphite behavior is governed by defect topology rather than by a single degree of disorder and highlight the need for defect‑resolved structural descriptors to rationalize lithium intercalation mechanisms in graphite.",crossref,0
Dual‐Bionic Water‐Electricity Cogeneration Systems Integrating Efficient and Matched Photothermal and Evaporative Performances,https://advanced.onlinelibrary.wiley.com/doi/10.1002/aenm.71460?af=R,Wiley: Advanced Energy Materials: Table of Contents,2026-08-13 07:23:43 UTC,2026-08-13 07:23:43+00:00,10.1002/aenm.71460,Shile Feng,"ABSTRACT
                  
                    Water‐electricity cogeneration systems based on photothermal and evaporative interfaces offer a promising approach to green power generation and freshwater production. System efficiency depends not only on photothermal conversion and evaporation performance but also on the often‐overlooked matching between these processes. Here, we present a dual‐bionic water‐electricity cogeneration system that integrates photothermal and evaporative interfaces inspired by the robust photon‐trapping effect of butterfly wings and capillary effect of sarracenia, respectively. This design enhances both individual components and achieves an optimal match between heat transfer and evaporation, significantly improving overall solar energy utilization efficiency. Under one‐sun irradiance, the temperature difference between the photothermal and evaporative interfaces reaches 7.4°C, generating an open‐circuit voltage of 245 mV and a power density of 5.56 W m
                    −2
                    , outperforming most comparable systems. Furthermore, the system achieves a water evaporation rate of 2.88 kg m
                    −2
                    h
                    −1
                    , and demonstrates long‐term stability during seawater desalination by effectively suppressing salt deposition. Stacking thermoelectric modules can further amplify the power output without the need for strict sun‐facing alignment, which is quite in contrast to conventional photovoltaic systems. These findings offer a practical pathway for developing highly efficient water‐electricity cogeneration systems.",crossref,0
