title,link,source,published_str,pub_date,doi,last_author,abstract,abstract_source,must_have_abstract
Intrinsic plasmon canalization in the biaxial van der Waals crystal MoOCl2,https://www.nature.com/articles/s41565-026-02243-9,Nature Nanotechnology,2026-08-03 00:00:00 UTC,2026-08-03 00:00:00+00:00,10.1038/s41565-026-02243-9,Antonio Ambrosio,"Anisotropic polaritons in low-symmetry crystals allow for subwavelength confinement and directional routing of light. The most extreme form of such anisotropy arises at the topological transition between elliptical and hyperbolic dispersion, where the isofrequency contours collapse into parallel lines and polaritons propagate in a diffractionless, beam-like fashion. This canalization regime has previously been accessed through twisted heterostructures or engineered metasurfaces. Here we show that intrinsic canalization can be achieved without any fabrication or structuring by exploiting the intrinsic elliptical-to-hyperbolic transition in the van der Waals crystal MoOCl2 at room temperature. Using near-field imaging, we directly visualize plasmon-polariton canalization emerging at the low-loss Drude crossing point along the [010] crystal axis. Owing to the moderate slope of the Drude permittivity, the resulting polaritons remain highly directional across a broad spectral window. This weak dispersion also enables robust thickness-dependent tuning, and we demonstrate, both experimentally and theoretically, that the canalization wavelength can be adjusted by more than 1 μm simply by varying the flake thickness. This work brings canalized polariton propagation into the 4.5–6 μm range, beyond the frequency limits of phonon–polariton platforms and overlapping with important molecular vibrations, opening new opportunities for mid-infrared nanophotonics and sensing.",nature_html,0
Universal entanglement growth along imaginary time in quantum critical systems,https://www.nature.com/articles/s41467-026-75645-x,Nature Communications,2026-08-03 00:00:00 UTC,2026-08-03 00:00:00+00:00,10.1038/s41467-026-75645-x,Zi-Xiang Li,"Characterizing universal entanglement features in higher-dimensional quantum matter is a central challenge in quantum information science and condensed matter physics. While subleading corner terms in two-dimensional systems encode the essential fingerprints of the underlying conformal field theory, accessing these features remains notoriously difficult compared to the well-understood one-dimensional case. Here, we uncover a universal non-equilibrium scaling law governing imaginary-time entanglement dynamics. We demonstrate that for 2D quantum critical points, the corner entanglement grows logarithmically with imaginary time, with a coefficient dictated solely by the universality class. By validating this framework through large-scale Quantum Monte Carlo simulations, we definitively resolve the entanglement structure of the interacting Gross-Neveu-Yukawa critical point, revealing significant interaction-driven deviations from free-fermion theories. Crucially, our approach extracts high-precision universal data from the early stages of relaxation, thereby bypassing the prohibitive computational bottlenecks of full equilibrium convergence. This work establishes a direct bridge between non-equilibrium critical phenomena and entanglement spectroscopy, providing a robust theoretical blueprint for applications on both classical numerical computation and emerging quantum hardware.",nature_html,0
Global vulnerability assessment of mobile telecommunications infrastructure to climate hazards using crowdsourced open data,https://www.nature.com/articles/s41467-026-76197-w,Nature Communications,2026-08-03 00:00:00 UTC,2026-08-03 00:00:00+00:00,10.1038/s41467-026-76197-w,Jim W. Hall,"Climate change is intensifying coastal flooding, riverine flooding and tropical cyclones, yet risks to telecommunications infrastructure remain poorly quantified despite growing societal dependence on digital connectivity. We present a global, event-based geospatial assessment of mobile cellular infrastructure vulnerability, combining open crowdsourced asset data with global climate hazard models under historical conditions and future scenarios, RCP4.5 and RCP8.5. We analyse approximately 17 million mobile basestations worldwide, estimating exposure and direct damage across extreme-event return periods. Under RCP8.5 in 2050, a 0.1% annual probability tropical cyclone event affects an estimated 3.7 million basestations, causing USD 4.22 billion in direct damage. Under RCP8.5 in 2080, equivalent coastal flooding affects 268,000 basestations, causing USD 6.44 billion in damage. Riverine flooding affects more assets globally, approximately 2.8 million, but damages remain broadly stable at USD 46–47 billion. Telecommunications infrastructure assets should therefore be systematically incorporated into climate risk assessments.",nature_html,0
Seismic evidence for lower-mantle heat supply beneath the Cordilleran slab window in western Canada,https://www.nature.com/articles/s41467-026-76194-z,Nature Communications,2026-08-03 00:00:00 UTC,2026-08-03 00:00:00+00:00,10.1038/s41467-026-76194-z,Clément Estève,"Divergent plate boundaries drive magmatism and plate spreading, yet their role in whole-mantle convection remains unclear, as most systems are submarine. When spreading centres subduct, slab windows open pathways for asthenospheric and potentially deeper mantle upwelling. Here we use 20 years of teleseismic P-to-S receiver functions from 429 stations to map the 410 and 660 km discontinuities beneath western Canada. Common-conversion-point stacking reveals coherent double depressions across a slab window formed by the subducted Resurrection/Farallon Ridge system, in contrast to the adjacent craton. Mineral physics and seismic tomography constraints indicate mantle transition zone temperature anomalies of 100-300 K that follow the slab-window geometry. Monte Carlo estimates of constrained whole-mantle geotherms further suggest a warmer-than-average lower mantle. Together, these observations suggest that the fossil slab window provides a conduit for lower-mantle heat into the upper mantle and lithosphere, contributing to long-term uplift of the Canadian Cordillera.",nature_html,0
Author Correction: GGCX promotes Eurasian avian-like H1N1 swine influenza virus adaption to interspecies receptor binding,https://www.nature.com/articles/s41467-026-76172-5,Nature Communications,2026-08-03 00:00:00 UTC,2026-08-03 00:00:00+00:00,10.1038/s41467-026-76172-5,Hongbo Zhou,"In the original version of this Article, a copy-and-paste error occurred during the normalization of the body weight data in Figure 2c, resulting in the duplication of data for the Mock and PBS control groups.",openalex,1
Electronically neighbored redox active sites on polymeric carbon nitride for efficient photocatalysis pairing selective CO2 reduction and 5-hydroxymethylfurfural oxidation,https://academic.oup.com/nsr/advance-article/doi/10.1093/nsr/nwag470/8750257?rss=1,National Science Review Advance Access,2026-08-03 00:00:00 UTC,2026-08-03 00:00:00+00:00,10.1093/nsr/nwag470,Shaohua Shen,"Cooperatively integrating CO2 reduction reaction (CO2RR) with selective organic oxidation reaction presents an attractive opportunity to simultaneously utilize photogenerated holes and electrons to realize the production of carbon-based fuels and value-added chemicals. Herein, electronically neighbored redox active sites of Cu single atoms (Cu SAs) and ultrasmall oxygen-deficient cobalt oxide (CoOV) clusters are loaded onto polymeric carbon nitride (CN) for photocatalytic CO2RR coupling with 5-Hydroxymethylfurfural oxidation reaction (HMFOR). The obtained CoOV-CuCN photocatalyst achieves a high performance for CO and 5-hydroxymethyl-2-furancarboxylic acid (HMFCA) production at the rate of 49.6 and 34.7 μmol g−1 h−1, affording the high selectivity of 91.6% and 81.6%, respectively. Spectral investigations and theoretical calculations reveal that the CoOV sites would upshift the d-band center of neighboring Cu SAs towards the Fermi level, which stabilizes the *COOH intermediate on Cu SAs and thereby promotes the CO2-to-CO conversion; moreover, the oxygen vacancies (OV) could trigger the charge redistribution at CoOV sites for efficient HMF adsorption and oxidation for HMFCA production. This work provides a reliable strategy for the rational design of surface active sites with modulated geometric and electronic configurations for paired redox photocatalysis and also paves an alternative way to promote the economic benefits and the technology upgrading of solar energy conversion and utilization.",rss_oup,0
"A climate-sensitive, contemporary multi-sphere bacterial metacommunity across the Tibetan Plateau",https://academic.oup.com/nsr/advance-article/doi/10.1093/nsr/nwag463/8750262?rss=1,National Science Review Advance Access,2026-08-03 00:00:00 UTC,2026-08-03 00:00:00+00:00,10.1093/nsr/nwag463,Tandong Yao,"The Tibetan Plateau hosts interacting atmospheric, glacier, river, lake, and soil ecosystems, yet the organization and climatic sensitivity of their bacterial communities remain unclear. Here, we compiled a 16S rRNA gene dataset of 3373 samples across five ecosystems and nine habitats. More than 94% of Operational Taxonomic Units occurred in at least two ecosystems, and ~6% in all five, thus revealing a metacommunity in which aerosols seed glacier microbiomes, and glaciers act as sinks, filters, and relays, exporting microbes to rivers, lakes, and soils. Nevertheless, community uniqueness and core microbiomes demonstrate robust habitat filtering and distinct biogeographic fingerprints. Mean annual precipitation exerts more potent effects on richness and community uniqueness than temperature or solar radiation, but exerts opposite influences on bacterial beta diversity in glacier versus downstream ecosystems. These findings provide novel insights into microbial interconnectedness and climate sensitivity in the Tibetan Plateau.",rss_oup,0
Negatively charged cavity engineering in metal-organic clusters for efficient photocatalytic C–P coupling,https://academic.oup.com/nsr/advance-article/doi/10.1093/nsr/nwag467/8750263?rss=1,National Science Review Advance Access,2026-08-03 00:00:00 UTC,2026-08-03 00:00:00+00:00,10.1093/nsr/nwag467,Ya-Qian Lan,"Photocatalytic cross-dehydrogenative C–P coupling is a promising and environmentally sustainable method for the synthesis of important phosphides. The development of effective photocatalysts capable of regulating the formation and release of reactive intermediates is crucial for enhancing the efficiency and selectivity of target products; but it remains an extremely challenging task. In this study, we designed and scale-up synthesized an atomically precise Co4 cluster photocatalyst with a well-defined negatively charged cavity that can be used to effectively stabilize cationic intermediates during a one-pot sequential C–P coupling reaction. This unique Co4 cluster enables the homogeneous synthesis of hydroxylated N-aryl-tetrahydroisoquinoline (N-aryl-THIQ) products with a yield as high as 99% through photothermal catalytic oxidation of molecular oxygen (O2). Subsequently, these hydroxylated products act as stable reservoirs for reactive iminium cation intermediates, which effectively promote the heterogeneous nucleophilic substitution reaction of equimolar substrates under non-illumination conditions, achieving THIQ phosphides with an optimized yield exceeding 95%. More importantly, the employed photocatalytic strategy ensures the quantitative recovery of Co4 through recrystallization and enables the preparation of phosphide products over 10-gram via cyclic reactions. The experimental results (co-crystal structure of the Co4 unit with the intermediate product, UV-vis titration, XPS, and ESR characterizations) combined with DFT calculations disclosed that the negatively charged cavity in the Co4 cluster is instrumental in mediating reactive species through electrostatic and π-conjugated interactions, resulting in hydroxylation and nucleophilic substitution reactions. This work pioneers the negatively charged cavity engineering in catalysts, which efficiently mediates cationic intermediates, thereby enabling highly efficient photocatalytic C–P coupling reactions.",rss_oup,0
"EEG-FM-Compass: Progress, Benchmarking, and Future Directions for EEG Foundation Models",https://academic.oup.com/nsr/advance-article/doi/10.1093/nsr/nwag466/8750569?rss=1,National Science Review Advance Access,2026-08-03 00:00:00 UTC,2026-08-03 00:00:00+00:00,10.1093/nsr/nwag466,Dongrui Wu,"Electroencephalography (EEG) foundation models (FMs) have recently emerged as a promising paradigm for brain-computer interfaces, aiming to learn transferable neural representations from large-scale heterogeneous recordings. Despite rapid progress, a fair and comprehensive comparison of existing EEG FMs is still lacking, owing to inconsistent pre-training objectives, preprocessing choices, and downstream evaluation protocols. To fill this gap, we present EEG-FM-Compass. We first review 55 representative models and organize their design choices into a unified taxonomic framework including data standardization, model architectures, and self-supervised pre-training strategies. We then evaluate 12 open source FMs and competitive specialist baselines across 13 EEG datasets spanning nine brain-computer interface paradigms. Emphasizing real-world deployments, we consider both cross-subject generalization under a leave-one-subject-out protocol and rapid calibration under a within-subject few-shot setting. We further compare full-parameter fine-tuning with linear probing to assess the transferability of pre-trained representations, and examine the relationship between model scale and downstream performance. Our results indicate that: 1) linear probing is frequently insufficient; 2) specialist models trained from scratch remain competitive across many tasks; and 3) larger FMs do not necessarily yield better generalization performance under current data regimes and training practices.",rss_oup,0
Engineered interfaces in electronic materials for energy-efficient computing,https://www.nature.com/articles/s41578-026-00949-9,Nature Reviews Materials,2026-08-03 00:00:00 UTC,2026-08-03 00:00:00+00:00,10.1038/s41578-026-00949-9,Asir Intisar Khan,"The rapid expansion of data-centric technologies has made energy-efficient computing a technological and societal priority. Modern systems consume energy not only through computation but also through data movement between logic and memory, resistive losses in interconnects and heat removal. These energy costs intensify as devices shrink and integration density increases. Architectural strategies such as three-dimensional integration reduce latency and increase functional density by bringing memory and logic closer together. Yet further scaling is progressively constrained by materials functionality at interfaces, rather than by bulk properties. In this Perspective, we argue that transport within the first few atomic layers at material boundaries will determine the efficiency and scalability of future electronic devices. First, we outline four governing principles of interface engineering: electrostatics, electronic hybridization, boundary-dominated transport and thermal and structural stability. We then derive design rules and use representative device examples to show how engineered interfaces control switching energy, electrical conduction, heat dissipation and reliability. Finally, we consider the need for low-temperature materials synthesis, interface-sensitive metrology and uncertainty-aware predictive modelling to facilitate future advances in energy-efficient computing.",nature_html,0
Author Correction: Maturation and circuit integration of transplanted human cortical organoids,https://www.nature.com/articles/s41586-026-10943-4,Nature,2026-08-03 00:00:00 UTC,2026-08-03 00:00:00+00:00,10.1038/s41586-026-10943-4,Sergiu P. Paşca,"In the version of this article initially published, due to a figure preparation error, the mPFC panel in Fig. 5a was an inadvertent duplicate of the Fig. 5a A1 panel. The figure is now revised in the HTML and PDF versions of the article.",openalex,1
Gasdermin D-mediated delivery of caspase inhibitors to suppress pyroptosis,https://www.nature.com/articles/s41586-026-10957-y,Nature,2026-08-03 00:00:00 UTC,2026-08-03 00:00:00+00:00,10.1038/s41586-026-10957-y,Vishva M. Dixit,"Caspase-1, -4, -5, and -11 activate Gasdermin D (GSDMD) pores, causing pyroptotic cell death and the release of interleukin (IL)-1β and IL-18 1. Blocking this pathway holds therapeutic promise for the treatment of inflammatory disorders, but cell permeable caspase inhibitors have not been successful in clinical trials 2. Here, we describe covalent caspase inhibitors that selectively block pyroptosis and IL-1β secretion despite being excluded from healthy cells. These inhibitors did not prevent caspase-driven apoptosis, implying that GSDMD pores facilitated their uptake. Membrane-impermeable dyes entered the cells rescued from pyroptosis, consistent with transient membrane permeabilization by GSDMD pores. Caspase inhibition prevented rather than delayed cell death, consistent with membrane repair mechanisms neutralizing the initial GSDMD pores. Inhibiting caspase-1 and -11 suppressed IL-1β and IL-18 production in a mouse model of endotoxic shock, underscoring the therapeutic potential of exploiting GSDMD pores for targeted caspase inhibition in inflammatory diseases.",nature_html,0
Retraction Note: An autocatalytic multicomponent DNAzyme nanomachine for tumor-specific photothermal therapy sensitization in pancreatic cancer,https://www.nature.com/articles/s41467-026-75939-0,Nature Communications,2026-08-03 00:00:00 UTC,2026-08-03 00:00:00+00:00,10.1038/s41467-026-75939-0,Hongbo Zhang,"The authors have retracted this article. After publication, the authors identified the following errors in the figures: Fig. 8a duplicated 24 h and 48 h images; Figure 8g, 9c, and 9g image errors and mislabelling; Figure 8h and 9d incorrect data in the plots.",openalex,1
Psychological barriers to improving carbon competence,https://www.nature.com/articles/s41893-026-01900-0,Nature Sustainability,2026-08-03 00:00:00 UTC,2026-08-03 00:00:00+00:00,10.1038/s41893-026-01900-0,Tobias Brosch,"To effectively contribute to the mitigation of climate change, individuals require accurate representations of the greenhouse gas emissions related to climate actions across life domains. Although this carbon competence is generally low, the related psychological barriers remain largely unexplored, and few attempts have been made to improve it. Here we investigate how heuristic and motivated reasoning processes relate to mitigation potential estimates and evaluate corrective interventions. Across three preregistered studies (ntotal = 2,924) we show that low- to medium-impact actions are more frequently adopted than higher-impact actions, and that knowledge about the differential impact of climate actions is limited. Our data suggest that inaccuracies are driven by individuals consistently relying on the availability heuristic and motivated reasoning to form their judgements. To address this, we identify perceived behavioural costs and social prevalence as reasonable proxies of the actual impact of a broad range of climate actions. Leveraging this insight in two corrective boosting interventions and informing about the most impactful climate actions only partly improved impact estimates, with considerable variations across individuals. Accounting for heterogeneity through tailored interventions appears crucial to overcome pervasive psychological barriers to carbon competence on a large scale.",nature_html,0
Self-assembled contacts for high-yield molecular devices,https://www.nature.com/articles/s41565-026-02227-9,Nature Nanotechnology,2026-08-03 00:00:00 UTC,2026-08-03 00:00:00+00:00,10.1038/s41565-026-02227-9,Farnaz Niroui,"With their atomic precision and synthetically tailorable properties, molecules offer new possibilities for emerging computing, sensing, optical and quantum technologies. However, the scalable, damage-free integration of molecules into active devices with atomic-scale control remains a critical challenge due to incompatibility with existing top-down fabrication processes. Here we introduce self-assembled contacts, a strategy in which device structures are first fabricated using standard semiconductor manufacturing processes and subsequently transformed through engineered surface interactions to form self-aligned, pristine interfaces with molecules. We validate this approach by fabricating over 1,000 electrically active metal–molecule–metal devices with yields of up to 99% and stable operation over 105 measurement cycles, even for molecular layers thinner than 1 nm. In situ Raman measurements verified the preservation of molecular integrity. Beyond individual devices, the platform supports system-level integration, which we demonstrate through vector-matrix multiplication, a fundamental operation in neuromorphic computing, implemented in a crossbar array of self-rectified molecular memory devices. Our results establish self-assembled contacts as a scalable platform for integrating molecular functionalities into devices, bridging self-assembly and top-down manufacturing.",nature_html,0
Molecular coordination achieves uniform kesterite absorber film for efficient solar modules,https://www.nature.com/articles/s41563-026-02703-6,Nature Materials,2026-08-03 00:00:00 UTC,2026-08-03 00:00:00+00:00,10.1038/s41563-026-02703-6,Qingbo Meng,"Environmentally benign and earth-abundant kesterite Cu2ZnSn(S,Se)4 (CZTSSe) solar cells have advanced rapidly through solution-based processing. However, scaling from laboratory-scale devices to modules remains a major challenge, largely because complex coordination networks in the precursors hinder the formation of uniform large-area films. Here we show that molecular-level regulation of metal–organic coordination can suppress the formation of cross-linked networks in precursor solutions, promoting efficient solvent removal and uniform selenization and crystallization. This coordination-controlled strategy enables the blade coating of highly homogeneous films over 10 cm2, realizing certified efficiencies of 14.2% for 1 cm2 cells and 13.0% for 10.5 cm2 modules, representing a leap-forward improvement in scalable kesterite photovoltaics. Beyond performance, the provided molecular insights into kesterite solution chemistry facilitate establishing a scalable and low-cost route towards industrial deployment of this thin-film solar technology.",nature_html,0
The EV-A71 RNA-binding protein Matrin 3 facilitates viral replication by stabilizing viral RNA via ZDHHC20-mediated palmitoylation,https://www.pnas.org/doi/abs/10.1073/pnas.2608455123?mi=eymic2&af=R&access=on&content=articlesChapters&publication=pnas&sortBy=Earliest&target=default,Proceedings of the National Academy of Sciences: Keyword search for query,2026-08-03 07:00:00 UTC,2026-08-03 07:00:00+00:00,10.1073/pnas.2608455123,Jianwei Wang,"Enterovirus 71 (EV-A71) is a major causative agent of severe hand, foot, and mouth disease (HFMD) in young children. However, the molecular interplay between EV-A71 and host factors, particularly how these interactions govern viral replication, remains incompletely understood. To systematically identify host factors involved in EV-A71 infection, we performed comprehensive identification of RNA-binding proteins (RBPs) by mass spectrometry (ChIRP-MS) during viral infection and identified 374 host proteins associated with the EV-A71 genomic RNA. Integrative analysis of existing datasets further revealed a broader association between Matrin 3 (MATR3) and enteroviruses, which we functionally validated through gain- and loss-of-function assays, demonstrating that MATR3 acts as a proviral factor essential for efficient EV-A71 replication. Mechanistically, we show that MATR3 specifically binds to the 3′ untranslated region (3′UTR) of EV-A71 RNA via its second RNA recognition motif (RRM2). This interaction promotes RNA-dependent condensate formation of MATR3, thereby enhancing viral RNA stability. Furthermore, MATR3 recruits the host palmitoyltransferase ZDHHC20 to the viral ribonucleoprotein complex, facilitating MATR3 palmitoylation. This posttranslational modification promotes the assembly of a stable ribonucleoprotein complex that cooperatively stabilizes the viral genome and supports efficient replication. Together, this study delineates a mechanistic pathway by which EV-A71 co-opts MATR3 through condensate formation and palmitoylation to stabilize its genomic RNA and promote viral replication, and provides a comprehensive profiling dataset of host proteins associated with EV-A71 RNA.",crossref,0
UV photodamage pathways and the evolutionary selection of thymine over uracil in early genetic systems,https://www.pnas.org/doi/abs/10.1073/pnas.2615278123?mi=eymic2&af=R&access=on&content=articlesChapters&publication=pnas&sortBy=Earliest&target=default,Proceedings of the National Academy of Sciences: Keyword search for query,2026-08-03 07:00:00 UTC,2026-08-03 07:00:00+00:00,10.1073/pnas.2615278123,Peter M. Rentzepis,"The evolutionary selection of thymine over uracil in DNA presents a paradox from a photostability perspective, since thymine is found to be more susceptible to photodamage from the intense UV radiation present on the early Earth. This study addresses this paradox by providing a comparative spectroscopic analysis of thymine and uracil under controlled 265 nm UV irradiation. To that effect, we used steady-state absorption, fluorescence, and Raman spectroscopy to quantify and compare the photochemical behavior and damage kinetics of the two nucleobases. Our results show that thymine is inherently more photoreactive than uracil, exhibiting a faster overall rate of photodamage, a broader absorption band that increases spectral overlap with the primordial UVC spectrum, and a redshifted absorption maximum located in a spectral region where solar intensity was substantially higher. However, kinetic analysis of lesion pathways reveals that thymine forms irreversible (6-4) photoproducts at a significantly lower rate than uracil, instead directing UV-induced damage primarily toward the reversible cyclobutane pyrimidine dimer pathway. These findings support the hypothesis that canonical nucleobases were evolutionarily optimized not to minimize photodamage but to localize damage within the bases and direct lesion formation toward reversible pathways amenable to nonenzymatic self-repair.",crossref,0
The dynamic and heterogeneous structure of the non-canonical inflammasome,https://www.pnas.org/doi/abs/10.1073/pnas.2613431123?mi=eymic2&af=R&access=on&content=articlesChapters&publication=pnas&sortBy=Earliest&target=default,Proceedings of the National Academy of Sciences: Keyword search for query,2026-08-03 07:00:00 UTC,2026-08-03 07:00:00+00:00,10.1073/pnas.2613431123,Lewis E. Kay,"Inflammasomes are high-molecular-weight complexes that play integral roles in the innate immune system, triggering an inflammatory cascade to protect against cellular stresses such as pathogenic bacteria. Both canonical and non-canonical inflammasomes have been described in the literature and detailed structural studies of many components of the more complex and larger canonical versions have been reported. In contrast, corresponding structures of the non-canonical inflammasome have not emerged even though it consists of only two components: lipopolysaccharide (LPS) from Gram-negative bacteria and one of caspase-4 or caspase-5 in humans or caspase-11 in mice. Here, we determine the stoichiometry of the non-canonical inflammasome showing that it is heterogeneous, comprised of three major complexes with different numbers of LPS and caspase molecules. NMR spectroscopy studies of the N-terminal caspase activation and recruitment domain (CARD) of caspase-11, which binds LPS, establish that it is largely unstructured in the absence of lipid, with pervasive dynamics on the µs-ms timescale. Formation of this complex increases the α-helical content of the CARD, but the dynamics persist, multiple conformers are formed, and tertiary contacts are transient. The NMR results presented establish that the protease domain of caspase-11 is monomeric in isolation. As proteolysis is linked with dimerization, the protease domains are inactive in this state, but upon formation of the non-canonical inflammasome, dimerization occurs, priming the complex for rapid processing of substrates. Our study highlights the utility of NMR for studies of heterogeneous systems that are recalcitrant to crystallographic or cryo-EM analyses.",crossref,0
Circumventing thermodynamic limitations in converting carbon dioxide into carbon nanotubes via tandem catalysis,https://www.pnas.org/doi/abs/10.1073/pnas.2610399123?mi=eymic2&af=R&access=on&content=articlesChapters&publication=pnas&sortBy=Earliest&target=default,Proceedings of the National Academy of Sciences: Keyword search for query,2026-08-03 07:00:00 UTC,2026-08-03 07:00:00+00:00,10.1073/pnas.2610399123,Jingguang G. Chen,"Carbon nanotubes (CNTs) are important materials for electronics and structural composites, but their production still relies on hydrocarbon-based chemical vapor deposition, an energy-intensive and fossil-dependent process, limited by rapid catalyst deactivation. Using CO
                    2
                    as a carbon feedstock offers a sustainable route for CNT synthesis, yet direct CO
                    2
                    conversion to CNTs is thermodynamically unfavorable and existing CO
                    2
                    -to-carbon pathways mainly yield amorphous or weakly graphitized solids. Here, we demonstrate a tandem electrochemical–thermochemical (EC-TC) strategy that overcomes these limitations. CO
                    2
                    is first electrochemically reduced to a tunable mixture of C
                    2
                    H
                    4
                    and CO, which is directly fed into a thermochemical reactor and converted into CNTs with controllable morphology and high CNT-to-metal mass ratios (~200) over NiFe catalysts at 750 °C. In situ synchrotron-based characterization and density functional theory calculations reveal that CO dissociation and C
                    2
                    H
                    4
                    decomposition on NiFe alloys cooperatively promote CNT nucleation and sustained growth. This EC-TC strategy establishes a modular route for converting CO
                    2
                    into value-added carbon nanomaterials.",crossref,0
Controls on glacial erosion rates revealed by cosmogenic nuclide measurements in southeastern Alaska,https://www.pnas.org/doi/abs/10.1073/pnas.2608894123?mi=eymic2&af=R&access=on&content=articlesChapters&publication=pnas&sortBy=Earliest&target=default,Proceedings of the National Academy of Sciences: Keyword search for query,2026-08-03 07:00:00 UTC,2026-08-03 07:00:00+00:00,10.1073/pnas.2608894123,Marc W. Caffee,"Glaciers play an important role in shaping landscapes because of efficient bedrock erosion at their base. Understanding the contribution of glacial erosion to landscape evolution and the associated feedbacks between climate, erosion, and tectonics requires identifying the factors controlling glacial erosion. However, measuring glacial erosion rates is difficult due to the multifaceted combination of erosional processes occurring in glacial environments. Empirical validation of proposed controls on glacial erosion rates usually rely on indirect measurements of basin-wide sediment yields, which may include remobilized sediment and nonglacial sources of erosion that can obscure the contribution of glacial erosion. Here, we investigate glacial erosion using an alternative proxy: measurements of cosmogenic nuclides in bedrock samples (
                    n
                    = 28) at a glacier in southeastern Alaska. We leverage the spatial arrangement of paired in situ
                    14
                    C-
                    10
                    Be measurements in bedrock to simultaneously determine the Holocene history of glacial cover and bedrock erosion rates. Measurements of erosion from a glacial landform suggest that quarrying rates are locally five times greater than abrasion rates. The observed spatial variability in abrasion rates (0.01 to 0.44 mm/y) supported by numerical ice-flow model results suggests that glacial erosion depends on a combination of sliding velocity and basal shear stress (“basal power”). Millennial-scale cosmogenic nuclide-derived erosion rates are an order of magnitude lower than sediment-derived erosion rates, which may suggest that sediment-derived values of bedrock erosion are overestimated due to timescale biases and/or contributions from nonglacial sources of sediment.",crossref,0
Cell surface ADGRG1 and CD86 expression identifies antitumor CD4+ T cells in human cancer,https://www.pnas.org/doi/abs/10.1073/pnas.2517883123?mi=eymic2&af=R&access=on&content=articlesChapters&publication=pnas&sortBy=Earliest&target=default,Proceedings of the National Academy of Sciences: Keyword search for query,2026-08-03 07:00:00 UTC,2026-08-03 07:00:00+00:00,10.1073/pnas.2517883123,Frank J. Lowery,"Adoptive cell transfer of tumor infiltrating CD4
                    +
                    T cells or T cells genetically modified to express antitumor CD4
                    +
                    T cell receptors (TCRs) has shown clinical efficacy in patients with advanced solid tumors. We previously defined unique transcriptomic states of antitumor, neoantigen-specific CD8
                    +
                    and CD4
                    +
                    tumor infiltrating lymphocytes (TIL) in human cancer. However, optimal cell surface protein markers that identify and would enable viable cell isolation and selective enrichment of antitumor CD4
                    +
                    T cells have yet to be identified. Here, we define transcriptomic and corresponding cell surface protein profiles of antitumor CD4
                    +
                    TIL within metastatic colorectal tumors using high dimensional single cell transcriptomic and proteomic analysis. Comprehensive analysis of 45 antitumor CD4
                    +
                    TCR clonotypes demonstrated uniquely high cell surface protein expression of ADGRG1, CD86, and CD57. In all samples containing tumor neoantigen-reactive CD4
                    +
                    TIL clonotypes, ADGRG1- and CD86-based cell surface enrichment of known reactive TCR clonotypes were 11-fold and 9-fold higher than bulk CD4
                    +
                    TIL, respectively. ADGRG1- and CD86-based cell surface enrichment identified &gt;60 validated antitumor CD4
                    +
                    TCR-clonotypes including tumor organoid-reactive TCRs, as well as neoantigen-specific TCRs targeting private tumor mutations and cancer driver mutations. While both ADGRG1 and CD86 enriched CD4
                    +
                    TIL displayed an exhausted neoantigen-specific gene expression signature, CD86 also enriched for cytotoxic CD4
                    +
                    TIL phenotypes. CD4
                    +
                    TIL isolated based on ADGRG1 expression and expanded in vitro also demonstrated neoantigen reactivity in two samples. Thus, ADGRG1 and CD86 appear to be effective protein markers for isolating human tumor-specific CD4
                    +
                    TCR clonotypes and studying antitumor CD4
                    +
                    TIL.",crossref,0
SIX1 is required for adult cochlear sensory epithelium homeostasis and auditory function,https://www.pnas.org/doi/abs/10.1073/pnas.2520879123?mi=eymic2&af=R&access=on&content=articlesChapters&publication=pnas&sortBy=Earliest&target=default,Proceedings of the National Academy of Sciences: Keyword search for query,2026-08-03 07:00:00 UTC,2026-08-03 07:00:00+00:00,10.1073/pnas.2520879123,Pin-Xian Xu,"The mammalian auditory sensory epithelium consists of hair cells (HCs), whose stereociliary bundles convert sound-evoked vibrations into electrical signals, and supporting cells (SCs), which provide mechanical stability. The transcription factor SIX1 is essential during otic neurosensory cell specification and HC commitment, but its contribution after birth has remained elusive. Here, we show that SIX1 is required for maintaining the structure and function of the adult cochlear sensory epithelium. Conditional deletion of
                    Six1
                    in SCs or HCs of young adult mice causes profound deafness. SC-specific deletion disrupts epithelial organization and promotes SC loss with secondary HC degeneration, whereas HC-specific loss results in stereociliary-bundle defects and progressive HC death. To define early molecular defects, we performed single-nucleus RNA-seq before widespread degeneration and found early collapse of mature HC identity and functional gene programs, including mechanotransduction, stereociliary-bundle, and synaptic networks. SIX1 ChIP-seq analysis in the mature cochleamapped SIX1 occupancy at regulatory elements near genes involved in epithelial junctions, actin/cytoskeletal regulation, ion transport, mechanotransduction, and cell survival, and overlapped with a subset of
                    Six1
                    -dependent transcripts and deafness loci. Together, these results identify SIX1 as a key transcriptional regulator of adult cochlear homeostasis and reveal downstream gene networks that preserve sensory epithelial integrity and hearing throughout life.",crossref,0
Optimizing infectious disease mitigation under dynamic conditions,https://www.pnas.org/doi/abs/10.1073/pnas.2527395123?mi=eymic2&af=R&access=on&content=articlesChapters&publication=pnas&sortBy=Earliest&target=default,Proceedings of the National Academy of Sciences: Keyword search for query,2026-08-03 07:00:00 UTC,2026-08-03 07:00:00+00:00,10.1073/pnas.2527395123,Viola Priesemann,"Mitigation measures are essential for controlling the spread of infectious diseases during pandemics and epidemics, but they impose considerable societal, individual, and economic costs. We developed a general framework that combines simulation of disease dynamics with optimal control to determine mitigation strategies that balance infection and mitigation costs. Optimizing this trade-off, we identified three surprising effects: first, assuming a constant reproduction number
                    
                      
                        
                          R
                          0
                        
                      
                    
                    , the optimal response is typically “all-or-nothing”: depending on disease severity, either strict mitigation or none at all is optimal, with intermediate levels emerging only in restricted regimes that we characterize analytically. Second, under seasonal variations, optimal mitigation is stricter during winter. Interestingly, a single wave of infections still arises in spring, replacing the autumn/winter waves known for classical influenza. Third, during steady vaccination campaigns, even optimal mitigation can result in transient infection waves. Finally, we quantify the cost of delayed mitigation onset and show that even short delays can substantially increase total costs—if the disease is severe. Overall, our framework is easily applicable to general and complex settings and thereby presents a versatile tool to explore optimal mitigation strategies for endemic and pandemic infectious disease.",crossref,0
Engineering and land use intensified climate-driven Yangtze River flood hazards since the Little Ice Age,https://www.pnas.org/doi/abs/10.1073/pnas.2529389123?mi=eymic2&af=R&access=on&content=articlesChapters&publication=pnas&sortBy=Earliest&target=default,Proceedings of the National Academy of Sciences: Keyword search for query,2026-08-03 07:00:00 UTC,2026-08-03 07:00:00+00:00,10.1073/pnas.2529389123,Xuefeng Yu,"Understanding the interplay between climate variability and human activities is essential for assessing long-term river flood hazards. Yet, the relative contributions of natural and anthropogenic drivers to flood magnitude remain poorly constrained due to limited multicentury records and insufficient integration of physical mechanisms with land-use histories. Here, we present the reconstruction of a 500-y history of Yangtze River flood variability using lake sediment archives, historical documents, and high-resolution climate reanalysis data. Our results reveal that flood frequency peaked during the Little Ice Age (~1500−1850 CE), driven by a weakened Western Pacific Subtropical High (WPSH), a southward-shifted Intertropical Convergence Zone (ITCZ), and enhanced southwesterly monsoonal moisture flux into the basin. These conditions were associated with El Niño-like tropical sea surface temperature (SST) anomalies and extratropical Rossby wave activity, highlighting the role of tropical-extratropical coupling in shaping flood-prone circulation regimes. Despite increased atmospheric temperature since 1850 CE, flood frequency declined, coinciding with a strengthened WPSH, a northward-shifted ITCZ, and the dominance of La Niña-like or neutral SST patterns. A nonstationary flood frequency model reveals that embankments and lake reclamation amplified the climate-driven 100-y flood magnitude by around 18% and 8%, respectively. These findings demonstrate that human interventions have intensified, rather than mitigated, the hydrological consequences of climatic forcing. Consistent with the recognition that flood risk is inherently nonstationary, our results provide empirical, multicentennial constraints on how atmospheric dynamics and landscape modification interact to shape flood hazards, highlighting the need for process-informed flood risk assessment in large river basins.",crossref,0
A TCR-mimic bispecific antibody reduces HIV-1 provirus and delays viral rebound in HLA-matched humanized mice,https://www.pnas.org/doi/abs/10.1073/pnas.2527880123?mi=eymic2&af=R&access=on&content=articlesChapters&publication=pnas&sortBy=Earliest&target=default,Proceedings of the National Academy of Sciences: Keyword search for query,2026-08-03 07:00:00 UTC,2026-08-03 07:00:00+00:00,10.1073/pnas.2527880123,Luis J. Montaner,"Bispecific antibodies that reroute cytotoxic effectors toward infected cells are promising HIV-1 cure agents, yet existing formats bind Env and are limited by antigenic variation and Env down-regulation. We engineered a TCR-mimic single-chain diabody, HI12, that recognizes a conserved Pol-derived peptide presented by HLA-A*02:01 and evaluated its effect in HLA-matched, HIV-infected humanized mice. When administered during early antiretroviral therapy (ART), HI12 was well tolerated, activated CD8
                    +
                    T cells, and accelerated plasma virus decay. Treatment produced three- to eightfold reductions in intact and total proviral DNA within lymph-node and splenic CD4
                    +
                    T cells, indicating substantive reservoir clearance. After ART interruption, HI12-treated animals showed a significant delay in viral rebound compared with controls, linking reservoir reduction to improved posttherapy control. These findings provide in vivo evidence that a peptide-HLA-directed bispecific antibody can both shrink the intact HIV reservoir and defer viral recrudescence, supporting further development of TCR-mimic bispecific antibodies for cure strategies.",crossref,0
Contrastive learning unites sequence and structure in a global representation of protein space,https://www.pnas.org/doi/abs/10.1073/pnas.2532702123?mi=eymic2&af=R&access=on&content=articlesChapters&publication=pnas&sortBy=Earliest&target=default,Proceedings of the National Academy of Sciences: Keyword search for query,2026-08-03 07:00:00 UTC,2026-08-03 07:00:00+00:00,10.1073/pnas.2532702123,Rachel Kolodny,"Establishing a coherent mapping of the relationships among all known proteins is crucial for elucidating processes of protein emergence and evolution. Yet the capacity to fully capture relationships of protein similarity is complicated by the nonstraightforward interplay between sequence and structure; indeed, proteins with unrelated sequences can adopt similar structures, and, conversely, proteins with similar or identical sequences can manifest radically different structures. Here, we introduce Contrastive Learning Sequence–Structure (CLSS), a contrastive protein language model (PLM) trained to coembed sequence and structure information in a self-supervised manner, facilitating a holistic representation of protein relatedness. CLSS represents the structures and sequences of full domains and domain subsequences as vectors in the same high-dimensional latent space. We show that this approach yields meaningful shared representations, which recapitulate the extensive structure- and sequence-based knowledge encoded in human-curated hierarchical protein classification systems (ECOD and CATH). Moreover, the representations generated by CLSS outperform those generated by alternative state-of-the-art PLMs in downstream classification tasks. Notably, we show that even the far larger space of domain subsequences is successfully coembedded, establishing a PLM tailored to these evolutionarily meaningful objects. CLSS embeddings produce informative representations of the protein universe without further downstream processing, as we demonstrate by analyzing preferential associations between protein architectures and ligand types across protein space.",crossref,0
Co-phase separation of KRI1 and NPM1 sustains nucleolar integrity and ribosome biogenesis to fuel liver cancer progression,https://www.pnas.org/doi/abs/10.1073/pnas.2535921123?mi=eymic2&af=R&access=on&content=articlesChapters&publication=pnas&sortBy=Earliest&target=default,Proceedings of the National Academy of Sciences: Keyword search for query,2026-08-03 07:00:00 UTC,2026-08-03 07:00:00+00:00,10.1073/pnas.2535921123,Weihong Wen,"Liver cancer is the fourth leading cause of global cancer mortality, with hepatocellular carcinoma (HCC) accounting for most primary liver cancers. The nucleolus, as the primary site of ribosome biogenesis, plays a crucial role in HCC development. Here, we report that the nucleolar protein KRR1 interacting protein (KRI1) is aberrantly overexpressed in HCC tissues and interacts with nucleophosmin 1 (NPM1) via phase separation to maintain nucleolar structure and ribosome biogenesis. Downregulation of KRI1 significantly impairs HCC cell proliferation and increases apoptosis, accompanied by disrupted nucleolar structure and ribosome biogenesis. Moreover, we show that KRI1 phase separation is enhanced by the phosphorylation of three serine residues (S94, S95, and S97) in its N-terminal intrinsically disordered region, and pyruvate kinase M2 (PKM2) is identified as the key kinase. PKM2 inhibitor shikonin markedly attenuates KRI1 phase separation and its interaction with NPM1, disrupts nucleolar structure and ribosome biogenesis, thereby inhibiting HCC progression. This study uncovers the crucial role of KRI1 in HCC progression and provides theoretical and experimental evidence for the development of nucleolar protein-targeted therapeutic strategies for HCC treatment.",crossref,0
Reticulated adaptive radiation and phylogenomic diversity loss in the Hawaiian honeycreepers,https://www.pnas.org/doi/abs/10.1073/pnas.2536533123?mi=eymic2&af=R&access=on&content=articlesChapters&publication=pnas&sortBy=Earliest&target=default,Proceedings of the National Academy of Sciences: Keyword search for query,2026-08-03 07:00:00 UTC,2026-08-03 07:00:00+00:00,10.1073/pnas.2536533123,Robert C. Fleischer,"The Hawaiian honeycreepers, one of the world’s most iconic adaptive radiations, are facing a human-mediated extinction crisis. More than 60 Hawaiian honeycreepers (Fringillidae: Carduelinae: Drepanidini) evolved from a single rosefinch-like ancestor that colonized the Hawaiian Islands. Only 17 Hawaiian honeycreeper taxa are known to be extant, of which only the common ‘amakihi (
                    Chlorodrepanis virens
                    ) and ‘apapane (
                    Himatione sanguinea
                    ) are classified as “Least Concern.” Using mitogenome, whole-genome, and hybridization-capture data, we present a comprehensive phylogeny of the historically known Hawaiian honeycreeper radiation. We also place two taxa known only from paleontological specimens (
                    Vangulifer neophasis
                    and
                    cf. Xestospiza conica
                    ) in their phylogenomic context. We demonstrate that most Hawaiian honeycreeper lineages diversified in a “Big Bang” of adaptive radiation correlating with the formation of O‘ahu and that interspecies introgression likely played a role in this process. Using whole-genome data, we confirm putative interspecies admixture [N. A. S. Przelomska
                    et al.
                    ,
                    Biol. Lett.
                    21
                    , 20250265 (2025)] between the ‘ō‘ū (
                    Psittirostra psittacea
                    ) and Lāna‘i hookbill (
                    Dysmorodrepanis munroi
                    ) and document ongoing gene flow across the ‘amakihi species complex. Furthermore, we reject the synonymization of
                    Vestiaria
                    (‘i‘iwi) and
                    Drepanis
                    (Hawai‘i and black mamo). Instead, the mamo species form an extinct clade with no close extant relatives, demonstrating a greater loss of phylogenomic diversity than previously understood.",crossref,0
CIP2A–TOPBP1 complex and PP2A dynamically regulate Polθ recruitment and phosphorylation at mitotic DNA double-strand breaks,https://www.pnas.org/doi/abs/10.1073/pnas.2600248123?mi=eymic2&af=R&access=on&content=articlesChapters&publication=pnas&sortBy=Earliest&target=default,Proceedings of the National Academy of Sciences: Keyword search for query,2026-08-03 07:00:00 UTC,2026-08-03 07:00:00+00:00,10.1073/pnas.2600248123,Guoping Zhao,"DNA double-strand breaks (DSBs) that occur during mitosis are primarily repaired by Polθ-mediated microhomology-mediated end joining (MMEJ). The CIP2A–TOPBP1 complex has been shown to tether broken chromatin at mitotic DSBs, but whether it coordinates with or functions independently of Polθ remains unknown. Here, we show that the CIP2A–TOPBP1 complex is recruited to mitotic DSB sites, where it directly interacts with Polθ and corecruits Polθ to chromatin. CIP2A sustains Polθ phosphorylation by inhibiting PP2A, thereby prolonging Polθ chromatin retention and enabling efficient repair. Upon repair completion, the CIP2A–TOPBP1 complex dissociates, PP2A dephosphorylates Polθ, and Polθ is released from chromatin. Loss of CIP2A impairs tumor growth, while disruption of CIP2A–Polθ binding leads to persistent DNA damage, micronucleus formation, and synthetic lethality in BRCA1/2-deficient cells. These findings uncover a cooperative mechanism by which CIP2A–TOPBP1 dynamically regulates Polθ in mitotic DSB repair and provide insights into the synthetic lethal interaction of CIP2A with BRCA1/2 under radiotherapy.",crossref,0
Mapping the exposome–microbiota–host axis for prenatal origins of infant health,https://www.pnas.org/doi/abs/10.1073/pnas.2600701123?mi=eymic2&af=R&access=on&content=articlesChapters&publication=pnas&sortBy=Earliest&target=default,Proceedings of the National Academy of Sciences: Keyword search for query,2026-08-03 07:00:00 UTC,2026-08-03 07:00:00+00:00,10.1073/pnas.2600701123,Yankai Xia,"Prenatal exposures influence infant health, yet the microbiota related mechanisms remain unclear. We profiled 776 maternal exposome variables and meconium microbiota in 1,689 mother–infant pairs, establishing a network linking maternal exposures, neonatal microbiota, and 10 infant outcomes. Using multiomics, pathway enrichment, and robust regression, we identified maternal anthropometrics and clinical indicators as key predictors of infant development, and specific metabolic and chemical exposures as major factors associated with microbiota composition. These microbial changes were associated with infant growth, eczema, and neurodevelopment. Notably, maternal metabolites (e.g., cholesterol) and environmental chemicals (e.g., triphenyl phosphate and perfluorobutane sulfonic acid) were associated with microbiota composition, particularly in Firmicutes, Proteobacteria, and Bacteroidetes. Our findings establish a prenatal exposome–microbiota–host axis, offering a scalable framework to understand early-life health determinants and guide preventive strategies.",crossref,0
Palmitoylation of TK1 exacerbates osteoarthritis by promoting JNK-mediated metabolic reprogramming,https://www.pnas.org/doi/abs/10.1073/pnas.2602136123?mi=eymic2&af=R&access=on&content=articlesChapters&publication=pnas&sortBy=Earliest&target=default,Proceedings of the National Academy of Sciences: Keyword search for query,2026-08-03 07:00:00 UTC,2026-08-03 07:00:00+00:00,10.1073/pnas.2602136123,Zeyu Huang,"Osteoarthritis (OA) lacks approved disease-modifying therapies. Here, by integrating quantitative proteomics with reanalysis of public single-cell RNA sequencing data from human articular cartilage, we identify thymidine kinase 1 (TK1) as a pathogenic regulator linking inflammatory stress to metabolic rewiring and matrix breakdown. TK1 is markedly upregulated in OA chondrocytes. Mechanistically, IL-1β enhances S-palmitoylation of TK1 at Cys153, which promotes USP9X-dependent deubiquitination and prevents proteasomal degradation, leading to TK1 accumulation. Stabilized TK1 acts as a scaffold to potentiate JNK signaling, increase PRMT1 and PFKFB3 expression, drive excessive glycolysis, and accelerate extracellular matrix catabolism. Conversely, the depalmitoylase PPT1 destabilizes TK1 and restrains glycolytic activation. Based on this mechanism, we developed a cell-penetrating interfering peptide, Depalm-WT, which disrupts the TK1–JNK interaction, promotes TK1 depalmitoylation and degradation, and suppresses downstream catabolic responses. In preclinical OA models, Depalm-WT attenuated cartilage degeneration and disease progression. These findings define a palmitoylation-stabilized TK1–JNK–glycolysis axis in OA and support targeted TK1 destabilization as a potential therapeutic strategy.",crossref,0
Identification of novel functional sites in the Cav1.3 calcium channel α1-subunit using evolutionary modeling,https://www.pnas.org/doi/abs/10.1073/pnas.2602636123?mi=eymic2&af=R&access=on&content=articlesChapters&publication=pnas&sortBy=Earliest&target=default,Proceedings of the National Academy of Sciences: Keyword search for query,2026-08-03 07:00:00 UTC,2026-08-03 07:00:00+00:00,10.1073/pnas.2602636123,Klaus R. Liedl,"Voltage-gated calcium channels (VGCCs) regulate differentiation, function, and survival of excitable cells, and pathogenic variants cause diverse disorders. Most known disease-associated VGCC mutations affect well-characterized regions controlling voltage-dependent gating and channel kinetics, while many residues remain functionally unannotated. We developed an evolutionary model to predict the pathogenic potential of residues in the pore-forming Ca
                    v
                    1.3 subunit, previously validated with de novo gain-of-function variants linked to neurodevelopmental diseases. Here we show that the model recapitulates established functional regions and prospectively identifies functional sites at single–amino acid resolution. Electrophysiological analyses of five predicted variants across multiple channel domains confirmed functional alterations. The approach also captures loss-of-function variants typically pathogenic only in the homozygous state, establishing a predictive framework for identifying and functionally characterizing pathogenic variants in Ca
                    v
                    1.3 and related ion channels.",crossref,0
Adapting the MasSpec Pen for noninvasive detection of oral cavity squamous cell carcinoma,https://www.pnas.org/doi/abs/10.1073/pnas.2603602123?mi=eymic2&af=R&access=on&content=articlesChapters&publication=pnas&sortBy=Earliest&target=default,Proceedings of the National Academy of Sciences: Keyword search for query,2026-08-03 07:00:00 UTC,2026-08-03 07:00:00+00:00,10.1073/pnas.2603602123,Livia S. Eberlin,"Oral Cavity Squamous Cell Carcinoma (OCSCC) is a common and deadly form of head and neck cancer which disproportionately afflicts low- and middle-income communities. Since the majority of OCSCC lesions are visible within the oral cavity, visual exam-guided biopsy remains the standard method for detection. However, visual examination can be subjective, biopsy can be painful, and pathological evaluation can be time consuming. With the goal of developing an accessible and noninvasive platform for OCSCC detection, we adapted the MSPen technology as a modular system for direct molecular analysis of OCSCC in vivo. The modular MSPen (Mod-MSPen) system consists of a controller unit and a disposable handheld device that directly contacts tissues, performs gentle liquid extraction of molecules, and collects the sample in a vial for subsequent mass spectrometric analysis. We have used the Mod-MSPen to analyze OCSCC and normal oral tissues spanning various anatomical areas: tongue, buccal mucosa, gingiva, and floor of mouth. The molecular data obtained presented distinct trends in the abundances of metabolites such as glutamate, which was consistently observed in higher relative abundances in OCSCC tissues when compared to normal oral tissues. These trends were corroborated using mass spectrometry imaging, which revealed clear spatio-molecular differences in OCSCC and adjacent normal oral mucosa tissues. Statistical classifiers built from the data provided high performance for disease detection, with &gt;95% agreement with standard histopathology. To evaluate clinical suitability, we also deployed the Mod-MSPen for in vivo analysis of OCSCC and normal oral tissues alongside clinical procedures.",crossref,0
Bladder mucosal afferents detect UTI and aid pathogen clearance,https://www.pnas.org/doi/abs/10.1073/pnas.2604124123?mi=eymic2&af=R&access=on&content=articlesChapters&publication=pnas&sortBy=Earliest&target=default,Proceedings of the National Academy of Sciences: Keyword search for query,2026-08-03 07:00:00 UTC,2026-08-03 07:00:00+00:00,10.1073/pnas.2604124123,Luke Grundy,"The bladder is innervated by a complex network of sensory neurons that detect and transmit mechanical and chemical signals to the central nervous system, regulating both urine storage and voiding, and mediating sensations of bladder fullness and pain. While stretch-sensitive afferents within the bladder wall are known to monitor bladder tension, the contribution of stretch-insensitive afferents that reside within the bladder mucosa to bladder sensation and function remains unclear. Here, we establish a mouse model of selective bladder mucosal afferent denervation using intravesical instillation of resiniferatoxin to define the functional roles of these fibers in health and disease. We assessed the impact of mucosal denervation on sensory nerve activity and bladder function in healthy mice and in a model of urinary tract infection (UTI) induced by acute bacterial challenge with uropathogenic
                    
                      Escherichia coli
                    
                    . We show that mucosa-innervating afferents do not influence bladder distension responses or voiding function under healthy conditions. In contrast, during UTI, these afferents become hypersensitive and serve as important drivers of infection-induced pelvic pain and urinary frequency, responses that contribute to bacterial clearance. Together, these findings identify bladder mucosal afferents as key sensors of pathogenic challenge and reveal a previously unrecognized mechanism that drives behavioral responses to reduce the burden and extent of UTI.",crossref,0
Evolution on degenerate fitness landscapes is not random: Curvature drives directional drift,https://www.pnas.org/doi/abs/10.1073/pnas.2605142123?mi=eymic2&af=R&access=on&content=articlesChapters&publication=pnas&sortBy=Earliest&target=default,Proceedings of the National Academy of Sciences: Keyword search for query,2026-08-03 07:00:00 UTC,2026-08-03 07:00:00+00:00,10.1073/pnas.2605142123,Naama Brenner,"Degeneracy—the multiplicity of phenotypes with equal fitness—is a prevalent feature of biological systems. Such degeneracy is often associated with neutral evolution, under the assumption that adaptive dynamics on degenerate fitness manifolds is random and lacks direction. Here we show that this is not generally the case. Using a minimal model of evolutionary dynamics on smooth degenerate fitness landscapes, we demonstrate that stochastic mutation–selection dynamics induce a directional drift on manifolds of optimal fitness toward regions of reduced curvature. This drift arises from an interaction between population variability and landscape curvature: Curvature shapes phenotypic variation, which in turn biases evolutionary exploration even when fitness gradients vanish. As a result evolution exhibits an implicit bias, preferentially selecting flat and robust regions of the degenerate fitness manifolds, without explicit optimization for these properties. Interestingly, similar flatness-seeking implicit biases have been discovered in other stochastic optimization algorithms; here we reveal their different underlying mechanisms despite similar outcome, demonstrating the unique properties of evolutionary dynamics. Our results highlight a general mechanism by which degeneracy shapes long-term evolutionary outcomes, affecting our interpretation of phenotypic variability, robustness, and neutrality in high-dimensional biological systems.",crossref,0
Deep learning maps local brain aging in relation to cognition across human adulthood,https://www.pnas.org/doi/abs/10.1073/pnas.2532233123?mi=eymic2&af=R&access=on&content=articlesChapters&publication=pnas&sortBy=Earliest&target=default,Proceedings of the National Academy of Sciences: Keyword search for query,2026-08-03 07:00:00 UTC,2026-08-03 07:00:00+00:00,10.1073/pnas.2532233123,the Alzheimer’s Disease Neuroimaging Initiative,"Brain aging, the strongest risk factor for Alzheimer’s disease (AD), varies across cortical regions. Global brain age (GBA), an imaging-derived measure of neuroanatomic decline, reduces structural aging to a single summary value. This can potentially obscure regional patterns of cognitive vulnerability preceding AD. This study introduces a deep-learning architecture trained on the
                    
                      
                        
                          T
                          1
                        
                      
                    
                    -weighted MRIs of 14,748 cognitively normal (CN) participants from multiple sites to estimate local brain age (LBA) at voxel level. By mapping spatial variations in brain aging, the model reveals relatively advanced aging in frontal and temporal lobes compared to parietal and occipital regions. Beyond aging in CN aging adults (
                    
                      
                        
                          N
                          =
                          1
                          ,
                          102
                        
                      
                    
                    ), findings reveal a pattern of progressively advanced frontotemporal aging as a function of neurodegeneration stage, ranging from mild cognitive impairment (MCI,
                    
                      
                        
                          N
                          =
                          354
                        
                      
                    
                    ) to AD (
                    
                      
                        
                          N
                          =
                          529
                        
                      
                    
                    ). Compared to CN adults, key cortical and subcortical structures known to manifest early AD pathology exhibit significantly older LBAs in both early MCI and AD (
                    
                      
                        
                          P
                          &lt;
                          0.05
                        
                      
                    
                    ). Deviations from normative regional aging are significantly associated with cognitive performance supported by neural processes linked to those regions (
                    
                      
                        
                          P
                          &lt;
                          0.05
                        
                      
                    
                    ), thereby relating anatomic aging to functional outcomes. By quantifying regional variations in brain aging, this framework extends GBA models to provide anatomically interpretable measures that can improve characterization of typical and pathological aging.",crossref,0
Highly flexible vertical electrolyte-gated metal oxide transistors for neuromorphic electronics,https://www.pnas.org/doi/abs/10.1073/pnas.2606103123?mi=eymic2&af=R&access=on&content=articlesChapters&publication=pnas&sortBy=Earliest&target=default,Proceedings of the National Academy of Sciences: Keyword search for query,2026-08-03 07:00:00 UTC,2026-08-03 07:00:00+00:00,10.1073/pnas.2606103123,Binghao Wang,"Metal oxide-based electrolyte-gated transistors (EGTs) are attractive for low-power biosensors and neuromorphic systems, but their electrical characteristics has been constrained by a fundamental trade-off between channel downscaling and electrical double layer (EDL) capacitance, resulting in limited transconductance and metrics inferior to that of organic counterparts. Here, we report high-performance and ultraflexible indium gallium zinc oxide (IGZO) EGTs enabled by a vertical device architecture and a nanoscale channel length. We systematically examined how device geometries—including the IGZO-electrode contact area, IGZO thickness, and semiconductor-electrode interface—affect the electrical properties and EDL capacitance, thereby revealing how the vertical structure decouples the channel length from the EDL formation area. Optimized vertical EGTs (vEGTs) exhibit a transconductance of up to 22.5 mS, an on/off current ratio of ~10
                    5
                    , ultralow operating voltages below 0.5 V, and pronounced ultraflexibility, maintaining stable performance when bent to a radius of 0.3 mm. Furthermore, vEGTs were integrated into inverter, NOR, and NAND logic circuits operating at voltages as low as 0.1 V. Finally, we demonstrate a closed-loop neuromorphic system in which the slow attenuation of the paired-pulse facilitation index enables adaptive and wireless control of a wearable display in response to a skin-interfaced sensor.",crossref,0
From Fiber Bundles to Architected Membranes: Triply Periodic Minimal Surface Architectures for Biohybrid Artificial Lungs,https://advanced.onlinelibrary.wiley.com/doi/10.1002/adma.74361?af=R,Wiley: Advanced Materials: Table of Contents,2026-08-03 09:44:53 UTC,2026-08-03 09:44:53+00:00,10.1002/adma.74361,Bettina Wiegmann,"ABSTRACT
                  Artificial lung systems rely almost exclusively on hollow fiber membrane (HFM) bundles, where gas exchange is constrained by heterogeneous flow distribution and thrombogenic blood–material interfaces. Here, we introduce an architecture‐driven design framework for artificial lungs based on additively manufactured triply periodic minimal surface (TPMS) membranes. In contrast to discrete fiber bundles, TPMS membranes form continuous three‐dimensional architectures that simultaneously regulate perfusion pathways, diffusion interfaces, and blood–material interactions. Computational fluid dynamics and multiphysics transport simulations reveal that membrane architecture governs gas exchange through coupled effects of membrane thickness, unit cell size, and three‐dimensional flow topology. Optimized TPMS architectures achieved on average up to ∼88% higher oxygen transfer rates across the investigated flow regime compared to conventional HFM while enabling substantially more homogeneous flow fields and reduced stagnation zones. Experimental screening identifies polydimethylsiloxane‐based printable elastomers compatible with thin gas‐permeable membranes and endothelial functionalization. The biohybrid endothelial interface mitigates thrombogenic interactions, while maintaining gas transport. Computed tomography–derived implant geometries demonstrate the feasibility of translating architected membrane systems into anatomically integrated artificial lungs. Together, these results establish a new design paradigm for artificial lungs, in which membrane architecture becomes the primary determinant of gas transport, flow distribution, and hemocompatibility.",crossref,0
Triboelectric E‐Skin for Robotic Perception of Hazardous Chemical Leaks,https://advanced.onlinelibrary.wiley.com/doi/10.1002/adma.74261?af=R,Wiley: Advanced Materials: Table of Contents,2026-08-03 09:47:18 UTC,2026-08-03 09:47:18+00:00,10.1002/adma.74261,Zhong Lin Wang,"ABSTRACT
                  The rapid identification of chemical composition, temperature, and dynamic behavior of leaked liquids by robots during accidental spills of hazardous chemicals would significantly reduce the potential risks to both human health and the environment. Here, we designed a flexible, palm‐shaped liquid‐sensing e‐skin (PSLSES) featuring 128 metal electrodes fabricated via flexible printed circuit (FPC) technology and coated with a fluorinated ethylene propylene (FEP) film. By capturing the local triboelectrification signals along the droplet's trajectory, PSLSES enables multimodal dynamic liquid sensing, simultaneously achieving liquid composition identification, temperature sensing, as well as droplet motion tracking through visualized trajectory patterns. Integrated with a one‐dimensional convolutional neural network (1D CNN), PSLSES achieves an ultrahigh identification accuracy of 99.5% across 21 types of liquids, with a high monitoring resolution down to the ppb level and 98% accuracy in identifying liquid temperature. This includes deionized water, acids, bases, salts, and organic solutions, demonstrating broad liquid identification versatility. Compared with previously reported E‐skin systems, it achieved faster identification (0.3 s), a lower detection limit (0.1 ppb), broader liquid recognition, and higher accuracy. The integration of PSLSES into wearable robotics systems opens new ways for robots to assist humans in analyzing and handling chemical leakage in hazardous environments.",crossref,0
An E‐interwoven Therapeutic Contact Lens System for Rapid Drug Delivery and Precision Dose Monitoring,https://advanced.onlinelibrary.wiley.com/doi/10.1002/adma.74433?af=R,Wiley: Advanced Materials: Table of Contents,2026-08-03 09:49:08 UTC,2026-08-03 09:49:08+00:00,10.1002/adma.74433,Fei Xu,"ABSTRACT
                  Precise intraocular pressure (IOP) management and rapid intervention preserve glaucoma vision, yet current ocular delivery systems lack in situ dosage verification, causing treatment blind spots. Here, we develop a wireless therapeutic smart contact lens (SCL) containing a rapid voltage‐triggered drug delivery system with a real‐time dosage monitoring sensor. The e‐interwoven design integrates drug delivery and sensing electrodes in an ultra‐thin (17.4 µm) tri‐interdigital configuration, which enables the electric field to interact with the drug‐loaded hydrogel in the same spatial region. A frequency‐matching strategy boosts voltage coupling to drive a brimonidine tartrate‐loaded hydrogel to achieve high concentrations in the aqueous humor in 20 min, significantly faster than topical eye drops. The built‐in drug dose sensor has a high accuracy &lt;2.8 µg, benefiting from the great linear correlation between wireless frequency drift and release dosage. In acute glaucoma rabbit models, this SCL suppresses peak IOP elevation by 85.7% compared to eye drops. This SCL presents a highly integrated therapeutic platform demonstrating potential for rapid and precise glaucoma treatment.",crossref,0
Customizing Axially‐Oriented Dual‐Atomic Synergy for Orchestrating Cascade Alkaline Hydrogen Evolution,https://advanced.onlinelibrary.wiley.com/doi/10.1002/adma.74458?af=R,Wiley: Advanced Materials: Table of Contents,2026-08-03 09:50:28 UTC,2026-08-03 09:50:28+00:00,10.1002/adma.74458,Yue Zhang,"ABSTRACT
                  
                    The full orchestration of synergistic geometric and electronic interaction at atomic scale is fundamental to surmounting cascade kinetic bottlenecks inherent in multistep electrochemical processes. Here, an axially‐oriented, sulfur‐bridged hetero‐atomic motif (Ru─S─Co) is customized to achieve synergistic regulation throughout alkaline hydrogen evolution reaction (HER). The top‐positioned Ru atoms are tailored for enhanced water capture, and the bottom‐inserted Co atoms in lattice activate middle S atoms for balanced hydrogen adsorption–desorption. This customized multi‐site synergy conspicuously lowers the energy barrier for rate‐determining water scission step. The proportion of reactive free water is elevated on this modified interface to prompt alkaline HER initiation. Furthermore, the intrinsically asymmetric charge distribution along the dual‐atom bridge enhances charge transfer during HER, and the prominent orbital coupling induces an upshift in the Ru
                    d
                    ‐band center together with increased density of states in S p‐orbitals around the Fermi level, further augmenting Ru‐S dual‐site activity. With this catalyst adopted as cathode, the anion‐exchange‐membrane electrolysis cell maintains an industrial current density of 1000 mA cm
                    −2
                    at a small voltage of 1.79 V with negligible performance decay after long‐term stability test. This work provides insights into precise customization of atomic‐scale synergy toward effective management of kinetically mismatched multisteps in HER‐related energy conversion.",crossref,0
Triboron Multiresonant Emitter With Zigzag B/N Alignment Enables Near‐Degenerate Singlet–Triplet States for High‐Performance Non‐Sensitized OLEDs With Mild Roll‐Off,https://advanced.onlinelibrary.wiley.com/doi/10.1002/adma.74444?af=R,Wiley: Advanced Materials: Table of Contents,2026-08-03 09:53:25 UTC,2026-08-03 09:53:25+00:00,10.1002/adma.74444,Xiao‐Hong Zhang,"ABSTRACT
                  
                    Boron/nitrogen‐embedded polycyclic frameworks are attractive emitters in organic light‐emitting diodes (OLEDs) because they combine narrowband emission with thermally activated delayed fluorescence. Linear extension of multiresonant frameworks with zigzag boron/nitrogen alignment is predicted to enable bathochromic emission, reduced singlet–triplet energy gaps, and enhanced oscillator strengths, yet experimental access to higher‐order structures remains challenging. Here we report a site‐programmable, stepwise borylation strategy for constructing a triboron DABNA‐extended framework with zigzag boron/nitrogen alignment, L‐DABNA‐TriB. Our combined theoretical and experimental studies reveal how progressive linear extension from mono‐ to tri‐boron frameworks modulates the electronic structure, leading to bandgap narrowing, strengthened radiative transition, and near‐degenerate singlet and triplet excited states. Importantly, L‐DABNA‐TriB in toluene exhibits yellow–orange emission at 559 nm with a narrow full width at half‐maximum of 33 nm/0.13 eV, a singlet–triplet energy gap of ca. 4 meV, and a radiative decay rate of 1.5 × 10
                    8
                    s
                    −1
                    . A non‐sensitized OLED based on
                    L
                    ‐DABNA‐TriB achieves a maximum external quantum efficiency of 38.0% and retains 35.2% at 1000 cd m
                    −2
                    . This work establishes zigzag boron/nitrogen‐aligned linear extension as an effective molecular design strategy for narrowband emitters with efficient exciton harvesting at long wavelengths.",crossref,0
Dual‐Peak Friction Upon Traversing a Monolithic Subsurface Step in Layered Materials,https://advanced.onlinelibrary.wiley.com/doi/10.1002/adma.74468?af=R,Wiley: Advanced Materials: Table of Contents,2026-08-03 09:56:21 UTC,2026-08-03 09:56:21+00:00,10.1002/adma.74468,Wen Wang,"ABSTRACT
                  High‐resolution atomic force microscopy (AFM) measurements reveal a distinctive anomalous dual‐peak feature emerges in friction force when the tip scans across a well‐defined monolithic step covered by few‐layer 2D materials, deviating fundamentally from the conventional single‐peak expected for a simple topographic obstacle. Through systematic high‐resolution stick‐slip measurements, nanoindentation experiments, and molecular dynamics (MD) simulations, this bifurcated frictional response is attributed to the asynchronous evolution of the resistive and driving force as the tip becomes transiently pinned first at the front and then at the rear of the step. The dual‐peak friction mechanism provides new perspectives for addressing inevitable step‐related challenges in 2D material lubrication systems, which is essential for elucidating the frictional origins of structural superlubricity in devices.",crossref,0
Ultra‐Fast Mass Transfer System by ∼100% Validated Micro‐Basins for Large‐Scale Photochemical Hydrogen Production,https://advanced.onlinelibrary.wiley.com/doi/10.1002/adma.74456?af=R,Wiley: Advanced Materials: Table of Contents,2026-08-03 09:57:19 UTC,2026-08-03 09:57:19+00:00,10.1002/adma.74456,Tao Tao,"ABSTRACT
                  
                    Achieving large‐scale, efficient, and sustainable hydrogen production via environmentally friendly photocatalysis requires not only effective mass transfer but also excellent operational stability. Conventional particulate photocatalyst systems suffer from inherent limitations in mass transfer, such as disordered charge carrier migration and uncontrolled gas bubble evolution, which collectively hinder hydrogen production efficiency. Here, we present a new mass transfer strategy for large‐scale photochemical hydrogen production, which effectively overcomes intrinsic transport limitations and enables ultra‐fast hydrogen bubble detachment by a coalescence‐induced jumping mechanism. By rationally designing a tunnel‐junction photochemical diode integrated with a micro‐basin array of metallic cocatalysts, we achieved nearly 100% activation of surface catalytic sites, thereby promoting directional charge carrier transport and rapid gas bubble evolution. This design delivers an impressive hydrogen production rate of 177.53 µmol h
                    −1
                    cm
                    −2
                    and an apparent quantum yield of 70.7% under 420 nm illumination. An outdoor solar‐driven photocatalytic reactor (25 cm × 25 cm) with a high hydrogen production rate was successfully demonstrated, validating the performance of a full‐scale photocatalyst system. This work demonstrates a large‐scale GaN‐based photochemical hydrogen‐production system and provides a useful structural design strategy for the future development of solar hydrogen‐generation technologies.",crossref,0
Auxin‐Functionalized Nanocarriers Hijack Endogenous Transport for Systemic Crop Protection in Plants,https://advanced.onlinelibrary.wiley.com/doi/10.1002/adma.74440?af=R,Wiley: Advanced Materials: Table of Contents,2026-08-03 09:58:43 UTC,2026-08-03 09:58:43+00:00,10.1002/adma.74440,Feng‐Pei Du,"ABSTRACT
                  Precise delivery of functional agents to specific plant organs remains a central challenge, as synthetic materials rarely access endogenous long‐distance transport pathways. Here, we report an auxin‐functionalized nanocarrier strategy that enables programmable systemic transport by interfacing engineered materials with plant signaling networks. Nanocarrier dimensions were tuned to ∼55 nm to limit endocytosis and favor extracellular localization, while auxin motifs were introduced on the particle surface. This design establishes a predominantly extracellular interface that hijacks polar auxin transport pathways. As a result, PIN‐mediated fluxes are enhanced, accompanied by a 10.42‐fold upregulation of PIN1, enabling directional leaf‐to‐root transport over centimeter scales and a 72.32‐fold increase in root accumulation. This signal‐coupled transport mechanism enables efficient root‐targeted delivery of agrochemical cargos (abamectin) via foliar application, achieving up to 79.71% control of root‐knot nematodes while reducing pesticide input by half. Furthermore, bypassing soil application provides a 3.20‐fold higher ecological safety margin and yields a 16.47% increase in crop production. Beyond this application, the work establishes a generalizable design principle in which synthetic materials exploit endogenous signaling frameworks to navigate biological transport systems, opening new opportunities for systemic crop protection and bio‐integrated material delivery.",crossref,0
Fluorine‐Rich Catalyst‐Induced Interphase Engineering to Enable the First Ah‐Level FeF3 Conversion Solid‐State Batteries,https://advanced.onlinelibrary.wiley.com/doi/10.1002/adma.74356?af=R,Wiley: Advanced Materials: Table of Contents,2026-08-03 10:00:15 UTC,2026-08-03 10:00:15+00:00,10.1002/adma.74356,Chilin Li,"ABSTRACT
                  
                    Conversion‐type FeF
                    3
                    cathodes promise ultrahigh energy density but suffer from sluggish reaction kinetics and interfacial instability in solid‐state battery systems. Here, we designed a fluorine‐rich NaBiF
                    4
                    @Bi
                    2
                    O
                    3
                    catalyst‐initiated polymer electrolyte via in situ ring‐opening polymerization of 1,3‐dioxolane. The NaBiF
                    4
                    phase initiates polymerization and serves as a fluorine reservoir, while Bi
                    2
                    O
                    3
                    participates in regulating the fluorine environment and contributes to the formation of a Li
                    3
                    Bi alloy clusters during cycling. This electrolyte enables the construction of LiF/NaF/Li
                    2
                    O‐reinforced solid electrolyte interface with embedded Li
                    3
                    Bi domains, delivering the homogeneous Li
                    +
                    flux and dendrite‐free Li deposition, enabling the stable Li‖Li symmetric cell cycling for 9700 h. The electrolyte demonstrates broad compatibility with both intercalation and conversion cathodes, achieving excellent cycling stability (800 cycles) in LiFePO
                    4
                    and high areal capacity (6 mAh cm
                    −2
                    ) in LiNi
                    0.8
                    Co
                    0.1
                    Mn
                    0.1
                    O
                    2
                    . The Bi
                    2
                    O
                    3
                    component further catalyzes the interfacial dissociation of LiF at FeF
                    3
                    cathode and promotes the dynamic evolution of fluorine‐rich cathode electrolyte interphase, enabling the remarkable reversibility in FeF
                    3
                    conversion chemistry (641 mAh g
                    −1
                    at 0.2 C and 300 cycles at 1 C). A 20‐layer FeF
                    3
                    ‐based pouch cell is demonstrated with a discharge capacity exceeding 1 Ah for the first time, marking a critical milestone toward practical high‐energy FeF
                    3
                    batteries.",crossref,0
Efficient Trichromatic Ultralong Persistent Luminescence Activated by Body Temperature Toward Convenient Information Encryption and Storage,https://advanced.onlinelibrary.wiley.com/doi/10.1002/adma.74539?af=R,Wiley: Advanced Materials: Table of Contents,2026-08-03 13:02:31 UTC,2026-08-03 13:02:31+00:00,10.1002/adma.74539,Cong Chen,"ABSTRACT
                  
                    Long‐persistent luminescence (LPL) materials, celebrated for their remarkable ability to capture and gradually release light over extended durations, have catalyzed advances in domains such as optical data storage and bioimaging. However, the synthesis of efficient, multicolor ultralong LPL with precise modulation of duration remains a formidable challenge. Here, we introduce an effective strategy for inducing trichromatic ultralong LPL in Cs
                    2
                    NaScCl
                    6
                    :Sb
                    3+
                    through meticulous defect engineering. By judiciously adjusting the dosage of hydrochloric acid during synthesis, we systematically regulate the formation of Na
                    +
                    and Cl
                    −
                    vacancies as well as Sb
                    3+
                    ‐induced lattice distortions, affording unprecedented control over the material's luminescent properties. This approach culminates in the achievement of a record‐breaking blue afterglow exceeding 30 h for naked eye, alongside green and red persisting for 48 and 24 h, respectively. Notably, the dual self‐trapped exciton (STE) emissions exhibit disparate thermal behaviors, with the higher‐energy STE demonstrating anti‐thermal quenching, while the lower‐energy counterpart undergoes typical thermal quenching. For the first time, we elucidate the activation of LPL via body temperature, enabling information retrieval through tactile interaction. This innovative material showcases profound potential for x‐ray imaging and secure data encoding, offering a novel avenue for the development of advanced LPL materials with finely tuned emission characteristics.",crossref,0
Hydrogen Spillover by Synergy at Ir─O─Ru Interfaces for Ampere‐Level Hydrogen Evolution,https://advanced.onlinelibrary.wiley.com/doi/10.1002/adma.74431?af=R,Wiley: Advanced Materials: Table of Contents,2026-08-03 13:41:44 UTC,2026-08-03 13:41:44+00:00,10.1002/adma.74431,John Wang,"ABSTRACT
                  
                    Industrial‐scale hydrogen production via alkaline water electrolysis requires electrocatalysts capable of sustaining ampere‐level current densities, yet the sluggish Volmer step remains a fundamental kinetic bottleneck. In this study, we report a surface‐microenvironment engineered catalyst in which atomically dispersed iridium atoms are selectively decorated on ruthenium nanoparticles through coordination with surface ─OH groups and defect oxygen sites, forming electronically coupled Ir─O─Ru interfacial ensembles. Density functional theory calculations based on the Ir─O─Ru interfacial model reveal a cooperative hydrogen‐spillover mechanism, in which the positively polarized Ir─O microenvironment promotes H
                    2
                    O activation, while the electronically tuned adjacent Ru sites accommodate the spilled‐over H* and drive the H─H coupling, thereby reducing the rate‐determining barrier to 0.19 eV. As a result, the catalyst achieves 1.0 A cm
                    −2
                    at an overpotential of 103 mV in 1.0 M KOH and shows outstanding durability (3038 h at 1.0 A cm
                    −2
                    ; 1593 h at 2.0 A cm
                    −2
                    ). It further maintains stable operation in alkaline seawater (1427 h at 1.0 A cm
                    −2
                    ) and anion‐exchange‐membrane electrolyzer (910 h at 80°C). These findings demonstrate that single‐atom surface decoration can effectively reconfigure interfacial reaction pathways, providing an efficient strategy for high‐flux alkaline hydrogen evolution.",crossref,0
Quaternized Engineered Hydrogels for Subsaturated Moisture‐Driven CO2 Capture,https://advanced.onlinelibrary.wiley.com/doi/10.1002/adma.74495?af=R,Wiley: Advanced Materials: Table of Contents,2026-08-03 14:25:16 UTC,2026-08-03 14:25:16+00:00,10.1002/adma.74495,Guihua Yu,"ABSTRACT
                  
                    Net zero emissions will require atmospheric carbon dioxide removal to counterbalance unavoidable emissions while sustaining human life. Moisture‐swing direct air capture (DAC) uses humidity for regeneration of a material that absorbs CO
                    2
                    , enabling cyclic operation without large thermal swings or vacuum. However, many reported systems require near‐saturated humidification for CO
                    2
                    release, narrowing the passive operating window and increasing water management demands. Here, we present passive diurnal moisture‐swing hydrogels (PDMHs) that are regenerated under subsaturated RH conditions, thereby broadening the climatic window for passive CO
                    2
                    capture. Specifically, we develop a quaternized poly(2‐(diethylamino)ethyl methacrylate) (PDEAEMA) hydrogel that combines humidity‐responsive quaternary ammonium sites with a phase‐transition temperature (lower critical solution temperature) that governs hydration behavior. Using air containing 400 ppm CO
                    2
                    , PDMH achieves a CO
                    2
                    uptake of 1.06 mmol g
                    −1
                    at 40°C and 30% relative humidity (RH). Humidification at 25°C enables regeneration efficiencies of 92% at 90% RH and 79% at 80% RH. Under a two‐step, 24 h diurnal protocol, PDMH shows &gt;90% CO
                    2
                    release during desorption and a stable working capacity of 0.97–1.05 mmol g
                    −1
                    over 40 cycles. Comparative energy analysis shows that PDMH outperforms the other sorbents evaluated in terms of energy efficiency.",crossref,0
"Positively Charged Polymer‐Brush MOFs for Large‐Area, Pressure‐Resistant Gas Separation Membranes (Adv. Mater. 43/2026)",https://advanced.onlinelibrary.wiley.com/doi/10.1002/adma.74408?af=R,Wiley: Advanced Materials: Table of Contents,2026-08-03 15:01:30 UTC,2026-08-03 15:01:30+00:00,10.1002/adma.74408,Zhi Wang,"Positively Charged Polymer-Brush Metal–Organic Frameworks A universal strategy unlocks scalable, defect-free integration of MOF nanofillers for high-performance gas separation membranes. By combining electro-steric stabilization with dynamic interfacial locking, meter-scale roll-to-roll fabrication becomes possible. More details can be found in the Research Article by Zhihua Qiao, Jingwei Hou, Anthony K. Cheetham, Zhi Wang, and co-workers (DOI: 10.1002/adma.202520099).",openalex,0
Polymorph‐Specific Electronic Transduction in WO3 during Molecular Sensing (Adv. Mater. 43/2026),https://advanced.onlinelibrary.wiley.com/doi/10.1002/adma.74409?af=R,Wiley: Advanced Materials: Table of Contents,2026-08-03 15:01:30 UTC,2026-08-03 15:01:30+00:00,10.1002/adma.74409,Andreas T. Güntner,"Polymorph-Specific Electronic Transduction in WO3 Polymorphs offer a versatile platform to tune molecular sensing properties without altering material composition. In their Research Article (DOI: 10.1002/adma.202516840), Andreas T. Güntner and co-workers show that acetone sensing in WO3 polymorphs is distinguished by the coupling of adsorbate-induced charge into transport-relevant electronic states.",openalex,0
Flexible Dielectric Acoustic Resonator Patch for Tissue Regeneration (Adv. Mater. 43/2026),https://advanced.onlinelibrary.wiley.com/doi/10.1002/adma.74411?af=R,Wiley: Advanced Materials: Table of Contents,2026-08-03 15:01:30 UTC,2026-08-03 15:01:30+00:00,10.1002/adma.74411,Hyungsuk Lee,"Polymer-Based, Flexible, and Transparent Dielectric Acoustic Resonator Patch As an alternative to a rigid piezoelectric crystal, a flexible polymer-based dielectric acoustic resonator patch transforms electrical resonance into MHz ultrasound. Conformal to bio-surfaces, the patch can promote wound healing and tissue regeneration. More details can be found in the Research Article by Won-Gun Koh, Hyungsuk Lee, and co-workers (DOI: 10.1002/adma.202516491).",openalex,0
"New‐Era Polymer Thermoelectrics: Material Innovations, Doping Frontiers, Decoupling Strategies, and Unconventional Applications (Adv. Mater. 43/2026)",https://advanced.onlinelibrary.wiley.com/doi/10.1002/adma.74410?af=R,Wiley: Advanced Materials: Table of Contents,2026-08-03 15:01:30 UTC,2026-08-03 15:01:30+00:00,10.1002/adma.74410,Suhao Wang,"New-Era Polymer Thermoelectrics The cover depicts a new era in polymer thermoelectrics, featuring various breakthroughs such as the emergence of n-type PBFDO, sophisticated decoupling strategies for electronic and thermal transport, alongside the demonstration of flexible, stretchable thermoelectric devices. Ultimately, this works builds a bridge from fundamental mechanisms to real-world applications. More details can be found in the Review by Suhao Wang (DOI: 10.1002/adma.202522912).",openalex,0
A Porous Interfacial Photothermal Layer of Fused Core–Shell Carbon‐Polymer Nanospheres for Directional Salt Crystallization and Zero‐Liquid‐Discharge (Adv. Mater. 43/2026),https://advanced.onlinelibrary.wiley.com/doi/10.1002/adma.74412?af=R,Wiley: Advanced Materials: Table of Contents,2026-08-03 15:01:30 UTC,2026-08-03 15:01:30+00:00,10.1002/adma.74412,Qiang Fu,"Solar-Driven Zero-Liquid-Discharge Desalination The cover highlights solar-driven zero-liquid-discharge desalination enabled by a hierarchical hydrogel evaporator. Under one-sun irradiation, a surface-confined photothermal layer accelerates evaporation, while directional transport guides brine from the active interface, inducing localized salt crystallization. This decoupling converts hypersaline brine into freshwater and recoverable salt. More details are provided in the Research Article by Qiang Fu, Jiangtao Xu, and co-workers (DOI: 10.1002/adma.73845).",openalex,0
Toughened Hybrid Electron‐Transporting Interlayers for Efficient and Durable Organic Solar Cells,https://advanced.onlinelibrary.wiley.com/doi/10.1002/adma.74415?af=R,Wiley: Advanced Materials: Table of Contents,2026-08-03 15:18:01 UTC,2026-08-03 15:18:01+00:00,10.1002/adma.74415,Alex K.‐Y. Jen,"ABSTRACT
                  
                    Electron‐transporting layers (ETLs) are crucial in determining the performance of organic solar cells (OSCs). However, it is challenging to achieve desired efficiency and stability simultaneously for devices based on single‐component ETLs. Here, we demonstrate the application of polyoxometalate (POM)‐doped hybrid ETLs to achieve significantly mitigated efficiency‐stability trade‐off in OSCs. By tailoring the doping behaviors, hybrid ETLs exhibit cascade energy‐level alignment, increased conductivity, improved electrode adhesion, strong thickness tolerance, and suppressed self‐aggregation. These combined merits enable excellent efficiency (20.4%) and outstanding stability (a
                    T
                    93
                    /
                    T
                    92
                    lifetime of 1500/1000 h under MPP tracking at 40°C/65°C) to be achieved for OSCs. A further elevated efficiency of 20.8% (20.4%, certified) and a
                    T
                    90
                    lifetime of 1000 h can also be achieved when PDIN‐EME is used as the new organic component in the hybrid ETL, demonstrating the easy tunability of these hybrid interlayers for more efficient and robust OSCs.",crossref,0
"Scientists don’t need more trust, they need public allies",https://www.nature.com/articles/d41586-026-02424-5,Nature,2026-08-04 00:00:00 UTC,2026-08-04 00:00:00+00:00,10.1038/d41586-026-02424-5,Gregg Sparkman,,,0
Coordinating EV charging modes and energy system planning reveals uneven savings across Europe,https://www.nature.com/articles/s41560-026-02121-7,Nature Energy,2026-08-04 00:00:00 UTC,2026-08-04 00:00:00+00:00,10.1038/s41560-026-02121-7,,,,0
Molecular engineering of self-assembled layers,https://www.nature.com/articles/s41563-026-02664-w,Nature Materials,2026-08-04 00:00:00 UTC,2026-08-04 00:00:00+00:00,10.1038/s41563-026-02664-w,Jovana V. Milić,,,0
Author Correction: Casdatifan shows durable response linked to HIF-2α biology in kidney cancer,https://www.nature.com/articles/s41586-026-10958-x,Nature,2026-08-04 00:00:00 UTC,2026-08-04 00:00:00+00:00,10.1038/s41586-026-10958-x,Rana R. McKay,,,0
Put health systems at the centre of European heatwave plans,https://www.nature.com/articles/d41586-026-02426-3,Nature,2026-08-04 00:00:00 UTC,2026-08-04 00:00:00+00:00,10.1038/d41586-026-02426-3,Benjamin K. Sovacool,,,0
Heterofunctional telechelic polymethylene: from precise synthesis to diverse polyolefin-like polymers,https://academic.oup.com/nsr/advance-article/doi/10.1093/nsr/nwag471/8751121?rss=1,National Science Review Advance Access,2026-08-04 00:00:00 UTC,2026-08-04 00:00:00+00:00,10.1093/nsr/nwag471,Zhongbao Jian,"Telechelic polyolefins are key building blocks for constructing state-of-the-art polyolefins bearing in-chain functionalities such as ester groups, which have attracted significant attention over recent years. However, the precise synthesis of such α,ω-heterofunctional telechelic polyolefins remains challenging. In this study, polyhomologation is used for the synthesis of α-ester-ω-hydroxy telechelic polymethylenes (bearing hexyl side-chains) through the boron-initiated polyhomologation of ylide monomers. These telechelic polymers are structurally-similar to telechelic polyolefins. This method allows for precise control over the end-group fidelity ([OH, COOMe] > 99%) and molecular weight, with particularly narrow molecular weight distributions (Ð = 1.05–1.21) being achieved. Consequently, this approach enables the production of diverse topologies including linear, branched (side-chain), and block structures. Notably, the molecular weight of telechelic polymethylenes was precisely tailored as required. The obtained telechelic polymethylenes serve as AB-type macromonomers and undergo direct polycondensation to afford high-molecular-weight (147–300 kDa) polyolefin-like polymers featuring in-chain-ester groups, imparting diverse microstructures and topologies including high-density polyethylene (PE), polyolefin elastomer (POE), and random as well as alternating olefin block copolymers (OBC).",rss_oup,0
‘Television’? The word will never catch on!,https://www.nature.com/articles/d41586-026-02379-7,Nature,2026-08-04 00:00:00 UTC,2026-08-04 00:00:00+00:00,10.1038/d41586-026-02379-7,,,,0
Lab leaders should follow football’s lead and have coaching qualifications,https://www.nature.com/articles/d41586-026-02427-2,Nature,2026-08-04 00:00:00 UTC,2026-08-04 00:00:00+00:00,10.1038/d41586-026-02427-2,Pat Casey,,,0
What’s missing from the White House plan for the future of US science,https://www.nature.com/articles/d41586-026-02384-w,Nature,2026-08-04 00:00:00 UTC,2026-08-04 00:00:00+00:00,10.1038/d41586-026-02384-w,,,,0
Could mending damaged DNA prolong life?,https://www.nature.com/articles/d41586-026-02385-9,Nature,2026-08-04 00:00:00 UTC,2026-08-04 00:00:00+00:00,10.1038/d41586-026-02385-9,Elizabeth Quill,,,0
How I explore trauma through ‘cinematic neuroscience’,https://www.nature.com/articles/d41586-026-02022-5,Nature,2026-08-04 00:00:00 UTC,2026-08-04 00:00:00+00:00,10.1038/d41586-026-02022-5,Elliot Yates,,,0
NSF rolls out ‘industry PhD’ programme — joining a global trend,https://www.nature.com/articles/d41586-026-02437-0,Nature,2026-08-04 00:00:00 UTC,2026-08-04 00:00:00+00:00,10.1038/d41586-026-02437-0,Jenna Ahart,,,0
Privacy risks from medical AI tools are not shared equally,https://www.nature.com/articles/d41586-026-02288-9,Nature,2026-08-04 00:00:00 UTC,2026-08-04 00:00:00+00:00,10.1038/d41586-026-02288-9,Marzyeh Ghassemi,,,0
Europe can become a bioengineering powerhouse with these three changes,https://www.nature.com/articles/d41586-026-02389-5,Nature,2026-08-04 00:00:00 UTC,2026-08-04 00:00:00+00:00,10.1038/d41586-026-02389-5,Fiona M. Watt,,,0
Subnational mechanisms undermine transnational anti-deforestation policies,https://www.nature.com/articles/s41893-026-01917-5,Nature Sustainability,2026-08-04 00:00:00 UTC,2026-08-04 00:00:00+00:00,10.1038/s41893-026-01917-5,Vera Krause,"Dry forests are disappearing due to agricultural expansion and logging, driven by consumption abroad. The European Union deforestation regulation, which will come into force at the end of 2026, targets this problem by requiring imports into the European Union to be produced in compliance with the forest protection laws of their countries of origin. We analysed the implementation of forest protection laws in the Chaco Province of Argentina between 2009 and 2024 using diverse information sources, including 15,042 georeferenced forest-use permits and 127,632 wood-transport guides issued to agricultural and wood producers. We uncover six mechanisms by which public and private actors relaxed the provincial forest zoning law to circumvent the minimum standards of the national Argentine Forest Protection law, thereby expanding the areas where wood or agricultural commodities could be produced in compliance with transnational anti-deforestation policies. To prevent these maladaptive responses from producing regions, importing countries should demand products that cause zero gross deforestation.",nature_html,0
Why the need for the WHO has never been greater,https://www.nature.com/articles/d41586-026-02358-y,Nature,2026-08-04 00:00:00 UTC,2026-08-04 00:00:00+00:00,10.1038/d41586-026-02358-y,Tedros Adhanom Ghebreyesus,,,0
"Tiny patch of Amazon probably holds 40,000 insect species — many new to science",https://www.nature.com/articles/d41586-026-02350-6,Nature,2026-08-04 00:00:00 UTC,2026-08-04 00:00:00+00:00,10.1038/d41586-026-02350-6,Mariana Lenharo,,,0
"The three-and-beyond-body problem: juggling kids, travel and careers in academia",https://www.nature.com/articles/d41586-026-01845-6,Nature,2026-08-04 00:00:00 UTC,2026-08-04 00:00:00+00:00,10.1038/d41586-026-01845-6,Laura Carter,,,0
Growing firms and carbon intensity: Do environmental taxation policy and green technological innovation ecosystems matter?,https://www.sciencedirect.com/science/article/pii/S0301421526004428?dgcid=rss_sd_all,ScienceDirect Publication: Energy Policy,2026-08-04 00:00:00 UTC,2026-08-04 00:00:00+00:00,,Ali Uyar,,,0
How scientists can tackle the paradox of political polarization,https://www.nature.com/articles/d41586-026-02425-4,Nature,2026-08-04 00:00:00 UTC,2026-08-04 00:00:00+00:00,10.1038/d41586-026-02425-4,Peter Calow,,,0
Electricity market reform proposals through the lens of the energy trilemma: A state-of-the-art review,https://www.sciencedirect.com/science/article/pii/S0306261926012237?dgcid=rss_sd_all,ScienceDirect Publication: Applied Energy,2026-08-04 00:00:00 UTC,2026-08-04 00:00:00+00:00,,Dolores Furió,,,0
Long-term climate vulnerability of green ammonia economics: an integrated techno-economic and life cycle assessment across Köppen-Geiger zones,https://www.sciencedirect.com/science/article/pii/S0306261926011888?dgcid=rss_sd_all,ScienceDirect Publication: Applied Energy,2026-08-04 00:00:00 UTC,2026-08-04 00:00:00+00:00,,Tae Hoon Oh,,,0
State of energy estimation of lithium-ion batteries based on Bayesian-optimized bidirectional temporal convolutional neural network with ECM-based feature extraction and bidirectional filtering,https://www.sciencedirect.com/science/article/pii/S0306261926012079?dgcid=rss_sd_all,ScienceDirect Publication: Applied Energy,2026-08-04 00:00:00 UTC,2026-08-04 00:00:00+00:00,,Guangning Wu,,,0
Active supercapacitor recharging strategy for electric vehicle hybrid energy storage systems under signalized interrupted traffic: preview planning and online control coordination,https://www.sciencedirect.com/science/article/pii/S0306261926012146?dgcid=rss_sd_all,ScienceDirect Publication: Applied Energy,2026-08-04 00:00:00 UTC,2026-08-04 00:00:00+00:00,,Miaoben Wang,,,0
A DSSR-based observation approach for distribution systems,https://www.sciencedirect.com/science/article/pii/S0306261926011979?dgcid=rss_sd_all,ScienceDirect Publication: Applied Energy,2026-08-04 00:00:00 UTC,2026-08-04 00:00:00+00:00,,Baoqiang Zhang,,,0
Causal inference multi-agent reinforcement learning for energy-efficient HVAC control in multi-zone buildings,https://www.sciencedirect.com/science/article/pii/S0306261926012250?dgcid=rss_sd_all,ScienceDirect Publication: Applied Energy,2026-08-04 00:00:00 UTC,2026-08-04 00:00:00+00:00,,Zhihong Pang,,,0
Confidence-driven resilient energy management of offshore wave-powered DC microgrids with non-collocated storage under complex sea states,https://www.sciencedirect.com/science/article/pii/S0306261926011876?dgcid=rss_sd_all,ScienceDirect Publication: Applied Energy,2026-08-04 00:00:00 UTC,2026-08-04 00:00:00+00:00,,Zirong Luo,,,0
Spatio-temporal heterogeneous graph-based modeling and temperature prediction for data center indoor system,https://www.sciencedirect.com/science/article/pii/S030626192601192X?dgcid=rss_sd_all,ScienceDirect Publication: Applied Energy,2026-08-04 00:00:00 UTC,2026-08-04 00:00:00+00:00,,Wen-Quan Tao,,,0
"Geography, not geology: Testing the empirical foundations of the EU critical raw materials act",https://www.sciencedirect.com/science/article/pii/S0301421526004672?dgcid=rss_sd_all,ScienceDirect Publication: Energy Policy,2026-08-04 00:00:00 UTC,2026-08-04 00:00:00+00:00,,Diego Solar,,,0
A reliability-guided supervision and trajectory learning framework for health monitoring and Long-term prognostics of electric vehicle battery packs from field data,https://www.sciencedirect.com/science/article/pii/S0306261926011785?dgcid=rss_sd_all,ScienceDirect Publication: Applied Energy,2026-08-04 00:00:00 UTC,2026-08-04 00:00:00+00:00,,Xiaosong Hu,,,0
Dual-mode resilient dispatch for V2G systems with PBT-enhanced multi-agent deep reinforcement learning,https://www.sciencedirect.com/science/article/pii/S0306261926011153?dgcid=rss_sd_all,ScienceDirect Publication: Applied Energy,2026-08-04 00:00:00 UTC,2026-08-04 00:00:00+00:00,,Dan Li,,,0
Optimizing the configuration and capacity of flexibility retrofits in multiple power plants using a bi-level optimization approach,https://www.sciencedirect.com/science/article/pii/S030626192601189X?dgcid=rss_sd_all,ScienceDirect Publication: Applied Energy,2026-08-04 00:00:00 UTC,2026-08-04 00:00:00+00:00,,Qie Sun,,,0
Counterfactual load forecasting with LLM-structured events and representation learning,https://www.sciencedirect.com/science/article/pii/S0306261926012109?dgcid=rss_sd_all,ScienceDirect Publication: Applied Energy,2026-08-04 00:00:00 UTC,2026-08-04 00:00:00+00:00,,Tongxin Li,,,0
Constraint learning-based optimal operation of district cooling systems with distributed water thermal energy storage,https://www.sciencedirect.com/science/article/pii/S0306261926012122?dgcid=rss_sd_all,ScienceDirect Publication: Applied Energy,2026-08-04 00:00:00 UTC,2026-08-04 00:00:00+00:00,,Hongcai Zhang,,,0
"Understanding global social acceptance of hydrogen technologies: trust, adoption barriers, and policy insights from an international survey",https://www.sciencedirect.com/science/article/pii/S0306261926012092?dgcid=rss_sd_all,ScienceDirect Publication: Applied Energy,2026-08-04 00:00:00 UTC,2026-08-04 00:00:00+00:00,,Justo Lobato,,,0
"Decarbonizing transportation with intelligent transportation systems: a systematic review of mechanisms, constraints and deployment pathways",https://www.sciencedirect.com/science/article/pii/S0306261926011499?dgcid=rss_sd_all,ScienceDirect Publication: Applied Energy,2026-08-04 00:00:00 UTC,2026-08-04 00:00:00+00:00,,Wen-Long Shang,,,0
Energy and non-energy cost-benefit assessment of motor system optimization: A review and case study–based framework,https://www.sciencedirect.com/science/article/pii/S030626192601130X?dgcid=rss_sd_all,ScienceDirect Publication: Applied Energy,2026-08-04 00:00:00 UTC,2026-08-04 00:00:00+00:00,,Prakash Rao,,,0
"Toward intelligent and resilient green hydrogen production: Digital twin technologies for AWE, AEM, PEMWE, and SOEC electrolysis systems and future perspectives",https://www.sciencedirect.com/science/article/pii/S0306261926012031?dgcid=rss_sd_all,ScienceDirect Publication: Applied Energy,2026-08-04 00:00:00 UTC,2026-08-04 00:00:00+00:00,,Amine Alaoui Belghiti,,,0
"Strait of Hormuz disruption, geopolitical dispute intensity and Brent-based hedging effectiveness in European fuel markets: Empirical evidence from DCC-GARCH approach",https://www.sciencedirect.com/science/article/pii/S0301421526004556?dgcid=rss_sd_all,ScienceDirect Publication: Energy Policy,2026-08-04 00:00:00 UTC,2026-08-04 00:00:00+00:00,,Zaiba Ali,,,0
Engineered yeast that make cancer drugs could spare a rare flower,https://www.nature.com/articles/d41586-026-02428-1,Nature,2026-08-04 00:00:00 UTC,2026-08-04 00:00:00+00:00,10.1038/d41586-026-02428-1,,,,0
Maternal nutrition determines the variable expressivity of STRA6-associated eye malformations,https://www.pnas.org/doi/abs/10.1073/pnas.2608068123?mi=eymic2&af=R&access=on&content=articlesChapters&publication=pnas&sortBy=Earliest&target=default,Proceedings of the National Academy of Sciences: Keyword search for query,2026-08-04 07:00:00 UTC,2026-08-04 07:00:00+00:00,10.1073/pnas.2608068123,Johannes von Lintig,"Mutations in
                    STRA6
                    , the high-affinity receptor for retinol-binding protein, cause Matthew-Wood syndrome, a congenital disorder characterized by striking phenotypic variability ranging from isolated ocular anomalies to severe multisystem malformations. The mechanisms underlying this variable expressivity and incomplete penetrance remain poorly understood. Here, we used mice to determine how maternal vitamin A status and embryonic
                    Stra6
                    genotype interact to shape ocular development. Using
                    Stra6
                    -deficient mice bred under defined dietary conditions, we demonstrate that maternal vitamin A availability is a major modifier of phenotypic outcome. Maternal vitamin A restriction resulted in microphthalmia and markedly reduced postnatal survival of the offspring. Remarkably, offspring of
                    Stra6
                    −/−
                    dams maintained on a vitamin A–sufficient diet, corresponding to the recommended dietary allowance for mice, also developed pronounced ocular abnormalities, including retinal dysplasia and impaired rod and cone opsin differentiation. In contrast, supraphysiological maternal vitamin A intake, as provided by a standard chow, partially rescued ocular development and produced near-normal eye morphology in the offspring. Strikingly, heterozygous
                    Stra6
                    +/−
                    offspring born to
                    Stra6
                    −/−
                    dams were protected from both lethality and ocular malformations despite maternal STRA6 deficiency and dietary vitamin A restriction. Biochemical analyses revealed that ocular retinoid availability strictly depended on the
                    Stra6
                    genotype of the offspring, whereas some circulating retinol remained detectable even under maternal vitamin A deficiency. Together, these findings identify a gene–nutrient interaction that explains the variable expressivity of
                    STRA6
                    -associated disease and establish maternal vitamin A status as a critical determinant of ocular development and postnatal survival.",crossref,0
AgRP neurons are required for the weight-lowering effects of GLP-1 receptor agonists in female mice,https://www.pnas.org/doi/abs/10.1073/pnas.2614476123?mi=eymic2&af=R&access=on&content=articlesChapters&publication=pnas&sortBy=Earliest&target=default,Proceedings of the National Academy of Sciences: Keyword search for query,2026-08-04 07:00:00 UTC,2026-08-04 07:00:00+00:00,10.1073/pnas.2614476123,Tamas L. Horvath,"Glucagon-like peptide-1 receptor agonists (GLP-1RAs), including semaglutide, produce robust and sustained weight loss, yet the central mechanisms supporting their long-term efficacy remain incompletely understood. Agouti-related peptide (AgRP) neurons of the arcuate nucleus are classically activated by negative energy balance and promote feeding and energy conservation. Based on this framework, GLP-1RAs have generally been expected to suppress or bypass AgRP neuron activity. Here, we report that AgRP neuron activation is required for the full weight-lowering effects of GLP-1RAs in female mice. Across complementary AgRP loss-of-function models, disruption of AgRP circuit integrity reduced the full weight-lowering effects of GLP-1RAs. This requirement varies with sex, diet, and mode of AgRP disruption. We found that GLP-1RA treatment is associated with increased markers of neuronal activation, mitochondrial engagement, and synaptic remodeling in AgRP neurons. We further identify a glucocorticoid-to-AgRP signaling axis as an important pathway mediating this functional recruitment of AgRP neurons. Together, these findings reveal that contrary to prevailing assumptions, GLP-1RA engages AgRP neurons to sustain weight loss, highlighting an unexpected role for these neurons in coordinating adaptive metabolic responses to pharmacologically induced negative energy balance.",crossref,0
In This Issue,https://www.pnas.org/doi/abs/10.1073/iti3126123?mi=eymic2&af=R&access=on&content=articlesChapters&publication=pnas&sortBy=Earliest&target=default,Proceedings of the National Academy of Sciences: Keyword search for query,2026-08-04 07:00:00 UTC,2026-08-04 07:00:00+00:00,10.1073/iti3126123,,,,0
A lettuce receptor-like kinase recognizes the highly conserved heptapeptide motif within microbial Nep1-like proteins,https://www.pnas.org/doi/abs/10.1073/pnas.2532196123?mi=eymic2&af=R&access=on&content=articlesChapters&publication=pnas&sortBy=Earliest&target=default,Proceedings of the National Academy of Sciences: Keyword search for query,2026-08-04 07:00:00 UTC,2026-08-04 07:00:00+00:00,10.1073/pnas.2532196123,Guido Van den Ackerveken,"Plants rely on cell surface immune receptors to detect microbial patterns and initiate effective defense responses. Although the Asteraceae family is one of the largest and economically important plant groups, little information is available about its pattern-triggered immunity signaling. Cultivated lettuce (
                    Lactuca sativa
                    L.) recognizes a 24-amino acid peptide (nlp24) from necrosis- and ethylene-inducing peptide 1 (Nep1)-like proteins (NLPs) found in bacteria, fungi, and oomycetes. Here, we perform an extensive characterization of nlp24-induced immune responses in lettuce and identify the LETTUCE nlp24 RECEPTOR (LNR) as the leucine-rich repeat receptor-like kinase mediating its recognition. Remarkably, nlp24 recognition in lettuce and subsequent activation of defenses strongly depend on the conserved heptapeptide motif (GHRHDWE). Structural modeling-guided mutagenesis experiments suggest that residues in the nlp24 heptapeptide interact with a hydrophobic pocket in the LNR solenoid structure. Divergent ligand specificities and the absence of sequence homology between LNR and the
                    Arabidopsis
                    nlp24-recognizing receptor RLP23 indicate that NLP recognition in lettuce and
                    Arabidopsis
                    emerged independently, through convergent evolution. Our phylogenetic analysis shows that LNR is closely related to
                    Arabidopsis
                    MALE DISCOVERER 1-INTERACTING RECEPTOR-LIKE KINASE 2 (MIK2) but belongs to a distinct, Asteraceae-specific monophyletic subgroup that has undergone a significant expansion in
                    Lactuca
                    . Our findings provide insights into the mechanisms of pattern-triggered immunity in lettuce and present an example of convergent evolution of plant pattern-recognition receptors.",crossref,0
Evolution after whole-genome duplication (WGD) drives phenotypic and transcriptomic divergence more than WGD in an autopolyploid herb,https://www.pnas.org/doi/abs/10.1073/pnas.2533430123?mi=eymic2&af=R&access=on&content=articlesChapters&publication=pnas&sortBy=Earliest&target=default,Proceedings of the National Academy of Sciences: Keyword search for query,2026-08-04 07:00:00 UTC,2026-08-04 07:00:00+00:00,10.1073/pnas.2533430123,Christian Parisod,"Whole-genome duplication (WGD) is a major driver of plant speciation and often hypothesized to promote rapid adaptation to new or changing environmental conditions. However, the extent to which WGD per se fosters phenotypic and transcriptional novelties, and the relative contribution of WGD-induced changes vs post-WGD evolution to trait differentiation between cytotypes remains poorly understood. Here, we investigated the phenotypic and transcriptomic consequences of WGD and subsequent evolution in the
                    Biscutella laevigata
                    diploid–autotetraploid complex by comparing replicated diploid, synthetic autotetraploids, and natural autotetraploids (originated some 24,000 to 7,000 generations ago) under moderate daily temperature fluctuations (stable) vs. daily heat stress (changing) conditions. WGD led to reduced specific leaf area and slower rosette growth but had no significant effect on biomass. Post-WGD evolution acted in contrasting directions on WGD-induced changes, either reverting traits to diploid-like values or maintaining them in natural autotetraploids. Overall, WGD induced a decrease in fitness that was mitigated by post-WGD evolution, resulting in natural autotetraploids with similar or higher fitness under changing conditions than diploids. While the genetic background modulates the effects of WGD, cytotype-level transcriptomic analyses revealed limited immediate effects of WGD under stable conditions, although heat stress induced different responses across cytotypes. Altogether, our results highlight a complex interplay between immediate WGD-induced and subsequent evolution at the phenotypic and transcriptomic levels, supporting a predominant role of post-WGD evolution in the differentiation of current cytotypes and the adaptive evolution of autotetraploids of
                    B. laevigata
                    .",crossref,0
Developmental plasticity under human management shaped cereal evolution prior to domestication in the Early Holocene southern Levant,https://www.pnas.org/doi/abs/10.1073/pnas.2535274123?mi=eymic2&af=R&access=on&content=articlesChapters&publication=pnas&sortBy=Earliest&target=default,Proceedings of the National Academy of Sciences: Keyword search for query,2026-08-04 07:00:00 UTC,2026-08-04 07:00:00+00:00,10.1073/pnas.2535274123,Cheryl A. Makarewicz,"The domestication of plants in southwest Asia was an evolutionary process that took place over several millennia in the Early Holocene. During this time, domestic species developed distinct traits that distinguished them from their wild counterparts. Current models of plant domestication emphasize the role of genetic selection in the evolution of these traits, viewing these as heritable adaptations that arose in response to selective pressures associated with human cultivation. In cereals, domestication resulted in the evolution of nonshattering rachis and increased grain size, two traits that can be tracked directly in the archaeobotanical record. Analyses of Early Neolithic cereal remains demonstrate that grain size increase occurred prior to the evolution of nonshattering rachis, a sequence that is often interpreted as evidence of selection for larger grains under cultivation, specifically tillage. Here, we combine morphological and metrical analyses of cereal remains, stable carbon isotope analysis, and weed ecology to test this hypothesis, using three assemblages from the southern Levant: Pre-Pottery Neolithic A Sharara (
                    c.
                    9250–9200 cal BCE), Pre-Pottery Neolithic A el-Hemmeh (
                    c.
                    9400–8700 cal BCE), and Late Pre-Pottery Neolithic B el-Hemmeh (
                    c.
                    7500–7000 cal BCE). Our findings indicate that increased grain size in the Early Holocene can be better understood as a plastic response to variation in growing conditions, specifically moisture, rather than as a result of genetic selection for increased grain size under cultivation. We propose that cereal evolution in southwest Asia was initially driven by developmental plasticity, followed by genetic selection.",crossref,0
Guiding covalent catalysis enables a carbon-inserting rearrangement in molybdenum cofactor biosynthesis,https://www.pnas.org/doi/abs/10.1073/pnas.2618523123?mi=eymic2&af=R&access=on&content=articlesChapters&publication=pnas&sortBy=Earliest&target=default,Proceedings of the National Academy of Sciences: Keyword search for query,2026-08-04 07:00:00 UTC,2026-08-04 07:00:00+00:00,10.1073/pnas.2618523123,Kenichi Yokoyama,"Many enzymes catalyze chemically complex rearrangement reactions, yet the molecular strategies that enable precise atomic control often remain enigmatic. One of Nature’s most intricate examples occurs in the biosynthesis of the molybdenum cofactor (Moco), a pterin-based cofactor essential to all domains of life. Formation of Moco’s characteristic pyranopterin requires a remarkable rearrangement of GTP, in which the C8 atom of the guanine base is inserted between the C-2′ and C-3′ atoms of ribose. Remarkably, this transformation is catalyzed by a single enzyme, MoaC, yet how MoaC orchestrates this rearrangement remains unclear. Here, we show that MoaC employs an unexpected covalent catalytic mechanism. Using chemical trapping, enzyme kinetics, mass spectrometry, and X-ray crystallography, we identified four kinetically relevant covalent intermediates. The transient covalent linkage forms between Lys131 and the substrate-derived C-8 atom and persists across most catalytic steps. While covalent catalysis is classically viewed as a means of substrate activation, the primary function of the transient covalent linkage in MoaC is to govern the spatial trajectory of the reacting carbon center. We term this catalytic strategy guiding covalent catalysis. This mechanism explains the long-standing absence of diffusible intermediates during MoaC catalysis and revises prevailing noncovalent models of Moco and pterin biosynthesis. Together, our findings establish guiding covalent catalysis as a distinct functional mode that enables precise spatial control in complex biochemical transformations and suggest that analogous guiding roles may operate in the biosynthesis of other cofactors.",crossref,0
Cytoplasmic fluidity couples nutrient availability and enterocyte fate in vivo,https://www.pnas.org/doi/abs/10.1073/pnas.2602724123?mi=eymic2&af=R&access=on&content=articlesChapters&publication=pnas&sortBy=Earliest&target=default,Proceedings of the National Academy of Sciences: Keyword search for query,2026-08-04 07:00:00 UTC,2026-08-04 07:00:00+00:00,10.1073/pnas.2602724123,Sa Kan Yoo,"Cells must continuously adapt their internal state to fluctuating nutritional environments. For the adaptation, cells sense distinct nutrients through specific molecular signals, such as the insulin and mTOR pathways. Here, in addition to the conventional nutrient-sensing mechanisms, we reveal a mechanistic layer by which gut enterocytes respond to dietary contents, demonstrating that nutritional components in food regulate cytoplasmic fluidity, a fundamental biophysical property and determine cellular status. We found that the quantity, rather than the quality, of amino acids alters the nanoscale cytoplasmic fluidity in
                    Drosophila
                    enterocytes and the frequency of erebosis, a nonapoptotic cell death mediating intestinal cell turnover. Manipulating cytoplasmic fluidity through several independent inert small viscogen molecules affects erebosis, indicating that intracellular fluidity can directly control cell fate decisions. We propose that intracellular nanoscale fluidity represents a fundamental principle for enterocytes to detect and adapt to dietary components, providing a biophysical basis for cellular homeostasis in vivo.",crossref,0
Highly localized droplet clustering in shallow cumulus clouds,https://www.pnas.org/doi/abs/10.1073/pnas.2602976123?mi=eymic2&af=R&access=on&content=articlesChapters&publication=pnas&sortBy=Earliest&target=default,Proceedings of the National Academy of Sciences: Keyword search for query,2026-08-04 07:00:00 UTC,2026-08-04 07:00:00+00:00,10.1073/pnas.2602976123,Gholamhossein Bagheri,"The size and spatial clustering of water droplets in warm clouds influence cloud evolution and radiation properties and thus are of fundamental importance for the Earth’s energy balance and water cycle. Some proposed mechanisms for droplet growth and precipitation initiation in warm clouds require strong droplet clustering. Resolving such clustering on sub-cm scales remains a challenge. The most detailed observations, collected from aircraft, showed weak mm-scale droplet clustering averaged over kilometer scales in stratocumulus clouds. Here we present spatially resolved in-situ holographic measurements from a tethered aerostat, demonstrating that clustering in shallow cumulus clouds is significantly stronger and far more localized than previously thought. These findings challenge current cloud microphysics frameworks, with implications for precipitation initiation and cloud modeling.",crossref,0
High-throughput deformability-based microfluidic sorting reveals metastatic cancer subpopulations,https://www.pnas.org/doi/abs/10.1073/pnas.2604094123?mi=eymic2&af=R&access=on&content=articlesChapters&publication=pnas&sortBy=Earliest&target=default,Proceedings of the National Academy of Sciences: Keyword search for query,2026-08-04 07:00:00 UTC,2026-08-04 07:00:00+00:00,10.1073/pnas.2604094123,Chwee Teck Lim,"The deformability of cancer cells is a critical indicator of their malignancy, as this mechanical property of cancer cells can reflect various biostructural and biochemical changes such as the cytoskeletons and protein expressions. However, selectively isolating and analyzing cell subpopulations with differing deformability and their associated biological properties remains challenging, especially at high throughput. Here, we introduce a microstructure-assisted spiral microfluidic platform that sorts cancer cells based on their deformability at ultrahigh throughput (&gt;2,000,000 cells min
                    −1
                    ) and couples the workflow to real-time, image-based phenotyping of cell parameters. We profile the sorted fractions and investigate a tripartite correlation between the deformability of cancer cells, the expression of proteins in different subpopulations, and the metastatic ability of cancer cells. This tripartite correlation has been confirmed in human breast cancer cell lines with metastatic potential (including MDA-MB-231 cells and BT-549 cells), where these cells are classified into subpopulations based on their deformability. The more deformable subpopulation exhibits increased invasiveness and distinct cytoskeletal remodeling and epithelial-to-mesenchymal transition (EMT)-associated protein signatures. Leveraging these deformability differences, our label-free platform enables high-throughput enrichment of aggressive cancer subpopulations and provides a scalable front end for liquid biopsy workflows. More broadly, deformability-based sorting may support improved analysis of rare metastasis-prone cells and accelerate high-throughput screening for mechano-targeted therapeutic strategies, offering a practical route to integrate cell deformability into precision oncology and therapy.",crossref,0
DENV-4 infection suppresses transcription of DNA repair genes,https://www.pnas.org/doi/abs/10.1073/pnas.2536909123?mi=eymic2&af=R&access=on&content=articlesChapters&publication=pnas&sortBy=Earliest&target=default,Proceedings of the National Academy of Sciences: Keyword search for query,2026-08-04 07:00:00 UTC,2026-08-04 07:00:00+00:00,10.1073/pnas.2536909123,Nimrat Chatterjee,"The molecular mechanisms behind Dengue virus-dependent host pathogenesis, especially genome instability, remain largely unclear. This RNA virus causes a debilitating disease during active infection and presents future risks of postdengue syndromes, leukemia, and DNA damage in the blood cells of infected patients, with the underlying mechanisms unknown. In this study, we show that DENV-4 infection induces significant DNA damage and suppresses the transcription of genes involved in DNA repair and select mutagenic translesion synthesis (TLS) polymerases, indicating that DENV-4-dependent pathobiology leaves durable biological “scars” that incrementally increase chronic disease risk, including carcinogenesis and postdengue syndromes.",crossref,0
Ca2+ regulation of PMCA2 calcium pump expression in hair cells of Tmc1 deafness mutants,https://www.pnas.org/doi/abs/10.1073/pnas.2607733123?mi=eymic2&af=R&access=on&content=articlesChapters&publication=pnas&sortBy=Earliest&target=default,Proceedings of the National Academy of Sciences: Keyword search for query,2026-08-04 07:00:00 UTC,2026-08-04 07:00:00+00:00,10.1073/pnas.2607733123,Robert Fettiplace,"Mutations in transmembrane channel-like protein 1 (TMC1), the pore-forming component of the mechano-electrical transducer (MET) channel in auditory hair cells, cause cell death and deafness in 3-wk old mice. We studied mice with mutations
                    Tmc1
                    p.T416K, p.M412K, p.D528N, and p.D569N, which possessed functional MET channels at postnatal day (P)6 but became deaf before P21. These
                    Tmc1
                    mutants had channels with reduced Ca
                    2+
                    permeability and lower expression of the PMCA2 calcium pump in outer hair cell (OHC) stereocilia. The reduction in PMCA2 density was directly correlated with reduced Ca
                    2+
                    entry via the MET channel. Over the first postnatal week, PMCA2 expression decreased in cochlear cultures containing lowered extracellular Ca
                    2+
                    , but after P11, PMCA2 density was insensitive to Ca
                    2+
                    changes. The lower PMCA2 density in mutants was maintained into adulthood and may contribute to hair cell death. Before the onset of hearing, PMCA2 continuously turns over, and its insertion into stereocilia from an identified vesicular compartment is regulated by cytoplasmic [Ca
                    2+
                    ]. PMCA2 turnover was strongly inhibited by the endocytosis blocker, Pitstop2, and by PtdIns(4,5)P
                    2
                    blockers like phenylarsine oxide (PAO), which was shown to elevate stereociliary [Ca
                    2+
                    ]. We argue the effects of PAO on mechanotransduction may be partly due to this Ca
                    2+
                    increase. OHC bundles also expressed Neuroplastin (NPTN), a PMCA2 accessory protein, whose development paralleled PMCA2, and we propose it stabilizes the pump complex in stereocilia. NPTN expression was delayed about 2 d relative to PMCA2 and was less Ca
                    2+
                    sensitive, implying it originates from a different internal pool of vesicles.",crossref,0
Successful oocyte transport through the oviduct does not depend on the longitudinal alignment of oviduct epithelial folds,https://www.pnas.org/doi/abs/10.1073/pnas.2605383123?mi=eymic2&af=R&access=on&content=articlesChapters&publication=pnas&sortBy=Earliest&target=default,Proceedings of the National Academy of Sciences: Keyword search for query,2026-08-04 07:00:00 UTC,2026-08-04 07:00:00+00:00,10.1073/pnas.2605383123,Toshihiko Fujimori,"The luminal epithelium of the oviduct exhibits ciliary beating oriented along the ovary–uterus (O–U) axis, driving oocyte transport toward the uterus. Longitudinal epithelial folds have also been proposed to facilitate this transport, but their functional contribution has not been tested because the mechanisms that orient these folds remain unclear. In this study, we found that in
                    
                      Vangl1
                      gt/gt
                    
                    oviducts, which lack the core planar cell polarity (PCP) protein VANGL1, ciliary beating orientation is largely preserved, whereas longitudinal folds are disrupted. Despite fold malformation,
                    
                      Vangl1
                      gt/gt
                    
                    females were able to produce offspring, suggesting that oocyte transport to the uterus can occur even when longitudinal fold alignment is disrupted. Polarized distributions of core PCP proteins at cell boundaries have been proposed to establish O–U–oriented ciliary beating and cell elongation, and theoretical work predicts that O–U–aligned cell elongation drives longitudinal fold formation. Consistent with this, our three-dimensional cell-shape analysis revealed a loss of cell elongation in
                    
                      Vangl1
                      gt/gt
                    
                    oviducts. Moreover, although other core PCP proteins remained polarized, their polarity axes were misaligned with ciliary orientation in
                    
                      Vangl1
                      gt/gt
                    
                    oviducts, suggesting that ciliary orientation can be guided by mechanisms that are at least partly independent of canonical core-protein polarity. Together, our findings help define the physiological contribution of longitudinal folds and illuminate how distinct polarity systems—fold orientation, cell elongation, and ciliary beating—are established and coordinated in the oviduct.",crossref,0
A reference protein atlas of the adult mouse brain vasculature,https://www.pnas.org/doi/abs/10.1073/pnas.2614173123?mi=eymic2&af=R&access=on&content=articlesChapters&publication=pnas&sortBy=Earliest&target=default,Proceedings of the National Academy of Sciences: Keyword search for query,2026-08-04 07:00:00 UTC,2026-08-04 07:00:00+00:00,10.1073/pnas.2614173123,Maarja Andaloussi Mäe,"Current methods for assessing low-abundance proteins in individual cells are limited. As a result, cell functions are often inferred from single-cell RNA sequencing (scRNA-seq) data, which can be misleading due to the poor cross-gene correlation (different genes in the same cells) between messenger RNA (mRNA) and protein levels. To address this issue, we used isolated brain vascular fragments to study the blood–brain barrier. We applied a combination of deep bulk proteomic analysis, a proteomic ruler approach, and scRNA-seq, assuming a high within-gene correlation (same gene in different cells) between mRNA and protein. This approach allowed us to estimate protein copy numbers per cell for 9,940 proteins across eight cell types, including endothelium, smooth muscle, pericytes, fibroblasts, and microglia. We also evaluated protein abundance in astrocyte end-feet attached to the vessel fragments. Our data are available through an Online Database, providing a searchable resource and reference protein atlas for future studies of neurovascular proteomics in health and disease.",crossref,0
A semantic-based community model for high-fidelity tuning of olfactory mixture distances,https://www.pnas.org/doi/abs/10.1073/pnas.2611057123?mi=eymic2&af=R&access=on&content=articlesChapters&publication=pnas&sortBy=Earliest&target=default,Proceedings of the National Academy of Sciences: Keyword search for query,2026-08-04 07:00:00 UTC,2026-08-04 07:00:00+00:00,10.1073/pnas.2611057123,Alexei Koulakov,"A central goal in sensory science is to establish quantitative mappings between physical stimuli and perceptual experience. Although such mappings are well defined in vision and audition, they remain elusive in olfaction, particularly for complex odor mixtures. Here, we show that perceptual distances between odor mixtures can be predicted with high fidelity and are unexpectedly well captured by a compact semantic space derived from single-molecule representations. In the Dialogue for Reverse Engineering Assessment and Methods Olfactory Mixtures Prediction Challenge, we assembled a unified dataset of odor-mixture pairs, benchmarked predictions on a hidden test set of 46 pairs, and integrated the top-performing models into a postchallenge ensemble. This model outperformed existing state-of-the-art approaches on the hidden test set, reducing RMSE by about 33% to 0.08 and increasing Pearson correlation by 53% to 0.57, and maintained strong performance on an independent validation set of 50 newly designed mixture pairs. An ensemble, retaining only olfactory semantic features for each model included, further improved predictions, raising the Pearson correlation by 7% to 0.61 on the test set and by 15% to 0.54 on the validation set. Given that semantic features were extracted from pure molecules, it suggests that mixture perception may not require fundamentally different representational principles from single-molecule olfaction. Together, these results establish a reproducible quantitative framework for olfactory mixture perception and advance efforts to measure, model, and engineer smell.",crossref,0
Economic preferences predict higher-education choices,https://www.pnas.org/doi/abs/10.1073/pnas.2610891123?mi=eymic2&af=R&access=on&content=articlesChapters&publication=pnas&sortBy=Earliest&target=default,Proceedings of the National Academy of Sciences: Keyword search for query,2026-08-04 07:00:00 UTC,2026-08-04 07:00:00+00:00,10.1073/pnas.2610891123,Basit Zafar,"We examine whether individual preferences predict higher-education choices. According to standard human capital theory, differences in individuals’ time and risk preferences lead to differences in educational investments. Testing this hypothesis is challenging, as it requires measuring individuals’ preferences, doing so before they make educational investments, and subsequently observing their educational choices. We combine incentivized, experimentally elicited measures of time and risk preferences for a large, representative sample of 18- to 19-y-old Danes with administrative data on subsequent higher-education choices, program-specific earnings trajectories, prior school performance, and family background. In line with theory, we find that more patient individuals choose longer education programs and programs with steeper early-career earnings profiles, while more risk-averse individuals select programs with lower earnings dispersion and reduced downside risk. These relationships remain strong after controlling for cognitive ability, prior academic performance, and family background. Our findings suggest that preferences have a substantial impact on real-world educational investments and have implications for educational sorting.",crossref,0
Activation of the angiotensin II type I receptor by a nonpeptide agonist,https://www.pnas.org/doi/abs/10.1073/pnas.2602538123?mi=eymic2&af=R&access=on&content=articlesChapters&publication=pnas&sortBy=Earliest&target=default,Proceedings of the National Academy of Sciences: Keyword search for query,2026-08-04 07:00:00 UTC,2026-08-04 07:00:00+00:00,10.1073/pnas.2602538123,Andrew C. Kruse,"The angiotensin II type I receptor (AT1R) is a G protein–coupled receptor that regulates the cardiovascular system and as a result is one of the most successful pharmacological targets for the treatment of hypertension. Within the angiotensin receptor pharmacological landscape, agonists are peptide ligands, whereas potent antagonists are predominantly small molecules. Three decades ago, a small number of nonpeptide AT1R agonists were identified. These molecules largely share a chemical scaffold with AT1R antagonists, but appeared to interact with the receptor in a manner that diverges from both antagonists and peptide agonists. Here, we revisit L-162,313, the prototype nonpeptide AT1R agonist and determine how the antagonist-like chemical scaffold acts as an agonist. L-162,313 binds similarly to AT1R antagonists, but unlike antagonists, it engages the same activation switches as peptide agonists. We map the spatial relationship required for activation of AT1R by nonpeptide agonists and used this information to design a small library of L-162,313 derivatives. These rationally designed derivatives had the expected reduced or enhanced potency based on the structural basis for activation. Our data resolve a long-standing pharmacological mystery and provide a foundation for generating more efficacious small molecule AT1R agonists.",crossref,0
Early-life sugar restriction causally reduces adult cancer incidence and slows biological aging,https://www.pnas.org/doi/abs/10.1073/pnas.2610287123?mi=eymic2&af=R&access=on&content=articlesChapters&publication=pnas&sortBy=Earliest&target=default,Proceedings of the National Academy of Sciences: Keyword search for query,2026-08-04 07:00:00 UTC,2026-08-04 07:00:00+00:00,10.1073/pnas.2610287123,Weilong Zhang,"Excess sugar consumption is implicated in multiple cancers through insulin resistance, chronic inflammation, and metabolic reprogramming, yet whether early-life sugar exposure causally shapes long-term cancer risk remains an open question. We exploit the abrupt end of United Kingdom sugar rationing in September 1953 as a natural experiment, analyzing 64,761 UK Biobank participants born 1951–1956. Cohorts whose first 1,000 d of life fell under rationing exhibit dose-dependent reductions in adult cancer incidence: liver/intrahepatic bile duct (IHBD) (hazard ratio 0.31), rectum (HR 0.60), lung (HR 0.59), prostate (HR 0.48), and breast (HR 0.64). We uncover two pathways through which this early-life exposure propagates across the life course. First, a behavioral pathway: Rationed cohorts consume less sugar, eat smaller quantities, and maintain healthier, more diverse diets five decades later, consistent with persistent taste preferences shaped during a critical developmental window. Second, a biological pathway: Rationed cohorts exhibit longer leukocyte telomere length (
                    
                      
                        +
                      
                    
                    0.05 SD, approximately 2.2 fewer years of biological aging) and lower Granzyme B, indicating reduced chronic immune activation. These findings provide causal evidence linking early-life sugar intake to cancer and identify a behavioral pathway, consistent with persistent taste preferences, through which early nutritional environments may shape lifelong disease risk. The results carry direct implications for early-life nutrition and added-sugar policy.",crossref,0
Claims of sex-dependent effects in the behavioral and brain sciences are infrequently supported by valid statistical comparisons,https://www.pnas.org/doi/abs/10.1073/pnas.2608703123?mi=eymic2&af=R&access=on&content=articlesChapters&publication=pnas&sortBy=Earliest&target=default,Proceedings of the National Academy of Sciences: Keyword search for query,2026-08-04 07:00:00 UTC,2026-08-04 07:00:00+00:00,10.1073/pnas.2608703123,Donna L. Maney,"Interest in precision medicine has accelerated efforts to identify sex-dependent responses to treatments and interventions. Those efforts have, both historically and today, been concentrated in fields related to the brain and behavior. Here, we show that even though articles claiming sex-dependent effects are far more prevalent in the neurosciences than in other fields, those claims are infrequently supported by appropriate statistical evidence. Of 200 recent articles in the behavioral and brain sciences with a claim of a sex- or gender-dependent effect in the title, only 24% supported the claim with appropriate evidence—that is, they compared the effect statistically across sex and reported results consistent with the claim. In 9%, an appropriate test was described but the results were incomplete or missing; another 9% contained results that directly contradicted the claim. In most articles (58%), the effect was not compared statistically across sex. Across six brain-related research areas (behavioral sciences, clinical neurology, neurosciences, psychiatry, psychology, and substance abuse), neurosciences had the lowest rate of appropriate evidence (18%) and psychology the highest (39%). Studies on nonhuman animals supported the claim significantly less frequently (15%) than studies on human participants (34%;
                    P
                    = 0.002). The use of appropriate analytical approaches was unrelated to journal rank or the citation impact of the article. We conclude that claims of sex- or gender-dependent effects in the behavioral and brain sciences are often not supported by appropriate evidence, revealing a widespread inferential gap that may undermine translation of sex-dependent findings into evidence-based treatments.",crossref,0
eFormate-mediated CO2 bioconversion: A modular electrochemical–microbial cascade compared across a diverse set of microorganisms,https://www.pnas.org/doi/abs/10.1073/pnas.2608267123?mi=eymic2&af=R&access=on&content=articlesChapters&publication=pnas&sortBy=Earliest&target=default,Proceedings of the National Academy of Sciences: Keyword search for query,2026-08-04 07:00:00 UTC,2026-08-04 07:00:00+00:00,10.1073/pnas.2608267123,Blake A. Simmons,"Direct electrochemical CO
                    2
                    reduction is currently limited to a narrow range of multicarbon products due to limited multicarbon pathways on Cu surfaces. Biochemical methods, by contrast, are often slow due to the slow rate of gas–liquid mass transfer to microbial cells. To overcome the limitations of the individual processes, integrating electrochemical systems with biosynthetic processes has become a promising approach. However, only a narrow range of microbial strains has been explored in these combined systems. Here, we introduce a modular abiotic–biotic platform that allows electrochemically produced formate (eFormate) to be supplied independently to various microbial systems. A concentrated formate solution (0.87 M) was produced within 4 h using a SnO
                    2
                    catalyst and subsequently converted into a biocompatible carbon feedstock by adjusting the pH. Based on earlier reports, we identified and evaluated 13 microbial strains known to grow on formate, 10 of which exhibited robust growth in the prepared formate solution and successfully secreted multicarbon products and important metabolic markers like acetate, ethanol, lactate, pyruvate, and polyhydroxybutyrate (PHB). This work establishes a proof of concept for a broadly applicable abiotic–biotic platform that expands the microbial design space by coupling CO
                    2
                    electrolysis with carbon upgrading.",crossref,0
An interdependent Cbf1–CCAN interaction stabilizes the budding yeast kinetochore,https://www.pnas.org/doi/abs/10.1073/pnas.2610808123?mi=eymic2&af=R&access=on&content=articlesChapters&publication=pnas&sortBy=Earliest&target=default,Proceedings of the National Academy of Sciences: Keyword search for query,2026-08-04 07:00:00 UTC,2026-08-04 07:00:00+00:00,10.1073/pnas.2610808123,Sue Biggins,"Chromosome segregation requires the proper assembly of kinetochores on centromeric DNA. The kinetochore is a complex multiprotein machine comprising more than 40 distinct proteins, but the functional roles of many components remain unclear. One such protein is the yeast transcription factor Cbf1, which directly binds to budding yeast centromeric DNA. Loss of Cbf1 significantly increases the rate of chromosome missegregation; however, its precise molecular mechanism of action is unknown. It was recently found that Cbf1 inhibits transcription through the centromere by preventing the untimely pericentromeric transcriptional readthrough via a roadblock mechanism. Intriguingly, restoring the transcriptional roadblock in the absence of Cbf1 binding only partially rescued chromosome missegregation, indicating that Cbf1 performs additional centromeric activities. Here, we show that Cbf1 promotes inner kinetochore assembly both in vitro and in vivo. This assembly function depends on the interface between Cbf1 and Okp1. Moreover, we found that Cbf1’s stable association with the centromere requires its interaction with the inner kinetochore, revealing an interdependent interaction essential for the assembly and stability of the kinetochore. Thus, Cbf1 functions as a centromere-anchored hub that couples transcriptional roadblocking to constitutive centromere-associated network assembly and kinetochore stability.",crossref,0
High‐Entropy‐Tailored d−p Orbital Hybridization in Na3V2(PO4)2O2F Cathodes for Durable Sodium‐Ion Batteries,https://advanced.onlinelibrary.wiley.com/doi/10.1002/aenm.71389?af=R,Wiley: Advanced Energy Materials: Table of Contents,2026-08-04 07:24:51 UTC,2026-08-04 07:24:51+00:00,10.1002/aenm.71389,Liang Zhang,"ABSTRACT
                  
                    Polyanionic compounds are promising cathodes for sodium‐ion batteries (SIBs) owing to their robust structural frameworks and high operating voltage. However, their practical applications are hindered by poor intrinsic electronic conductivity alongside irreversible structural deterioration over deep desodiation. To overcome these issues, herein we report a high‐entropy Na
                    3
                    V
                    2
                    (PO
                    4
                    )
                    2
                    O
                    2
                    F by incorporating multivalent cations (Cr
                    3+
                    , Mn
                    2+
                    , Fe
                    3+
                    , Co
                    2+
                    , Al
                    3+
                    ) into the V
                    4+
                    sites to rationally modulate V 3
                    d
                    −O/F 2
                    p
                    orbital hybridization. The comprehensive characterization results indicate that the high‐entropy modulation triggers an intricate charge redistribution that drives a dual strengthened
                    d
                    −
                    p
                    orbital hybridization: on the one hand, the strengthened σ‐type hybridization enhances the V−O covalency, endowing the framework with exceptional rigidity to mitigate volume variation; on the other hand, the concurrently enhanced π‐type hybridization via t
                    2g
                    orbital modulation leads to improved intrinsic electronic conductivity. Because of these advantages, a synchronous surface‐to‐bulk vanadium redox reaction with highly reversible and durable dynamic evolution is achieved. Consequently, the designed Na
                    3
                    V
                    2
                    (PO
                    4
                    )
                    2
                    O
                    2
                    F cathode delivers a high reversible capacity of 127.2 mAh g
                    −
                    1
                    at 0.5 C with robust long‐term cycling stability. This study provides deep insights into developing high‐performance SIBs through localized orbital engineering by entropy modulation.",crossref,0
Perfluorinated Asymmetric Magnesium Salts Enable Stable and Dendrite‐Free Magnesium Batteries,https://advanced.onlinelibrary.wiley.com/doi/10.1002/aenm.71383?af=R,Wiley: Advanced Energy Materials: Table of Contents,2026-08-04 07:26:18 UTC,2026-08-04 07:26:18+00:00,10.1002/aenm.71383,Junwu Zhu,"ABSTRACT
                  
                    Rechargeable magnesium batteries face instability and irregular deposition, which lead to dendritic growth, low Coulombic efficiency, and poor cycle life. In this study, we propose a perfluorinated asymmetric magnesium salt (Mg(PFBS)
                    2
                    ) to regulate magnesium‐ion deposition and improve interfacial stability. The PFBS
                    –
                     anion tailors the solvation structure and optimizes the electric double layer (EDL), promoting Mg
                    2+
                    desolvation and suppressing solvent decomposition. Based on diffusion‐controlled theory, we introduce Damköhler (Da) and Wagner (Wa) numbers to elucidate the competition between electrochemical reaction kinetics and atomic/ionic diffusion governing Mg deposition behavior. Experimental and theoretical analyses indicate that PFBS
                    −
                    preferentially adsorbs on the Mg(002) plane, forming a Mg‐PFBS
                    −
                    interfacial layer that induces epitaxial growth dominated by Mg(002) orientation, significantly improving deposition uniformity. The strong electron‐withdrawing perfluorinated structure further enables preferential anion reduction, forming an inorganic‐rich, dense, and stable solid electrolyte interphase (SEI). Electrochemical measurements demonstrate that Mg||Mg symmetric cells maintain stable cycling for over 1800 h at 0.1 mA cm
                    −2
                    and 0.05 mAh cm
                    −2
                    , with an average Coulombic efficiency of 99.47%. Furthermore, Mg||Mo
                    6
                    S
                    8
                    full cells exhibit superior rate capability and long‐term cycling stability, retaining 88.6% capacity after 380 cycles at 1 C. This study offers an effective electrolyte design strategy high‐energy‐density and safe magnesium batteries.",crossref,0
Mechanism‐Driven Atomic‐Level Engineering Over RuO2‐Based Catalysts for Proton Exchange Membrane Water Electrolysis,https://advanced.onlinelibrary.wiley.com/doi/10.1002/aenm.71381?af=R,Wiley: Advanced Energy Materials: Table of Contents,2026-08-04 07:30:07 UTC,2026-08-04 07:30:07+00:00,10.1002/aenm.71381,Zongping Shao,"ABSTRACT
                  
                    Proton Exchange Membrane Water Electrolysis (PEMWE) device with merits of high energy efficiency, rapid response, and operational flexibility represents one of the most promising technologies for green hydrogen production. However, the overall hydrogen production efficiency in PEMWEs is frequently constrained by kinetic limitations of the anodic oxygen evolution reaction (OER), due to intricate multi‐step proton‐electron transfer processes. RuO
                    2
                    ‐based catalysts remain limited stability, primarily due to intrinsic Ru site overoxidation and lattice oxygen loss during operation, which motivates intensive study into their understanding and mitigating these inactivation mechanisms. Different from traditional surface scale optimization, recent advances in RuO
                    2
                    catalyst have focused on mechanism‐driven atomic‐level engineering modification of both Ru sites and coordination environment to simultaneously enhance catalytic activity and stability. However, a comprehensive understanding that bridges the mechanistic complexity of OER with targeted atomic‐scale intervention remains elusive, in response, this review provides a comprehensive overview of recent advances in RuO
                    2
                    ‐based nanocatalysts, with an emphasis on OER mechanisms, advanced in‐situ/operando characterizations in PEMWE, and mechanism‐based strategies for regulating stability at the atomic scale. Ultimately, this review concludes by delineating the primary challenges and outlining promising future research directions essential for advancing the practical application of RuO
                    2
                    catalysts in PEMWEs.",crossref,0
Exceptional Ductility in N‐Type Bi2Te3 Enabled by Atomic‐Scale Coulomb Tailoring of the Van Der Waals Gap,https://advanced.onlinelibrary.wiley.com/doi/10.1002/aenm.71385?af=R,Wiley: Advanced Energy Materials: Table of Contents,2026-08-04 07:32:37 UTC,2026-08-04 07:32:37+00:00,10.1002/aenm.71385,Jun Jiang,"ABSTRACT
                  
                    Inorganic semiconductors underpin modern electronics but suffer from their intrinsic brittleness that constrains functional applications. Here, we demonstrate a plasticity engineering strategy for layered semiconductor Bismuth Telluride via atomic‐scale Coulomb tailoring. By establishing long‐range interlayer Coulomb attraction through strategic doping in the van der Waals gap, the brittle Bi
                    2
                    Te
                    3
                    is successfully transformed into highly deformable semiconductors. Importantly, this strategy preserves the in‐plane electrical transport, which achieves &gt;90% room‐temperature compressive strain while retaining an exceptional peak
                    zT
                    of 1.2 at 350 K. The decoupled nature of interlayer Coulomb interaction and in‐plane covalent bonding enables concurrent plasticity enhancement and electronic property conservation. This work establishes a general design principle, leveraging the decoupling between interlayer and in‐plane interactions, for developing deformable semiconductors without compromising their electronic properties.",crossref,0
Network‐Structured All Organic Composite for High‐Temperature Capacitive Energy Storage,https://advanced.onlinelibrary.wiley.com/doi/10.1002/aenm.71395?af=R,Wiley: Advanced Energy Materials: Table of Contents,2026-08-04 07:39:47 UTC,2026-08-04 07:39:47+00:00,10.1002/aenm.71395,Yang Liu,"ABSTRACT
                  
                    High‐temperature dielectric polymers are promising for advanced power electronics and electrical systems but often suffer from thermally activated charge transport and breakdown under harsh operating conditions. Here, we demonstrate that high‐loading low‐molecular‐weight oligomeric arylene ether urea (O‐EEU) can regulate charge transport in polyetherimide (PEI) through network‐mediated matrix partitioning. At the optimized loading, O‐EEU forms an O‐EEU‐rich network within the PEI matrix, converting the originally continuous PEI phase into localized compartments. This compartmentalized architecture induces charge‐path segmentation and spatially confines carrier motion, thereby suppressing leakage conduction and delaying the formation of continuous breakdown channels. Meanwhile, the polar urea in O‐EEU contributes to additional dipolar polarization. As a result, the optimized PEI/O‐EEU composite exhibits a dielectric constant of 4.22 and a breakdown strength of 797 MV m
                    −1
                    at 150°C, giving rise to a discharged energy density of 9.05 J cm
                    −3
                    with a charge–discharge efficiency above 90%, along with excellent cycling stability and self‐clearing capability. This work converts high‐loading oligomer incorporation from a risky aggregation induced by conventional filler inclusion into an internal matrix‐partitioning strategy for charge‐transport regulation, unlocking the door for rational design of high‐temperature dielectric energy storage.",crossref,0
Garnet‐Induced Amorphization of Fluoride Solid Electrolyte Interlayer Enables High‐Voltage and Large‐Capacity Lithium Metal Solid‐State Batteries,https://advanced.onlinelibrary.wiley.com/doi/10.1002/aenm.71375?af=R,Wiley: Advanced Energy Materials: Table of Contents,2026-08-04 07:49:58 UTC,2026-08-04 07:49:58+00:00,10.1002/aenm.71375,Chilin Li,"ABSTRACT
                  
                    Garnet‐type solid‐state electrolyte Li
                    6.5
                    La
                    3
                    Zr
                    1.5
                    Ta
                    0.5
                    O
                    12
                    (LLZTO) has garnered significant attention owing to its high Li‐ion conductivity at room temperature (RT) and good electrochemical stability with Li metal. However, it presents the challenges in terms of high resistance at electrolyte/electrode interfaces, coupled with the growth of lithium dendrites along grain boundaries within garnet. These challenges have been proven to be related to a thick passivation layer of Li
                    2
                    CO
                    3
                    formed on LLZTO surface. Here, we propose a garnet‐induced amorphization strategy of fluoride solid electrolyte (Li
                    2
                    SiF
                    6
                    ) interlayer with enhanced ionic conductivity (1.32 × 10
                    −6
                    S/cm at RT) and electronic insulation to address these challenges. The Li metal symmetric cells exhibit negligible interfacial resistance (≈1 Ω cm
                    2
                    ) and achieve a record‐high critical current density of 4.4 mA/cm
                    2
                    at RT. The outstanding high‐voltage stability of Li
                    2
                    SiF
                    6
                    contributes to enhance the oxidation capacity of the LLZTO system. The batteries coupled with LiNi
                    0.8
                    Co
                    0.1
                    Mn
                    0.1
                    O
                    2
                    with a loading of 4.3 mg/cm
                    2
                    exhibit stable long‐term cycling up to 4.5 V. The all‐solid‐state conversion reaction batteries, with a high loading of FeF
                    3
                    cathode up to 5 mg/cm
                    2
                    , achieve a high reversible capacity close to 500 mAh/g. This study inspires the positive modulation of ceramic oxides on fluoride solid electrolytes and their multi‐functions on both anode and cathode.",crossref,0
Breaking the Polarity–Coordination Coupling in Electrolyte Design for High‐Voltage Lithium Batteries,https://advanced.onlinelibrary.wiley.com/doi/10.1002/aenm.71380?af=R,Wiley: Advanced Energy Materials: Table of Contents,2026-08-04 07:59:23 UTC,2026-08-04 07:59:23+00:00,10.1002/aenm.71380,Shan Fang,"ABSTRACT
                  
                    Electrolyte design is fundamentally constrained by the trade‐off between high solvent polarity and weak Li
                    +
                    solvation, as polar solvents typically bind Li
                    +
                    strongly. Here, we establish a steric–electronic modulation strategy that decouples solvent polarity from Li
                    +
                    coordination, enabling a generalizable pseudo‐weak solvation electrolyte design paradigm. Based on this principle, a steric hindrance–mediated electrolyte is developed combining 2,2,2‐trifluoro‐N, N‐dimethylethylamide (DMTFA) and fluoroethylene carbonate (FEC) with dual lithium salts. Despite its strong polarity, DMTFA exhibits weak Li
                    +
                    coordination due to the combined steric hindrance and electron‐withdrawing effects of the ‐CF
                    3
                    group, enabling anion‐ dominated solvation structures. This coordination chemistry lowers Li
                    +
                    desolvation barriers and drives the preferential adsorption of a B‐ and P‐rich interphase layer at the cathode surface, thereby protecting the cathode from HF corrosion. The resulting electrolyte achieves high ionic conductivity, intrinsic flame retardancy, and an electrochemical stability window exceeding 5.0 V. Cells employing LiNi
                    0.91
                    Co
                    0.06
                    Mn
                    0.03
                    O
                    2
                    cathodes demonstrate a capacity retention of over 90.0% after 100 cycles at 1 C rate and 4.8 V charge cut‐off. The electrolyte enables approximately 1.6 Ah pouch cells to retain 84.97% capacity after 1800 cycles at 4.6 V.",crossref,0
Achieving Synergistic Kinetics and Stability in Li‐Rich Mn‐Based Oxides via AlPO4‐Assisted Multi‐Scale Regulation,https://advanced.onlinelibrary.wiley.com/doi/10.1002/aenm.71400?af=R,Wiley: Advanced Energy Materials: Table of Contents,2026-08-04 08:12:51 UTC,2026-08-04 08:12:51+00:00,10.1002/aenm.71400,Zhenbo Wang,"ABSTRACT
                  
                    Realizing the full potential of Li‐rich Mn‐based oxides (LRMOs) is contingent upon overcoming the intrinsic conflict between sluggish anionic redox kinetics and structural instability. Conventional modification approaches often fail to harmonize kinetic enhancement with cycling longevity. Herein, we report an AlPO
                    4
                    ‐assisted high‐temperature lithiation strategy to achieve multi‐scale synergistic regulation of LRMOs. This innovative approach simultaneously optimizes particle morphology, stabilizes the surface/interface chemistry, and reinforces the bulk lattice integrity: The well‐controlled moderate‐sized primary particles effectively shorten the Li
                    +
                    diffusion path to boost kinetics; the Al‐rich near‐surface barrier and in situ formed Li
                    3
                    PO
                    4
                    coating synergistically construct a highly stable interface against electrolyte corrosion; the bulk Al/P co‐doping optimizes the electronic structure and stabilizes the lattice oxygen framework; meanwhile, the quasi‐ordered superlattice enables precise tailoring of interlayer stacking and mitigates cycling‐induced lattice strain. Benefiting from this synergistic modification, the optimized LRMO delivers a high capacity of ∼ 240 mAh g
                    −1
                    at 1 C with 82.5% retention over 500 cycles at 25°C. It also exhibits robust high‐temperature performance (∼ 270 mAh g
                    −1
                    , 82.3% retention after 200 cycles at 50°C). Notably, a 1 Ah pouch cell maintains 68.4% capacity after 1000 cycles, validating the practical feasibility of this strategy for advanced high‐energy batteries.",crossref,0
