title,link,source,published_str,pub_date,doi,last_author,abstract,abstract_source,must_have_abstract
Giant negative photomagnetism in an alterlattice,https://www.nature.com/articles/s41467-026-76523-2,Nature Communications,2026-08-07 00:00:00 UTC,2026-08-07 00:00:00+00:00,10.1038/s41467-026-76523-2,Guangshe Li,"Photomagnetism enables optical control of spin order for engineering non-equilibrium phases, yet studies remain largely confined to ferromagnetic systems. Here, we introduce the alterlattice, an emergent structural motif realized in the cation- and anion-deficient perovskite oxide La0.4Ca0.4TiO3–δ. The alterlattice is a three-dimensional alternately patterned superstructural network arising from structural competition, in which average lattice is described by Ibmm symmetry while local superstructure relaxes toward Cmmm symmetry. Within this motif, photo-induced antiferromagnetic correlations develop below 19 K. Under 473 nm illumination, the susceptibility of the alterlattice host decreases by 51.7% at 2 K and 1 T and rapidly recovers in the dark. The observed giant negative photomagnetism is associated with anisotropic strain fields that guide defect-mediated photocarrier transport, thereby driving the system from a spin-dilute paramagnetic state toward a short-range antiferromagnetic state with quasi-one-dimensional characteristics. The alterlattice opens a route to three-dimensional defect-topology engineering for non-equilibrium phases and antiferromagnetic spintronics.",nature_html,0
Lying mirror using structured surfaces,https://www.nature.com/articles/s41467-026-76488-2,Nature Communications,2026-08-07 00:00:00 UTC,2026-08-07 00:00:00+00:00,10.1038/s41467-026-76488-2,Aydogan Ozcan,"We introduce an all-optical system, termed the “lying mirror”, to hide input information by transforming it into misleading, ordinary-looking patterns that effectively camouflage the underlying image data and deceive the observers. This misleading transformation is achieved through passive light-matter interactions of the incident light with an optimized structured diffractive surface, enabling the optical concealment of any form of secret input data without any digital computing. These lying mirror designs were shown to camouflage different types of input image data, exhibiting robustness against a range of adversarial manipulations, including random image noise as well as unknown, random rotations, shifts, and scaling of the object features. The feasibility of the lying mirror concept was also validated experimentally using a structured micro-mirror array along with multi-wavelength illumination at 480, 550 and 600 nm"" role=""presentation"">nm{nm}, covering the blue, green and red image channels. Furthermore, we created a broadband lying mirror that operates across a continuous spectral range, enhancing its adaptability under diverse illumination conditions. This framework showcases the power of structured diffractive surfaces for visual information processing and might find various applications in defense, security and entertainment.",nature_html,0
Key engineering innovations in industrial-scale cyclohexanone production via cyclohexene esterification–reduction,https://academic.oup.com/nsr/advance-article/doi/10.1093/nsr/nwag465/8754117?rss=1,National Science Review Advance Access,2026-08-07 00:00:00 UTC,2026-08-07 00:00:00+00:00,10.1093/nsr/nwag465,Minghua Qiao,"Conventional industrial technologies for cyclohexanone production, a key precursor to ε-caprolactam, primarily cyclohexane oxidation (CHA-Ox) and cyclohexene hydration (CHE-Hydr), are constrained by an inherent trade-off between conversion and selectivity. This leads to low carbon atom utilization or high energy intensity, together with substantial environmental burdens. The cyclohexene esterification–reduction (CHE-ER) route, first proposed by the Research Institute of Petroleum Processing (RIPP), delivers exceptional conversion and selectivity and therefore offers a promising platform for next-generation cyclohexanone production. However, the central challenge has been to translate the intrinsic advantages of this chemistry into a process that is simultaneously economically competitive and environmentally sustainable. Here we report a set of critical chemical engineering innovations that streamline process design and substantially reduce energy consumption. By leveraging the inertness of cyclohexane during cyclohexene esterification, we designed a new extraction system that selectively separates benzene from its partial hydrogenation products. We further implemented a hybrid reactor configuration integrating a fixed-bed reactor with a catalytic reactive distillation reactor for cyclohexene esterification with acetic acid. In addition, we identified and strategically harnessed the beneficial roles of cyclohexane in facilitating reaction heat dissipation and excess acetic acid separation. These innovations have been successfully deployed in a 400 kt yr–1-capacity industrial plant for cyclohexanone production via the CHE-ER route, affording nearly complete cyclohexene conversion and cyclohexyl acetate selectivity above 99.0%. This work establishes a new-generation of industrial technology for cyclohexanone production that maximizes economic benefit, while minimizes energy demand and environmental impacts associated with conventional processes.",rss_oup,0
Electron delocalization in a fullerene-dumbbell triad: synergistically optimizing carrier dynamics for boosting photocatalytic hydrogen evolution,https://academic.oup.com/nsr/advance-article/doi/10.1093/nsr/nwag479/8754131?rss=1,National Science Review Advance Access,2026-08-07 00:00:00 UTC,2026-08-07 00:00:00+00:00,10.1093/nsr/nwag479,Chunli Bai,"Organic photocatalysts typically suffer from compromised carrier dynamics due to inherently low electron mobility and high exciton binding energy, limiting efficient photoconversion. Herein, we synergistically optimize carrier dynamics by modulating electron delocalization using a fullerene-based dumbbell-triad, B2, consisting of a dithienopyrrolobenzothiadiazole donor and two C60 acceptors. Steady-state and transient photoelectrochemical measurements confirm that, compared to the mono-fullerene-based B1 and the dodecyl-modified dumbbell-counterpart B3, B2 nanoparticles exhibit pronounced electron delocalization. This effect significantly reduces the exciton binding energy, enhances the electron mobility, prolongs the carrier lifetime and extends its intermolecular diffusion length, thereby synergistically optimizing charge-carrier generation, transport, and utilization. Consequently, B2 exhibits a markedly improved photocatalytic hydrogen evolution rate (136 mmol g−1 h−1), surpassing B1 by 17.4 times, positioning it competitively among high-performing single-component photocatalysts. This work provides a novel strategy for optimizing photogenerated carrier dynamics, and elucidates the critical role of electron delocalization in boosting photoconversion.",rss_oup,0
Universal vaccine for pneumococcal disease moves closer to reality,https://www.nature.com/articles/d41586-026-02462-z,Nature,2026-08-07 00:00:00 UTC,2026-08-07 00:00:00+00:00,10.1038/d41586-026-02462-z,,,,0
Briefing Chat: Is DNA repair the secret to a long life? Whales and mole rats offer tantalizing hints,https://www.nature.com/articles/d41586-026-02488-3,Nature,2026-08-07 00:00:00 UTC,2026-08-07 00:00:00+00:00,10.1038/d41586-026-02488-3,Nick Petrić Howe,,,0
Wafer-scale subwavelength excimer lithography enabled by dry-transferable photoresist,https://academic.oup.com/nsr/advance-article/doi/10.1093/nsr/nwag477/8754130?rss=1,National Science Review Advance Access,2026-08-07 00:00:00 UTC,2026-08-07 00:00:00+00:00,10.1093/nsr/nwag477,Huigao Duan,"The rapid development of micro- and nanoscale devices has driven demand for wafer-scale, high-resolution nanostructure fabrication, which remains challenging for current nanolithography technologies. Here, we develop a cost-effective and high-throughput lithographic strategy for patterning sub-wavelength nanostructures over wafer-scale areas. This strategy is based on perfect conformal contact lithography combined with vacuum ultraviolet excimer irradiation at 172 nm. Using specially modified, transferable polymethyl methacrylate as a photoresist, the resulting approach enables high-fidelity, wafer-scale (8 inch) replication and fabrication of nanoscale (100 nm) patterns on both rigid and flexible substrates. We further develop a physical pattern-transfer method enabling high-resolution, solvent-free lift-off over large areas with 100% yield. The applicability of the lithography and pattern transfer strategy is demonstrated by the fabrication of 6560 nano-gap electrode structures over an area of 4 cm2 for MoS₂ transistor fabrication. Together with the demonstration of 12 representative transistors exhibiting on/off ratios approximately 108 and a large-aperture (10 cm) metalens enabling high-quality long-distance imaging, these results confirm the applicability of the proposed lithography and pattern transfer strategy across both electronic and optical devices.",rss_oup,0
Low curvature combined with high amorphization improves SERS sensitivity of semiconducting Rh–Se mesoporous nanospheres toward non-adsorbing resistant pollutants,https://www.nature.com/articles/s41467-026-75365-2,Nature Communications,2026-08-07 00:00:00 UTC,2026-08-07 00:00:00+00:00,10.1038/s41467-026-75365-2,Yusuke Yamauchi,"Amorphous metal–selenium (M–Se) alloys hold promise for applications such as catalysis, electronics, and surface-enhanced Raman spectroscopy (SERS) sensing due to their surface reactivity, isotropic properties, and tunable bandgap. However, controlling the synthesis of nanostructured noble-metal-based M–Se materials is difficult, as the strong metallic bonding and low chemical reactivity of noble metals hinder homogeneous selenization. Here we show a one-step micellar self-assembly reduction method to produce amorphous semiconducting Rh–Se mesoporous nanospheres (a-Rh–Se MNs). We systematically investigate how composition, surface curvature, and crystallinity affect SERS performance. a-Rh–Se MNs with low curvature and high amorphization achieve enhanced sensitivity toward typically non-adsorbing, low-polarizability analytes, including hexachlorobenzene, anthracene, and polytetrafluoroethylene microplastics (even in wastewater). Combined experimental and theoretical analyses reveal that co-modulating curvature and amorphization tunes key electronic descriptors (e.g., d-band center and work function), thereby promoting resonant charge transfer. This finding overturns the conventional paradigm that prioritizes high-surface-area substrates. Our work establishes mesostructured a-Rh–Se for SERS applications and provides insights into M–Se surface chemistry for designing advanced SERS materials.",nature_html,0
Selective and autonomous generation of singlet oxygen for synergistic heavy metal-organic removal without energy input,https://www.nature.com/articles/s41467-026-76402-w,Nature Communications,2026-08-07 00:00:00 UTC,2026-08-07 00:00:00+00:00,10.1038/s41467-026-76402-w,Zuoren Nie,"A fundamental challenge across environmental catalysis is the reliance on external energy or chemical inputs to drive detoxification reactions. Here, we transcend this limitation with a pollutant-driven framework, demonstrated by a variable-valent molybdenum oxide (MoOx). A vacancy-anchored dual-site polarization mechanism enables the selective conversion of adsorbed oxygen into singlet oxygen (1O2), bypassing radical intermediates, driven by the synergistic interaction between low-valent Mo and high-valent metal ions. This process achieves simultaneous heavy-metal reduction and organic degradation without the addition of molecular oxygen (O2) gas, external energy (e.g., light, electricity, or heat), or chemical oxidants (e.g., persulfate or peroxide). The MoOx material maintains robust performance in complex water and retains over 99% removal efficiency after closed-loop regeneration. This work establishes a general design principle for energy-autonomous catalysis, bridging environmental remediation with sustainable chemistry and suggesting a potential pathway for self-sustaining processes in wastewater and beyond.",nature_html,0
Evaluating technology upgrades as a complement to traditional bill assistance programs,https://www.nature.com/articles/s41467-026-76489-1,Nature Communications,2026-08-07 00:00:00 UTC,2026-08-07 00:00:00+00:00,10.1038/s41467-026-76489-1,Galen Barbose,"State programs to improve energy affordability and reduce energy burden (the share of income spent on energy) could mitigate concerns about rising electricity prices. Many states offer bill assistance and rebates for weatherization and rooftop solar to income-qualifying households. Here, we analyse how these approaches may complement one another to improve energy affordability. Results illustrate trade offs between program costs and energy burden reduction, as well as between a program’s upfront and ongoing costs. Generally, the three strategies complement one another to improve energy affordability at lower net present cost than bill assistance alone, with varying effects across regions. Weatherization can reduce the solar installation capacity needed, and both together can reduce or eliminate ongoing reliance on bill assistance. Under full uptake among cost-effective households, fully rebated weatherization and solar rebated at $0.48/Watt, combined with bill assistance, yield the same modelled net present cost as bill assistance alone while reducing the share of low-income owner-occupied households with high energy burdens from 66% to 19%, compared with 34% under bill assistance alone. Absent tax credits, weatherization still reduces energy burden and bill assistance program costs, whereas solar may not be cost-competitive.",nature_html,0
Atomic-scale engineering of Pt shells on chiral Au nanoparticles for enhanced oxygen reduction,https://www.nature.com/articles/s41467-026-76426-2,Nature Communications,2026-08-07 00:00:00 UTC,2026-08-07 00:00:00+00:00,10.1038/s41467-026-76426-2,Qingfeng Zhang,"Spin selection in chiral nanocatalysts enabled by the chiral-induced spin polarization (CISS) effect has emerged as a promising strategy for boosting the performance of the oxygen reduction reaction (ORR). However, achieving atomic-scale control of catalytically active surfaces on chiral nanostructures remains challenging. Herein, we demonstrate an approach for the atomic-level engineering of Pt shells on chiral substrates to enhance ORR performance. Pt shells with controlled thicknesses are deposited on chiral Au nanoparticles through a combined protocol of cyclic underpotential deposition and galvanic replacement reaction. This strategy not only maximizes the atomic utilization efficiency of Pt but also preserves the chiral geometry of the substrate and its chiroptical activity. For the chiral Au@Pt nanocatalysts, a volcano-type relationship is observed between the Pt shell thickness and ORR performance. The chiral Au@Pt nanoparticles exhibit a capability of spin polarization due to the CISS-like effect and competitive ORR activities. This work establishes a route for fabricating catalytically active chiral nanocatalysts with CISS-like effects, thereby laying a foundation for the development of advanced spin-selective electrocatalysts.",nature_html,0
Uniaxial Strain Tuned Magnetism of the Altermagnet Candidate H‐FeS,https://advanced.onlinelibrary.wiley.com/doi/10.1002/adma.74398?af=R,Wiley: Advanced Materials: Table of Contents,2026-08-07 01:36:45 UTC,2026-08-07 01:36:45+00:00,10.1002/adma.74398,Pengcheng Dai,"ABSTRACT
                  Altermagnets are a newly recognized class of magnetic materials characterized by compensated spin configurations while still breaking time‐reversal symmetry and exhibiting unconventional transport phenomena. Hexagonal FeS (h‐FeS) is a recently identified altermagnet candidate that shows a spontaneous anomalous Hall effect (AHE) accompanied by a tiny net magnetization. Here, we show that both the spontaneous AHE and magnetization can be effectively suppressed by an in‐plane compressive strain. Since neutron diffraction measurements show that the applied uniaxial strain only modifies the in‐plane domain population but does not affect the in‐plane magnetic structure, the major effect of the applied strain is to tune the small ‐axis ferromagnetic moment. Our results demonstrate a strong correlation between the tiny net magnetization and the spontaneous AHE in h‐FeS, and show that uniaxial strain provides an effective knob to tune both properties in this altermagnet candidate for spintronic applications.",crossref,0
Electro‐ and Photocatalytic C─X Bond Coupling in Valorization of Waste Plastics/Biomass: Reaction Mechanism and Catalyst Engineering,https://advanced.onlinelibrary.wiley.com/doi/10.1002/adma.74524?af=R,Wiley: Advanced Materials: Table of Contents,2026-08-07 01:41:13 UTC,2026-08-07 01:41:13+00:00,10.1002/adma.74524,Shengbo Zhang,"ABSTRACT
                  Electro‐ and photocatalytic carbon─heteroatom (C─N/S) coupling has opened an emerging avenue for upgrading waste plastic/biomass‐derived feedstocks into value‐added nitrogen‐ and sulfur‐containing chemicals, such as amides, amino acids, and organosulfur compounds. However, this process is hindered by complex reaction networks, competing side reactions, and unstable active sites, which compromise activity, selectivity, and long‐term stability. Overcoming these challenges requires a fundamental understanding of catalytic mechanisms and rational catalyst design to achieve efficient substrate activation and optimized intermediate management. However, a systematic review specifically addressing the transformation of waste plastics/biomass into C─X compounds remains lacking to date. To fill this gap, this review summarizes recent advances in electro‐ and photocatalytic C─X coupling reactions for the valorization of waste plastics/biomass, focusing on the design of synergistic active sites, the control of reactive intermediates, mechanistic elucidations, and large‐scale production design. Furthermore, we evaluate the economic feasibility and environmental benefits of such strategies through techno‐economic analysis and life‐cycle assessment. Finally, key challenges in process integration and scale‐up are discussed, outlining future directions to advance these technologies toward practical implementation in a circular carbon economy.",crossref,0
Single Atoms Functioning as Catalysts Inside Living Matter,https://advanced.onlinelibrary.wiley.com/doi/10.1002/adma.74564?af=R,Wiley: Advanced Materials: Table of Contents,2026-08-07 03:16:51 UTC,2026-08-07 03:16:51+00:00,10.1002/adma.74564,Zhonghai Zhang,"ABSTRACT
                  
                    Single‐atom catalysts represent the ultimate limit of materials miniaturization, yet their functionality has been confined to well‐defined abiotic environments. Whether atomically dispersed metal centers can preserve catalytic identity within the chemically crowded, dynamically regulated milieu of living matter remains unknown. Here we show that Fe–N
                    x
                    single atoms embedded in graphene quantum dots operate as catalytic entities inside the cytoplasm of bacteria. Following cellular internalization, these isolated sites establish a light‐driven intracellular redox cycle that accelerates NADH oxidation while maintaining cellular viability. Time‐resolved fluorescence measurements reveal pronounced excited‐state quenching in the biohybrid, supporting close material–cell coupling and light‐driven charge consumption within the cellular environment. The resulting perturbation propagates through endogenous biochemical networks, producing a programmable redistribution of reducing equivalents and enhanced succinate biosynthesis without genetic modification. Structural analyses confirm that atomic dispersion of Fe centers is preserved under biological conditions. These findings demonstrate that atomically defined materials can function within living systems while retaining both structural integrity and catalytic activity, thereby extending single‐atom catalysis from abiotic interfaces to biological environments. Living matter thus emerges as a viable reaction field for atomic‐scale materials, opening opportunities for designing functional materials capable of operating within complex biological settings.",crossref,0
Wide‐Bandgap Subcells for Tandem Solar Cells: From Metal Halides to Metal Chalcogenides and Metal Chalcohalides,https://advanced.onlinelibrary.wiley.com/doi/10.1002/adma.74497?af=R,Wiley: Advanced Materials: Table of Contents,2026-08-07 03:17:58 UTC,2026-08-07 03:17:58+00:00,10.1002/adma.74497,Riming Nie,"ABSTRACT
                  Efficient wide‐bandgap (WBG) perovskite solar cells (PSCs) have propelled the rapid advancement of perovskite (PVK) tandem solar cells (TSCs). However, their commercialization remains impeded by the intrinsic instability of WBG PSCs, particularly under high‐temperature maximum power point tracking conditions, underscoring the urgent need to develop robust, high‐performance WBG top‐cell materials. Here, we first summarize strategies to enhance the device performance of mainstream WBG metal halide PSCs, highlighting advances achieved through interface engineering, additive engineering, and related approaches. Then we evaluate the potential of metal chalcogenides solar cells as top‐cell candidates, identifying their high processing temperatures as a key factor that constrains their integration in TSCs. Finally, we propose metal chalcohalides as promising top‐cell materials for TSCs, owing to their suitable bandgaps, low toxicity, superior stability, and moderate processing temperatures. This review aims to provide design guidelines for the development of next‐generation WBG top‐cell materials in TSCs.",crossref,0
Encapsulating Hollow Perovskite Fluorides in Atomic Mn‐Embedded N‐Doped Carbon Fibers for Anode‐Less 5 V‐Class Li Metal Batteries,https://advanced.onlinelibrary.wiley.com/doi/10.1002/adma.74484?af=R,Wiley: Advanced Materials: Table of Contents,2026-08-07 03:22:49 UTC,2026-08-07 03:22:49+00:00,10.1002/adma.74484,Xiong Wen (David) Lou,"ABSTRACT
                  
                    Anode‐less Li metal batteries (ALLMBs) guarantee high energy density but face critical challenges such as dendrite growth, large volume change, and energy density sacrifice imposed by heavy Cu current collectors. Herein, we report a three‐dimensional (3D) lightweight host comprising N‐doped carbon macroporous fibers encapsulating atomically dispersed Mn‐N sites and hollow NaMg(Mn)F
                    3
                    cubes (NMMF@Mn/N‐CMFs) for ALLMBs. The well‐dispersed Mn‐N sites and hollow NMMF cubes function as lithiophilic nucleation sites to promote uniform Li nucleus growth on both the external and internal surfaces of the hollow fibers. The 3D macroporous networks and internal hollow structures mitigate structural stress and uniformize Li growth by accommodating volume change and decreasing local current density. As a result, the NMMF@Mn/N‐CMFs host displays an average Coulombic efficiency of 98.9% for 1500 cycles at 5.0 mA cm
                    −2
                    . When paired with a LiNi
                    0.5
                    Mn
                    1.5
                    O
                    4
                    cathode, the assembled 5 V‐class anode‐less pouch cell delivers enhanced stability with 95.8% capacity retention over 120 cycles. Besides, a 0.31 Ah pouch cell under anode‐less conditions shows an energy density of 536 Wh kg
                    −1
                    , calculated based on the active materials of electrodes.",crossref,0
Dual‐Site Synergistic Regulation Enabled Interface Passivation and Strain Release Toward Efficient Perovskite Solar Cells,https://advanced.onlinelibrary.wiley.com/doi/10.1002/adma.74464?af=R,Wiley: Advanced Materials: Table of Contents,2026-08-07 03:59:42 UTC,2026-08-07 03:59:42+00:00,10.1002/adma.74464,Yiqiang Zhang,"ABSTRACT
                  
                    The continuous breakthroughs in photovoltaic conversion efficiency (PCE) of inverted perovskite solar cells (PSCs) demonstrate the enormous potential for commercial application. However, accumulating numerous defects at the buried interface and residual strain within the perovskite film severely constrain the further improvement in PCE and stability of the optoelectronic device. Herein, two benzyl phosphoric acids, brominated benzyl phosphate (4‐BrBPA) and methoxy‐substituted benzyl phosphate (4‐MeOBPA), both containing double binding sites were assembled between [4‐(3,6‐dimethyl‐9
                    H
                    ‐carbazol‐9‐yl)butyl]phosphonic acid (Me‐4PACz) hole transport layers (HTLs) and perovskite as buried interface modifiers. More interestingly, the dipole orientation of 4‐BrBPA aligned with Me‐4PACz, which can promote interface energy level alignment, and facilitate carrier extraction and transport. In addition, the phosphate groups (─PO
                    3
                    H
                    2
                    ) group and Br atom in 4‐BrBPA can chelate with uncoordinated Pb
                    2+
                    and vacancy I
                    −
                    , which will effectively achieve perovskite interfacial defect passivation and strain release. Consequently, the PSCs based on 4‐BrBPA interface layer achieve champion efficiency of 26.62% (certified 26.22%). Moreover, this strategy is extended to wide‐bandgap (1.77 eV), large‐area (1 cm
                    2
                    ) PSCs, and mini‐module (11.3 cm
                    2
                    ), resulting in PCEs of 21.64%, 24.43%, and 21.08%, respectively. The optimized PSCs demonstrate excellent operational and storage stability. This work provides an effective strategy for interface modification and strain regulation.",crossref,0
"Electron‐Rich Cores Empower Organic C‐Shaped Dyes With Emission Peaking Around 1000 nm, 14.3% PLQY, and >3% EQE in OLEDs",https://advanced.onlinelibrary.wiley.com/doi/10.1002/adma.74534?af=R,Wiley: Advanced Materials: Table of Contents,2026-08-07 04:00:34 UTC,2026-08-07 04:00:34+00:00,10.1002/adma.74534,Pi‐Tai Chou,"ABSTRACT
                  We establish a molecular design blueprint for highly emissive, metal‐free organic NIR emitters by integrating an electron‐rich S,N‐heteroacene core into a C‐shaped architecture, affording CT‐F, and further extending this framework through selenium incorporation to generate the S,Se,N‐heteroacene‐based CT‐Se and CT‐2Se. This molecular architecture synergistically enhances intramolecular charge transfer (ICT) while suppressing internal reorganization energy through increased molecular rigidity. The optimized CT‐F dye achieves a solid‐state photoluminescence quantum yield of 14.3% at 970 nm. Incorporation of CT‐Se into a hyperfluorescent OLED employing a transfer‐printed sensitizer and balanced charge injection yields an external quantum efficiency (EQE) of 3.07% at 1000 nm, whereas introducing an additional PM6 buffer layer enables relay‐type interfacial energy transfer, elevating the EQE to 3.56% at 995 nm. Comprehensive mechanistic studies reveal that electron‐rich core–driven ICT modulation, molecular rigidification with controlled stacking, asymmetric vibronic coupling regulation, and balanced intrinsic charge transport cooperatively establish an omnidirectional optimization strategy for achieving high‐efficiency organic OLEDs peaking around 1000 nm and extending into the NIR‐II region.",crossref,0
High‐Quality Photoplethysmography Signal Enabled by Narrowband Red Phosphor Converted Light‐Emitting Diodes for Accurate Blood‐Pressure Monitoring,https://advanced.onlinelibrary.wiley.com/doi/10.1002/adma.202521971?af=R,Wiley: Advanced Materials: Table of Contents,2026-08-07 04:02:54 UTC,2026-08-07 04:02:54+00:00,10.1002/adma.202521971,Qinyuan Zhang,"ABSTRACT
                  
                    Photoplethysmography (PPG) is widely used for noninvasive cardiovascular monitoring, yet raw‐signal quality is often limited by the broadband emission and thermal spectral drift of conventional red LEDs, increasing reliance on complex downstream processing. Here, we develop a red light source by integrating an Rb
                    2
                    LiGaF
                    6
                    :Mn
                    4+
                    (RLGF:Mn
                    4+
                    ) microcrystal phosphor with a blue InGaN chip to form a narrowband phosphor‐converted LED (pc‐LED, FWHM = 13.4 nm) as a replacement for a commercial red module. The crystallized RLGF:Mn
                    4+
                    microcrystals deliver a high external quantum efficiency (EQE = 52%) and enable clearer structure–emission correlation via experimentally resolved dual‐site Mn
                    4+
                    emission. The resulting pc‐LED exhibits high electro‐optical efficiency (η = 32.03%) and minimal thermal spectral drift (peak shift ≤ 0.3 nm from 20°C–100°C). Using this narrowband, thermally stable light source in a wearable PPG prototype, we quantitatively demonstrate improved signal quality and more stable VPG/APG feature localization compared with a commercial red module. Finally, we provide a proof‐of‐concept demonstration of blood‐pressure estimation by lightly training a basic convolutional neural network, achieving mean absolute errors of 2.86 mmHg for SBP and 2.40 mmHg for DBP on an independent test set. This work establishes a materials‐to‐device pathway for improving PPG quality through optical spectral engineering.",crossref,0
Specific Position of Halogen in Crystalline TADF Scintillators Enables Efficient Triplet Harvesting Through Vibrational Modulation of Spin–Orbit Coupling,https://advanced.onlinelibrary.wiley.com/doi/10.1002/adma.74520?af=R,Wiley: Advanced Materials: Table of Contents,2026-08-07 04:04:10 UTC,2026-08-07 04:04:10+00:00,10.1002/adma.74520,Winicjusz Drozdowski,"ABSTRACT
                  
                    Thermally activated delayed fluorescence (TADF) offers a powerful route for harvesting triplet excitons in organic scintillators, yet achieving simultaneously small singlet–triplet gaps and efficient spin–orbit coupling (SOC) in rigid molecular crystals remains a fundamental challenge. Here we demonstrate that targeted halogen substitution can activate vibrationally assisted spin‐flip channels that dramatically enhance triplet harvesting in crystalline donor‐acceptor emitters, tailoring them for scintillators with higher light yield and faster response times. Using
                    DMAC‐TRZ
                    derivatives bearing fluorine or chlorine substituents, we combine single‐crystal structural analysis, temperature‐resolved photoluminescence, radioluminescence spectroscopy, and quantum‐chemical calculations to reveal how subtle changes in halogen chemistry control excited‐state dynamics. Fluorination lowers the rISC activation barrier to 7.1 meV, consistent with an almost degenerate emissive singlet–triplet manifold, whereas chlorine additionally introduces dynamic SOC enhancement mediated by Cl‐atom vibrations within the crystal lattice. As a result, the chlorinated crystal exhibits an exceptionally small
                    E
                    a
                    of 3.9 meV, (sub)microsecond‐scale delayed fluorescence, and a scintillation yield of 26 000 photons MeV
                    −1
                    . These results reveal a powerful, targeted approach to achieving near S
                    1
                    ‐T
                    1
                    degeneracy combined with vibrationally activated heavy‐atom effects, enabling high‐performance TADF scintillators in organic crystals.",crossref,0
Far‐Infrared Hyperbolic Phonon–Polaritons in Zirconium Disulfide,https://advanced.onlinelibrary.wiley.com/doi/10.1002/adma.74154?af=R,Wiley: Advanced Materials: Table of Contents,2026-08-07 04:42:16 UTC,2026-08-07 04:42:16+00:00,10.1002/adma.74154,Sang‐Hyun Oh,"ABSTRACT
                  Group‐IVB transition‐metal dichalcogenides (TMDs) have recently emerged as a promising material platform for extreme light confinement, with Hf‐based compounds demonstrating confinement factors exceeding two orders of magnitude in the far‐infrared. As a complementary Zr‐based member of this material family, zirconium disulfide () combines a comparably broad first Reststrahlen band with semiconducting electronic character, providing a wide spectral window for phonon‐dominated far‐infrared hyperbolic polaritonics. Here, we report the first experimental demonstration of far‐infrared hyperbolic phonon polaritons in the group‐IVB TMD  using a resonator‐assisted far‐field spectroscopy platform. An unpatterned  flake integrated with a metallic ribbon array forms a phonon polariton resonator, enabling efficient far‐field excitation of phonon polaritons while suppressing extrinsic scattering losses. This high coupling efficiency enables far‐field observation of multiple polaritonic resonances beyond the fundamental branch. The large normalized light–matter coupling strength of  enables ultrahigh in‐plane momenta, with effective refractive indices as high as 223. Despite this extreme confinement, linewidth analysis indicates that the measured damping is primarily governed by intrinsic propagation loss, corresponding to a sub‐picosecond polariton lifetime. These results establish  as a van der Waals hyperbolic material platform for ultraconfined far‐infrared phonon polaritons and highlight the potential of group‐IVB TMDs for compact far‐infrared nanophotonic and thermal photonic applications.",crossref,0
Confined Solid‐State Polyiodide Deposition Enables Durable Electrochromic Smart Windows,https://advanced.onlinelibrary.wiley.com/doi/10.1002/adma.74530?af=R,Wiley: Advanced Materials: Table of Contents,2026-08-07 04:43:44 UTC,2026-08-07 04:43:44+00:00,10.1002/adma.74530,Zhigang Zhao,"ABSTRACT
                  
                    Electrochromic smart windows are promising for dynamic building energy management. Yet, conventional ion‐intercalation systems suffer from structural degradation, while reversible metal electrodeposition systems are limited by dendrite growth and poor durability. Here, we report a Zn‐coupled electrochemical device, enabled by coordination‐governed reversible polyiodide deposition. By introducing a highly symmetric tetramethylammonium cation ([N
                    1111
                    ]
                    +
                    ), precise spatial matching with linear I
                    5
                    −
                    is achieved, inducing the formation of a highly stable solid‐state [N
                    1111
                    ]
                    +
                    I
                    5
                    −
                    complex. This effectively suppresses the shuttle effect of polyiodides and enables highly reversible I
                    −
                    /I
                    5
                    −
                    conversion. Meanwhile, [N
                    1111
                    ]
                    +
                    further regulates the solvation structure at the Zn electrode via interfacial adsorption, constructing a water‐deficient inner Helmholtz layer that promotes uniform Zn
                    2+
                    deposition. Benefiting from the synergistic stabilization of the solid‐state polyiodide deposition/dissolution and reversible Zn plating/stripping process, the assembled device delivers a high optical contrast of 75.5% at 650 nm, fast switching speeds (3.9/6.5 s), and 84.9% retention after 20 000 cycles. The device blocks 93.6% of solar irradiation in the colored state, enabling a 4°C–10°C cooling effect and 16.4% annual energy savings. This work establishes a new design paradigm for Zn‐coupled electrochromic devices based on confined solid‐state polyiodide chemistry, providing a promising strategy for constructing durable and scalable smart windows.",crossref,0
"From Salinity Gradients to Sustainable Power: A Paradigm Shift in Materials, Thermodynamics, and System Design in Next‐Generation Osmotic Energy Harvesting",https://advanced.onlinelibrary.wiley.com/doi/10.1002/adma.74449?af=R,Wiley: Advanced Materials: Table of Contents,2026-08-07 04:43:49 UTC,2026-08-07 04:43:49+00:00,10.1002/adma.74449,Sang‐Jae Kim,"ABSTRACT
                  Osmotic energy, arising from the Gibbs free energy of mixing between solutions of differing salinity, is an entropy‐driven resource that can, in principle, deliver continuous baseload power at river‐sea interfaces, desalination brine outlets, and wastewater discharges. Despite this attractive thermodynamic ceiling, practical deployment of pressure‐retarded osmosis, reverse electrodialysis, and emerging osmotic architectures has long been constrained by membrane resistance, concentration polarization, fouling, and limited operational stability. This Review traces the evolution of osmotic energy conversion through the lens of materials science, from early polymeric and ion‐exchange membranes to contemporary highly selective ion pathways. By correlating pore size, surface charge density, interfacial chemistry, and hierarchical morphology with ion selectivity, power density, and durability under realistic salinity gradients, we distil general design principles that reconcile the classical permeability selectivity trade‐off and mitigate fouling and internal resistance. We further discuss the integration of molecular dynamics and multiscale transport modelling to rationalize ion migration in confined geometries and to guide the atomic‐scale engineering of nanochannels. Finally, we assess emerging directions, including scalable fabrication routes, and data‐driven optimization of membrane and module design that define a materials‐centered roadmap for translating osmotic energy from laboratory prototypes to technologically and economically relevant blue energy infrastructures.",crossref,0
Correction to “Elimination of Interfacial Lattice Mismatch and Detrimental Reaction by Self‐Assembled Layer Dual‐Passivation for Efficient and Stable Inverted Perovskite Solar Cells”,https://advanced.onlinelibrary.wiley.com/doi/10.1002/aenm.71415?af=R,Wiley: Advanced Energy Materials: Table of Contents,2026-08-07 06:41:13 UTC,2026-08-07 06:41:13+00:00,10.1002/aenm.71415,,,,0
Molecular Disaggregation‐Bridging Engineered SnO2 Interfaces for Scalable Perovskite Photovoltaics,https://advanced.onlinelibrary.wiley.com/doi/10.1002/aenm.71419?af=R,Wiley: Advanced Energy Materials: Table of Contents,2026-08-07 06:43:58 UTC,2026-08-07 06:43:58+00:00,10.1002/aenm.71419,Keyou Yan,"ABSTRACT
                  
                    Scalable perovskite photovoltaics are limited by the coupled challenges of unstable SnO
                    2
                    colloids and defect‐rich buried interfaces, which together undermine film uniformity and charge extraction. While existing strategies typically target either colloidal stabilization or interface passivation alone, their single‐function nature restricts effectiveness for large‐area processing. Here, we introduce potassium dihydrogen phosphate (KH
                    2
                    PO
                    4
                    ) as a dual‐functional modifier that produces a molecular disaggregation–bridging effect (MDBE). Dihydrogen phosphate anions regulate the colloidal organization of commercial SnO
                    2
                    dispersions, contributing to smoother and more uniform electron‐transport layers, while simultaneously establishing phosphate‐mediated interfacial coordination at the buried SnO
                    2
                    /perovskite interface. This integrated regulation suppresses trap‐assisted recombination and promotes uniform perovskite crystallization. Consequently, perovskite devices fabricated via blade coating in combination with vacuum evaporation reach a PCE of 25.34%, and 5 × 5 cm
                    2
                    modules (12 cm
                    2
                    active area) deliver 23.16% with only 8% loss upon scaling. MDBE thereby provides a unified and cost‐effective interface‐engineering strategy that overcomes the limitations of conventional single‐function additives, enabling reliable and high‐performance large‐area perovskite photovoltaics.",crossref,0
MXene‐Derived Highly Oriented TiN Enables Ta3N5 Photoanodes for Transmission‐Mode Bias‐Free Solar Water Splitting,https://advanced.onlinelibrary.wiley.com/doi/10.1002/aenm.71412?af=R,Wiley: Advanced Energy Materials: Table of Contents,2026-08-07 06:45:37 UTC,2026-08-07 06:45:37+00:00,10.1002/aenm.71412,Ho Won Jang,"ABSTRACT
                  
                    The incompatibility between optical transparency and photocarrier extraction in Ta
                    3
                    N
                    5
                    photoanodes, arising from the harsh ammonolysis process, has constrained their potential for bias‐free water splitting, despite intrinsically ideal band structures. Here, we report a transparent and nitridation‐compatible bottom electrode based on 2D MXene‐derived TiN thin films. The (111)‐preferred orientation of MXene‐derived TiN facilitates efficient electron extraction from Ta
                    3
                    N
                    5
                    , while maintaining high optical transmittance at an ultrathin thickness. By integrating with
                    n
                    ‐GaN, we design a heterostructured electron collector that further improves charge separation, corroborating the directional electron extraction in Ta
                    3
                    N
                    5
                    /TiN/
                    n
                    ‐GaN via photoelectron spectroscopy and carrier dynamics studies. The transparent photoanode generates a photocurrent density of 9.2 mA cm
                    −2
                    at 1.23 V versus a reversible hydrogen electrode for water oxidation, also enabling transmission‐mode bias‐free solar water splitting. A triple‐tandem photoelectrochemical device with optimized band gap matching achieves a solar‐to‐hydrogen conversion efficiency of 13.2%, approaching 83% of the theoretical limit of Ta
                    3
                    N
                    5
                    . This study opens up an unexplored interface engineering for carrier and light utilization in metal nitrides toward efficient solar hydrogen production.",crossref,0
Facilitated Phase Transformation for Improved Performance of Earth‐Abundant Disordered Rocksalt Materials,https://advanced.onlinelibrary.wiley.com/doi/10.1002/aenm.71399?af=R,Wiley: Advanced Energy Materials: Table of Contents,2026-08-07 06:46:34 UTC,2026-08-07 06:46:34+00:00,10.1002/aenm.71399,Gerbrand Ceder,"ABSTRACT
                  With the increasing demand for Li‐ion batteries, the reliance on nickel (Ni) and cobalt (Co) has become a critical concern given the high cost and scarcity of these resources. The recently discovered Mn‐rich disordered rocksalt (DRX) oxides have demonstrated high energy density and capacity retention, positioning them as promising candidates for low‐cost sustainable energy storage materials. These Mn‐rich DRX materials undergo structural transformation into a partial spinel‐like ordering phase (δ) during electrochemical cycling, thereby enhancing the rate capability and capacity retention. In this work, δ is formed by delithiation and heating, which bypasses the need for long cycling to form δ. In addition, we identify the correlation between the degree of transformation and the delithiation level and heating time.",crossref,0
Cr/Br Doping Induced Electron Delocalization Tuning D‐Band Center Upshift in Na4Fe3(PO4)2P2O7 Cathode for Unlocking Electron/Ion Transport,https://advanced.onlinelibrary.wiley.com/doi/10.1002/aenm.71298?af=R,Wiley: Advanced Energy Materials: Table of Contents,2026-08-07 06:49:05 UTC,2026-08-07 06:49:05+00:00,10.1002/aenm.71298,Xifei Li,"ABSTRACT
                  
                    The electron localization around Fe, caused by strong covalent bonds with the polyanions, has been identified as the primary reason for poor electron‐transfer capability and slow ion diffusion kinetics of Na
                    4
                    Fe
                    3
                    (PO
                    4
                    )
                    2
                    P
                    2
                    O
                    7
                    (NFPP) cathodes, which limits its high‐rate performance in sodium‐ion batteries (SIBs). Herein, an electron delocalization strategy is proposed to overcome this challenge. Specifically, the 3d
                    3
                    (t
                    2g
                    3
                    e
                    g
                    0
                    ) electronic configuration of Cr
                    3+
                    and the 4p orbital effects of Br
                    −
                    reduce the electron density around oxygen, driving orbital overlap between Fe 3d and O 2p and facilitating the delocalization of electrons in Fe 3d orbitals. This promotes the Fe d‐band center toward Fermi level, thereby enhancing the electron transport rate and decreasing the diffusion energy barrier of Na
                    +
                    ions. Additionally, stronger Cr─O bonds serve as structural backbones to strengthen structural stability, while gradient‐distributed Br
                    −
                    ions alleviate surface degradation. Therefore, the obtained NFPP‐Cr‐Br cathode exhibits surprising capacity (120.5 mAh g
                    −1
                    at 0.1C) and long‐term cycle stability at high rate (86.2% after 2000 cycles at 10C). It also demonstrates good compatibility with different hard carbon anodes, including in pouch cells (80.6% after 500 cycles at 1C). This work provides new perspective to design efficient polyanionic cathode through electronic structure modulation strategy for SIBs.",crossref,0
Nano‐Heterostructured TiO2‐TiO‐TiN/MoO3‐x‐Mo2N Composite LIB Anode With Enhanced Li+ Storage via Glycine‐assisted Anodization and Cathodic Deposition,https://advanced.onlinelibrary.wiley.com/doi/10.1002/aenm.71387?af=R,Wiley: Advanced Energy Materials: Table of Contents,2026-08-07 06:50:03 UTC,2026-08-07 06:50:03+00:00,10.1002/aenm.71387,Song‐Zhu Kure‐Chu,"ABSTRACT
                  
                    To meet the growing demand for high‐capacity and safe anode materials for lithium‐ion batteries (LIBs), we report a low‐cost, scalable strategy to fabricate a nano‐heterostructured TiO
                    2
                    ‐TiO‐TiN/MoO
                    3‐x
                    ‐Mo
                    2
                    N (TTT/MM) composite film directly on titanium substrates. By combining glycine‐assisted anodization with cathodic deposition in a nitric‐based Mo
                    7
                    O
                    24
                    6−
                    electrolyte, Mo‐containing species are incorporated into the nanoporous TTT film. The resulting binder‐ and additive‐free, fully electrochemically active film delivers a high areal discharge capacity of 2639.0 µAh cm
                    −2
                    during charge/discharge cycling, nearly seven times higher than that of the pristine TTT matrix. Charge‐transfer resistance is reduced to only 20% of that of the original matrix, and even at a high current density of 1000 µA cm
                    −2
                    , the film retains an areal capacity above 1000 µAh cm
                    −2
                    with 59.1% high‐rate retention. These performance enhancements originate from the synergistic effects of glycine‐enabled high‐current rapid growth, which promotes thicker and more uniform TTT film formation, together with the introduction of high‐capacity Mo‐containing species and defect‐assisted charge transport. This work demonstrates that TiO
                    2
                    ‐TiO‐TiN/MoO
                    3‐x
                    ‐Mo
                    2
                    N is a highly promising LIB anode, combining high performance with scalable, low‐cost fabrication for next‐generation energy storage applications.",crossref,0
Fluorinated Methylammonium Cation Containing Perovskite Solar Cells With Over 25% Power Conversion Efficiency,https://advanced.onlinelibrary.wiley.com/doi/10.1002/aenm.71396?af=R,Wiley: Advanced Energy Materials: Table of Contents,2026-08-07 06:53:54 UTC,2026-08-07 06:53:54+00:00,10.1002/aenm.71396,Kasparas Rakstys,"ABSTRACT
                  
                    High‐performance perovskite solar cells (PSCs) are typically made using formamidinium CH(NH
                    2
                    )
                    2
                    +
                    (FA
                    +
                    ), cesium Cs
                    +,
                    and the thermally unstable methylammonium CH
                    3
                    NH
                    3
                    +
                    (MA
                    +
                    ) monovalent cations. Excluding unstable MA
                    +
                    leads to perovskite compositions with increased stabilities and decreased bandgaps. This study introduces a novel approach using a simple fluorinated methylammonium CFH
                    2
                    NH
                    3
                    +
                    (FMA
                    +
                    ) cation capable of doping into the perovskite‐framework. With the addition of an optimized quantity of 0.8 mol% FMAI, perovskite compositions are thermally more stable, enabling more reproducible n‐i‐p PSC performance with a power conversion efficiency of 25.67%. The PSCs exhibit operational stability over 2000 h. Spectroscopic and computational analyses suggest that FMAI may play a dual role as a fluorinated ammonium additive capable of doping into the perovskite and as a chemically non‐innocent precursor producing passivating species.",crossref,0
TRIM29-dependent AKR1B10 degradation ameliorates MASH,https://www.science.org/doi/abs/10.1126/sciadv.aeb9309?af=R,AAAS: Science Advances: Table of Contents,2026-08-07 07:00:00 UTC,2026-08-07 07:00:00+00:00,10.1126/sciadv.aeb9309,Xiaoli Ye,"Metabolic dysfunction–associated steatohepatitis (MASH) is a prevalent and life-threatening liver disease with limited effective therapies, necessitating the urgent identification of previously unidentified molecular targets and effective pharmacologic agents. This study identifies aldo-keto reductase family 1 member B10 (AKR1B10) as the MASH hallmark, showing elevated expression in patient tissues and serum, correlating strongly with disease severity. Genetic ablation of
                    Akr1b10
                    in mice significantly attenuated high-fat/high-cholesterol (HFHC) diet–induced steatosis, inflammation, and fibrosis. Mechanistically, we found that tripartite motif protein 29 (TRIM29) functions as an E3 ubiquitin ligase that directly binds AKR1B10, promoting its ubiquitination and proteasomal degradation, which ameliorates MASH progressions. Furthermore, the natural compound coptisine (COP) allosterically facilitated TRIM29-AKR1B10 interaction, accelerating AKR1B10 degradation and showing improved efficacy in MASH mice. Moreover,
                    Trim29
                    overexpression enhances COP-mediated symptoms alleviation. Our findings delineate the TRIM29/AKR1B10 axis as a druggable signaling pathway and identify COP as a promising therapeutic candidate for MASH.",crossref,0
The microenvironment dictates glyco-immune surveillance via HSF1-mediated metabolism,https://www.science.org/doi/abs/10.1126/sciadv.aeb1136?af=R,AAAS: Science Advances: Table of Contents,2026-08-07 07:00:00 UTC,2026-08-07 07:00:00+00:00,10.1126/sciadv.aeb1136,Valerie M. Weaver,"Altered glucose metabolism is an auspicious feature of solid tumors, but is it an intrinsic property of tumor cells or a metabolic adaptation to the tumor microenvironment? Using normal epithelial cells cultured in a physiological culture medium under conditions that mimic the physical properties of healthy or cancerous tissues, we establish multiomics relationships between the biochemical and physical properties of the microenvironment and its impact on biosynthetic outputs of altered glucose metabolism. We find that microenvironmental properties, such as hyperglycemia, can affect the composition and thickness of the epithelial glycocalyx, in part through the activity of mechanosensitive stress responses associated with Heat Shock Factor 1 (HSF1). Because glycocalyx thickness alters immune surveillance of epithelial-origin tumor cells, we examined the relationship between the HSF1-hyperglycemia axis in human breast tumors and validate it as a druggable vulnerability to license natural killer cell lethality against cancer cells.",crossref,0
Ly6d expression delineates two putative postnatal thymus epithelial progenitor cells that are differentially affected by aging,https://www.science.org/doi/abs/10.1126/sciadv.aec2253?af=R,AAAS: Science Advances: Table of Contents,2026-08-07 07:00:00 UTC,2026-08-07 07:00:00+00:00,10.1126/sciadv.aec2253,Michael D. Morgan,"To date, the identity and maintenance of postnatal thymic epithelial progenitor cells (TEPCs) remain unclear, as does the persistence of bipotent TEPCs after birth or whether lineage-restricted progenitors independently maintain separate TEC compartments. Using an inducible lineage-tracing system based on expression of the thymoproteasomal protein β5t, which is expressed in embryonic and a subset of postnatal TEPCs, we explored the early dynamics of the relationships between thymic epithelial cell (TEC) progenitors and their progeny. Our results identified two potential lineage-biased progenitor subpopulations, distinguished by
                    Ly6d
                    expression. Additionally, we observed that aging disproportionately affects
                    Ly6d
                    −
                    compared to
                    Ly6d
                    +
                     TEPCs, with implications for rejuvenation of aging thymic epithelia. This study provides insights into the developmental pathways of TEC lineages and their maintenance, contributing to strategies for enhancing thymic function in aging and disease.",crossref,0
MBNL1 hijacks a structured single-stranded distal DNA element to sustain FLT3 expression in KMT2A-rearranged leukemias,https://www.science.org/doi/abs/10.1126/sciadv.aec2331?af=R,AAAS: Science Advances: Table of Contents,2026-08-07 07:00:00 UTC,2026-08-07 07:00:00+00:00,10.1126/sciadv.aec2331,Chunliang Li,"The molecular mechanisms by which KMT2A-rearranged (KMT2A-r) leukemias maintain the oncogenic
                    FLT3
                    expression remain largely unclear, limiting therapeutic opportunities. Here, we identify the RNA binding protein MBNL1 as an unexpected positive regulator of
                    FLT3
                    by DepMap dataset exploration and combinatorial CRISPR screens. MBNL1 promotes leukemia cell survival in cell lines and primary tumors by sustaining
                    FLT3
                    expression in a KMT2A-r context-dependent manner. Mechanistically, we discover that MBNL1 recognizes a structured single-stranded DNA (ssDNA) element containing five consecutive guanines within the
                    FLT3
                    enhancer, through MBNL1’s zinc finger domains and the carboxyl-terminal unstructured region. Such MBNL1 protein/ssDNA interaction was evident in KMT2A-r leukemia using ChIP-seq and KAS-seq. Mutations of key amino acids of MBNL1’s ssDNA binding surface or the critical guanines in ssDNA markedly abrogate the protein-ssDNA interactions. These findings implicate MBNL1 as a distinct
                    FLT3
                    activator by recognizing a structured enhancer ssDNA element, highlighting an unexpected role for RNA binding proteins in transcriptional regulation through direct ssDNA recognition.",crossref,0
Monolithically integrating polarization-doped InGaN p-FET and GaN n-FET for complementary logic circuitry,https://www.science.org/doi/abs/10.1126/sciadv.aec4563?af=R,AAAS: Science Advances: Table of Contents,2026-08-07 07:00:00 UTC,2026-08-07 07:00:00+00:00,10.1126/sciadv.aec4563,Jin Wei,"Low-efficiency p-type impurity doping has long impeded the practical adoption of wide-bandgap semiconductors in integrated circuits (ICs). In wide-bandgap III-nitride semiconductors, the inherent polarization effects provide an alternative approach to engineering electrical properties. Here, we report the monolithic integration of polarization-doped InGaN p-channel FETs with polarization-doped GaN n-channel FETs for complementary logic (CL) circuitry. The enhancement-mode (E-mode) InGaN p-FET achieves a high current density exceeding 20 mA/mm. We construct a series of III-nitride CL building blocks, including inverter, ring oscillator (RO), NAND, NOR, RS latch, and 6T-SRAM. The inverter exhibits a high maximum voltage gain of 154.1 V/V, and the RO achieves a record short propagation delay per stage of 10.4 ns. Additionally, we demonstrate the monolithic integration of CL buffers with high-voltage GaN power transistors. These results establish the polarization-doped III-nitride CL platform as a promising solution for high-frequency power management ICs and harsh-environment electronics.",crossref,0
Environmental tuning of thyroid hormone signaling drives developmental plasticity,https://www.science.org/doi/abs/10.1126/sciadv.aec5359?af=R,AAAS: Science Advances: Table of Contents,2026-08-07 07:00:00 UTC,2026-08-07 07:00:00+00:00,10.1126/sciadv.aec5359,Vincent Laudet,"Vertebrate developmental transitions unfold in environments increasingly altered by global change. Thyroid hormones, a deeply conserved endocrine axis, coordinate post-embryonic transformations, yet the effects of natural ecological variation on this signaling remain largely unexplored—despite their potential to shape developmental plasticity and acclimation to local environments. To address this, we investigated a common reef fish (
                    Acanthurus triostegus
                    ), which undergoes a thyroid-dependent metamorphosis during settlement into coastal nurseries. By combining transcriptomic, hormonal, and metabolic profiling across distinct natural habitats, we show that settlement triggers a profound reprogramming of energy metabolism, tightly coupled to thyroid signaling. Strikingly, the magnitude and direction of thyroid hormone regulation varied with habitat, producing divergent metabolic and physiological states. These results demonstrate that thyroid hormones act not only as a developmental timer but as a dynamic integrator of environment and physiology. More broadly, they reveal a conserved mechanism of vertebrate developmental plasticity, highlighting endocrine flexibility as a potential buffer of population resilience under rapid environmental change.",crossref,0
3D genome organization in tissue regeneration involves long-range chromatin loops,https://www.science.org/doi/abs/10.1126/sciadv.aea8281?af=R,AAAS: Science Advances: Table of Contents,2026-08-07 07:00:00 UTC,2026-08-07 07:00:00+00:00,10.1126/sciadv.aea8281,Montserrat Corominas,"The three-dimensional (3D) organization of the genome plays a fundamental role in gene expression regulation, yet how changes in genome architecture influence transcriptional responses during tissue regeneration remains poorly understood. Here, we used Hi-C to profile 3D chromatin conformation during
                    Drosophila
                    wing imaginal disc regeneration. We found that, although compartments and topologically associating domains (TADs) are largely maintained, regeneration is accompanied by reduced compartmentalization and decreased boundary insulation. We identified three long-range chromatin loops with increased contact frequency during regeneration. Targeted deletion of their anchors revealed that these loops are essential for proper disc regeneration but dispensable for normal wing development. Furthermore, disruption of any of these loops resulted in convergent changes in both gene expression and H3K4me1 3D environment, suggesting their coordinated activity during regeneration. These findings provide functional evidence that 3D genome architecture actively contributes to the regenerative process.",crossref,0
Language-like statistical structure arises in learned signaling: evidence from birdsong,https://www.science.org/doi/abs/10.1126/sciadv.aea3015?af=R,AAAS: Science Advances: Table of Contents,2026-08-07 07:00:00 UTC,2026-08-07 07:00:00+00:00,10.1126/sciadv.aea3015,Inbal Arnon,"All languages have statistically coherent subsequences (e.g., words) whose frequency distribution follows a power law. These properties facilitate language learning in humans, making them good candidates for arising through cultural transmission as a way to help faithful transmission across generations. Recently, both properties were found in whale song, which is also culturally transmitted, leading to the strong prediction that they should be found wherever complex sequential signaling is culturally transmitted. Here, we use the same tools used to analyze human data and whale song to reveal that culturally transmitted Bengalese finch song also has statistically coherent subsequences whose distribution follows a power law. We additionally show that statistical coherence increases over development, but the power law is present throughout, suggesting that it reflects a fundamental principle of learned representations. Finding these parallels between evolutionarily distant species illustrates the importance of cultural transmission in shaping communication and suggests that core properties of language arise through convergent evolution.",crossref,0
High-resolution mapping of embryonic genome activation unveils a decoupling of transcription activation from precocious H3K4me3 removal,https://www.science.org/doi/abs/10.1126/sciadv.aec9545?af=R,AAAS: Science Advances: Table of Contents,2026-08-07 07:00:00 UTC,2026-08-07 07:00:00+00:00,10.1126/sciadv.aec9545,Ana Boskovic,"The lack of temporal resolution in transcriptomic data during mammalian embryonic genome activation (EGA) has precluded the comprehensive understanding of the functional relationships between the various gene regulatory mechanisms governing this process. Here, we finely dissect the transcriptional dynamics of mouse EGA using precision in vitro fertilization (IVF) coupled with single-embryo RNA sequencing. Our highly temporally resolved dataset uncovers an extensive, step-wise remodeling of the embryonic messenger RNA landscape, affecting ∼30% of the total detectable transcripts over a 9-hour time frame. We capture the gradual shift from maternal to embryonic messenger RNAs, successfully identify ribosome biogenesis and translation as hallmarks of EGA, and find previously unidentified gene expression dynamics. We further uncover a set of eight histone demethylating enzymes among the earliest up-regulated EGA genes and leverage our precision-IVF to dissect the transcriptional versus developmental impact of histone H3 lysine-4 trimethylation (H3K4me3) remodeling after fertilization. Our results indicate that precocious removal of H3K4me3 from embryonic chromatin only modestly affects embryonic transcription without perturbing EGA timing, arguing against a major instructive role of precocious remodeling of maternally inherited H3K4me3 after fertilization on genome activation. High-resolution transcriptome mapping coupled with functional perturbations allows us to distinguish direct gene expression effects from general impacts on developmental timing, opening avenues for further quantitative characterization of the impact of epigenome remodeling on embryonic transcription.",crossref,0
"Submillennial timescales of eruptible rhyolite magma: Converging evidence from Aira Caldera, Japan",https://www.science.org/doi/abs/10.1126/sciadv.aea2075?af=R,AAAS: Science Advances: Table of Contents,2026-08-07 07:00:00 UTC,2026-08-07 07:00:00+00:00,10.1126/sciadv.aea2075,Nobuo Geshi,"Recent studies debate whether caldera-forming silicic magma is primarily stored in a crystal-poor, eruptible state for &gt;100,000 years (kyr) (“warm storage”) or exists as a crystal-rich “mush” with defrosting events causing brief periods (&lt;1 kyr) of eruptibility (“cold storage”). To address this, we examined Aira Caldera (Japan), where the 400–cubic kilometer Aira-Tanzawa (AT) eruption (30,000 years ago) was preceded by three smaller eruptions over 3.5 kyr. All eruptions consist of roughly similar high-silica rhyolite stored at comparable depths (75 to 175 megapascals). Diffusion modeling in quartz and plagioclase is consistent and gives short residence times (&lt;1 to 2.5 kyr) for all eruptions with no progressive increase up-section. The AT eruption also shows signs of hotter, less evolved magma and higher lithium concentrations, possibly indicating greater mush rejuvenation by a hotter fluid-rich recharge. We suggest that the 400–cubic kilometer AT magma was eruptible for less than 1 kyr, consistent with the hypothesis that silicic magmas are primarily held in cold storage with brief periods of eruptibility.",crossref,0
Gaseous liquid nitrogen–assisted cryo-printing strategies for challenging volumetric anisotropic tissues fabrication,https://www.science.org/doi/abs/10.1126/sciadv.adz1325?af=R,AAAS: Science Advances: Table of Contents,2026-08-07 07:00:00 UTC,2026-08-07 07:00:00+00:00,10.1126/sciadv.adz1325,Mian Wang,"Engineering physiologically relevant anisotropic tissues remains a major challenge due to limitations in replicating native structural cues across complex geometries. Here, we developed a cryogenic extrusion bioprinting platform by precisely guiding ice crystal growth to achieve centimeter-scale anisotropic constructs, even with ultrasoft, low-viscosity inks (2% weight/volume GelMA). This approach enables the fabrication of anatomically matched, patient-specific constructs with tunable anisotropy, including bone graft substitutes and osteoporotic disease models. To overcome the height constraints of cryo-printing, we further developed cryo-assembly and LEGO-assembly strategies that allow integration of anisotropic units while maintaining continuous internal alignment. In vivo studies across wound healing, cranial defect, and femoral defect models validated that these anisotropic cues drive spatially guided cell migration, extracellular matrix (ECM) remodeling, and tissue site-specific regeneration, as evidenced by the ECM deposition. Our platform offers a scalable, clinically adaptable solution for engineering structurally and functionally relevant tissues, redefining the boundaries of anisotropic soft tissue fabrication.",crossref,0
Formation of tertiary lymphoid structures drives Parkin antitumor immunity,https://www.science.org/doi/abs/10.1126/sciadv.aef3194?af=R,AAAS: Science Advances: Table of Contents,2026-08-07 07:00:00 UTC,2026-08-07 07:00:00+00:00,10.1126/sciadv.aef3194,Dario C. Altieri,"Mitochondria activate immunity, but the role in cancer is unknown. Here, we report that transgenic expression of Parkin, a regulator of mitochondrial fitness, induces inflammation and interferon (IFN) gene signatures, suppresses prostate cancer formation and generates CD8
                    +
                    and CD20
                    +
                    intraprostatic immune aggregates. These had hallmarks of mature tertiary lymphoid structures (TLS), expressing markers of B cell maturation (CXCL13, CCL21), germinal center formation (BCL6, GL7), mature dendritic cells (MHC-II/CD208) and high endothelial venules (LYVE-1). Parkin TLS showed high Ig gene expression, recruitment of CXCR5
                    +
                    follicular T helper cells and expansion of CD69
                    +
                    /KLRG1
                    +
                    effector T cells. Conditioned medium from Parkin-positive cells expanded memory B and plasma cells, increased IgG1 production, and sustained B and T cell migration. Finally, conditional expression of Parkin induced TLS formation, upregulated Ig chains and inhibited prostate cancer growth, in vivo, whereas Parkin reconstitution in IFNAR1, CD8 or CD20 knockout mice had no effect. Therefore, mitochondrial immunity orchestrates antitumor responses, and TLS formation contributes to tumor suppression.",crossref,0
Emergent metabolic parasitism driven by organelle sequestration,https://www.science.org/doi/abs/10.1126/sciadv.adx9022?af=R,AAAS: Science Advances: Table of Contents,2026-08-07 07:00:00 UTC,2026-08-07 07:00:00+00:00,10.1126/sciadv.adx9022,Matthew D. Johnson,"Stable acquisitions of metabolism, such as the endosymbiotic incorporation of eukaryotic chloroplasts, are thought to proceed through mechanisms that increase the genetic repertoire of the host and allow for vertical integration of new metabolism. Here, we test these predictions using the chloroplast-stealing marine ciliate genus
                    Mesodinium
                    by comparing transcriptomes from species that represent a spectrum from full heterotrophy to nearly full phototrophy. We find a notable divestment in metabolic autonomy with increased reliance on acquired photosynthesis. The highly photosynthetic, red tide-forming
                    Mesodinium rubrum
                    appears to have lost the capacity to synthesize amino acids, metabolize fatty acids, and produce peroxisomes. Our results portray a metabolic parasite, masquerading as a free-living ciliate that is nonetheless incapable of satisfying most of its basic anabolic needs and which provides an alternate model for understanding evolutionary transitions from heterotrophy to phototrophy.",crossref,0
Higher-order trade-offs in hypergraph community detection,https://www.science.org/doi/abs/10.1126/sciadv.aef2184?af=R,AAAS: Science Advances: Table of Contents,2026-08-07 07:00:00 UTC,2026-08-07 07:00:00+00:00,10.1126/sciadv.aef2184,Leto Peel,"Extending community detection from pairwise networks to hypergraphs introduces fundamental theoretical challenges. Hypergraphs exhibit structural heterogeneity with no direct graph analog: Hyperedges of varying orders can connect nodes across communities in diverse configurations. Crucially, this means that any hypergraph community detection algorithm must make a choice regarding which order or balance of hyperedges it prefers to maintain or split during partitioning. We address these challenges by developing a unified framework for community detection in nonuniform hypergraphs under the hypergraph stochastic block model. We introduce a general signal-to-noise ratio that enables a quantitative analysis of trade-offs unique to higher-order networks, such as which hypergedges we choose to split across communities and how we choose to split them. Building on this framework, we derive a Bethe Hessian operator for nonuniform hypergraphs that provides efficient spectral clustering with principled model selection. We characterize the resulting spectral detectability threshold and compare it to belief propagation limits, showing the methods coincide for uniform hypergraphs but diverge in nonuniform settings. Synthetic experiments confirm our analytical predictions and reveal systematic biases toward preserving higher-order and balanced shape hyperedges. Application to empirical data demonstrates the practical relevance of these higher-order detectability trade-offs in real-world systems.",crossref,0
Two contrasting atmospheric circulation patterns linked to Kuroshio Extension variability,https://www.science.org/doi/abs/10.1126/sciadv.aee9489?af=R,AAAS: Science Advances: Table of Contents,2026-08-07 07:00:00 UTC,2026-08-07 07:00:00+00:00,10.1126/sciadv.aee9489,Youngji Joh,"The influence of Kuroshio Extension (KE) variability on North Pacific atmospheric circulation has been increasingly recognized in high-resolution observations and models. While the role of fine-scale air-sea interactions has been highlighted, the dynamics underlying KE atmospheric impacts remain elusive. Here, based on observational analyses and a suite of model simulations, we report two contrasting atmospheric circulation patterns that arise from temporal variations in KE boundary forcing on the atmosphere. During the late 20th century (1979–1999), the positive KE phase, along with a northward shifted Kuroshio SST front, anchors the Pacific storm track farther poleward accompanied by an anomalous anticyclonic circulation. In contrast, during the early 21st century (2000–2022), KE variability exhibits stronger linkages with central tropical Pacific SST that drives a southward shift of the storm track with an anomalous cyclonic circulation, further amplified by enhanced Kuroshio latent heat release. Our findings suggest that accounting for decadal shifts in KE SST boundary forcing is critical for accurately representing KE downstream impacts.",crossref,0
Structural insights into a substrate translocation pathway revealed by the RND efflux pump complex MexJK from Pseudomonas aeruginosa,https://www.science.org/doi/abs/10.1126/sciadv.aee7036?af=R,AAAS: Science Advances: Table of Contents,2026-08-07 07:00:00 UTC,2026-08-07 07:00:00+00:00,10.1126/sciadv.aee7036,Feng Long,"Resistance–nodulation–cell division (RND) efflux pumps are the major cause of multidrug resistance in
                    Pseudomonas aeruginosa
                    . The inner membrane protein MexK from
                    P. aeruginosa
                    is a narrow-spectrum RND transporter. It assembles with membrane fusion protein MexJ and outer membrane proteins to form a tripartite efflux complex that efficiently exports drugs like triclosan. Here, we resolve the cryo-EM structures of apo-MexK at 3.4-angstrom resolution and the triclosan-bound MexJK complex at 2.6-angstrom resolution. Besides the unique architectural features of MexK, our structural data reveal a triclosan-binding pocket within the transmembrane domain of MexK protomers, distinct from known substrate-binding sites in other RND transporters. Using molecular dynamics simulations and mutagenesis, we elucidate a previously uncharacterized triclosan transport tunnel across the inner membrane with cytosolic access. The key residues for triclosan efflux are further shown essential for two other potential substrates of MexK, chloramphenicol and pyrimethamine. Our results provide the molecular basis for an unusual drug trafficking pathway in RND efflux pumps.",crossref,0
A comprehensive and accessible database of jawed-vertebrate ohnologs,https://www.science.org/doi/abs/10.1126/sciadv.adz8270?af=R,AAAS: Science Advances: Table of Contents,2026-08-07 07:00:00 UTC,2026-08-07 07:00:00+00:00,10.1126/sciadv.adz8270,Aoife McLysaght,"Whole-genome duplications (WGDs) profoundly shaped early vertebrate evolution. The set of paralogs retained from these events—“ohnologs”—has had lasting impacts on genome structure and function, including disease gene enrichment. Despite this, we still lack a gold standard ohnolog database. Here, we have harnessed ancestral genome reconstructions together with phylogenetic and synteny information to produce a robust ohnolog dataset that includes details on the nature and quality of evidence and a user-friendly interface. We have been able to resolve the 1R versus 2R origins of a large number of cases, as well as including previously hard-to-detect ohnologs. We find that 1R-retained ohnologs are involved in cellular transport, while those retained after both 1R and 2R are biased toward signaling functions, especially neuronal signaling. These findings suggest that after an initial adaptation to the cellular burden of polyploidy, WGD expanded the opportunities for intercellular communication.",crossref,0
Biomimetic hierarchical heterogeneity endows layered nanocomposite with excellent mechanical and electrical insulating properties,https://www.science.org/doi/abs/10.1126/sciadv.aec6963?af=R,AAAS: Science Advances: Table of Contents,2026-08-07 07:00:00 UTC,2026-08-07 07:00:00+00:00,10.1126/sciadv.aec6963,Shu-Hong Yu,"Aramid-based nanopapers with high mechanical and electrical insulating properties, together with high-temperature stability, are urgently desired for electrical safety but are challenging to be constructed. Notably, biological materials can adopt different nanoscale building blocks and regulate their spatial distribution to construct hierarchical heterostructure for overall performance optimization. Herein, inspired by biological hierarchical heterogeneity, integrating building blocks of two-dimensional rectorite nanosheet (RNS) and one-dimensional aramid nanofiber (ANF), we construct hierarchically heterostructured nanopapers with RNS-enriched bilateral sublayers and the ANF-enriched inner sublayer. The obtained 5-10-5 heterostructured nanopaper with 20-micrometer thickness through systematic regulation exhibits an impressive combination of breakdown strength (171 kilovolts per millimeter), corona resistance (18.3 hours), and mechanical properties, surpassing homostructured RNS-ANF nanopapers. The enhancement efficiency of corona resistance is orders of magnitude higher than that of reported insulating papers. The breakdown strength and corona resistance can be retained at high values in real-time temperature (up to 150°C). These properties make our biomimetic hierarchically heterostructured nanopaper highly competitive for applications.",crossref,0
Capsid stabilization reprograms the nuclear fate of the HIV genome,https://www.science.org/doi/abs/10.1126/sciadv.aef9469?af=R,AAAS: Science Advances: Table of Contents,2026-08-07 07:00:00 UTC,2026-08-07 07:00:00+00:00,10.1126/sciadv.aef9469,Francesca Di Nunzio,"Capsid stabilization, induced by low-nanomolar concentrations of Lenacapavir (LEN)—a first-in-class capsid inhibitor—impedes HIV-1 replication in macrophages without disrupting reverse transcription or nuclear import. In LEN-treated cells, ultrastructural analyses reveal preserved conical capsids persisting within nuclear CPSF6-enriched puncta—HIV-1–induced membraneless organelles (HIV-1–MLOs)—which remain spatially segregated from canonical integration hubs near nuclear speckles (NSs). Rather than fusing with NSs, HIV-1–MLOs are rerouted to chromatin-associated promyelocytic leukemia nuclear bodies (PML-NBs), where molecular exchange occurs without condensate fusion. This nuclear redirection correlates with the sequestration of the viral genome within stabilized capsids, reducing the pool of viral DNA available for integration and redirecting the few accessible genomes to atypical integration sites near PML-NBs. These findings uncover a previously unrecognized mechanism of LEN action, whereby capsid stabilization reprograms the nuclear fate of the HIV-1 genome in macrophages, limiting integration and redirecting viral DNA toward more repressive nuclear environments, likely shaping the transcriptional potential of newly integrated viral DNA.",crossref,0
Ribosomal protein bL27 protects translating ribosomes from tmRNA-SmpB,https://www.science.org/doi/abs/10.1126/sciadv.aef7696?af=R,AAAS: Science Advances: Table of Contents,2026-08-07 07:00:00 UTC,2026-08-07 07:00:00+00:00,10.1126/sciadv.aef7696,Kenneth C. Keiler,"Bacterial ribosomal protein bL27 is universally conserved, and its amino terminus is adjacent to the peptidyl transfer center, yet its roles in translation remain unclear. Combining genetics, biochemistry, and molecular dynamics, we show that bL27 has an unexpected role in preventing transfer-messenger RNA (tmRNA)-small protein B (SmpB), molecules involved in the trans-translation bacterial ribosome rescue mechanism, from interfering with protein synthesis. Deletion of the bL27 gene causes a 10,000-fold decrease in viability, and this defect is partially rescued by deletion of the gene encoding tmRNA. Addition of tmRNA-SmpB to in vitro translation reactions decreases the rate of protein synthesis by ribosomes lacking bL27 but has no effect on wild-type ribosomes. Molecular dynamics simulations also indicate that bL27 can slow the movement of tmRNA on the ribosome. These data link trans-translation and bL27 and support a model in which the amino terminus of bL27 acts as a gatekeeper to prevent tmRNA from sterically interfering with tRNA (transfer RNA) on the ribosome.",crossref,0
On-chip waveguide-integrated light sources using MoS2/WSe2 moiré superlattices on a silicon photonic platform,https://www.science.org/doi/abs/10.1126/sciadv.aef5518?af=R,AAAS: Science Advances: Table of Contents,2026-08-07 07:00:00 UTC,2026-08-07 07:00:00+00:00,10.1126/sciadv.aef5518,Sanshui Xiao,"Moiré superlattices have been widely explored as a unique platform for investigating exotic physics, but their potential applications in integrated photonics remain unexplored. In this work, we demonstrate a waveguide-integrated light source operating at telecom wavelengths with high temporal coherence, enabled by molybdenum disulfide (MoS
                    2
                    )/tungsten diselenide (WSe
                    2
                    ) moiré superlattices coupled to a silicon photonic nanobeam cavity. Our results reveal that, at room temperature, the moiré potential in MoS
                    2
                    /WSe
                    2
                    superlattices strongly boosts light-emission intensity, extends interlayer-exciton lifetime, and redshifts the emission wavelength. Our demonstrated device shows excellent coherence properties with near-unity interference visibility and a coherence length of about 3.8 millimeters, substantially exceeding the performance of previously reported two-dimensional–material light sources. Moreover, these devices exhibit stable performance under ambient conditions, operating within the fiber communication O-band. This work paves the way for leveraging moiré superlattices as a promising material for photonic integrated circuits, highlighting their potential to enhance light-matter interactions and expand the capabilities of on-chip photonic technologies.",crossref,0
Glacier retreat shapes organic nutrient availability across lake succession,https://www.science.org/doi/abs/10.1126/sciadv.aef3201?af=R,AAAS: Science Advances: Table of Contents,2026-08-07 07:00:00 UTC,2026-08-07 07:00:00+00:00,10.1126/sciadv.aef3201,Jakob Brodersen,"Glacier retreat is rapidly transforming landscapes, creating thousands of new lakes that act as natural laboratories of ecological succession. In these newly formed ecosystems, colonizing animals must meet their requirements for essential organic nutrients, such as long-chain polyunsaturated fatty acids (LC-PUFAs). Here, we combined compound-specific stable isotope analyses of amino acids with fatty acid analysis to trace the origins and transfer of organic nutrients to fish (Arctic char) across a glacial-to-lacustrine lake succession in southern Greenland. Through lake succession, primary sources of nutrients shifted, coinciding with a 60% increase in LC-PUFA concentration in individual fish. In early glacial stages, Arctic char appeared to compensate for low LC-PUFA availability through endogenous biosynthesis of docosahexaenoic acid and, when connected to the fjord, by assimilating marine-derived nutrients via egg cannibalism. Overall, our results demonstrate that glacier retreat reshapes not only physical landscapes but also organic nutrient availability, with cascading consequences for animal physiology, ecosystem connectivity, and potentially long-term evolutionary trajectories.",crossref,0
Optical isolation and circulation using quantum frequency conversion on a chip,https://www.science.org/doi/abs/10.1126/sciadv.aef0501?af=R,AAAS: Science Advances: Table of Contents,2026-08-07 07:00:00 UTC,2026-08-07 07:00:00+00:00,10.1126/sciadv.aef0501,Kejie Fang,"Breaking electromagnetic reciprocity enables directional control of light and is essential for both classical and quantum photonic systems. However, realizing integrated optical nonreciprocity that simultaneously combines low loss, broad bandwidth, and compatibility with quantum states of light remains a major challenge. Here, we demonstrate optical nonreciprocity based on quantum frequency conversion in an integrated
                    
                      
                        
                          
                            χ
                            
                              (
                              2
                              )
                            
                          
                        
                      
                    
                    nonlinear waveguide. Operating from classical power levels down to the single-photon level, the device preserves quantum coherence and entanglement of the input photons. We achieve an isolation of 34 decibels with a low on-chip insertion loss of 0.8 decibels and a broad isolation bandwidth, together with a four-port circulator exhibiting an operational fidelity of up to 0.97. Our results establish parametric frequency conversion as a scalable and quantum-compatible route toward integrated nonreciprocal photonic devices for applications in quantum communication and noise-resilient photonic networks.",crossref,0
Distributed burst firing mediates optimized cortical encoding of natural self-motion,https://www.science.org/doi/abs/10.1126/sciadv.aee8327?af=R,AAAS: Science Advances: Table of Contents,2026-08-07 07:00:00 UTC,2026-08-07 07:00:00+00:00,10.1126/sciadv.aee8327,Maurice J. Chacron,"Accurate perception of self-motion requires that vestibular input be transformed into neural representations suitable for integrating multisensory cues to guide action. Here, we demonstrate that vestibular cortical neurons represent the self-motion stimuli encountered during everyday activities in a fundamentally different manner than the artificial self-motion stimuli typically used. Using stimuli whose waveforms reproduce the head dynamics encountered in natural behavior, we found that neural activity no longer tracked stimulus velocity through graded firing-rate changes, as observed during artificial sinusoidal stimulation, but instead reliably encoded distinct motion features through burst firing. At the population level, these bursts formed a distributed code that enhanced information transmission by reducing redundancy. This transformation emerged only during natural stimulation and was absent in the vestibular thalamus. Together, our results demonstrate that the vestibular cortex constructs a distributed, feature-based representation of natural self-motion, fundamentally reshaping our understanding of how cortical circuits encode vestibular signals to mediate perception.",crossref,0
Decoding the chemical space of fast-ion conductors via a descriptor-guided transfer learning framework,https://www.science.org/doi/abs/10.1126/sciadv.aee4959?af=R,AAAS: Science Advances: Table of Contents,2026-08-07 07:00:00 UTC,2026-08-07 07:00:00+00:00,10.1126/sciadv.aee4959,Fengqi You,"Fast-ion conductors (FICs) are key components for next-generation high-performance batteries, yet predicting ion mobility remains challenging because of the unclear transport mechanisms. This difficulty is further compounded by experimental datasets that lack precise crystal structures. Here, we present a descriptor-guided transfer learning framework, named IonNet, to predict ion mobility for compounds, regardless of structure accessibility. IonNet adopts a multichannel subnetwork architecture that captures universal representations by integrating static and statistical descriptors of compounds. We demonstrate the exceptional performance of IonNet in predicting ion mobility, consistently outperforming 16 ablation study combinations and previous deep learning models. Leveraging the universal adaptability of chemical representations, IonNet not only uncovers 87 FICs among ∼4500 stable perfectly stoichiometric compounds but also efficiently pinpoints ∼63,000 prospective FICs from ∼5 million substituted compounds. This study not only presents a full-chain artificial intelligence tool for identifying FICs but also offers compositional principles governing ion mobility, thereby accelerating the development of energy storage and conversion.",crossref,0
Direct visualization of RNA virus and evaluation of drug effect in living cells by catalytically transformable DNA cube,https://www.science.org/doi/abs/10.1126/sciadv.aee2515?af=R,AAAS: Science Advances: Table of Contents,2026-08-07 07:00:00 UTC,2026-08-07 07:00:00+00:00,10.1126/sciadv.aee2515,Xin Su,"In situ visualization of viral RNA in living cells is critical for understanding infection dynamics and evaluating antiviral responses, yet offline methods such as polymerase chain reaction are incompatible with real-time analysis. Here, a CAtalytically Transformable DNA Cube (CAT-Cube) is presented as a structurally stable and autonomously cell-permeable DNA nanostructure for real-time viral RNA imaging in living cells. By spatially confining catalytic hairpins within a rigid scaffold, CAT-Cube increases the local reaction concentration and enhances sensitivity toward viral RNA while releasing the RNA after transformation rather than consuming it. The probe produces bright, photostable signals that support continuous tracking of transcription- and replication-competent severe acute respiratory syndrome coronavirus 2 virus-like particles at a multiplicity of infection as low as 0.1. This system also enables evaluation of antiviral agents, including angiotensin-converting enzyme 2 (ACE2) inhibitors, DNA aptamers, and the natural compound cepharanthine, and reveals mechanisms involving ACE2 and spike binding. CAT-Cube therefore provides a generalizable approach for real-time viral RNA imaging and dynamic assessment of antiviral effects in living cells.",crossref,0
Metasurface-controlled high-speed tunable external cavity lasers,https://www.science.org/doi/abs/10.1126/sciadv.aee1791?af=R,AAAS: Science Advances: Table of Contents,2026-08-07 07:00:00 UTC,2026-08-07 07:00:00+00:00,10.1126/sciadv.aee1791,Ileana-Cristina Benea-Chelmus,"Tunable lasers are essential for optical communication, spectroscopy, and precision sensing, where fast and stable wavelength control is required. Conventional tuning approaches rely on either current or temperature tuning, mechanical actuation, or bulky external modulators, limiting speed, stability, or integration. Here, we introduce an external cavity semiconductor laser incorporating a resonant electro-optic metasurface as the external mirror, enabling ultrafast frequency and amplitude control within a compact, motion-free platform. The metasurface provides narrowband feedback that ensures single-mode operation and voltage-controlled tuning across a wide current range. We demonstrate mode-hop-free linear frequency tuning with rates up to 180 terahertz per second and frequency excursions reaching 110 megahertz under a 10-volt peak radio-frequency drive. By biasing the laser near threshold, we further achieve intensity modulation efficiencies exceeding 100% at 4 volts. These results establish electro-optic metasurfaces as a powerful route toward compact, high-speed, mode-hop-free tunable lasers for free-space communication, ranging, and high-resolution spectroscopy.",crossref,0
Global distribution and amplitudes of internal solitary waves revealed by SWOT,https://www.science.org/doi/abs/10.1126/sciadv.aee0923?af=R,AAAS: Science Advances: Table of Contents,2026-08-07 07:00:00 UTC,2026-08-07 07:00:00+00:00,10.1126/sciadv.aee0923,Xiaofeng Li,"Internal solitary waves (ISWs) are powerful underwater disturbances that can vertically displace water by more than 200 meters, driving ocean mixing and affecting offshore engineering. Yet, their global distributions and vertical imprints remain poorly characterized. Traditional satellite sensors are constrained by cloud cover or limited sampling. The Surface Water and Ocean Topography (SWOT) mission provides near-continuous, cloud-independent ocean observations at unprecedented resolution. Here, we develop an artificial intelligence framework to automatically detect ISWs worldwide. Using 29 SWOT orbital cycles (July 2023 to March 2025), this study reveals a global map of ISW distribution and amplitude variations, identifying energetic hot spots and distinct seasonal and tidal variations. These findings provide insights into ISW dynamics and offer a foundation for assessing their role in global energy redistribution and ocean-climate interactions.",crossref,0
Ferroelectric control of the Mott insulator–topological metal transition,https://www.science.org/doi/abs/10.1126/sciadv.aed6236?af=R,AAAS: Science Advances: Table of Contents,2026-08-07 07:00:00 UTC,2026-08-07 07:00:00+00:00,10.1126/sciadv.aed6236,Yeliang Wang,"Correlated and topological phases often coexist or compete in van der Waals materials, yet achieving an electrically switchable and reversible conversion between them remains a substantial challenge. Such control is crucial for understanding their interplay and enabling nonvolatile, low-power topological electronics. Here, we propose and demonstrate a polarization-controlled route to switch between Mott insulator and topological metal in ferroelectric-Mott heterostructures. In α-In
                    2
                    Se
                    3
                    /1T-NbSe
                    2
                    , polarization reversal modulates interlayer coupling through out-of-plane orbital alignment. Downward polarization stabilizes Mott-insulating states with type-I band alignment, whereas upward polarization enhances interfacial hybridization, forms interlayer covalent-like quasi-bonding, and drives Γ-point band inversions. The resulting spin-split hybridized valleys penetrate the valence band, inducing a nontrivial topological state with intrinsic anomalous Hall conductivity of ∼10
                    2
                     siemens per centimeter. The comparison with α-In
                    2
                    Se
                    3
                    /1T-TaSe
                    2
                    and α-In
                    2
                    Se
                    3
                    /1T-TaS
                    2
                    further identifies Γ-centered valleys and out-of-plane
                    
                      
                        
                          p
                          z
                        
                      
                    
                    -orbital coupling as key ingredients for polarization-switchable topology, providing a general design framework for electrically programmable correlated-topological integration in two-dimensional heterostructures.",crossref,0
"Start, speed, and direction of secondary forest succession",https://www.science.org/doi/abs/10.1126/sciadv.aed5470?af=R,AAAS: Science Advances: Table of Contents,2026-08-07 07:00:00 UTC,2026-08-07 07:00:00+00:00,10.1126/sciadv.aed5470,Lourens Poorter,"Succession is a foundational concept in ecology, describing changes in populations, communities, and ecosystems over time following a disturbance. Predicting successional pathways is challenging because of high spatiotemporal variability. Here, we present a unifying mechanistic framework that integrates three core components of succession (start, speed, and direction) that define successional pathways. We monitored the first 5 years of forest succession in recently abandoned agricultural fields in six tropical landscapes across three countries that differ in land-use intensity and between dry and wet forests. We found that (i) secondary succession typically started with woody legacies and progressed slowly but directionally toward structurally complex, biodiverse forests, and (ii) the start and speed were greater in areas with short-duration, low-intensity (nonmechanized) land use associated with more biological legacies. This framework advances mechanistic understanding of succession by disentangling the start, speed, and direction, and provides a tool for designing effective forest restoration strategies.",crossref,0
Periodic extreme rainfall in a warmer climate due to stronger convectively coupled waves,https://www.science.org/doi/abs/10.1126/sciadv.aed1634?af=R,AAAS: Science Advances: Table of Contents,2026-08-07 07:00:00 UTC,2026-08-07 07:00:00+00:00,10.1126/sciadv.aed1634,Stephan Fueglistaler,"Tropical regions may experience periodic extreme precipitation and suffer from associated periodic deluges in a warmer climate. Recent studies conducted small-domain (around 100 kilometers by 100 kilometers) atmospheric model simulations and found that precipitation transitions from a steady state to a periodic oscillation state in a hothouse climate when the sea surface temperature reaches 320 to 325 kelvin. Here, we conduct global-scale atmospheric model simulations with varying complexity. We find that tropical precipitation in convective regions already transitions to a
                    
                      
                        
                          O
                        
                      
                    
                    (10-day) periodic oscillation state with a
                    
                      
                        
                          O
                          
                            (
                            100
                             
                            mm
                             
                            
                              day
                              
                                −
                                1
                              
                            
                            )
                          
                        
                      
                    
                    amplitude at 305 to 310 kelvin, about 15 kelvin lower than previously reported and within reach in a century under a high–carbon emission scenario. Using a low-order analytical model, we attribute the onset of the periodic extreme precipitation to the intensification of convectively coupled waves that were not considered in the previous small-domain simulations. Our mechanism highlights the importance of the interaction between convection and atmospheric wave dynamics for climate change.",crossref,0
Transposable elements and homotypic niches drive immune dynamics and resistance in melanoma epigenetic-based immunotherapy,https://www.science.org/doi/abs/10.1126/sciadv.aed1318?af=R,AAAS: Science Advances: Table of Contents,2026-08-07 07:00:00 UTC,2026-08-07 07:00:00+00:00,10.1126/sciadv.aed1318,Michele Ceccarelli,"Melanoma plasticity drives immune evasion and therapy resistance through dynamic cell-state transitions beyond genetic alterations. Although epigenetic remodeling is central to this process, its impact under therapeutic pressure remains unclear. We profiled longitudinal biopsies from patients with melanoma treated in the phase 1b NIBIT-M4 epi-immunotherapy trial [NCT02608437, DNA (cytosine-5)-methyltransferase 1 inhibitor plus anti–CTLA-4] using single-cell multiome and spatial transcriptomics. Seven malignant meta-programs were identified, including a rare Wnt/β-Catenin melanocytic state and a dedifferentiated neural crest–like state enriched in nonresponders. Spatial analyses showed that homotypic clustering stabilizes resistant programs, with neural crest–like cells forming compact niches. Responders displayed enrichment of antigen presentation/interferon program and coordinated T and B cell expansion, whereas nonresponders retained stable neural crest–like clusters. Epigenetic therapy reactivated transposable elements, priming innate immunity and enhancing immunogenicity. Nuclear factor of activated T cells, cytoplasmic 2 (NFATC2) emerged as a master regulator of neural crest–like states and resistance; its perturbation promoted differentiation and immunogenicity. These findings define mechanisms of resistance and nominate β-Catenin and NFATC2 as therapeutic vulnerabilities.",crossref,0
Deep learning reveals a neurocomputational mechanism predicting depression risk in adolescents,https://www.science.org/doi/abs/10.1126/sciadv.aed0772?af=R,AAAS: Science Advances: Table of Contents,2026-08-07 07:00:00 UTC,2026-08-07 07:00:00+00:00,10.1126/sciadv.aed0772,IMAGEN Consortium,"Early detection and prevention of psychiatric disorders, particularly depression, remain as major global health challenges, yet reliable tools for identifying individuals before symptom onset are lacking. Here, we combine functional neuroimaging with computational modeling to identify a mechanistic biomarker of depression risk. In a population-based adolescent cohort (IMAGEN,
                    N
                     = 1332), we found that weakened neural representations of emotional signals were linked to depressive symptoms. Perturbation experiments in a brain-aligned deep learning model showed that this deficit reflects overregularized emotion perception, producing a negative perceptual bias. A neurocomputational signature of this mechanism predicted depression symptom onset up to 4 years later at the IMAGEN follow-up (
                    N
                     = 725), was associated with both a genetic-risk variant and polygenic risk for depression, and improved depression classification in a patient cohort (STRATIFY,
                    N
                     = 411). These findings suggest a possible mechanism linking genetic vulnerability to altered emotion perception and future depression, and propose a predictive computational marker with potential for early detection and prevention.",crossref,0
APOE+ macrophages and POSTN+CAFs form immune-exclusion niche driving immunotherapy resistance in clear-cell renal carcinoma,https://www.science.org/doi/abs/10.1126/sciadv.aed0733?af=R,AAAS: Science Advances: Table of Contents,2026-08-07 07:00:00 UTC,2026-08-07 07:00:00+00:00,10.1126/sciadv.aed0733,Wenhao Xu,"Tumor immune barriers (TIBs) are spatially organized stromal-immune niches that restrict lymphocyte entry. To explain persistent immune-checkpoint blockade (ICB) resistance in clear cell renal cell carcinoma (ccRCC), we mapped TIBs and defined a peritumoral variant built from POSTN
                    +
                    cancer-associated fibroblasts (CAFs) interlaced with APOE
                    +
                    tumor-associated macrophages (TAMs). This niche excluded CD8
                    +
                    T cells from tumor cores, and was enriched in poor-prognosis, ICB-refractory patients. Spatial transcriptomics and single-cell profiling showed TIB regions enriched for extracellular-matrix remodeling, immunosuppressive ligand-receptor circuits, and metabolic reprogramming. Mechanistically, tumor-derived TGF-β1 activated CAFs via SMAD signaling, inducing POSTN and recruiting APOE
                    +
                    TAMs through integrin and chemokine axes. TAMs secreted TGF-β1 and VEGFA, amplifying stromal programs and sustaining exclusion. Blocking POSTN reprogrammed macrophages, reduced matrix-mediated suppression, and restored CD8
                    +
                    infiltration. In vivo, POSTN inhibition combined with ICB boosted antitumor immunity, reduced tumor burden, and reversed immunosuppressive infiltration, nominating POSTN-directed strategies to potentiate ICB.",crossref,0
Tunable dislocations overcome mechano-functional tradeoff in perovskite oxides,https://www.science.org/doi/abs/10.1126/sciadv.aed0057?af=R,AAAS: Science Advances: Table of Contents,2026-08-07 07:00:00 UTC,2026-08-07 07:00:00+00:00,10.1126/sciadv.aed0057,Xufei Fang,"Recent advancements in dislocation engineering are reshaping the traditional view towards ceramics being brittle. Here, we use KTaO
                    3
                    (KTO), a perovskite oxide that is newly discovered with room-temperature bulk plasticity, and demonstrate that the seeded dislocations can effectively tune both mechanical and functional properties. We uncover a brittle-ductile-brittle (BDB) transition: low dislocation densities lead to brittle failure, intermediate densities (∼10
                    14
                    m
                    −2
                    ) enable superior compression plastic deformation capacity with strains over 20%, and high dislocation densities (∼10
                    15
                    m
                    −2
                    ) induce brittle fracture again. This dislocation density-dependent non-monotonic mechanical response challenges the traditional behavior of ceramics and offers design opportunities. Furthermore, dislocation densities can monotonically decrease thermal conductivity, revealing a tradeoff between mechanical strength and functionality. The findings reveal a critical threshold of dislocation density in optimizing the performance of functional oxides, and provide a framework for using dislocations to design advanced materials where mechanical durability and enhanced functionality are intertwined.",crossref,0
Neural competition between prefrontal and auditory cortex constrains novel sound strategy learning,https://www.science.org/doi/abs/10.1126/sciadv.aeb3005?af=R,AAAS: Science Advances: Table of Contents,2026-08-07 07:00:00 UTC,2026-08-07 07:00:00+00:00,10.1126/sciadv.aeb3005,Robert C. Liu,"In nature, animals learn to replace predisposed behaviors with new strategies, yet the neural constraints on these transitions are unclear. Using an ethological search task in mice, we reveal medial prefrontal cortical (mPFC) neural correlates of a predisposed win-stay strategy that decays as animals learn to follow a more reliable auditory cue. Auditory cortex (ACx) activity predicts correct trial-by-trial sound-guided search, even on day one of training. This prognostic coding strengthens with learning and emerges from suppressed spiking, most pronounced in neurons tuned laterally to the cue’s spectrum. Chemogenetic disruption reveals ACx contributions to improving performance. Unexpectedly, the global silencing of mPFC accelerates successful usage of sound-tracking, contrary to its canonical role in flexible or stimulus-dependent behavior. Instead, a decentralized multiexpert competition model best predicts behavior and causal perturbations. These findings suggest that mPFC implements a default strategy based on prior knowledge, which actively hinders the expression of more efficient strategies.",crossref,0
Interaction-driven flat band and charge order in Fe5GeTe2,https://www.science.org/doi/abs/10.1126/sciadv.aeg5930?af=R,AAAS: Science Advances: Table of Contents,2026-08-07 07:00:00 UTC,2026-08-07 07:00:00+00:00,10.1126/sciadv.aeg5930,Shuolong Yang,"Flat electronic bands enable fascinating emergent phenomena such as superconductivity and charge orders. A prevailing approach to realizing flat bands is to engineer lattice geometric constraints in twisted or kagome-like materials. An alternative approach is to utilize purely electronic-interaction-driven flat bands, yet a fundamental challenge is that extreme flatness requires ultrastrong interaction strength, which often leads to incoherent states. Here we demonstrate the concurrent formation of an interaction-driven flat band at the Fermi level and a
                    
                      
                        
                          
                            3
                          
                          ×
                          
                            3
                          
                          R
                          30
                          °
                        
                      
                    
                    charge order in a van der Waals magnet Fe
                    5
                    GeTe
                    2
                    using high-resolution angle-resolved photoemission spectroscopy. This charge order is manifested by band folding within 30 meV below the Fermi level, with its nesting driven by flat bands. The presence of this flat band throughout the Brillouin zone and the logarithmic temperature dependence of its spectral weight suggest a phenomenological Kondo-like, coherent Fermi liquid emerging from strong correlations. Our work establishes a paradigm where an interaction-driven flat band promotes large-scale electronic ordering.",crossref,0
Continuous contributions of the dorsolateral striatum to movement initiation and execution,https://www.science.org/doi/abs/10.1126/sciadv.adt2097?af=R,AAAS: Science Advances: Table of Contents,2026-08-07 07:00:00 UTC,2026-08-07 07:00:00+00:00,10.1126/sciadv.adt2097,Jianing Yu,"Spikes in the dorsolateral striatum (DLS) of the basal ganglia (BG) correlate with forelimb and whole-body movements, but the extent to which they contribute to movement remains unclear. Using behavior-timed optogenetic inhibition in rats performing a lever-release reaction-time task, we found that DLS photoinhibition delayed the initiation of forelimb reaching and lever release; when delivered during ongoing reaching, it also interrupted execution. Inhibition during reward retrieval impaired locomotion, especially turning, reducing movement speed and resulting in less efficient trajectories. By contrast, inhibition before the reward-triggering nose poke had little effect despite substantial preceding DLS activity. These effects were accompanied by bidirectional changes in firing rates in the substantia nigra pars reticulata, a BG output nucleus, and were much weaker when the dorsomedial striatum was perturbed. Together, these findings suggest that execution of many, but not all, learned movement patterns depends continuously on DLS activity.",crossref,0
Proof of the density threshold conjecture for pinwheel scheduling,https://www.pnas.org/doi/abs/10.1073/pnas.2530214123?mi=eymic2&af=R&access=on&content=articlesChapters&publication=pnas&sortBy=Earliest&target=default,Proceedings of the National Academy of Sciences: Keyword search for query,2026-08-07 07:00:00 UTC,2026-08-07 07:00:00+00:00,10.1073/pnas.2530214123,Akitoshi Kawamura,"In the pinwheel scheduling problem, each task
                    i
                    is associated with a positive integer
                    a
                    
                      i
                    
                    called its period, and we want to (perpetually) schedule one task per day so that each task
                    i
                    is performed at least once every
                    a
                    
                      i
                    
                    days. An obvious necessary condition for schedulability is that the density, defined as the sum of execution rates 1/
                    a
                    
                      i
                    
                    , does not exceed 1. We prove that all instances with density not exceeding 5/6 are schedulable, as was conjectured by Chan and Chin in 1993. Like some of the known partial progress toward the conjecture, our proof involves computer search for schedules for a large but finite set of instances. A key idea in our reduction to these finite cases is to generalize the problem to fractional (noninteger) periods in an appropriate way. As byproducts of our ideas, we obtain a simple proof that every instance with two distinct periods and density at most 1 is schedulable, as well as a fast algorithm for the bamboo garden trimming problem with approximation ratio 4/3.",crossref,0
Experimental violation of a Bell-like causal inequality in a photonic quantum switch,https://www.science.org/doi/abs/10.1126/sciadv.aee9271?af=R,AAAS: Science Advances: Table of Contents,2026-08-07 07:00:00 UTC,2026-08-07 07:00:00+00:00,10.1126/sciadv.aee9271,Peng Xue,"Indefinite causal order can be realized by a quantum switch, yet its experimental certification has so far relied on assumptions about the devices. A device-independent verification of indefinite causal order would show, from the observed correlations alone and without relying on a detailed model of the devices, that they are incompatible with any classical description based on a fixed causal order. Here, we implement a photonic quantum switch in a device-independent scenario and test a Bell-like causal inequality using entangled photons. One photon serves as the control qubit of the quantum switch, while the other is measured by a distant party with rapidly and independently chosen settings. We observe a violation of the causal inequality by 24 standard deviations. These results provide experimental evidence for indefinite causal order, albeit in the presence of remaining loopholes, and mark an important step toward a fully loophole-free device-independent verification of causal indefiniteness in quantum processes.",crossref,0
T cell–intrinsic AIM2 exacerbates lung inflammation in OVA-LPS- and HDM-induced asthma models,https://www.pnas.org/doi/abs/10.1073/pnas.2520215123?mi=eymic2&af=R&access=on&content=articlesChapters&publication=pnas&sortBy=Earliest&target=default,Proceedings of the National Academy of Sciences: Keyword search for query,2026-08-07 07:00:00 UTC,2026-08-07 07:00:00+00:00,10.1073/pnas.2520215123,Jenny P.-Y. Ting,"Asthma is a heterogeneous inflammatory airway disease characterized by immune dysregulation, airway hyperresponsiveness (AHR), and excessive immune activation. Although NLRP3 (NOD-like receptor family pyrin domain-containing 3) has been extensively studied in asthma, its role remains controversial, and the contribution of DNA sensor AIM2 (Absent in Melanoma 2) is less well defined. To assess AIM2’s relevance in asthma, we analyzed public human datasets and found increased
                    AIM2
                    , but not
                    NLRP3
                    , expression in severe asthma and in neutrophilic compared with paucigranulocytic asthma. In allergic asthma models induced by ovalbumin (OVA)-lipopolysaccharide (LPS) or house dust mite (HDM), AIM2 expression was increased in lung homogenates and bronchoalveolar lavage fluid cells. Analysis of a published single-cell RNA-seq dataset from the HDM model further showed increased
                    Aim2
                    , but not
                    Nlrp3
                    , expression in T helper cells, with most
                    Aim2
                    -expressing cells coexpressing
                    Gata3
                    . In the OVA-LPS model, whole-body
                    Aim2
                    deficiency reduced AHR, inflammatory cytokine production, airway smooth muscle actin, and γH2A.X, consistent with decreased airway remodeling and tissue stress. Unexpectedly, CD4-specific, but not Treg- or myeloid-specific,
                    Aim2
                    deletion significantly attenuated disease, identifying AIM2 in CD4
                    +
                    T cells as a major driver of pathogenesis. In the HDM model,
                    Aim2
                    deficiency similarly reduced AHR. Cell-specific deletion showed that AIM2 in CD4
                    +
                    T cells promotes AHR and cytokine production, whereas AIM2 in myeloid cells modulates IgG1, IL-13-producing CD4
                    +
                    T cells, and alveolar macrophages. These findings identify AIM2 as a regulator of allergic asthma acting predominantly through T cells, with an additional context-dependent contribution from myeloid cells.",crossref,0
Protecting episodic memory after sleep loss: Similar benefits of exercise and naps via distinct neural contributions,https://www.pnas.org/doi/abs/10.1073/pnas.2528246123?mi=eymic2&af=R&access=on&content=articlesChapters&publication=pnas&sortBy=Earliest&target=default,Proceedings of the National Academy of Sciences: Keyword search for query,2026-08-07 07:00:00 UTC,2026-08-07 07:00:00+00:00,10.1073/pnas.2528246123,Marc Roig,"Sleep loss is a public health concern requiring widely accessible cost-effective interventions to counteract the cognitive and brain health impairments caused by it. Sleep loss impairs the brain’s capacity to form new episodic memories, which is critical for everyday cognition, future planning, and decision-making. In this study, we compared the protective effect of a 20-min exercise and a 90-min nap against a no-intervention control condition on the capacity to encode episodic memory after 30 h of uninterrupted wakefulness and examined underlying neural mechanisms using electroencephalography. Both exercise and nap preserved episodic memory after sleep loss, with an average of 22% higher memory performance than the control condition. Electroencephalography revealed distinct neural mechanisms within the intervention groups, which significantly contributed to memory performance. After napping, the brain-state markers of neural fatigue and sleep pressure determined memory performance more than episodic memory markers and after exercise, only episodic memory markers significantly contributed to memory performance. In contrast, in the control group, none of these markers explained memory performance. Instead, those markers were associated with fatigue, suggesting compensatory neural efforts. Consistent with the principle of neural degeneracy, in which different brain mechanisms can yield similar outcomes, after sleep loss exercise facilitates efficient neural processing while napping makes the brain state conducive to new learning. These results warrant implementation studies within safety-critical occupations such as healthcare, shiftwork, mining, and transportation, where implementing sleep hygiene recommendations to counteract sleep loss is not effective or practical, but preserving brain and cognitive health is of global importance.",crossref,0
"A unifying framework for the evolution of metazoa and social insects, two major evolutionary transitions",https://www.pnas.org/doi/abs/10.1073/pnas.2530125123?mi=eymic2&af=R&access=on&content=articlesChapters&publication=pnas&sortBy=Earliest&target=default,Proceedings of the National Academy of Sciences: Keyword search for query,2026-08-07 07:00:00 UTC,2026-08-07 07:00:00+00:00,10.1073/pnas.2530125123,Judith Korb,"The evolution of life is characterized by major transitions, i.e., the evolution of new targets of selection (e.g., prokaryotes, eukaryotes, multicellular organisms, social insect colonies). They arose when preexisting lower-level units cooperated and gave up the capability to reproduce so that reproductive success is now achieved at the new, joint, higher unit. Currently, increasing confusion exists about major transition in evolution (MTE) that hampers progress in this fundamental research field. Misconceptions partly arose due to inadequate evolutionary reasoning. In addition, pivotal recent work shows considerable diversity in organismality in metazoan and social insect systems that makes clear-cut distinctions of transitions more difficult and that challenges our classical understanding of MTEs. Applying evolutionary reasoning, we develop three categories that all metazoan and social insect systems can be grouped into. The categories are defined by the reproductive potential of altruistic level units and how they can realize it (i.e., via independent reproduction as dispersing propagules or only through reproduction within the higher-level unit). These categories capture the variation in diversity in organismality that is crucial when analyzing potential major transitions, but that was always hard to grasp. This unifying conceptual framework advances our understanding of MTEs. It will enable comparative analyses within as well as across MTEs, to answer fundamental questions about the evolution of life.",crossref,0
T cell–nanodrug conjugates synchronize vascular normalization and immune activation for solid tumor therapy,https://www.science.org/doi/abs/10.1126/sciadv.adp2955?af=R,AAAS: Science Advances: Table of Contents,2026-08-07 07:00:00 UTC,2026-08-07 07:00:00+00:00,10.1126/sciadv.adp2955,Juan Liu,"Adoptive T cell therapy requires T cells to infiltrate vascular tissues and preserve immune function. In solid tumor treatment, however, the surrounding microenvironment produces abnormal vasculature that impedes T cell infiltration. An approach that enables vascular normalization and enhances adoptive T cell function in parallel is essential for effective therapy but has not been reported. Here, we report the use of lenvatinib (LEN) to induce transient vascular normalization, thereby facilitating T cell infiltration. Moreover, LEN enhances T cell persistence by promoting the differentiation of T cells toward a memory phenotype. Our results indicate that the differentiation is by suppressing the PI3K–AKT–mTOR pathway, which drives effector differentiation, and by activating FOXO1, a transcription factor that promotes memory formation. To coordinate the transient vascular normalization and T cell enhancement, we link LEN-loaded, PD-L1–blocking micelles to T cells through acid-labile click chemistry, forming pH-responsive T cell–nanodrug conjugates. The conjugates synchronize the intratumoral release of LEN and the PD-L1 antagonist peptide OPBP-1, thereby coordinating vascular normalization, T cell differentiation, and checkpoint blockade. In vivo, the conjugates increased intratumoral CD8
                    +
                    T cells and splenic memory T cells by over sixfold in B16-OVA tumors and achieved complete regression in a subset of MC38-OVA tumors without systemic toxicity, providing a promising strategy for solid tumor immunotherapy.",crossref,0
"Large-FOV, dual-region, two-photon fluorescence lifetime imaging microscopy (LD-2P-FLIM) for multiparameter and quantitative brain function imaging",https://www.pnas.org/doi/abs/10.1073/pnas.2536213123?mi=eymic2&af=R&access=on&content=articlesChapters&publication=pnas&sortBy=Earliest&target=default,Proceedings of the National Academy of Sciences: Keyword search for query,2026-08-07 07:00:00 UTC,2026-08-07 07:00:00+00:00,10.1073/pnas.2536213123,Wei Zheng,"Large-scale imaging of multiple dynamic behaviors and quantitative neurochemical concentrations with high spatiotemporal resolution is essential for understanding complex brain functions. Two-photon microscopy (TPM) is ideally suited for in vivo brain function imaging because of its high resolution and deep tissue penetration. However, conventional TPM is limited by a restricted field-of-view (FOV), an inherent trade-off between the imaging area and temporal resolution, and an insufficient amount of information obtained using only intensity recording. Here, we propose large-FOV, dual-region, two-photon fluorescence lifetime imaging microscopy (LD-2P-FLIM) for multiparameter and quantitative brain function imaging, with a 3 × 3 mm
                    2
                    FOV, a uniform lateral resolution of 0.7 μm, and a FLIM throughput of up to 15.73 megapixels/s (512 × 512 pixels, 30 Hz, two regions). We extend the FOV by breaking the limit of commercial objectives with an effective adaptive optics strategy. To alleviate the trade-off between the imaging area and temporal resolution, we use a temporal multiplexing system that enables simultaneous and flexible two-region imaging across the large FOV. Furthermore, we develop a field programmable gate array module to demultiplex fluorescence signals from different regions and perform high-throughput, two-region FLIM. We demonstrate the superior performance of LD-2P-FLIM by simultaneous monitoring of neural activities across multiple cortical areas, synchronous recording of neurovascular coupling under both physiological and pathological conditions, long-term observation of the microglial response to local neuron injury, and quantitative imaging of calcium concentrations across a large neuronal population in vivo.",crossref,0
Experience-dependent modulation of extracellular matrix integrity supports perceptual skill learning and memory,https://www.pnas.org/doi/abs/10.1073/pnas.2601801123?mi=eymic2&af=R&access=on&content=articlesChapters&publication=pnas&sortBy=Earliest&target=default,Proceedings of the National Academy of Sciences: Keyword search for query,2026-08-07 07:00:00 UTC,2026-08-07 07:00:00+00:00,10.1073/pnas.2601801123,Melissa L. Caras,"Perceptual learning refines sensory abilities but requires extensive training, limiting its real-world impact. Understanding its neural mechanisms could accelerate skill acquisition. The extracellular matrix (ECM) has been proposed to regulate learning by degrading to enable synaptic plasticity, and reaccumulating over several days to stabilize the changes. However, this time course does not align with the temporal dynamics of many forms of learning, including perceptual learning, which involves daily performance gains that consolidate between training sessions. To resolve this discrepancy, we tracked and manipulated auditory cortical ECM integrity in Mongolian gerbils during perceptual learning. We found that the ECM undergoes rapid training-induced changes, degrading and returning to baseline within 24 h of each session. The magnitude of this cycle diminished with continued training, and the cycle ultimately disappeared as performance plateaued. Enzymatic digestion of the ECM with chondroitinase ABC (chABC) impaired perceptual learning, and postlearning chABC treatment destabilized the acquired skill memory. These findings identify the ECM as a key regulator of perceptual learning and support a framework in which an experience-dependent decrease in ECM degradation constrains further plasticity, preserving learned representations against interference from new input.",crossref,0
Eye movements reveal a dissociation between prediction and structural processing difficulty in language comprehension,https://www.pnas.org/doi/abs/10.1073/pnas.2532230123?mi=eymic2&af=R&access=on&content=articlesChapters&publication=pnas&sortBy=Earliest&target=default,Proceedings of the National Academy of Sciences: Keyword search for query,2026-08-07 07:00:00 UTC,2026-08-07 07:00:00+00:00,10.1073/pnas.2532230123,Brian Dillon,"In the process of extracting a meaning from a text, our eyes linger much more on some words than others, and we often reread earlier portions of the text. These disruptions to the reading process are particularly common in syntactically ambiguous sentences. What explains the difficulty presented by these sentences? One prominent hypothesis explains it as a special case of the impact of a word’s predictability (operationalized via surprisal) on the difficulty of processing the word. This contrasts with theories that attribute these disruptions to errors in the structure-building process. Earlier attempts to address this debate have been inconclusive because of small numbers of participants, coarse measurements of the reading process that are ill-suited to disentangling these competing views, and a limited range of surprisal estimates. Here, we conduct a large-scale study (
                    
                      
                        
                          n
                          =
                          368
                        
                      
                    
                    ) examining eye movements during the reading of syntactically challenging sentences, using 409 types of surprisal estimates from language models with multiple architectures and training settings. We find a stark dissociation: Early effects of syntactic disambiguation are well-approximated by language model surprisal, but syntactic disambiguation incurs a significant additional cost, reflected in an increase in rereading that is not explained by language model surprisal. We conclude that surprisal can capture routine structure-building, but not the cost of detecting or correcting errors in the structure-building process.",crossref,0
A Bifunctional Colloidal Quantum Dot Diode for Nanosecond Short‐Wave Infrared Detection and Emission (Adv. Mater. 44/2026),https://advanced.onlinelibrary.wiley.com/doi/10.1002/adma.74429?af=R,Wiley: Advanced Materials: Table of Contents,2026-08-07 10:09:44 UTC,2026-08-07 10:09:44+00:00,10.1002/adma.74429,Zeger Hens,,,0
Thermally Modulated Metasurface Sensor for Dynamic and Time‐Resolved Isolation of Extracellular Vesicles (Adv. Mater. 44/2026),https://advanced.onlinelibrary.wiley.com/doi/10.1002/adma.74428?af=R,Wiley: Advanced Materials: Table of Contents,2026-08-07 10:09:44 UTC,2026-08-07 10:09:44+00:00,10.1002/adma.74428,Fatih Inci,"Thermally Modulated Metasurface Sensor A thermoresponsive polymer–integrated plasmonic metasurface affords spatiotemporally programmable, label-free extracellular vesicle (EV) isolation via affinity-guided capture and thermally induced release. The platform achieves high purity, intact vesicle morphology, and real-time detection, enabling non-destructive EV isolation and manipulation for biomedical applications. More details can be found in the Research Article by Fatih Inci and co-workers (DOI: 10.1002/adma.202522964).",openalex,0
Elephant‐Skin‐Inspired Porous Cementitious Tiles with Programmable Crack Networks for Passive Cooling (Adv. Mater. 44/2026),https://advanced.onlinelibrary.wiley.com/doi/10.1002/adma.74427?af=R,Wiley: Advanced Materials: Table of Contents,2026-08-07 10:09:44 UTC,2026-08-07 10:09:44+00:00,10.1002/adma.74427,Shu Yang,"Elephant-Skin-Inspired Porous Cementitious Tiles Buildings account for ∼40% of U.S. primary energy use, with nearly half consumed by HVAC and lighting. Building envelopescan act as the first line of thermoregulation–moderating the exchange of heat and air between indoor and outdoor. Evaporative cooling, which harnesses the latent heat of water with minimal external energy. Yet real-world deployment is constrained by water inefficiencies, mineral fouling, poor droplet capture, and uncontrolled transitions from capillary-sustained to diffusion-limited evaporation. Elephant skin exhibits dense, guided crack networks that store and redistribute water, suppress droplet rebound, and enhance evaporative heat loss by up to an order of magnitude. Inspired by this mechanism, Kun-Hao Yu, Shu Yang, and co-workers have developed a substrate-guided cracking strategy in a low-cost, stucco-compatible cementitious composite formulated with diatomaceous earth (DE). DE's micro- and nanoporosity enables ultrafast water imbibition and rebound suppression, while the cement matrix provides mechanical robustness and compatibility with existing envelopes. This architecture enhances water retention and prolongs evaporative cooling, offering a scalable strategy to fabricate porous cementitious tiles for improved building-envelope cooling performance. More details can be found in the Research Article (DOI: 10.1002/adma.202523133).",openalex,0
Mechanically Spatio‐Chimeric Fibrin Assembly Enables Vascular‐Integrated Muscle Reconstruction for Volumetric Muscle Loss Repair (Adv. Mater. 44/2026),https://advanced.onlinelibrary.wiley.com/doi/10.1002/adma.74426?af=R,Wiley: Advanced Materials: Table of Contents,2026-08-07 10:09:44 UTC,2026-08-07 10:09:44+00:00,10.1002/adma.74426,Joo H. Kang,"Volumetric Muscle Loss Repair SPARC (Spatio-chimeric, Plasma-based, Anisotropic, and shear-Responsive Construct) that integrates myogenic and vascular microenvironments within a single construct. The dual- modulus matrix directs aligned myotube formation and endothelial network development, enabling a vascularized muscle implant that seamlessly anastomoses with host tissue and restores structural and functional integrity after volumetric muscle loss. More details can be found in the Research Article by Yoonhee Jin, Joo H. Kang, and co-workers (DOI: 10.1002/adma.202523542).",openalex,0
Stable Protein‐Based G‐Quadruplex‐Derived Supramolecular Bioinks as Tunable ECM‐Mimetic Constructs Assembled by Combining Non‐Covalent and Covalent Strategies (Adv. Mater. 44/2026),https://advanced.onlinelibrary.wiley.com/doi/10.1002/adma.74425?af=R,Wiley: Advanced Materials: Table of Contents,2026-08-07 10:09:44 UTC,2026-08-07 10:09:44+00:00,10.1002/adma.74425,João F. Mano,"3D Bioprinting of G-Quadruplex-Derived Supramolecular Bioinks The cover illustrates the 3D bioprinting of G-quadruplex-derived supramolecular bioinks. This bioinspired approach merges the elegance of supramolecular self-assembly under macromolecular crowding with in-bath enzymatic-mediated covalent crosslinking, creating stable, ECM-mimetic constructs, ready to push the boundaries of tissue engineering and regenerative medicine. More details can be found in the Research Article by Vera Sousa, João Borges, João F. Mano, and co-workers (DOI: 10.1002/adma.202521259).",openalex,0
Correction to “Control of Tetrazine Bioorthogonal Reactivity by Rotaxanation”,https://onlinelibrary.wiley.com/doi/10.1002/anie.5917916?af=R,Wiley: Angewandte Chemie International Edition: Table of Contents,2026-08-07 12:46:54 UTC,2026-08-07 12:46:54+00:00,10.1002/anie.5917916,,,,0
Programmable Nanostructural Orientation on Amorphous Phase‐Separating Systems,https://onlinelibrary.wiley.com/doi/10.1002/anie.8511383?af=R,Wiley: Angewandte Chemie International Edition: Table of Contents,2026-08-07 12:50:52 UTC,2026-08-07 12:50:52+00:00,10.1002/anie.8511383,Liangliang Zhu,"ABSTRACT
                  Currently, there remains a lack of broadly applicable strategies for programming the nanostructural orientation in a bottom‐up way (e.g., for those widely used amorphous phase‐separating systems). This is because, for the systems lacking mesogenic units, the orientation is primarily governed by interfacial energy, which is difficult to modulate spatiotemporally. Herein, we present a strategy to make the orientation of amorphous phase‐separating systems photo‐programmable. Taking amorphous block copolymers as a clean model system, a persulfurated aromatic modulator that interacts with both domains can be designed, allowing a minimized interfacial energy mismatch between the two domains and the substrate, which favors perpendicular orientation. Upon light irradiation, photoinduced aggregation of the modulator redistributes its partitioning between the domains, amplifying the interfacial energy asymmetry and driving self‐assembly to parallel orientation. This orientation switching is resettable through light removal. Such an orientation control strategy is fit for density multiplication of the nanostructures, and can even serve as a template for other material incorporation (e.g., introducing conductive polymers and creating a 25‐fold conductivity contrast through orientation), enabling effective function expansion in practical nanotechnology.",crossref,0
"Pd‐Catalyzed Enantioselective Construction of Isoindolo[2,1‐a]indoles",https://onlinelibrary.wiley.com/doi/10.1002/anie.3999519?af=R,Wiley: Angewandte Chemie International Edition: Table of Contents,2026-08-07 12:51:54 UTC,2026-08-07 12:51:54+00:00,10.1002/anie.3999519,Junliang Zhang,"ABSTRACT
                  
                    Isoindolo[2,1‐
                    a
                    ]indoles are a class of important functionalized indole‐based heterocycles with significant utility in natural products, pharmaceuticals, and functional materials. Larock isoindolo[2,1‐
                    a
                    ]indole synthesis is one of the most straightforward and efficient methods for the synthesis of isoindolo[2,1‐
                    a
                    ]indole utilizing internal alkynes and imines derived from
                    o
                    ‐iodoanilines and aldehydes based on Larock indole synthesis. However, developing an asymmetric version for the construction of chiral isoindolo[2,1‐
                    a
                    ]indoles has posed considerable challenges since its initial report in 1999. Herein, we report a first example of asymmetric Larock isoindolo[2,1‐
                    a
                    ]indole synthesis by employing a chiral sulfinamide phosphine (Sadphos) ligand (Ming‐Phos) with modification. It allows rapid transformation of a wide range of substrates in good to excellent enantioselectivities, and provides a facile and straightforward access to chiral isoindolo[2,1‐
                    a
                    ]indole fused heterocycles. Notably, these chiral isoindolo[2,1‐
                    a
                    ]indole fused heterocycles exhibit bright fluorescence. The optical properties, including circular dichroism and quantum yield, are examined. The transformation offers a chiral highly conjugated system, which could have great potential applications in chiral optoelectronic materials.",crossref,0
Tenfold Expansion Submicrometer MALDI Mass Spectrometry Imaging of Tissues and Cultured Cells,https://onlinelibrary.wiley.com/doi/10.1002/anie.1256471?af=R,Wiley: Angewandte Chemie International Edition: Table of Contents,2026-08-07 12:54:24 UTC,2026-08-07 12:54:24+00:00,10.1002/anie.1256471,Zongwei Cai,"ABSTRACT
                  Achieving  submicrometer lateral resolution in matrix‐assisted laser desorption/ionization mass spectrometry imaging (MALDI‐MSI) is essential for molecular characterization at the single‐cell and subcellular levels but is fundamentally limited by optical focusing and matrix crystallization. Here, we present tenfold expansion mass spectrometry imaging (10X ExMSI), an expansion MALDI‐MSI workflow that reaches an effective lateral resolution of ∼500 nm on standard commercial instruments using a 5 µm acquisition step size without pixel oversampling. The SDS‐free digestion protocol minimizes lipid leaching and supports broad detection of major lipid classes, including glycerophospholipids and sphingolipids, although a reduction in primary amine‐containing lipids is observed due to cross‐linking. Using 10X ExMSI, we resolve subcellular structures in mouse brain tissues, such as dendritic arborizations, that are challenging to access with existing MALDI‐MSI implementations. We further demonstrate expansion‐based MSI on cultured A549 cells, achieving subcellular‐level lipid mapping. The method is fully compatible with standard MALDI‐MSI systems, providing an accessible and scalable route to high‐resolution, label‐free molecular imaging. These capabilities open new opportunities for studying cellular architecture and molecular heterogeneity in biological and biomedical research.",crossref,0
External‐Field‐Enhanced Helmholtz‐Layer Local Charge Density Enables C─C Coupling in Pure‐H2O‐Fed CO2 Electroreduction To C2+ Products,https://onlinelibrary.wiley.com/doi/10.1002/anie.7758933?af=R,Wiley: Angewandte Chemie International Edition: Table of Contents,2026-08-07 12:55:27 UTC,2026-08-07 12:55:27+00:00,10.1002/anie.7758933,Weihong Xing,"ABSTRACT
                  
                    Electrochemical CO
                    2
                    reduction (ECO
                    2
                    R) is a promising decarbonization technology but is limited by the trade‐off between catalytic performance and system stability. Here, we present an external‐field‐assisted strategy to enhance the local charge density of the Helmholtz layer, thereby promoting C─C coupling in a pure‐H
                    2
                    O‐fed ECO
                    2
                    R system. By introducing a cationic organic ionomer (QAS) onto the Cu
                    2
                    O surface, an interfacial external field is established, which amplifies Helmholtz‐layer charge density, suppresses hydronium accumulation and the hydrogen evolution reaction (HER), and accelerates ECO
                    2
                    R kinetics. The optimized Cu
                    2
                    O/QAS electrode delivers a C
                    2+
                    Faradaic efficiency (FE) of ∼85% at 400 mA cm
                    −2
                    in an alkaline flow cell, with a C
                    2+
                    /C
                    1
                    ratio of ∼6.8, representing a 3.4‐fold enhancement over pristine Cu
                    2
                    O. Notably, a high C
                    2+
                    FE of ∼60% is retained even in acidic flow cells. To meet industrial requirements, a pure‐H
                    2
                    O‐fed membrane‐electrode‐assembly (MEA) cell is constructed, achieving ∼62% C
                    2+
                    FE at 300 mA cm
                    −2
                    and ∼4 V. Moreover, the scaled‐up MEA system demonstrates stable operation for over 100 h at 45 A and ∼176 W. In situ electrochemical analyses, operando spectroscopy, and theoretical calculations reveal that enhanced Helmholtz‐layer charge density stabilizes C─C coupling intermediates and lowers the thermodynamic barrier, enabling high C
                    2+
                    selectivity and activity.",crossref,0
Molecularly Templated Buried Interfaces for Inverted Perovskite Solar Cells,https://onlinelibrary.wiley.com/doi/10.1002/anie.6932848?af=R,Wiley: Angewandte Chemie International Edition: Table of Contents,2026-08-07 12:58:07 UTC,2026-08-07 12:58:07+00:00,10.1002/anie.6932848,Hin‐Lap Yip,"ABSTRACT
                  The buried interface between self‐assembled monolayers (SAMs) and perovskite absorbers critically governs charge extraction and stability in inverted perovskite solar cells, yet remains structurally mismatched and poorly controlled. Here, we report a buried‐interface engineering strategy inspired by non‑covalent molecular templating, enabled by complementary triphenylamine‐based molecular building blocks. A triphenylamine‐based ammonium salt, 2‐(4‐(diphenylamino)phenyl)ethanammonium iodide (TPANI), is introduced into the perovskite precursor, while a structurally matched triphenylamine‐based bisphosphonic acid SAM deposited on ITO serves as the hole‐selective layer. Non‐covalent interactions at the buried interface induce molecular templating and interfacial organization of TPANI, strengthening SAM/perovskite adhesion and reducing intergranular groove depth at the buried side of the perovskite film. The resulting monolithically integrated interface suppresses buried interfacial defects, improves energy‐level alignment, and facilitates hole extraction. Consequently, inverted devices achieve a power conversion efficiency of 26.58% with an exceptionally high fill factor of 86.72%, together with markedly enhanced operational stability. These results demonstrate that non‑covalent molecular templating provides an effective and general strategy for engineering buried interfaces in perovskite photovoltaics.",crossref,0
Regioselective Migratory Ring Expansion of Heterole‐Fused Norcaradienes for Modular Access to Azulene‐Incorporated Thienoacenes,https://onlinelibrary.wiley.com/doi/10.1002/anie.7564970?af=R,Wiley: Angewandte Chemie International Edition: Table of Contents,2026-08-07 12:59:06 UTC,2026-08-07 12:59:06+00:00,10.1002/anie.7564970,Sunewang R. Wang,"ABSTRACT
                  In this study, we report a sterically steered, thermally driven [1,5]‐C shift (“carbon‐walking”) of congested heterole‐fused norcaradienes (NCDs), generated in situ by tetramethylguanidine (TMG) catalyzed intramolecular hydroheteroarylation of heterole‐substituted alkynylcyclopropanes, coupled by Cope ring expansion to give highly functionalized cycloheptatrienes (CHTs). Further cyclopentannulation of the CHT ring with the aroyl substituents via either formal reductive or oxidative Nazarov cyclization enables modular access to diverse azulene‐incorporated thienoacenes as promising candidates for organic materials. DFT and experimental mechanistic investigations reveal that this organocatalytic intramolecular hydroheteroarylation is initiated by an unprecedented aromatic yne Cope rearrangement facilitating by a subsequent rate‐determining TMG‐mediated proton transfer. The resulting dearomatized heterole‐fused CHT species then isomerize via Cope ring contraction to isolable heterole‐fused NCDs. Upon heating, the differential steric environments around the two shared cyclopropyl carbon centers steer a stereoinvertive carbon‐walking process of such heterole‐fused NCDs, coupled with Cope ring expansion, to furnish the final skeleton‐rearranged CHTs. Beyond its synthetic versatility, the synergy between the challenging aromatic yne Cope rearrangement and base‐mediated proton transfer unlocks an otherwise inaccessible base‐catalyzed intramolecular hydroheteroarylation of propargylic‐proton‐free alkynes.",crossref,0
A Bimetallic Covalent Organic Framework Photonic Synaptic Electrocatalysts,https://onlinelibrary.wiley.com/doi/10.1002/anie.2636151?af=R,Wiley: Angewandte Chemie International Edition: Table of Contents,2026-08-07 13:02:03 UTC,2026-08-07 13:02:03+00:00,10.1002/anie.2636151,Wenping Hu,"ABSTRACT
                  Photonic synaptic electrocatalysts encode catalytic activity as a writable, retainable state under optical stimulation, enabling history‐dependent performance modulation with potential relevance to scenarios such as intermittent solar illumination and artificial metabolic learning systems. However, most photo‐assisted electrocatalysts are stateless, showing only transient activity enhancement under illumination that vanishes once the light is removed. Here, we establish a photonic synaptic electrocatalyst based on a bimetallic covalent organic framework (Co–Ni─COF), in which optical stimulation writes synaptic information into the catalytic state, and oxygen evolution serves as a stringent functional readout. During electrochemical reactions, Co─Ni─COF shows strong photonic synaptic behavior, featuring excitatory postsynaptic current responses, tunable synaptic plasticity, transitions from short‐term to long‐term plasticity, learning–forgetting–relearning behavior, and long‐term memory retention. Mechanistic investigations reveal that this light‐written and retained state originates from strengthened electronic coupling between Co and Ni centers, promoted charge delocalization and intermetallic charge transfer, and the accumulation of metastable Co(III) active species together with key oxygenated intermediates (*OOH, *OO). Notably, a substantial fraction of enhanced catalytic activity is preserved for hours in the dark, maintaining ∼127% higher than the initial state after 3 h, highlighting its potential for efficient energy conversion under intermittent solar illumination.",crossref,0
Field‐Free Spin‐Polarized Charge Transport in Chiral Co3O4 Boosts Supercapacitor Kinetics,https://onlinelibrary.wiley.com/doi/10.1002/anie.7713214?af=R,Wiley: Angewandte Chemie International Edition: Table of Contents,2026-08-07 13:03:42 UTC,2026-08-07 13:03:42+00:00,10.1002/anie.7713214,Zhihong Nie,"ABSTRACT
                  
                    Supercapacitors offer ultrahigh power density but remain fundamentally constrained by limited interfacial charge‐transfer kinetics at high rates. Although magnetic‐field‐assisted spin control has recently emerged as a promising strategy to regulate electrochemical kinetics, its reliance on external fields and magnetic components limits practical device integration. Here we establish chirality as an intrinsic, field‐free handle to regulate electron spin transport in supercapacitors by leveraging the chiral‐induced spin selectivity (CISS) effect. Enantiopure threonine is employed to template cobalt hydroxide nanoflakes, and subsequent calcination removes all organic species while imprinting robust chirality into purely inorganic Co
                    3
                    O
                    4
                    films. Magnetic conductive‐probe AFM reveals pronounced spin‐selective transport with spin polarization up to ∼48% at room temperature. Compared with racemic and non‐templated controls, chiral Co
                    3
                    O
                    4
                    electrodes exhibit markedly enhanced specific capacitance, superior rate capability, and improved cycling stability under zero magnetic field. Electrochemical impedance spectroscopy and distribution of relaxation times analysis reveal a 6.4‐fold reduction in charge‐transfer resistance and accelerated pseudocapacitive kinetics, consistent with CISS‐induced spin‐polarized currents that suppress spin‐flip scattering and facilitate interfacial electron transfer. This work establishes chirality as a new design dimension for electrochemical energy storage and opens a general pathway toward spin‐aware engineering of high‐performance supercapacitors without external magnetic fields.",crossref,0
Solvent‐Driven Modulation of Covalent‐Organic Framework Nano‐Architectures for Photothermal‐Catalytic Biomass Valorization and Hydrogen Peroxide Production,https://onlinelibrary.wiley.com/doi/10.1002/anie.2408330?af=R,Wiley: Angewandte Chemie International Edition: Table of Contents,2026-08-07 13:07:54 UTC,2026-08-07 13:07:54+00:00,10.1002/anie.2408330,Ya‐Qian Lan,"ABSTRACT
                  The modulation of three‐dimensional (3D) covalent‐organic frameworks (COFs) into multifunctional nano‐architectures is highly desirable for their extended applications yet still challenging in both material design and morphology investigation. Here, we have designed a functional 3D COF (DPP‐TAM‐COF) and successfully modulated it into diverse nano‐architectures, including nano‐ring, hollow‐sphere, and nano‐urchin, through a solvent‐driven tuning strategy. The produced nano‐architectures possess bifunctional groups, well‐tuned morphology, high porosity, and photothermal properties that can be applied in efficient photothermal biomass valorization coupled with hydrogen peroxide production. Specifically, they can realize the furfuryl alcohol conversion into furoic acid with an optimal generation efficiency of 39.0 mmol/g coupled with the efficient hydrogen peroxide production, which is superior to the majority of reported materials. Based on various characterizations and theoretical calculations, the functions of nano‐architectures and bifunctional groups have been validated in the coupling reaction. Aiming at extending the application regimes of 3D COFs, this work might give new insights into the structure or morphology study of 3D COFs.",crossref,0
Crystal Void Fraction‐Engineered Fe‐S Catalysts for Self‐Sustaining Li‐CO2 Mars Batteries,https://onlinelibrary.wiley.com/doi/10.1002/anie.6292528?af=R,Wiley: Angewandte Chemie International Edition: Table of Contents,2026-08-07 13:08:59 UTC,2026-08-07 13:08:59+00:00,10.1002/anie.6292528,Min Zhou,"ABSTRACT
                  
                    Efficient energy storage is vital for self‐sustaining Martian exploration. Li‐CO
                    2
                    batteries are promising by utilizing the Martian atmosphere (∼95% CO
                    2
                    ) as active materials. Fe‐S minerals, abundant on Mars, offer a viable candidate for cathode catalysts, yet their structural diversity necessitates a rational selection criterion. Here, we propose crystal void fraction as a governing descriptor correlating with affinity toward critical oxygen‐containing species, Li
                    2
                    CO
                    3
                    and singlet oxygen (
                    1
                    O
                    2
                    ). Higher void fraction with decreased Fe‐S
                    6
                    octahedra packing density upshifts the d‐band center and brings the z‐containing orbitals closer to the Fermi level. Given the pronounced O‐2p
                    z
                    character of Li
                    2
                    CO
                    3
                    band‐edge states and the π* orbital of
                    1
                    O
                    2
                    frontier orbital, symmetry matching along surface orbitals with z‐directional components strengthens orbital coupling, correlating higher crystal void fractions with increased affinity for oxygen‐containing species. Crucially, this affinity exhibits a dual role. High void fraction promotes Li
                    2
                    CO
                    3
                    decomposition but
                    1
                    O
                    2
                    ‐induced catalyst degradation, while low void fraction exhibits the opposite tendency. Marcasite with moderate void fraction achieves an optimal balance, achieving 88% energy efficiency and 1000 h cycle life. This work establishes crystal void fraction as a predictive metric for screening suitable catalysts for achieving activity‐stability trade‐off, and provides a promising landscape for in‐situ resource utilization on Mars.",crossref,0
Imide Cyclophane Assemblies Enable Aquaporin‐Like Water Transport,https://onlinelibrary.wiley.com/doi/10.1002/anie.4052926?af=R,Wiley: Angewandte Chemie International Edition: Table of Contents,2026-08-07 13:09:45 UTC,2026-08-07 13:09:45+00:00,10.1002/anie.4052926,Huaqiang Zeng,"ABSTRACT
                  
                    Artificial water channels (AWCs) that replicate the high efficiency and selectivity of natural aquaporins are of considerable interest for desalination, water purification, and biomedical applications, yet the simultaneous realization of high permeability and perfect selectivity remains challenging. Herein, we report a class of self‐assembled AWCs based on an imide cyclophane. Single‐crystal analysis reveals that macrocycle
                    1
                    features an internal cavity of 3.5 Å × 6.3 Å, with a narrow constriction closely matching the dimensions of the selectivity filter of aquaporin 1. The assembled channel (
                    1
                    )
                    4
                    exhibits a single‐channel water transport rate of up to 3.9 × 10
                    9
                     H
                    2
                    O s
                    −1
                    , corresponding to approximately 36% of AQP1 and representing one of the best‐performing small‐molecule self‐assembled AWCs reported to date. Notably, it completely excludes NaCl, KCl, and protons. This work demonstrates that both the key structural feature and function of aquaporins can be emulated through a bottom‐up supramolecular approach, providing a platform for the design of high‐performance biomimetic membranes and channel‐based therapeutics.",crossref,0
Synergistic Bulk‐Surface Modulation Stabilizing LiCoO2 at 4.65 V via Zr‐Pillaring and In Situ Lattice‐Matching Engineering,https://onlinelibrary.wiley.com/doi/10.1002/anie.3474461?af=R,Wiley: Angewandte Chemie International Edition: Table of Contents,2026-08-07 13:13:26 UTC,2026-08-07 13:13:26+00:00,10.1002/anie.3474461,Haiping Xu,"ABSTRACT
                  
                    Lithium cobalt oxide (LiCoO
                    2
                    , LCO) is a critical cathode material for high‐energy‐density lithium‐ion batteries, yet its application above 4.55 V (vs. Li/Li
                    +
                    ) is severely limited by structural degradation via the O3→H1‐3 phase transition, lattice oxygen loss, and cobalt dissolution. Here, we report a synergistic bulk‐surface modification strategy combining Zr‐pillaring (LZCO) with in situ LiCoPO
                    4
                    coating (LZCO@P) to stabilize LCO at 4.65 V. Zr‐pillaring stabilizes the lattice and suppresses phase transition by expanding the O 2p‐Co 3d band gap, as suggested by density functional theory (DFT), to mitigate oxygen redox activity. Lattice‐matched interfacial engineering between LZCO and LiCoPO
                    4
                    coating results from interfacial P–O tetrahedral formation, which enhances mechanical adhesion and reduces oxygen surface reactivity of LZCO. Consequently, LZCO@P achieves 80.8% capacity retention after 1000 cycles at 1 C (3.5–4.65 V) and 91.2% after 1000 cycles at 3 C (3.5–4.65 V). A practical Li||LZCO@P pouch cell retains 92.3% capacity after 160 cycles at 1 C (3.0–4.6 V). The synergistic bulk‐surface modification strategy contributes through different mechanisms and comprehensively improves the cycling stability of LZCO@P at 4.65 V.",crossref,0
Palladium‐Catalyzed Asymmetric Synthesis of Methylidene Cyclobutanes via Enantioselective Intramolecular Heck‐Type Reactions,https://onlinelibrary.wiley.com/doi/10.1002/anie.9925574?af=R,Wiley: Angewandte Chemie International Edition: Table of Contents,2026-08-07 13:14:08 UTC,2026-08-07 13:14:08+00:00,10.1002/anie.9925574,Zhan‐Ming Zhang,"ABSTRACT
                  Cyclobutanes as well as 2‐substituted alkylidene cyclobutanes (ADCBs) are important skeletons in pharmaceuticals and versatile precursors in organic synthesis. However, enantioselective synthesis of ADCBs remains an underexplored area of research due to the high ring strain and competing side reactions. Herein, we report a Pd‐catalyzed asymmetric intramolecular Heck‐type reaction that provides a series of 1‐methylidene‐2‐arylcyclobutanes in moderate to good yields with excellent enantioselectivity and chemoselectivity. This method features broad substrate scope and demonstrates potential utility for constructing the core skeletons of bioactive molecules. Mechanistic studies indicate that the rate‐determining step of this reaction depends on the electron density of the aryl bromide moiety. Dmdba plays an important role in improving the chemoselectivity.",crossref,0
Rational Molecular Design to Improve Digital Polymer Readout in Aerolysin‐Based Nanopore Sequencing,https://onlinelibrary.wiley.com/doi/10.1002/anie.1446100?af=R,Wiley: Angewandte Chemie International Edition: Table of Contents,2026-08-07 13:14:14 UTC,2026-08-07 13:14:14+00:00,10.1002/anie.1446100,Jean‐François Lutz,"ABSTRACT
                  Nanopore sequencing is a promising method for decoding synthetic digital polymers, but translocation signals are often complex. This study examines the influence of macromolecular design on the accuracy of nanopore sequencing. Nine phosphoramidite monomers were synthesized and used in automated solid‐phase chemistry to generate a broad library of sequence‐defined poly(phosphodiesters) with varying chain lengths and sequences. The molecular uniformity of the polymers was confirmed by mass spectrometry and ion‐exchange HPLC. Evaluation using aerolysin‐based sensing allowed for the analysis of how key molecular parameters, such as monomer hydrophilicity, size, rigidity, and bulkiness, affect translocation events. This analysis enabled the selection of an optimal binary alphabet for nanopore sequencing, comprising a main‐chain cyclohexane 1,4‐dimethyl spacer for bit‐0 and a benzyl side chain for bit‐1. Using a machine learning approach, distinct polymer lengths and sequences could be identified. These results offer a novel pathway toward achieving low‐loss, repeatable, and reliable sequencing of information‐encoding synthetic polymers, thereby advancing the potential of nanopore technology for digital data storage.",crossref,0
Modulated Structure‐Electronic Coupling at Pt/CeOx–TiO2 Interfaces Boosts Low‐Temperature Preferential CO Oxidation,https://onlinelibrary.wiley.com/doi/10.1002/anie.7158452?af=R,Wiley: Angewandte Chemie International Edition: Table of Contents,2026-08-07 13:15:06 UTC,2026-08-07 13:15:06+00:00,10.1002/anie.7158452,Hyun You Kim,"ABSTRACT
                  
                    Preferential oxidation, PROX, of residual CO in a hydrogen‐rich synthetic gas is the final stage of industrial hydrogen production and purification. However, selectively oxidizing around 1 vol. % of CO without consuming hydrogen is technically challenging. Here, we use Pt single atoms (SAs) stabilized on CeO
                    
                      x
                    
                    –TiO
                    2
                    supporting oxides toward PROX of CO. Based on a combined study of density functional theory calculations and in situ spectroscopic analyses, we identified the delicate electronic states of the reaction centers. The bifunctional nature of the spatially separated Pt–O–Ti and Pt–O–Ce sites promoted selective PROX of CO. The preferentially adsorbed hydrogen at the Pt–O–Ti site behaves as an activity regulator, donating electrons to Pt, thus reducing Pt–SAs. The oxygen ion at the Pt–O–Ce interface actively oxidizes the weakly adsorbed CO on reduced Pt–SAs. The unique structural and electronic ensembles at the Pt–CeO
                    
                      x
                    
                    –TiO
                    2
                    interfaces suppress hydrogen consumption but, instead, promote the PROX of CO under hydrogen‐rich conditions with high specific mass activity and 100 % selectivity for CO
                    2
                    at below 100°C. We present a representative case of using electronic modulation of Pt–SAs under reaction conditions, enabled by the unique structural ensemble of Pt‐oxide interfaces, to activate Pt–SAs dynamically.",crossref,0
Lateral‐Site Unblocking Enables Bilateral π‐Chromophore Organization for Giant Birefringence in One‐Dimensional Lead Hybrids,https://onlinelibrary.wiley.com/doi/10.1002/anie.7867481?af=R,Wiley: Angewandte Chemie International Edition: Table of Contents,2026-08-07 13:15:59 UTC,2026-08-07 13:15:59+00:00,10.1002/anie.7867481,Guohong Zou,"ABSTRACT
                  
                    Birefringence in low‐dimensional organic–inorganic hybrids depends on both the intrinsic anisotropy of building units and their dense, coherent lattice organization. Herein, we identify lateral coordination‐site blocking as a structural bottleneck in one‐dimensional (1D) lead hybrids and demonstrate a lateral‐site unblocking strategy to overcome this restriction. Using a model pair, (C
                    12
                    H
                    8
                    N
                    2
                    )Pb(H
                    2
                    PO
                    3
                    )
                    2
                    (PNPP) and (C
                    12
                    H
                    8
                    N
                    2
                    )PbCl
                    2
                    (PNPC), we reveal that the side‐occupying H
                    2
                    PO
                    3
                    −
                    linkers enforce a sparse, single‐sided hanging mode of phenanthroline (phen) ligands. In contrast, the introduction of compact bridging Cl
                    −
                    ions preserves the 1D Pb‐based backbone while releasing the lateral coordination space, thereby enabling a bilateral, tightly interleaved organization of the phen
                    π
                    ‐chromophores. This structural switch induces a contraction of the interchain spacing and decreases the interchromophore separation from 6.79 Å in PNPP to 3.36 Å in PNPC, resulting in close
                    π
                    –
                    π
                    stacking in PNPC and enhanced spatial accumulation of the Pb‐centered and
                    π
                    ‐conjugated polarizability anisotropy tensors. Consequently, PNPC exhibits an exceptional birefringence of Δ
                    n
                    = 0.82 at 546 nm, establishing a record‐high value among all reported Pb‐based crystalline materials. This work highlights lateral‐site accessibility as a decisive structural parameter for regulating lattice‐scale polarization alignment, providing a design paradigm for next‐generation miniaturized visible‐to‐near‐infrared polarizers.",crossref,0
"Surface Hydroxyl Steered Adsorption Configuration for Efficient Photocatalysis Coupling Hydrogen Evolution and 5‐Hydroxymethylfurfural Selective Oxidation Toward 2,5‐Furandicarboxylic Acid Production",https://onlinelibrary.wiley.com/doi/10.1002/anie.3914874?af=R,Wiley: Angewandte Chemie International Edition: Table of Contents,2026-08-07 13:18:39 UTC,2026-08-07 13:18:39+00:00,10.1002/anie.3914874,Shaohua Shen,"ABSTRACT
                  
                    Photocatalytic coupling water reduction reaction and 5‐hydroxymethylfurfural (HMF) selective oxidation toward 2,5‐furandicarboxylic acid (FDCA) offers a promising route for co‐production of green hydrogen and value‐added bio‐based platform chemicals, but limited by low FDCA selectivity and yield. Herein, an Al‐doped SrTiO
                    3
                    (STO) photocatalyst integrated with RhCrO
                    x
                    and Co
                    3
                    O
                    4
                    cocatalysts is investigated for HMF oxidation reaction (HMFOR) under neutral and alkaline conditions. While alkaline conditions markedly improve the FDCA production, the accelerated HMF self‐degradation and competing Cannizzaro side‐reaction compromise the hole utilization efficiency. Spectral and theoretical investigations reveal that surface‐bonded hydroxyl (─OH) species on Co
                    3
                    O
                    4
                    under alkaline conditions steer HMF adsorption from vertical to a tilted configuration, which facilitates the rate‐determining step of 5‐hydroxymethyl‐2‐furancarboxylic acid (HMFCA) to 5‐formyl‐2‐furancarboxylic acid (FFCA) conversion. Building upon this mechanistic insight, Co
                    3
                    O
                    4
                    is substituted with a ─OH terminated Co(OH)
                    2
                    oxidation cocatalyst, which sustains the favorable flat HMF adsorption configuration even under neutral and oxygen‐free conditions. The obtained RhCrO
                    x
                    /STO/Co(OH)
                    2
                    achieves a FDCA selectivity of 72.7% and a yield of 49.0% for HMFOR, together with hydrogen evolution rate of 626 µmol g
                    −1
                     h
                    −1
                    . This study demonstrates that steering reactant adsorption configuration via surface ─OH species offers an effective strategy for efficient solar‐driven photocatalysis coupling biomass valorization and hydrogen production.",crossref,0
Stereoelectronically Controlled Regioselective Allylation of Aldehyde Under Photoredox/Chromium Catalysis,https://onlinelibrary.wiley.com/doi/10.1002/anie.6030123?af=R,Wiley: Angewandte Chemie International Edition: Table of Contents,2026-08-07 13:20:15 UTC,2026-08-07 13:20:15+00:00,10.1002/anie.6030123,Chao Feng,"ABSTRACT
                  The formation of structurally defined α,γ‐disubstituted allylmetallic intermediate which could undergo regioselective allylation with carbonyl compounds remains a formidable challenge in synthetic chemistry. Although regioselective in situ formation of α,γ‐disubstituted allylchromium intermediate controlled by coordinative directing groups has been achieved, how to achieve high selectivity for reactions involving α,γ‐disubstituted allylic chromium intermediates through electronic control has been elusive. In this study, we report a silyl‐group‐directed strategy that exploits the α‐silicon effect to achieve exceptional regiocontrol (rr &gt; 95:5) in the chromium‐catalyzed radical‐type allylation of aldehydes with α‐silyl‐substituted diene and Hantzsch ester under photoredox catalysis. The method establishes a paradigm of electronic steering mode for chromium catalysis, enabling the highly regioselective and diastereoselective synthesis of a wide variety of valuable alkenylsilane‐containing homoallylic alcohols commencing from readily accessible α‐silyl‐substituted dienes. The three‐component reactions display good substrate generality and broad functional group compatibility, and could be successfully applied in the post‐functionalization of biologically active complex molecules. Moreover, the resulting alkenylsilane‐containing homoallylic alcohols could be easily converted into other value‐added organic molecules, and the preinstalled silyl substituent could be readily manipulated for straightforward access of diverse substituents (e.g., alkyl, aryl, alkenyl, and alkynyl), which are difficult to access by using documented methodologies.",crossref,0
"Fluorescent cAMP Analogs: Enzymatic Synthesis, Unexpected Photophysical Behavior and Protein Kinase A Recognition",https://onlinelibrary.wiley.com/doi/10.1002/anie.6334998?af=R,Wiley: Angewandte Chemie International Edition: Table of Contents,2026-08-07 13:20:24 UTC,2026-08-07 13:20:24+00:00,10.1002/anie.6334998,Yitzhak Tor,"ABSTRACT
                  
                    Cyclic adenosine monophosphate (cAMP) is a second messenger, regulating critical physiological processes. We report the enzymatic synthesis, unique photophysical features, and biological activity of novel emissive cAMP analogs (c
                    th
                    AMP and c
                    tz
                    AMP), comprised of thiopheno‐ and isothiazolo‐based families of isomorphic ribonucleotides. The unexpectedly high brightness of c
                    th
                    AMP compared to
                    th
                    ATP and
                    th
                    AMP, its precursor and hydrolysis products, respectively, driven by an
                    anti
                    ‐to‐
                    syn
                    conformational shift upon cyclization, is employed for real‐time monitoring of the adenylyl cyclase (AC) mediated synthesis and phosphodiesterase (PDE) mediated hydrolysis. Importantly, these emissive analogs effectively activate protein kinase A (PKA). This study provides critical insights into the biomolecular recognition and catalytic mechanism of cAMP‐regulating enzymes, establishing these isomorphic analogs as potential tools for investigating cAMP‐dependent protein–ligand interaction through fluorescence spectroscopy.",crossref,0
Hierarchical Chirality Memory Governs Dual Chiroptical Inversion in Mesoscopic Helical Covalent Organic Frameworks,https://onlinelibrary.wiley.com/doi/10.1002/anie.5082047?af=R,Wiley: Angewandte Chemie International Edition: Table of Contents,2026-08-07 13:25:48 UTC,2026-08-07 13:25:48+00:00,10.1002/anie.5082047,Dong Wang,"ABSTRACT
                  Constructing crystalline chiral covalent organic frameworks (CCOFs) with programmable chiroptical properties from a single chiral source remains highly challenging. Herein, we report a dynamic covalent evolution strategy that transforms supramolecular‐induced helical covalent organic polymers into mesoscopic helical CCOFs through thermodynamic self‐crystallization as well as single‐step and stepwise monomer exchange. Remarkably, two distinct chiroptical inversion modes are preserved during framework evolution: a conventional inversion accompanied by opposite helical sense and a second inversion displaying opposite chiroptical activity despite identical mesoscopic helicity, originating from different sub‐nanometer chiral packing arrangements. Time‐dependent experiments and theoretical calculations reveal persistent chirality‐ and packing‐memory effects throughout dynamic reconstruction. Using a single chiral template system, this strategy affords 24 mesoscopic helical CCOFs with diverse linkage chemistries and programmable chiroptical responses. Furthermore, pore‐confined incorporation of aggregation‐induced emissive guests extends both inversion modes into flexible circularly polarized luminescence films.",crossref,0
Scalable ω‐Substituted α‐Olefins via Living Chain Transfer Telomerization: A Platform for Next Generation Polyolefins,https://onlinelibrary.wiley.com/doi/10.1002/anie.6963058?af=R,Wiley: Angewandte Chemie International Edition: Table of Contents,2026-08-07 17:22:17 UTC,2026-08-07 17:22:17+00:00,10.1002/anie.6963058,Lawrence R. Sita,"ABSTRACT
                  
                    Isomerically pure, ω‐substituted α‐olefins of general structure, X‐(CH
                    2
                    )
                    m
                    (CH
                    2
                    CH
                    2
                    )
                    
                      n
                    
                    ‐1
                    CH = CH
                    2
                    (
                    m
                    = 0 or 1; X = alkyl or aryl) (
                    3
                    ), have been produced in practical and scalable quantities as narrow Poisson molar mass distributions of separable
                    n
                    ‐mers (e.g.
                    n
                    = 1 – 10) through a one‐pot, two‐step process involving: living ternary chain transfer telomerization of tris(ω‐substituted alkyl)aluminum, [X‐(CH
                    2
                    )
                    m
                    CH
                    2
                    CH
                    2
                    ]
                    3
                    Al (
                    1
                    ), with ethene and a small amount of diethylzinc as a chain transfer mediator, using an in situ generated ion pair initiator derived from the cyclopentadienyl, amidinate (CPAM) Hf pre‐initiator, (η
                    5
                    ‐C
                    5
                    Me
                    5
                    )[κ
                    2
                    ‐(
                    N,N’
                    )‐N(Et)C(Me)N(Et)]HfMe
                    2
                    (
                    2
                    ) and the borate co‐initiator, [PhNHMe
                    2
                    ][B(C
                    6
                    F
                    5
                    )
                    4
                    ] (
                    B
                    ), followed by catalytic displacement of the trialkylaluminum intermediate using bis(1,5‐cyclooctadiene)Ni(0) as the pre‐catalyst. Results are further presented for production of several families of “next generation” polyolefins that are obtained through CPAM Zr‐ and Hf‐mediated stereoselective (enantioselective) living coordination polymerization of different derivatives of
                    3
                    and including copolymerization with a variety of linear and branched α‐olefins and 1,5‐hexadiene.",crossref,0
Allele-specific chromatin architecture shapes imprinted domains and coordinates a distal enhancer and antisense transcription at the mouse Mest-Copg2 domain,https://www.nature.com/articles/s41467-026-76506-3,Nature Communications,2026-08-08 00:00:00 UTC,2026-08-08 00:00:00+00:00,10.1038/s41467-026-76506-3,Amanda J. Whipple,"Genomic imprinting results in parent-of-origin-dependent gene expression, but how three-dimensional genome organization contributes to imprinted gene regulation remains unclear. Using Capture Hi-C in mouse cortex and primary cortical neurons, we identified parental allele-specific chromatin architectures across multiple imprinted domains. These architectures largely originate from imprinting control regions and correlate with DNA methylation-sensitive CTCF binding. Active and inactive alleles of imprinted genes show distinct promoter interaction profiles and differential engagement with distal regulatory elements in both contact frequency and the epigenetic state of distal regions. A CRISPR interference screen identified a distal enhancer that regulates Mest-Copg2 imprinted expression through allele-specific chromatin interactions. In neurons, this enhancer activates Copg2 on the maternal allele, whereas on the paternal allele it drives Mest isoforms transcribed antisense to Copg2 and contributes to Copg2 repression. In summary, we show that allele-specific chromatin architecture coordinates maternal enhancer activity and paternal antisense transcription to control imprinted expression in neurons.",nature_html,0
Cavity-Enabled Supramolecular Regulation of Capacitive–Redox Bromine Electrochemistry in Zinc–Bromine Batteries,https://www.nature.com/articles/s41467-026-76539-8,Nature Communications,2026-08-08 00:00:00 UTC,2026-08-08 00:00:00+00:00,10.1038/s41467-026-76539-8,Hao Cheng,"The intrinsic trade-offs between high-rate capacitive processes and high-capacity redox reactions fundamentally limit advanced electrochemical energy storage. Here, we transcend this paradigm by introducing cavity-enabled supramolecular microreactors as a versatile platform for synergistic bromine capacitive-redox electrochemistry. These microreactors exhibit voltage-responsive dual functions, operating as a high-capacity ion-sequestration matrix at low voltages governed by their tailored electrostatic cavity landscape, and dynamically switching to an anchoring and conversion-promoting center at high voltages via spatially confined noncovalent interactions distinct from conventional bonding. Deployed in an aqueous zinc-bromine battery, this strategy delivers a specific capacity of 481.8 mAh g−1 at 0.83 A g−1 and retains 89.4% of its capacity after 1500 cycles at a specific current of 8.3 A g−1. Our work transcends the conventional material design philosophy, establishing a general approach for breaking the intrinsic limits of electrode materials through molecular-scale ion regulation.",nature_html,0
Human learning of probability distributions is biased toward moderate structural complexity,https://www.nature.com/articles/s41467-026-76247-3,Nature Communications,2026-08-08 00:00:00 UTC,2026-08-08 00:00:00+00:00,10.1038/s41467-026-76247-3,Hang Zhang,"Inferring hidden environmental structures, which commonly involves learning arbitrary probability distributions from limited samples, is essential to optimal and adaptive behaviors across various cognitive domains. However, it remains largely unknown how the internal representations constructed by humans may deviate from actual probabilistic structures, and what computational processes, operated under inherent cognitive limitations, give rise to these representations. We first develop a structured distribution report task to reveal human participants’ internal representations, with findings verified in a further distribution recognition task. Across eight behavioral experiments (including one pre-registered study) in two modalities, participants estimate the overall probability density reasonably well, but exhibit a systematic bias toward moderate structural complexity, reporting too many clusters when the true distribution is a single Gaussian and too few when it contains many clusters. We then build a series of learning models in the framework of approximate Bayesian inference fit to our behavioral data. Through model comparisons, we reconstruct the prior beliefs guiding the evolution of participants’ internal representations. The best-fitting model for human reports reduces structure growth rate as complexity increases, effectively constraining the complexity of internal representations within memory limitations.",nature_html,0
Targeting m6A writer METTL3 with engineered nanovesicles reduces neuroinflammation in vitro and in vivo,https://www.nature.com/articles/s41467-026-75862-4,Nature Communications,2026-08-08 00:00:00 UTC,2026-08-08 00:00:00+00:00,10.1038/s41467-026-75862-4,Lang Rao,"Epigenetic editing, particularly N6-methyladenosine (m6A) modification, represents a promising therapeutic strategy by silencing genes without altering DNA sequence. However, in vivo epigenetic intervention of neuroinflammation remains challenging and has rarely been explored. Here we developed a hybrid epigenetic nanomodulator, siMETTL3-hNVs, by integrating natural microglia-derived nanovesicles (NVs) with synthetic liposomes pre-loading small interfering RNA targeting the m6A writer methyltransferase-like 3 (METTL3). Natural NVs enabled siMETTL3-hNVs to achieve inflamed-brain delivery through CCR2-CCL2 chemotaxis and caveolae-mediated transcytosis across the blood-brain barrier. More importantly, relying on abundant cytokine receptors on the NVs, siMETTL3-hNVs served as decoys to neutralize pro-inflammatory cytokines, synergizing with the intracellular silencing of METTL3 to drive microglial M2 repolarization. In female mouse models of acute neuroinflammation and radiation-induced brain injury, siMETTL3-hNVs treatment significantly reduced cytokine levels, attenuated hippocampal damage, and ameliorated cognitive deficits. This work overcomes critical delivery bottlenecks in m6A-based therapeutics and establishes a robust strategy for epigenetic reprogramming of neuroinflammation.",nature_html,0
"Strait of Hormuz disruption, geopolitical dispute intensity and Brent-based hedging effectiveness in European fuel markets: Empirical evidence from DCC-GARCH approach",https://www.sciencedirect.com/science/article/pii/S0301421526004556?dgcid=rss_sd_all,ScienceDirect Publication: Energy Policy,2026-08-08 00:00:00 UTC,2026-08-08 00:00:00+00:00,,Zaiba Ali,,,0
"Geography, not geology: Testing the empirical foundations of the EU critical raw materials act",https://www.sciencedirect.com/science/article/pii/S0301421526004672?dgcid=rss_sd_all,ScienceDirect Publication: Energy Policy,2026-08-08 00:00:00 UTC,2026-08-08 00:00:00+00:00,,Diego Solar,,,0
Decarbonization potential and limits of e-fuel policies in the EU,https://www.sciencedirect.com/science/article/pii/S0301421526004635?dgcid=rss_sd_all,ScienceDirect Publication: Energy Policy,2026-08-08 00:00:00 UTC,2026-08-08 00:00:00+00:00,,Íñigo Capellán-Pérez,,,0
Bridging the transition: Economic and environmental impact assessment of rural natural gas adoption in Beijing,https://www.sciencedirect.com/science/article/pii/S0301421526004799?dgcid=rss_sd_all,ScienceDirect Publication: Energy Policy,2026-08-08 00:00:00 UTC,2026-08-08 00:00:00+00:00,,Yu Hao,,,0
Resilience quantification and enhancement of typhoon-affected distribution system with virtual power plant,https://www.sciencedirect.com/science/article/pii/S0306261926012596?dgcid=rss_sd_all,ScienceDirect Publication: Applied Energy,2026-08-08 00:00:00 UTC,2026-08-08 00:00:00+00:00,,Jing Jiang,,,0
Huber-CVaR-based distributionally robust bilevel optimization for energy hubs integrating heterogeneous flexibility resources,https://www.sciencedirect.com/science/article/pii/S0306261926012432?dgcid=rss_sd_all,ScienceDirect Publication: Applied Energy,2026-08-08 00:00:00 UTC,2026-08-08 00:00:00+00:00,,Yijia Cao,,,0
"A GIS-MCDA method for renewable energy prosumer integration in road construction compound siting: development, demonstration, and evaluation",https://www.sciencedirect.com/science/article/pii/S0306261926012766?dgcid=rss_sd_all,ScienceDirect Publication: Applied Energy,2026-08-08 00:00:00 UTC,2026-08-08 00:00:00+00:00,,Apollo Tutesigensi,,,0
Flexibility-supported optimal scheduling for integrated energy systems under extreme typhoon disasters,https://www.sciencedirect.com/science/article/pii/S0306261926012961?dgcid=rss_sd_all,ScienceDirect Publication: Applied Energy,2026-08-08 00:00:00 UTC,2026-08-08 00:00:00+00:00,,Zhaohong Bie,,,0
High-efficiency GaSb thermophotovoltaic cell demonstrated on a planar heat source up to 1800 K for high-temperature applications,https://www.sciencedirect.com/science/article/pii/S0306261926013061?dgcid=rss_sd_all,ScienceDirect Publication: Applied Energy,2026-08-08 00:00:00 UTC,2026-08-08 00:00:00+00:00,,Liangliang Tang,,,0
"Hypercube: A hybrid physics-learning framework for rapid, robust urban building energy modeling",https://www.sciencedirect.com/science/article/pii/S0306261926011232?dgcid=rss_sd_all,ScienceDirect Publication: Applied Energy,2026-08-08 00:00:00 UTC,2026-08-08 00:00:00+00:00,,Yu Qian Ang,,,0
Assessment of microbial hydrogen technologies over the last decade: is it a future-ready technology?,https://www.sciencedirect.com/science/article/pii/S0306261926011669?dgcid=rss_sd_all,ScienceDirect Publication: Applied Energy,2026-08-08 00:00:00 UTC,2026-08-08 00:00:00+00:00,,Arpita Nandy,,,0
Prospects and challenges: Can co-production of natural gas hydrate with shallow and deep gas achieve “1 + 1 + 1 > 3” in marine gas exploitation?,https://www.sciencedirect.com/science/article/pii/S030626192601202X?dgcid=rss_sd_all,ScienceDirect Publication: Applied Energy,2026-08-08 00:00:00 UTC,2026-08-08 00:00:00+00:00,,Mucong Zi,,,0
Harnessing multiple home-microgrids as cloud energy storage for resource compensation: A comprehensive review,https://www.sciencedirect.com/science/article/pii/S0306261926012006?dgcid=rss_sd_all,ScienceDirect Publication: Applied Energy,2026-08-08 00:00:00 UTC,2026-08-08 00:00:00+00:00,,Hamidreza Gholinezhadomran,,,0
Diet-responsive proteogenomic effects following short-term restriction of animal products in humans,https://www.nature.com/articles/s41467-026-76379-6,Nature Communications,2026-08-08 00:00:00 UTC,2026-08-08 00:00:00+00:00,10.1038/s41467-026-76379-6,Antigone S. Dimas,"The effect of diet on genetic regulation in humans remains largely unexplored. Here, we investigate gene-diet interactions in a unique group of healthy individuals (N = 200) who alternate between omnivory and dietary restriction of animal products for religious reasons. Using longitudinal proteomic and genotype data, we identify diet-responsive cis-pQTLs and highlight regulatory effects on LBR and MSRA, proteins involved in cholesterol and methionine metabolism respectively. LBR-associated cis-pQTL rs74148404 colocalizes with obesity exclusively under dietary restriction, suggesting diet-dependent modulation of genetic risk. We also show that a diet-dependent cis-pQTL for metabolic regulator FGF21 colocalizes with eosinophil and platelet traits pointing to diet-sensitive immunometabolic signalling. By parallel profiling of a continuously omnivorous control group (N = 211), we uncover seasonally dynamic genetic regulation for proteins linked to apoptosis in immune system pathways (MAVS, CASP3, PDLIM7, IL12RB1), effects likely masked by animal product restriction. These findings reveal dynamic diet- and season-sensitive regulatory mechanisms with implications for precision nutrition and individualized disease prevention strategies, and underscore the need to integrate environmental context into genetic studies of health and disease.",nature_html,0
Self-Assembled Multilayers Reduce Interfacial Energy Loss in Perovskite Solar Cells,https://www.nature.com/articles/s41467-026-76497-1,Nature Communications,2026-08-08 00:00:00 UTC,2026-08-08 00:00:00+00:00,10.1038/s41467-026-76497-1,Qiang Liao,"The use of self-assembled multilayer (SAM) layers as hole transport layers (HTLs) represents a major advance for high-efficiency perovskite solar cells (PSCs). However, many SAMs materials suffer from aggregation, poor wettability, and weak interactions with the perovskite, which hinder charge transfer and cause energy losses that limit both power conversion efficiency (PCE) and long-term stability. In this study, we synthesized two SAMs, namely 2-(10-(3,5-dimethoxyphenyl)−7H-benzo[c]carbazol-7-yl)ethyl)phosphonic acid (denoted as DMPA) and 2-(7H-benzo[c]carbazol-7-yl)ethyl)phosphonic acid (denoted as BCPA). DMPA SAM effectively suppresses self‑aggregation and enhances substrate coverage. The methoxy groups in DMPA interact with the perovskite, thereby enabling DMPA to passivate defects at the buried interface and optimize perovskite crystallization. These interfacial improvements facilitate more efficient charge extraction and enhance interfacial stability. As a result, DMPA-based PSCs achieve a PCE of 27.59% (certified PCE of 27.2%) and show remarkable photothermal stability, retaining 94.5% of their initial efficiency after 1600 hours of continuous illumination under 1 Sun at 65 °C.",nature_html,0
MRICombo: a deep-learning-based framework for universal volumetric segmentation grading-staging and malignancy detection across heterogeneous MRI,https://www.nature.com/articles/s41467-026-76461-z,Nature Communications,2026-08-08 00:00:00 UTC,2026-08-08 00:00:00+00:00,10.1038/s41467-026-76461-z,Tao Tan,"Comprehensive magnetic resonance imaging (MRI) analysis in oncology involves multiple interrelated tasks including volumetric segmentation, grading, staging, and malignancy detection. However, most existing deep learning models are task-specific or sequence-specific, lacking the generalizability required for heterogeneous sequences. Here we present MRICombo, a unified multi-expert deep learning framework for universal anatomical delineation and tumor characterization across 9 heterogeneous imaging sequences. Developed using 7,380 MRI sequences from 2,354 individuals, MRICombo achieves state-of-the-art performance with mean Dice similarity coefficients of 0.836 for segmenting 14 critical anatomical structures and 0.625 for labeling 11 major tumor types. It also attains a mean area under the receiver operating characteristic curve (AUROC) of 0.920 for glioma grading, bladder and nasopharyngeal cancer staging, and breast and liver tumor malignancy detection. External validation on four independent datasets (1082 sequences from 734 individuals) and transfer learning evaluation (512 individuals) confirm robust cross-protocol generalizability. Furthermore, MRICombo supports flexible inference with missing sequences and offers decision interpretability through sequence clustering and expert contribution analysis. As a unified clinical solution, MRICombo significantly reduces deployment costs and has the potential to streamline diagnostic workflows, supporting more personalized oncology care.",nature_html,0
Breaking the data scarcity barrier in HVAC fault diagnosis via feature-sample collaborative augmentation,https://www.sciencedirect.com/science/article/pii/S0306261926012638?dgcid=rss_sd_all,ScienceDirect Publication: Applied Energy,2026-08-08 00:00:00 UTC,2026-08-08 00:00:00+00:00,,Afshin Afshari,,,0
Stratospheric impacts on Eurasian soil moisture on subseasonal timescales,https://www.nature.com/articles/s41467-026-75786-z,Nature Communications,2026-08-08 00:00:00 UTC,2026-08-08 00:00:00+00:00,10.1038/s41467-026-75786-z,Suvarna Fadnavis,"Sudden stratospheric warming (SSW) events and soil moisture are both key sources of subseasonal-to-seasonal predictability, raising the possibility that SSWs could enhance hydroclimate predictability through soil moisture. Yet this connection remains largely unexplored. Here we show that SSWs induce a robust dipolar soil moisture response across Eurasia, with wetter conditions over the Iberian Peninsula and pronounced drying from the Iranian Plateau to northern India during the two months following SSWs. These responses occur in both surface and root-zone soil moisture and are consistently captured by reanalysis, land surface model simulations, and satellite observations. Enhanced precipitation drives the wet anomalies over Iberia, whereas anomalous near-surface warming drives drying from the Iranian Plateau to northern India. Our findings identify a previously underrecognized pathway linking stratospheric variability to subseasonal Eurasian hydroclimate predictability.",nature_html,0
