title,link,source,published_str,pub_date,doi,last_author,abstract,abstract_source,must_have_abstract
Acetylene Semi‐Hydrogenation by Photocatalysis,https://onlinelibrary.wiley.com/doi/10.1002/anie.5613575?af=R,Wiley: Angewandte Chemie International Edition: Table of Contents,2026-08-16 16:25:57 UTC,2026-08-16 16:25:57+00:00,10.1002/anie.5613575,Luka Đorđević,"ABSTRACT
                  Acetylene to ethylene semi‐hydrogenation is a cornerstone process in the production of polymer‐grade feedstocks, yet it remains dominated by energy‐intensive noble metal‐based thermocatalysis. Photocatalysis is now emerging as a compelling alternative, using light to generate reactive intermediates under mild conditions and replacing hydrogen gas with safer proton sources such as water or alcohols. Although still in its infancy, this field is rapidly evolving, with a growing number of studies already achieving remarkable performances in both selectivity and efficiency. This Minireview provides an overview of photocatalytic acetylene semi‐hydrogenation, framing recent advances within a broader industrial context. Emphasis is placed on mechanistic understanding, comparing π‐complex, hydrogen atom transfer (HAT), and concerted proton‐coupled electron transfer (CPET) pathways alongside the experimental tools used to distinguish them. Recent developments in both homogeneous and heterogeneous catalytic systems are discussed and key challenges related to efficiency, scalability, and techno‐economic viability are presented, outlining design principles for next‐generation, earth‐abundant photocatalysts, and identifying opportunities for the transition from impurity removal to direct acetylene valorization.",crossref,0
“Armor Polymerization” Unlocks Polymer Electrolytes With Simultaneous Rapid Li+ Conduction and High Solidification,https://onlinelibrary.wiley.com/doi/10.1002/anie.4583501?af=R,Wiley: Angewandte Chemie International Edition: Table of Contents,2026-08-16 16:27:29 UTC,2026-08-16 16:27:29+00:00,10.1002/anie.4583501,Yun Zheng,"ABSTRACT
                  
                    Polymer electrolytes offer significant promise for high‐performance quasi‐solid‐state batteries due to their simple processing and excellent electrode compatibility. Nevertheless, they are intrinsically constrained by a critical compromise: while mobile solvents enable higher ionic conductivity (
                    σ
                    ), these solvents inherently weaken solidification and therefore undermine intrinsic safety. Herein, we propose an innovative “armor polymerization” strategy to simultaneously achieve rapid Li conduction and robust solidification. Employing a functionalized ionic covalent organic framework (iCOF) as structural “armor” for in situ polymerization, our strategy creates hierarchical, low‐energy‐barrier ion‑transport pathways with weakened Li
                    +
                    ‐polymer interactions, while immobilizing solvent molecules via hydrogen‑bond networks. The resulting electrolyte exhibits a
                    σ
                    of 7.6 × 10
                    −4
                    S cm
                    −1
                    at 25°C, an elevated Li
                    +
                    transference number (
                    t
                    Li+
                    ) of 0.66, and solid‑state characteristics with high solidification. Remarkably, Li||LiFePO
                    4
                    cells deliver a long cycling life with a high‐capacity retention of 92.2% and a nearly 100% Coulombic efficiency after 1500 cycles at 1C, as well as a 83.8% capacity retention after 2200 cycles at 2C. Furthermore, Li||NCM523 maintains an extremely high‐capacity retention of 99.7% after 210 cycles at 0.5C. This strategy provides a novel pathway for designing high‐performance, safe quasi‐solid‐state batteries through advanced electrolyte engineering.",crossref,0
Toward Robust Anion‐Derived Interphases: A Novel Ternary‐Solvent Electrolyte for High‐Voltage Fast‐Charging Sodium Batteries,https://onlinelibrary.wiley.com/doi/10.1002/anie.3464448?af=R,Wiley: Angewandte Chemie International Edition: Table of Contents,2026-08-16 16:28:12 UTC,2026-08-16 16:28:12+00:00,10.1002/anie.3464448,Xinming Fan,"ABSTRACT
                  
                    Conventional carbonate electrolytes suffer from severe oxidative decomposition and unstable interphases for NaNi
                    1/3
                    Fe
                    1/3
                    Mn
                    1/3
                    O
                    2
                    (NaNFM) cathode under high‐voltage and fast‐charging condition. Herein, an anion‐derived interphase strategy is designed via synergistic solvation structure regulation utilizing sulfolane (SL), dimethyl carbonate (DMC), and ethoxy(pentafluoro)cyclotriphosphazene (PFPN) solvents. In the novel electrolyte (denoted as SDP), SL competitively coordinates with Na
                    +
                    to suppress DMC oxidation, while PFPN acts as a free co‐solvent for interphase stability. Critically, the synergistic interactions promote anion (PF
                    6
                    −
                    ) entry into the primary solvation sheath, inducing preferential decomposition of anion and solvents to form an inorganic, anion‐rich cathode–electrolyte interphase (CEI) with high mechanical modulus (19.967 GPa) and uniform thickness (∼7 nm). Consequently, SDP delivers favorable cycling stability (85.72% capacity retention after 300 cycles at 3 C, 2–4.1 V), high initial coulombic efficiency (92.03%), and superior rate capacity (57.83 mAh g
                    −1
                    at 20 C). Furthermore, SDP effectively mitigates particle cracking, transition metals dissolution, and gas evolution (H
                    2
                    and CO
                    2
                    ), while demonstrating broad compatibility with various layered oxide and polyanionic cathode materials. This work provides a rational electrolyte design strategy to construct a stable anion‐derived CEI by manipulating the electrolyte structure of anion and solvents.",crossref,0
A Modular Synthesis of C5‐Sulfenyl Thiazoles via an Intermolecular Pummerer Rearrangement: An Underexplored Scaffold for Medicinal Chemistry,https://onlinelibrary.wiley.com/doi/10.1002/anie.8444671?af=R,Wiley: Angewandte Chemie International Edition: Table of Contents,2026-08-16 16:30:41 UTC,2026-08-16 16:30:41+00:00,10.1002/anie.8444671,Storm Hassell‐Hart,"ABSTRACT
                  
                    The introduction of sulfur substituents to heterocyclic cores in fragments and drugs is hugely advantageous, improving key pharmacokinetic properties, providing additional vectors for synthetic elaboration, and potentially enhancing binding affinities. Despite this potential and their prevalence in drug discovery, sulfur‐substituted thiazole scaffolds remain largely underexplored due to synthetic challenges in their preparation. To overcome the limitations in accessing these motifs, we report a mild, modular strategy for assembling C5‐sulfenyl thiazoles from
                    β
                    ‐keto sulfoxides via an intermolecular Pummerer rearrangement. This methodology displays an excellent functional group tolerance, furnishing 50 diverse thiazole scaffolds derived from both thioamides and thioureas. The synthetic and medicinal impact of this methodology is showcased in the preparation and evaluation of thioether, sulfoxide and sulfone analogues of the blockbuster β3‐adrenoceptor agonist mirabegron. Comparison of key pharmacokinetic properties revealed improved cell permeability, metabolic stability, lipophilicity and plasma protein binding without unduly affecting biological affinity relative to the parent drug.",crossref,0
Author Correction: Electrostatic regulation of solvation chemistry enables ampere-hour-scale high-energy lithium metal batteries,https://www.nature.com/articles/s41565-026-02277-z,Nature Nanotechnology,2026-08-17 00:00:00 UTC,2026-08-17 00:00:00+00:00,10.1038/s41565-026-02277-z,Xiulin Fan,,,0
Global geopolitical risk and energy poverty: New evidence from cross-country data,https://www.sciencedirect.com/science/article/pii/S0301421526004829?dgcid=rss_sd_all,ScienceDirect Publication: Energy Policy,2026-08-17 00:00:00 UTC,2026-08-17 00:00:00+00:00,,Amin Ullah Khan,,,0
A zero-degradation elastocaloric cooling device using fatigue-resistant refrigerant,https://www.cell.com/joule/fulltext/S2542-4351(26)00311-9?rss=yes,Joule,2026-08-17 00:00:00 UTC,2026-08-17 00:00:00+00:00,10.1016/j.joule.2026.102627,Qingping Sun,"A fatigue-resistant shape memory alloy was integrated into a carefully engineered elastocaloric device with high mechanical reliability. The device delivered 400 watts of cooling power and a 41 Kelvin temperature span over one million operation cycles, highlighting a promising route toward durable solid-state cooling.",rss_cell,0
AI-driven smart home appliance optimization: A systematic review,https://www.sciencedirect.com/science/article/pii/S0306261926013218?dgcid=rss_sd_all,ScienceDirect Publication: Applied Energy,2026-08-17 00:00:00 UTC,2026-08-17 00:00:00+00:00,,Enver Ever,,,0
"Delivering building demand flexibility for grid-interactive operation: from perception and cognition to decision, execution, and verification",https://www.sciencedirect.com/science/article/pii/S0306261926013243?dgcid=rss_sd_all,ScienceDirect Publication: Applied Energy,2026-08-17 00:00:00 UTC,2026-08-17 00:00:00+00:00,,Wei Luo,,,0
Recent advances in photocatalytic fragmentation and upgradation of lignin to high-value products using engineered metal sulphide photocatalysts,https://www.sciencedirect.com/science/article/pii/S030626192601175X?dgcid=rss_sd_all,ScienceDirect Publication: Applied Energy,2026-08-17 00:00:00 UTC,2026-08-17 00:00:00+00:00,,Xianfeng Fan,,,0
Energy storage under extreme conditions: challenges and strategies for MXene-based supercapacitors,https://www.sciencedirect.com/science/article/pii/S0306261926013334?dgcid=rss_sd_all,ScienceDirect Publication: Applied Energy,2026-08-17 00:00:00 UTC,2026-08-17 00:00:00+00:00,,Jianqiao Liu,,,0
Robust design of multi-energy systems accounting for mixed-integer operational problems,https://www.sciencedirect.com/science/article/pii/S0306261926013401?dgcid=rss_sd_all,ScienceDirect Publication: Applied Energy,2026-08-17 00:00:00 UTC,2026-08-17 00:00:00+00:00,,Manuel Dahmen,,,0
Physical-economic-health coordination for hydrogen-electrified ship power systems: A triple-layer unified framework,https://www.sciencedirect.com/science/article/pii/S0306261926013280?dgcid=rss_sd_all,ScienceDirect Publication: Applied Energy,2026-08-17 00:00:00 UTC,2026-08-17 00:00:00+00:00,,Pei Shen,,,0
Climate-responsive roof cooling strategies for low-energy carbon-neutral buildings: A nationwide comparative assessment of radiative sky cooling and green roofs,https://www.sciencedirect.com/science/article/pii/S0306261926013516?dgcid=rss_sd_all,ScienceDirect Publication: Applied Energy,2026-08-17 00:00:00 UTC,2026-08-17 00:00:00+00:00,,Wenchao Shi,,,0
Hydrogen-driven co-optimization of production and energy systems for low-carbon steel industrial parks,https://www.sciencedirect.com/science/article/pii/S0306261926013437?dgcid=rss_sd_all,ScienceDirect Publication: Applied Energy,2026-08-17 00:00:00 UTC,2026-08-17 00:00:00+00:00,,Shiqi Liu,,,0
Co-optimization of storage service scheduling and bidding strategies for community-shared energy storage: a distributionally robust bi-level model,https://www.sciencedirect.com/science/article/pii/S0306261926012614?dgcid=rss_sd_all,ScienceDirect Publication: Applied Energy,2026-08-17 00:00:00 UTC,2026-08-17 00:00:00+00:00,,Yashuai Li,,,0
Real-time implementation of a synergistic HEMS framework: Integrating meta-heuristic demand side management and CVR-based voltage control for enhanced residential energy efficiency,https://www.sciencedirect.com/science/article/pii/S0306261926013152?dgcid=rss_sd_all,ScienceDirect Publication: Applied Energy,2026-08-17 00:00:00 UTC,2026-08-17 00:00:00+00:00,,Metin Tüysüz,,,0
A protein–foldamer supramolecular synthon for self-assembled hybrid architectures,https://www.nature.com/articles/s41557-026-02222-6,Nature Chemistry,2026-08-17 00:00:00 UTC,2026-08-17 00:00:00+00:00,10.1038/s41557-026-02222-6,Ivan Huc,"Constructing artificial assemblies that combine proteins and synthetic ligands has been hampered by the lack of protein–ligand interfaces that are sufficiently large and organized to enable precise structural control. Here ribosome display selection is used to identify a protein that binds a helical aromatic foldamer both tightly and selectively through a sizeable surface area. We used this complex as a supramolecular synthon to create well-defined hybrid foldamer–protein architectures. Examples include foldamers that bind two proteins and hold them at a precise distance, proteins that bind two foldamers and crystals in which proteins and foldamers are connected in cyclic or infinite arrays. The modularity of aromatic foldamers brings a further dimension to protein-based assemblies.",nature_html,0
In-operando detection of lithium plating during fast charging via anode dynamic electrochemical impedance spectroscopy in lithium-ion batteries,https://www.sciencedirect.com/science/article/pii/S0306261926013085?dgcid=rss_sd_all,ScienceDirect Publication: Applied Energy,2026-08-17 00:00:00 UTC,2026-08-17 00:00:00+00:00,,Xuebing Han,,,0
Frequency-coordinated conditional diffusion model for extreme-value-aware wind power forecasting,https://www.sciencedirect.com/science/article/pii/S0306261926012535?dgcid=rss_sd_all,ScienceDirect Publication: Applied Energy,2026-08-17 00:00:00 UTC,2026-08-17 00:00:00+00:00,,Zhuoxian Dai,,,0
Dual-stream time-frequency multi-task learning for weak disturbance event identification and localisation in power distribution networks,https://www.sciencedirect.com/science/article/pii/S0306261926012705?dgcid=rss_sd_all,ScienceDirect Publication: Applied Energy,2026-08-17 00:00:00 UTC,2026-08-17 00:00:00+00:00,,Chandima Ekanayake,,,0
"Influence of linear, mixed-integer linear, piecewise-linear, and nonlinear thermal power flow models on district heating network design",https://www.sciencedirect.com/science/article/pii/S0306261926012341?dgcid=rss_sd_all,ScienceDirect Publication: Applied Energy,2026-08-17 00:00:00 UTC,2026-08-17 00:00:00+00:00,,Hartmut Spliethoff,,,0
Future role of heavy-duty fuel cell vehicles in the decarbonization of the freight transport,https://www.sciencedirect.com/science/article/pii/S0306261926012882?dgcid=rss_sd_all,ScienceDirect Publication: Applied Energy,2026-08-17 00:00:00 UTC,2026-08-17 00:00:00+00:00,,I. Nidaguila,,,0
Evaluating isothermal degradation error in lithium-ion batteries under WLTP drive cycles,https://www.sciencedirect.com/science/article/pii/S0306261926012791?dgcid=rss_sd_all,ScienceDirect Publication: Applied Energy,2026-08-17 00:00:00 UTC,2026-08-17 00:00:00+00:00,,Theodore Azemtsop Manfo,,,0
Lifecycle assessment and optimization of integrated blue-green hydrogen production and liquefaction with reforming-electrolysis coupling,https://www.sciencedirect.com/science/article/pii/S0306261926013255?dgcid=rss_sd_all,ScienceDirect Publication: Applied Energy,2026-08-17 00:00:00 UTC,2026-08-17 00:00:00+00:00,,Jingxuan Xu,,,0
Techno-economic optimization of reversible solid oxide cell systems under price fluctuations considering multi-period dynamics and physical and chemical degradation,https://www.sciencedirect.com/science/article/pii/S0306261926012808?dgcid=rss_sd_all,ScienceDirect Publication: Applied Energy,2026-08-17 00:00:00 UTC,2026-08-17 00:00:00+00:00,,Debangsu Bhattacharyya,,,0
Health and nutrition returns to clean cooking fuel access across the rural-urban divide,https://www.sciencedirect.com/science/article/pii/S0301421526004854?dgcid=rss_sd_all,ScienceDirect Publication: Energy Policy,2026-08-17 00:00:00 UTC,2026-08-17 00:00:00+00:00,,Camille Massié Gamard,,,0
A bi-level resilience-oriented planning framework for hydrogen-integrated multi-energy systems under extreme events,https://www.sciencedirect.com/science/article/pii/S0306261926013279?dgcid=rss_sd_all,ScienceDirect Publication: Applied Energy,2026-08-17 00:00:00 UTC,2026-08-17 00:00:00+00:00,,Zixuan Liu,,,0
Rapid consumption of H2 in the deep subsurface,https://academic.oup.com/nsr/advance-article/doi/10.1093/nsr/nwag496/8762552?rss=1,National Science Review Advance Access,2026-08-17 00:00:00 UTC,2026-08-17 00:00:00+00:00,10.1093/nsr/nwag496,Huiming Bao,"Subsurface natural hydrogen is an emerging clean energy resource, but its origins, loss mechanisms, and cycling timescales, particularly at greater depths, remain poorly constrained. Here, we report large disequilibrium in the clumped isotopes of H2 (2H2H) and hydrogen isotope fractionation between water and H2, measured in gas samples (containing 0.10–1.59% H2) collected from deep (3000–7,000 m) wells in the central Sichuan Basin. Because molecular hydrogen can equilibrate isotopes rapidly in the presence of water, such large disequilibrium indicates active kinetically controlled production and/or consumption. Analyses of geological and chemical evidence demonstrate that isotopic disequilibrium is driven by consumption by chemical reactions in host rocks coupled with partial hydrogen exchange with co-existing water. The results imply that measured compositions do not preserve the information on original sources and processes. More broadly, the dynamic cycling of hydrogen renders sediment-hosted deep gas reservoirs unfavorable for long-term or large-scale accumulation of natural hydrogen.",rss_oup,0
Public funding for bus system decarbonization accounting for technological uncertainty and depot infrastructure upgrades,https://www.sciencedirect.com/science/article/pii/S0301421526004751?dgcid=rss_sd_all,ScienceDirect Publication: Energy Policy,2026-08-17 00:00:00 UTC,2026-08-17 00:00:00+00:00,,Giorgio Matteucci,,,0
Mid-infrared vision sensor based on Suspended Perovskite Oxides Down to Nanometer Scale,https://academic.oup.com/nsr/advance-article/doi/10.1093/nsr/nwag499/8762556?rss=1,National Science Review Advance Access,2026-08-17 00:00:00 UTC,2026-08-17 00:00:00+00:00,10.1093/nsr/nwag499,Shenghuang Lin,"Intelligent mid-infrared (MIR) imaging integrates in-sensor preprocessing of thermal information, thereby reducing data redundancy and improving target-recognition robustness under low-visibility conditions. However, unlike in the visible regime, photoconductive programmability in the MIR typically relies on narrow-bandgap materials, which inherently limit stable and reconfigurable operation. Here, we report a programmable photothermoelectric (PTE) detector based on a suspended nanometer-thick SrTiO3 membrane. Dimensional scaling of the thermoelectric channel enhances sensitivity and enables a response time of ∼10 μs, over 104 times faster than bulk SrTiO3. Through dual-gate electrostatic modulation of the Seebeck profile, the device exhibits bidirectionally tunable photothermoelectric responsivity up to 50 V W−1 and supports 40 experimentally observed programmable response states. By leveraging a 3 × 3 programmable device array with device-to-device consistent gate-programmable photoresponse and reproducible polarity switching, a recognition accuracy of 83% is achieved under visually degraded conditions. Furthermore, the programmable array enables attention-guided thermal image weighting by enhancing target thermal signatures while suppressing background interference. These results demonstrate the dimensional scaling of perovskite oxides as an effective route toward adaptive, low-power machine vision and neuromorphic infrared electronics.",rss_oup,0
High-spin active center enables magnetic-field-enhanced photocatalytic overall water splitting,https://academic.oup.com/nsr/advance-article/doi/10.1093/nsr/nwag495/8762568?rss=1,National Science Review Advance Access,2026-08-17 00:00:00 UTC,2026-08-17 00:00:00+00:00,10.1093/nsr/nwag495,Jinlong Gong,"Photocatalytic reaction efficiency is governed by the spin states of active center and reaction intermediates, as it allows selective formation of desired products through spin-dependent reaction pathways. As a representative process, photocatalytic overall water splitting remains limited by water oxidation reaction, where spin-dependent formation of triplet-state O2 is thermodynamically and kinetically unfavorable. This work describes an atom-specific spin modulation strategy by selectively substituting tetrahedral Co2+ with Ni2+ in spinel Co3O4 to form NiCo2O4, which reconstructs the local coordination environment and charge distribution of octahedral Co3+, constructing a high-spin configuration with increased eg occupancy. Under the constraint of external magnetic field, high-spin Co3+ atom generates aligned parallel ·OH radicals, favoring the formation of triplet-state O2 while suppressing singlet byproducts. Meanwhile, the enhanced eg occupancy weakens the adsorption of oxygenated intermediates, lowering the Gibbs free energy barrier of the rate-determining step and accelerating water oxidation. Hence, the NiCo2O4/BiVO4 photocatalyst achieves a water oxidation rate of 148.5 ± 3.7 μmol h−1, which is 5.6 times higher than the pristine BiVO4. Furthermore, it enables near-stoichiometric overall water splitting with a solar-to-hydrogen efficiency of up to 0.309 ± 0.003%. This work underscores the importance of atom-specific spin state regulation to promote spin-polarization-dependent photocatalytic water splitting.",rss_oup,0
Unraveling the potential of urban greenery for extreme heat and ozone mitigation in Northern Hemisphere cities,https://academic.oup.com/nsr/advance-article/doi/10.1093/nsr/nwag494/8762571?rss=1,National Science Review Advance Access,2026-08-17 00:00:00 UTC,2026-08-17 00:00:00+00:00,10.1093/nsr/nwag494,Aijun Ding,"Escalating exposure to extreme heat and ozone (O3) pollution has emerged as a principal challenge for cities worldwide. While urban greening is widely advocated for mitigating extreme heat, its impacts on compound heat-O3 pollution remain poorly understood due to intricate urban meteorology-chemistry coupling. By integrating observations, reanalysis data, and urban-land-atmosphere modelling, we demonstrate that urban greenery provides a notable yet uneven cooling effect of − 0.26 to − 1.08 °C in Northern Hemisphere’s metropolises, shaped by greenery fractions and local climate. Furthermore, the nonlinearly weakened O3 photochemical production within a greenery-stabilized urban boundary layer is capable of decreasing O3 in populated city centers. Despite the dual positive effects in alleviating heat and O3 exposures meteorologically, greenery-boosted biogenic emissions could chemically raise urban O3 by over 7.6 µg/m3 via supplementing precursors. These findings underscore the need to incorporate fully coupled urban meteorology–chemistry interactions in urban greening strategies to achieve climatic and environmental co-benefits.",rss_oup,0
Revealing the kinetics characteristics of low-temperature electrocatalytic ammonia oxidation reaction,https://academic.oup.com/nsr/advance-article/doi/10.1093/nsr/nwag493/8762572?rss=1,National Science Review Advance Access,2026-08-17 00:00:00 UTC,2026-08-17 00:00:00+00:00,10.1093/nsr/nwag493,Kui Jiao,"Electrocatalytic ammonia oxidation reaction (AOR) serves as a critical pathway for the direct utilization of ammonia energy at low-temperature. However, its reaction kinetic mechanism is complicated, and quantitative characterization under multiple operating conditions remains insufficient. In this study, electrochemical tests combined with in situ surface-enhanced Raman spectroscopy (SERS) are first conducted to investigate the variation laws of AOR process and kinetic characteristics under multiple operating conditions. An extra nitrogen redox cycle pathway, distinct from the Gerischer-Mauerer mechanism, is identified during the PtIr-catalyzed AOR process, in which the intermediate N3− strongly adsorbs onto Pt, occupying active sites and thereby reducing the AOR rate. Key kinetic parameters including exchange current density and transfer coefficient, are derived from the comprehensive experimental data to elucidate their evolutionary trends under complex operating conditions. Furthermore, the functional relationship between onset potential, exchange current density, and operating parameters is analyzed, enabling the prediction of key kinetic parameters under specific operating condition, which could provide important theoretical support for understanding and improving the devices involving AOR such as direct ammonia fuel cell and ammonia electrolysis cell.",rss_oup,0
Why AI systems are most useful as designers of new scientific tools,https://www.nature.com/articles/d41586-026-02529-x,Nature,2026-08-17 00:00:00 UTC,2026-08-17 00:00:00+00:00,10.1038/d41586-026-02529-x,James Evans,,,0
First-of-its-kind narcolepsy drug opens door to new therapies for the brain,https://www.nature.com/articles/d41586-026-02552-y,Nature,2026-08-17 00:00:00 UTC,2026-08-17 00:00:00+00:00,10.1038/d41586-026-02552-y,Amanda Heidt,,,0
Universities must stop protecting bullies — or more people will leave science,https://www.nature.com/articles/d41586-026-02526-0,Nature,2026-08-17 00:00:00 UTC,2026-08-17 00:00:00+00:00,10.1038/d41586-026-02526-0,Morteza Mahmoudi,,,0
Anthropogenic climate change is causing stronger and more extreme western pacific subtropical high,https://academic.oup.com/nsr/advance-article/doi/10.1093/nsr/nwag497/8762567?rss=1,National Science Review Advance Access,2026-08-17 00:00:00 UTC,2026-08-17 00:00:00+00:00,10.1093/nsr/nwag497,Banglin Zhang,"The western Pacific subtropical high (WPSH) is a crucial system controlling weather anomalies in East Asia. Early studies defined the WPSH using either thermodynamic or dynamic metrics, but these metrics yield inconsistent trends and coverages in WPSH under anthropogenic warming. Subsequently, consensus on the response of WPSH to climate change has not been reached. Here, we investigate the response of WPSH to past and future climate change by developing a novel WPSH definition based on thermodynamic-dynamic synergy, which provides higher trend consistency of WPSH and better spatiotemporal agreement with weather anomalies. Our results reveal robust increases in WPSH area (0.25∼1.03 × 105 km2/decade) and intensity (0.35∼1.98 × 105 km2·gpm/decade), as well as northwestward extension of WPSH boundary (-0.18∼-0.32 °E/decade), under a warmer climate, which are consistent across datasets and supported by a strong inter-model consensus. Particularly, climate models project an increased likelihood of record-breaking WPSH events on both seasonal and synoptic scales, with stronger intensity, longer durations, and higher occurrences under higher-emission scenarios. The findings indicate an increasing exposure of human societies to intense monsoon rainfall and heatwave risks associated with WPSH beyond historical records.",rss_oup,0
Direct HAT: a complementary paradigm for activating α-silyl alcohols in enantioconvergent radical-relay coupling,https://academic.oup.com/nsr/advance-article/doi/10.1093/nsr/nwag498/8762553?rss=1,National Science Review Advance Access,2026-08-17 00:00:00 UTC,2026-08-17 00:00:00+00:00,10.1093/nsr/nwag498,Xiao Shen,"The direct HAT activation of alcohols for alkoxy radical generation is impeded by high O–H bond strengths, and prevailing photochemical methods are limited by substrate redox potentials or metal-dependent activation requirements. Herein, we introduce a complementary paradigm leveraging the β-silicon effect in α-silyl alcohols to weaken the O–H bond, enabling its redox-neutral, photoinduced homolysis via thioxanthone. Subsequently, the generated alkoxy radicals undergo facile Brook rearrangement to produce carbon radicals, which are intercepted by a nickel catalyst in enantioconvergent cross-couplings with acyl chlorides and aryl bromides. This protocol provides diverse chiral acylons and alcohols with high enantioselectivity. It tolerates substrates that are inert under classical SET/PCET conditions and establishes direct HAT as a versatile platform for alkoxy radical chemistry of α-silyl alcohols.",rss_oup,0
Too hot to sleep? How heatwaves at night affect our health,https://www.nature.com/articles/d41586-026-02532-2,Nature,2026-08-17 00:00:00 UTC,2026-08-17 00:00:00+00:00,10.1038/d41586-026-02532-2,Hui Xu,,,0
Defect passivation and optical management of triple-junction solar cells,https://www.nature.com/articles/s41586-026-11010-8,Nature,2026-08-17 00:00:00 UTC,2026-08-17 00:00:00+00:00,10.1038/s41586-026-11010-8,Yifeng Chen,"Perovskite/perovskite/silicon-based triple-junction solar cells are a promising low-cost route to surpass the Shockley–Queisser efficiency limit of single-junction photovoltaics, but their performance is constrained by non-radiative losses in wide-bandgap perovskites and sub-optimal light management across the multilayer stack1-3. Here, we introduce a passivating molecule, 4F-POEABr, which strongly suppresses surface-defect-mediated recombination of WBG perovskite films. The ammonium attached and electron-deficient structure of 4F-POEABr provides combined chemical and field-effect passivation, enabling a quasi-Fermi-level splitting of 1.53 eV and an open-circuit voltage of 1.413 V in the WBG sub-cell. In parallel, systematic interference management is used to optimize the current density of the current-limited middle sub-cell, yielding a gain of 0.5 mA cm⁻2 via a tailored tin oxide/indium zinc oxide bilayer structure. As a result, the triple-junction devices achieve certified steady-state power conversion efficiencies of 32.22% for a 1.046 cm2 aperture area and 26.97% for a 15.62 cm2 aperture area, with negligible hysteresis. Robust interconnection layers and engineered perovskite interfaces further enhance operational stability and reduce device-to-device variation. This work demonstrates a synergistic strategy for pushing perovskite/silicon triple-junction solar cells toward their theoretical efficiency limits, enabling scalable, high-performance photovoltaic technologies.",nature_html,0
Author Correction: Synthetic vulnerabilities of mesenchymal subpopulations in pancreatic cancer,https://www.nature.com/articles/s41586-026-10995-6,Nature,2026-08-17 00:00:00 UTC,2026-08-17 00:00:00+00:00,10.1038/s41586-026-10995-6,Lynda Chin,,,0
How the story of life and our planet unfolded — together,https://www.nature.com/articles/d41586-026-02530-4,Nature,2026-08-17 00:00:00 UTC,2026-08-17 00:00:00+00:00,10.1038/d41586-026-02530-4,Dianne K. Newman,,,0
Positional isomerisation of pyridine via nitrogen transposition,https://www.nature.com/articles/s41586-026-11006-4,Nature,2026-08-17 00:00:00 UTC,2026-08-17 00:00:00+00:00,10.1038/s41586-026-11006-4,Sungwoo Hong,"Positional isomers of pyridines often display distinct biological activities1,2 yet their direct interconversion remains largely inaccessible, so each isomer is typically prepared through an independent synthesis. Here we report a general strategy for pyridine positional isomerization enabled by controlled reorganization of the heteroaromatic core through sequential nitrogen insertion and deletion. N-atom transposition allows predictable translocation of preinstalled substituents without altering substituent identity. The method is broadly applicable to mono-, di-, and multisubstituted pyridines and operates across structurally complex molecular environments, providing direct access to positional isomers. This work establishes positional isomerization as a practical synthetic transformation, defining pyridine substitution patterns as mutable variables in retrosynthetic design.",nature_html,0
Programmable remodelling of carbon–nitrogen connectivity in amines,https://www.nature.com/articles/s41586-026-11009-1,Nature,2026-08-17 00:00:00 UTC,2026-08-17 00:00:00+00:00,10.1038/s41586-026-11009-1,Matthew J. Gaunt,"Tertiary amines are ubiquitous motifs in biologically active molecules, where they play central roles in molecular recognition and function1,2. Among these, tertiary benzylamines are particularly prominent in discovery chemistry as readily assembled starting points for lead generation from abundant building blocks3,4, with favourable physicochemical and binding properties. However, despite their accessibility, the core C–N connectivity of these frameworks remains effectively locked5,6, confining diversification to benzylamine derivatives and preventing direct access to structurally distinct aryl–alkylamine architectures. Overcoming this limitation requires direct and selective reconfiguration of C–N connectivity within fully elaborated amine scaffolds. Here we show that tertiary benzylamines can be transformed from static scaffolds into programmable platforms for molecular diversification through catalytic remodeling of their C–N bonds7-9. N-alkylation with a bifunctional electrophile generates a quaternary ammonium intermediate that encodes palladium-catalyzed disassembly and reconfiguration of C–N connectivity. This concept is first exemplified through one-carbon homologation of tertiary benzylamines and, more significantly, establishes a general strategy for programmable insertion of modular units—ranging from single carbon atoms to complex molecular fragments, including hydrocarbon chains, heterocycles and aryl groups—directly across the C–N bond on fully elaborated amine scaffolds. This capability opens a route to programmable diversification of amine frameworks, enabling systematic exploration of amine connectivity and molecular architecture.",nature_html,0
Hydration layer mediates near-frictionless sieving of monovalent ions,https://www.nature.com/articles/s41565-026-02245-7,Nature Nanotechnology,2026-08-17 00:00:00 UTC,2026-08-17 00:00:00+00:00,10.1038/s41565-026-02245-7,Zhiyong Tang,"Achieving simultaneous high selectivity and permeability for monovalent cation separation remains challenging due to energy-intensive dehydration requirements in current rigid nanopores. Here we develop a hydration-layer-mediated sieving strategy by anchoring hydrated ions at the pore rim of a covalent organic framework monolayer to form dynamic angstrom-scale hydrapores. Ion transport is regulated via attraction and repulsion between bound and migrating ions, arising from the merging and squeezing of hydration layers, enabling precise discrimination without full dehydration. Under a concentration gradient (∆C = 1 M), the membrane exhibits selectivity of 148 for K+/Li+ and 42 for Na+/Li+ with a K+ permeance of 2 × 104 mol m−2 h−1, three orders of magnitude higher than those of state-of-the-art membranes. A low activation energy of 5.5 kcal mol−1 indicates near-frictionless transport, offering a new paradigm for monovalent cation separation.",nature_html,0
Interface engineering towards high-efficiency perovskite/CIGS tandem solar cells,https://www.nature.com/articles/s41560-026-02124-4,Nature Energy,2026-08-17 00:00:00 UTC,2026-08-17 00:00:00+00:00,10.1038/s41560-026-02124-4,,,,0
Diffusionless mechanisms produce diffusion-like electrochemistry in battery particles,https://www.nature.com/articles/s41560-026-02123-5,Nature Energy,2026-08-17 00:00:00 UTC,2026-08-17 00:00:00+00:00,10.1038/s41560-026-02123-5,,,,0
Economic and behavioural policy coupling has divergent effects on electric vehicle adoption at individual and system scales,https://www.nature.com/articles/s41560-026-02114-6,Nature Energy,2026-08-17 00:00:00 UTC,2026-08-17 00:00:00+00:00,10.1038/s41560-026-02114-6,Ulf J. J. Hahnel,"Policy mixes are key to accelerating low-carbon transitions. Yet, how combined policies impact electric vehicle (EV) adoption decisions and scale up to system-level diffusion remains unclear. Here we combine individual-level and system-level analyses to investigate how a carbon tax and information intervention, implemented individually and in combination, impact individual decision-making and system-wide EV diffusion. Across four countries (Mexico, South Africa, the USA and the UK; N = 1,589), we assessed attention towards EV information in EV choice experiments and integrated decision outcome data into a behavioural agent-based diffusion model (ABM). The policies competed for attention but had additive effects on individual EV adoption choices. When scaled through ABM, these behavioural effects produced sub- or superadditive diffusion outcomes depending on the diffusion stage and national context. Moreover, we endogenously coupled the ABM with policy support data. Our findings illustrate that combining policies can boost policy support relative to a tax alone, translating into sustained diffusion trajectories under different policy review scenarios.",nature_html,0
Muco-infiltrating prodrug coacervates with prolonged colonic retention enhance IBD-associated depression therapy,https://academic.oup.com/nsr/advance-article/doi/10.1093/nsr/nwag487/8762563?rss=1,National Science Review Advance Access,2026-08-17 00:00:00 UTC,2026-08-17 00:00:00+00:00,10.1093/nsr/nwag487,Liming Bian,"Oral delivery of small-molecule drugs to the distal intestine is often hindered by short colonic retention, a key requirement for ensuring sustained colonic drug availability. Herein, we developed a library of minimalist, muco-infiltrating prodrug coacervates by exploiting the interfacial physics of liquid–liquid phase separation (LLPS). By systematically tuning the length of poly(ethylene glycol) (PEG) spacer and the hydrophobicity of drug stickers in PEG–drug conjugates, we precisely modulated the molecular amphiphilicity to generate liquid coacervates with ultralow interfacial tension against water (in vitro. As a proof-of-concept, butyrate coacervate (P6-ButCoa) accumulated in the cecum and colon within 2 hours post-oral administration and persisted for over 18 hours. The prolonged colonic retention time facilitates sustained, enzyme-responsive drug release, which significantly ameliorates dextran sulfate sodium (DSS)-induced colitis and associated depressive behaviors by markedly enhancing drug availability primarily in the colon, with subsequent bioavailability in the brain. These findings demonstrate that leveraging interfacial physics to guide mucus infiltration of coacervates offers a versatile strategy for sustained oral drug delivery to the distal intestine.",rss_oup,0
An aberration-corrected bionic eye for full-colour vision and event-driven motion detection,https://www.nature.com/articles/s41563-026-02685-5,Nature Materials,2026-08-17 00:00:00 UTC,2026-08-17 00:00:00+00:00,10.1038/s41563-026-02685-5,Zhiyong Fan,"Vision sensors are central to machine vision and intelligence. However, conventional planar devices rely on multielement optics and external processors to correct optical aberrations. This approach constrains miniaturization, reduces power efficiency and generally limits the field of view. Curved sensors can provide compact, aberration-corrected imaging, but their resolution has been below practicable levels. Here we present a bioinspired bionic eye system based on a hemispherical tandem artificial retina. This high curvature image sensor achieves a pixel density of 1,905 ppi with 367,500 total pixels, providing full-colour imaging across 300–800 nm and an aberration-corrected field of view exceeding 160°. Furthermore, the tandem design enables in-sensor, event-driven motion detection. Compared with frame-based imaging, this approach reduces the demand for bandwidth by over 99.95% and achieves a motion recognition accuracy of 98.6%. This work addresses the resolution bottleneck of hemispherical sensors and highlights their promise as compact, multifunctional vision applications.",nature_html,0
Regulating transport processes in oxygen evolution catalyst layers for proton exchange membrane water electrolysis,https://www.cell.com/chem/fulltext/S2451-9294(26)00264-0?rss=yes,Chem,2026-08-17 00:00:00 UTC,2026-08-17 00:00:00+00:00,10.1016/j.chempr.2026.103198,Huabin Zhang,"Efficient proton exchange membrane water electrolysis requires more than highly active catalysts. It also depends on effective transport within the anode catalyst layer. This review highlights how catalyst architecture, ionomer engineering, hierarchical pore design, and interface engineering collectively regulate water delivery, oxygen removal, proton conduction, and electron transport, providing design principles for transport-efficient, ultralow-Ir oxygen evolution catalyst layers in acidic water electrolysis for sustainable hydrogen production.",rss_cell,0
"Tuning the reactive species in oxidant activation by single-atom catalysts: Mechanisms, manipulations, and perspectives",https://www.cell.com/chem/fulltext/S2451-9294(26)00258-5?rss=yes,Chem,2026-08-17 00:00:00 UTC,2026-08-17 00:00:00+00:00,10.1016/j.chempr.2026.103192,Gangfeng Ouyang,"This review establishes a process-oriented framework linking single-atom catalyst structure to oxidant adsorption, electron-transfer behavior, intermediate evolution, and reactive-species selectivity. It further summarizes design strategies for selectively generating radicals in advanced oxidation systems.",rss_cell,0
A CLEAN framework of photothermal evaporation-coupled catalysis,https://www.cell.com/chem/fulltext/S2451-9294(26)00254-8?rss=yes,Chem,2026-08-17 00:00:00 UTC,2026-08-17 00:00:00+00:00,10.1016/j.chempr.2026.103188,Shaobin Wang,"In this perspective, we introduce a concept of photothermal evaporation-coupled catalysis (PECC) for simultaneous sunlight-driven water purification and chemical upgrading and propose the cost-effectiveness, life-cycle sustainability, emerging system integration, AI-assisted design, and near-zero compatibility (CLEAN) paradigm to leverage the microscale principles of PECC and macroscale technoeconomic feasibility toward scalable, sustainable solar water-chemical factories.",rss_cell,0
Electronic conductivity of solid electrolytes causes physical self-discharge in all-solid-state batteries,https://www.nature.com/articles/s41560-026-02090-x,Nature Energy,2026-08-17 00:00:00 UTC,2026-08-17 00:00:00+00:00,10.1038/s41560-026-02090-x,Xueliang Sun,"All-solid-state batteries (ASSBs) with inorganic solid-state electrolytes (SSEs) hold vast potential for next-generation electric vehicles (EVs) due to their high energy density and enhanced safety. However, their self-discharge behaviour, a critical factor for EVs, has not been adequately investigated so far. Here we reveal that the electronic conductivity of SSEs, typically in the range of 10−8–10−9 S cm−1, contributes to considerable physical self-discharge in ASSBs, particularly when the SSE thickness is on the order of tens of micrometres. To mitigate this physical self-discharge, the electronic conductivity of SSEs needs to be reduced to approximately 10−12 S cm−1. However, none of the prevalent SSEs meets this threshold. Therefore, reducing physical self-discharge in ASSBs will require the development of SSEs with lower electronic conductivity, alongside rational interface and full-cell designs in future research. This study provides critical insights into the self-discharge phenomenon of ASSBs, which may reshape their future design and development.",nature_html,0
"Correction for Zhou et al., Warming substantially amplifies Antarctic coastal polynyas as key carbon sinks",https://www.pnas.org/doi/abs/10.1073/pnas.2627297123?mi=eymic2&af=R&access=on&content=articlesChapters&publication=pnas&sortBy=Earliest&target=default,Proceedings of the National Academy of Sciences: Keyword search for query,2026-08-17 07:00:00 UTC,2026-08-17 07:00:00+00:00,10.1073/pnas.2627297123,,,,0
"Correction for Chioino et al., Mitofusin-2 in ventral striatal D1 neurons regulates effort-based motivation through sex-specific mitochondrial–synaptic reprogramming",https://www.pnas.org/doi/abs/10.1073/pnas.2627119123?mi=eymic2&af=R&access=on&content=articlesChapters&publication=pnas&sortBy=Earliest&target=default,Proceedings of the National Academy of Sciences: Keyword search for query,2026-08-17 07:00:00 UTC,2026-08-17 07:00:00+00:00,10.1073/pnas.2627119123,,,,0
"Correction for Wang et al., A ligandable PNT domain establishes ERG as a directly targetable oncogenic driver in prostate cancer",https://www.pnas.org/doi/abs/10.1073/pnas.2626818123?mi=eymic2&af=R&access=on&content=articlesChapters&publication=pnas&sortBy=Earliest&target=default,Proceedings of the National Academy of Sciences: Keyword search for query,2026-08-17 07:00:00 UTC,2026-08-17 07:00:00+00:00,10.1073/pnas.2626818123,,,,0
"Correction for Herpe et al., When alternative becomes essential: The role of mitochondrial glycerol-3-phosphate dehydrogenase",https://www.pnas.org/doi/abs/10.1073/pnas.2626815123?mi=eymic2&af=R&access=on&content=articlesChapters&publication=pnas&sortBy=Earliest&target=default,Proceedings of the National Academy of Sciences: Keyword search for query,2026-08-17 07:00:00 UTC,2026-08-17 07:00:00+00:00,10.1073/pnas.2626815123,,,,0
"Correction for Yang et al., Superenhancer drives a tumor-specific splicing variant of MARCO to promote triple-negative breast cancer progression",https://www.pnas.org/doi/abs/10.1073/pnas.2626420123?mi=eymic2&af=R&access=on&content=articlesChapters&publication=pnas&sortBy=Earliest&target=default,Proceedings of the National Academy of Sciences: Keyword search for query,2026-08-17 07:00:00 UTC,2026-08-17 07:00:00+00:00,10.1073/pnas.2626420123,,,,0
"Correction for Brown et al., Deuterated water and the formation of the satellites of Uranus",https://www.pnas.org/doi/abs/10.1073/pnas.2625637123?mi=eymic2&af=R&access=on&content=articlesChapters&publication=pnas&sortBy=Earliest&target=default,Proceedings of the National Academy of Sciences: Keyword search for query,2026-08-17 07:00:00 UTC,2026-08-17 07:00:00+00:00,10.1073/pnas.2625637123,,,,0
The free-rider detection problem: How groups balance fairness and cooperation,https://www.pnas.org/doi/abs/10.1073/pnas.2622914123?mi=eymic2&af=R&access=on&content=articlesChapters&publication=pnas&sortBy=Earliest&target=default,Proceedings of the National Academy of Sciences: Keyword search for query,2026-08-17 07:00:00 UTC,2026-08-17 07:00:00+00:00,10.1073/pnas.2622914123,Jörg Gross,,,0
The transgenerational toll of maternal spaceflight,https://www.pnas.org/doi/abs/10.1073/pnas.2621879123?mi=eymic2&af=R&access=on&content=articlesChapters&publication=pnas&sortBy=Earliest&target=default,Proceedings of the National Academy of Sciences: Keyword search for query,2026-08-17 07:00:00 UTC,2026-08-17 07:00:00+00:00,10.1073/pnas.2621879123,Gregory W. Burns,,,0
Random repeats open a route into folded protein space,https://www.pnas.org/doi/abs/10.1073/pnas.2620768123?mi=eymic2&af=R&access=on&content=articlesChapters&publication=pnas&sortBy=Earliest&target=default,Proceedings of the National Academy of Sciences: Keyword search for query,2026-08-17 07:00:00 UTC,2026-08-17 07:00:00+00:00,10.1073/pnas.2620768123,James W. Murray,,,0
Reply to Regon and Charuvi: Evidence supporting a nuclear chromatin-associated role of BpELIP1 in BpFLC regulation,https://www.pnas.org/doi/abs/10.1073/pnas.2617958123?mi=eymic2&af=R&access=on&content=articlesChapters&publication=pnas&sortBy=Earliest&target=default,Proceedings of the National Academy of Sciences: Keyword search for query,2026-08-17 07:00:00 UTC,2026-08-17 07:00:00+00:00,10.1073/pnas.2617958123,Guanzheng Qu,,,0
"Direct dating of 3.5 Ga biogenic carbon in a microbial mat remnant, Singhbhum Craton, India",https://www.pnas.org/doi/abs/10.1073/pnas.2617912123?mi=eymic2&af=R&access=on&content=articlesChapters&publication=pnas&sortBy=Earliest&target=default,Proceedings of the National Academy of Sciences: Keyword search for query,2026-08-17 07:00:00 UTC,2026-08-17 07:00:00+00:00,10.1073/pnas.2617912123,Stefan V. Lalonde,"Zircons interpreted to be of syn-volcanic origin recovered from the lower greenschist “black and white banded” Bhitardari chert, Eastern Iron Ore greenstone belt, Singhbhum craton, India, yield a
                    207
                    Pb/
                    206
                    Pb zircon age of 3497 ± 5 Ma (
                    n
                    = 4; MSWD = 1.2). This chert contains abundant carbonaceous matter (CM) that occurs in two textural modes: 1) ultrafine laminae distributed within the matrix and 2) graphite flakes in late quartz veins. Bulk δ
                    13
                    C
                    CM
                    of both modes in the Bhitardari chert yield a value of −30.9‰, which we interpret as reflecting a biogenic origin. This represents the documentation of a directly dated, CM-bearing, Paleoarchean rock with δ
                    13
                    C
                    CM
                    diagnostic of biologic activity. The observed isotopic compositions are consistent with the rise of relatively sophisticated metabolic mechanisms (e.g., Calvin cycle) by 3.5 Ga.",crossref,0
Association between precentral gyrus morphology and modality-specific intentional communication in chimpanzees (Pan troglodytes),https://www.pnas.org/doi/abs/10.1073/pnas.2419514123?mi=eymic2&af=R&access=on&content=articlesChapters&publication=pnas&sortBy=Earliest&target=default,Proceedings of the National Academy of Sciences: Keyword search for query,2026-08-17 07:00:00 UTC,2026-08-17 07:00:00+00:00,10.1073/pnas.2419514123,William D. Hopkins,"The precentral gyrus (preCG) is morphologically defined posteriorly by the central sulcus (CS) and anteriorly by the superior and inferior precentral sulci (preCS). Stimulation of the preCG along the dorsal–ventral plane elicits motor activation across the body in a topographic manner. In this study, we used postimage analyses to characterize the shape of the CS and preCS in a sample of 278 magnetic resonance image scans of chimpanzees. Using these data, we initially described the six most prominent preCG shapes variants, their asymmetries, and heritability. We also tested for their association with selective use of attention-getting communicative behaviors produced in the vocal and manual modalities. Associations were observed between preCG variants and vocal, but not manual, communication. Vocal communication was significantly associated with the inferior preCG shape in the left hemisphere. In contrast, no association was found in CS variants. We also found modest heritability in three of the preCG shape patterns but no significant genetic correlation with vocal intentional communication. Our results suggest that better selective use of a vocal attention-getting sound used for intentional communication is associated with a unique morphological landmark within the inferior preCG.",crossref,0
Exploiting the CXCR3/CXCL10 axis overrides tumor immune suppression by enhancing immune trafficking and effector cell priming in HNSCC,https://www.pnas.org/doi/abs/10.1073/pnas.2522360123?mi=eymic2&af=R&access=on&content=articlesChapters&publication=pnas&sortBy=Earliest&target=default,Proceedings of the National Academy of Sciences: Keyword search for query,2026-08-17 07:00:00 UTC,2026-08-17 07:00:00+00:00,10.1073/pnas.2522360123,Tracy M. Handel,"Immune-suppressive tumor microenvironments (TMEs) limit the impact of checkpoint blockade in many cancers by restricting the infiltration and activation of CD8
                    +
                    T, CD4
                    +
                    T, and NK cells. Utilizing murine models of head and neck squamous cell carcinoma, we demonstrated that intratumoral (IT) delivery of CXCL10 drives tumor elimination and inhibits recurrence not only by recruiting these cells but by enhancing their antitumoral functions and stunting angiogenesis. CD8
                    +
                    T cells also display enhanced activation, tumor-antigen specificity, and decreased T cell exhaustion. Despite administration of CXCL10 into tumors, CD8
                    +
                    and CD4
                    +
                    T cells show enhanced presence and proliferation in tumor-draining lymph nodes (TdLNs), consistent with T cell priming and trafficking between tumors and TdLNs. Together, the data suggest that CXCL10 promotes a mutually reinforcing feedback loop that reprograms the TME toward an immunologically responsive antitumoral state. Combining IT-CXCL10 and anti-PD-1 further increased tumor clearance, indicating that CXCL10-driven reprogramming of the TME lowers barriers to effective checkpoint blockade.",crossref,0
Chronic psychosocial stress: A primary driver of sleep apnea onset in rats and humans,https://www.pnas.org/doi/abs/10.1073/pnas.2527702123?mi=eymic2&af=R&access=on&content=articlesChapters&publication=pnas&sortBy=Earliest&target=default,Proceedings of the National Academy of Sciences: Keyword search for query,2026-08-17 07:00:00 UTC,2026-08-17 07:00:00+00:00,10.1073/pnas.2527702123,Richard Kinkead,"Poor sleep quality and chronic psychosocial stress are interrelated risk factors for hypertension, metabolic disease, and neuropsychiatric disorders. Sleep apnea (SA) is a respiratory disorder that disrupts sleep, affecting ~1 billion adults worldwide. However, the origins of SA remain incompletely understood. Clinically, activation of the stress pathways is often considered a consequence of SA rather than a causal factor. Here, we combined preclinical experiments with Mendelian randomization (MR) analysis to show that chronic psychosocial stress is a primary driver of SA onset. In adult rats, 3 wk of social isolation (SI; single housing) activated the stress response, augmented apneas during natural sleep, and increased the ventilatory responses to O
                    2
                    and CO
                    2
                    challenges. In supine anesthetized rats, obstructive apneas with O
                    2
                    desaturations were 5 times more frequent in SI males than in controls, with no effect in females. SI-related anomalies in airway motor control contribute to the problem. SI also induced increased blood pressure and augmented fat gain, especially in males. In humans, MR analysis using genome-wide association studies of multiple stress-related neurological disorders from European cohorts (~100,000 to 1,096,458 participants) revealed significant effects of loneliness on the risk of SA, independent of adiposity. Together, these results challenge the conventional view of stress as merely a consequence of SA and instead position it as a possible cause. These results open the door to a paradigm shift, recognizing psychosocial stress as a risk factor paves the way for alternative avenues in basic mechanistic research, as well as in preventive and therapeutic strategies.",crossref,0
Brassinosteroid-regulated transcription factors confer epigenetic changes that repress plant immunity,https://www.pnas.org/doi/abs/10.1073/pnas.2532739123?mi=eymic2&af=R&access=on&content=articlesChapters&publication=pnas&sortBy=Earliest&target=default,Proceedings of the National Academy of Sciences: Keyword search for query,2026-08-17 07:00:00 UTC,2026-08-17 07:00:00+00:00,10.1073/pnas.2532739123,Brigitte Poppenberger,"When organisms encounter pathogens, they rapidly activate complex defense programs to ensure survival. While these immune responses are vital, they often also incur trade-offs, such as reduced growth and development and must therefore be tightly controlled. In this study, we reveal that the steroid hormones brassinosteroids (BRs) contribute to this control in
                    Arabidopsis thaliana
                    by repressing immunity-related genes. We provide evidence that the BR-regulated basic helix–loop–helix (bHLH) transcription factor CESTA (CES), along with its homologs BR ENHANCED EXPRESSION (BEE)1-3, mediate DNA methylation changes at transposable element (TE)-rich loci containing nucleotide-binding leucine-rich-repeat (NLR)-type receptor genes, including
                    SUPPRESSOR OF NPR1-1 CONSTITUTIVE 1
                    (
                    SNC1
                    ). These CES-induced methylation changes correlate with altered splicing of
                    SNC1
                    pre-mRNA, a process that requires the BR receptor BRASSINOSTEROID INSENSITIVE 1 (BRI1). In support, we show that CES associates with components of the chromatin remodeling and splicing machinery. Together, our findings reveal a previously unrecognized BR-induced mechanism that modulates the epigenetic and post transcriptional regulation of immune genes, enabling plants to prioritize growth over defense.",crossref,0
A flat-band perspective on the boson peak in amorphous solids,https://www.pnas.org/doi/abs/10.1073/pnas.2534361123?mi=eymic2&af=R&access=on&content=articlesChapters&publication=pnas&sortBy=Earliest&target=default,Proceedings of the National Academy of Sciences: Keyword search for query,2026-08-17 07:00:00 UTC,2026-08-17 07:00:00+00:00,10.1073/pnas.2534361123,Matteo Baggioli,"The boson peak is a characteristic anomaly of amorphous solids broadly defined as a low-energy excess in the density of states and heat capacity compared to the textbook predictions of Debye theory. The origin of this anomaly has long been the subject of ongoing debate and remains a topic of active controversy. We propose that the boson peak may have a defining dynamical feature: the accumulation of vibrational spectral weight within a narrow frequency window that is only weakly dependent on wavevector. In this perspective, the boson peak reflects a flat or weakly dispersive band in the dynamical structure factor rather than a propagating excitation. We revisit both experimental and simulation data from the literature through this lens and conduct further simulations in 2D and 3D amorphous systems. Taken together, these analyses provide compelling converging evidence for this interpretation and sharply constrain the space of viable theoretical descriptions of the boson peak.",crossref,0
"Insights into Neanderthal development, childbirth, and locomotion from the Palomas and Dederiyeh pelves",https://www.pnas.org/doi/abs/10.1073/pnas.2535303123?mi=eymic2&af=R&access=on&content=articlesChapters&publication=pnas&sortBy=Earliest&target=default,Proceedings of the National Academy of Sciences: Keyword search for query,2026-08-17 07:00:00 UTC,2026-08-17 07:00:00+00:00,10.1073/pnas.2535303123,Michael J. Walker,"The human pelvis reflects evolutionary compromises among childbirth, bipedal locomotion, and other factors such as pelvic floor stability and thermoregulation. However, limited fossil evidence has hindered understanding of how these factors shaped pelvic morphology in Neanderthals, our closest extinct relatives. Here, we present new virtual reconstructions and morphometric analyses of nearly complete Neanderthal pelves from Sima de las Palomas del Cabezo Gordo (Spain) and Dederiyeh Cave (Syria), comparing them with other Neanderthals and modern humans. We find that Neanderthal and human pelves differ in overall shape from an early age but share similar sexual dimorphism patterns with humans. Pelvic regions associated with childbirth exhibit comparable functional morphology, suggesting similar birth mechanisms. Conversely, locomotor-related features such as hip joint orientation and muscle moment arm geometry differ, indicating distinct stance and gait adaptations. Our findings are consistent with the hypothesis that evolutionary constraints traditionally framed as an “obstetrical dilemma” may have involved a trade-off between childbirth and pelvic floor stability, rather than between childbirth and locomotor performance.",crossref,0
The distribution and origin of Mercury’s crustal magnetization,https://www.pnas.org/doi/abs/10.1073/pnas.2535723123?mi=eymic2&af=R&access=on&content=articlesChapters&publication=pnas&sortBy=Earliest&target=default,Proceedings of the National Academy of Sciences: Keyword search for query,2026-08-17 07:00:00 UTC,2026-08-17 07:00:00+00:00,10.1073/pnas.2535723123,Katarina Miljković,"Mercury is the only planet other than Earth to possess both a global magnetic field that arises from a core dynamo, and a crustal magnetic field that arises from magnetized rocks. Crustal fields provide unique records of a planet’s interior state and evolution because magnetizations depend on the magnetizing field and the magnetic minerals present. A major unresolved issue for Mercury is the relative contributions of present-day (induced) and ancient (remanent) magnetizations—both are expected but are difficult to separate. The former can elucidate variations in crustal iron content and/or magnetic mineral properties, the latter can constrain the dynamo history. Here, we use crustal field observations from the MErcury, Surface, Space ENvironment, GEochemistry and Ranging mission to develop a magnetization model for Mercury’s northern latitudes. We use constraints on crustal thickness, magnetic mineralogy, iron content, and the present-day core field to assess the expected magnitudes of induced magnetizations. We find that these can fully explain the observed crustal fields at most places, and at some more strongly magnetized craters through impact-delivered iron. The strongest crustal fields, especially at Caloris, require a contribution from remanent magnetization and/or unusual magnetic mineral properties. Our results provide constraints on lateral variations in crustal iron content of both exogenic and endogenic origin. They also highlight a knowledge gap regarding the magnetic properties of Mercury’s crust, specifically its magnetic susceptibility, that has critical implications for understanding whether even the strongest magnetizations can elucidate Mercury’s dynamo history.",crossref,0
The 1820 Mallorca plague was not a classic bubonic outbreak,https://www.pnas.org/doi/abs/10.1073/pnas.2536892123?mi=eymic2&af=R&access=on&content=articlesChapters&publication=pnas&sortBy=Earliest&target=default,Proceedings of the National Academy of Sciences: Keyword search for query,2026-08-17 07:00:00 UTC,2026-08-17 07:00:00+00:00,10.1073/pnas.2536892123,Joana Maria Pujadas-Mora,"The 1820 plague outbreak in eastern Mallorca—long treated as a local episode and traditionally classified as a late bubonic manifestation of the Second Plague Pandemic—offers a unique opportunity to reassess transmission dynamics in a prebacteriological context. Using a previously unexamined primary source consisting of daily counts of deaths, we combine historical analysis with a Bayesian epidemiological model to estimate the basic reproduction number (
                    
                      
                        
                          R
                          0
                        
                      
                    
                    ), the mean infectious period, and the case-fatality ratio in the towns of Son Servera and Capdepera (Mallorca, Spain). Our results show stark contrasts between the two towns: Son Servera exhibited a higher transmission potential (
                    
                      
                        
                          
                            R
                            0
                          
                          ≈
                          1.3
                        
                      
                    
                    ) and longer infectious period (
                    
                      
                        ≈
                      
                    
                    2.8 d) than Capdepera (
                    
                      
                        
                          
                            R
                            0
                          
                          ≈
                          1.0
                        
                      
                    
                    ;
                    
                      
                        ≈
                      
                    
                    2.0 d). The overall case-fatality rate of 78%—together with short infectious periods and historical descriptions of rapid clinical decline—strongly suggests that pneumonic and septicemic forms contributed substantially to transmission, challenging earlier interpretations centered on bubonic plague and rodent-borne spread. Historical evidence also rules out an enzootic rat reservoir, pointing instead to human ectoparasites or direct human-to-human routes as the most likely drivers. Moreover, mortality among children increased significantly during the outbreak, indicating age-differentiated vulnerability. By integrating quantitative modeling with fine-grained archival records, this study reassesses the biological nature of one of the last major plagues in 19th-century western Europe and contributes to broader debates on plague ecology, transmission mechanisms, and the dynamics of late Second Pandemic outbreaks.",crossref,0
CXCR4-targeted dual softener for inducing senescence therapy in hepatic fibrosis,https://www.pnas.org/doi/abs/10.1073/pnas.2600215123?mi=eymic2&af=R&access=on&content=articlesChapters&publication=pnas&sortBy=Earliest&target=default,Proceedings of the National Academy of Sciences: Keyword search for query,2026-08-17 07:00:00 UTC,2026-08-17 07:00:00+00:00,10.1073/pnas.2600215123,Minjie Sun,"Hepatic fibrosis is a central pathological driver of chronic liver diseases, including metabolic dysfunction-associated steatotic liver disease and alcohol-related liver disease, which collectively impose a growing global health burden. Fibrosis is primarily mediated by persistent activation of hepatic stellate cells (aHSCs) and excessive deposition of stiff extracellular matrix (ECM). The dense and rigid ECM-aHSCs network severely hinders drug delivery and penetration, posing a major challenge for effective antifibrotic therapy. Here, we developed an aHSCs-targeted nanocomplex (AMD3100/MnO
                    2
                    @BSA nanoparticles, AMB NPs) to remodel this rigid fibrotic barrier. This platform inhibits the fibrotic process by inducing cellular senescence and activating endogenous immune surveillance. Upon liver accumulation, AMB NPs preferentially recognize CXCR4 on aHSCs and subsequently release Mn
                    2+
                    to engage the cyclic GMP-AMP synthase-stimulator of interferon genes (cGAS–STING) innate immune pathway, thereby robustly inducing cellular senescence, suppressing cell proliferation and reducing cellular stiffness. This process enhances the production of senescence-associated secretory phenotype factors, promotes collagen degradation and matrix loosening, and facilitates immune-mediated clearance of senescent aHSCs. These findings demonstrate the potent antifibrotic efficacy of AMB NPs and highlight a synergistic nanomedicine strategy that integrates aHSCs senescence induction, immune surveillance, and ECM remodeling, providing a rational therapeutic framework for hepatic fibrosis intervention.",crossref,0
The role of small Heat Shock Proteins in Trypanosoma cruzi infection and intestinal homeostasis in a Chagas disease vector,https://www.pnas.org/doi/abs/10.1073/pnas.2600647123?mi=eymic2&af=R&access=on&content=articlesChapters&publication=pnas&sortBy=Earliest&target=default,Proceedings of the National Academy of Sciences: Keyword search for query,2026-08-17 07:00:00 UTC,2026-08-17 07:00:00+00:00,10.1073/pnas.2600647123,Pedro L. Oliveira,"Rhodnius prolixus
                    , an insect vector of Chagas disease, ingests blood meals several-fold its own body weight. This nutritional overload triggers specific adaptive responses that prevent or remediate damage from multiple stressors, including oxidative, osmotic, and microbial challenges. Transcriptomic analysis of first-instar nymph digestive apparatus revealed five members of the small Heat Shock Protein (sHSP) family that were highly expressed after blood meals but were downregulated upon
                    Trypanosoma cruzi
                    infection. sHSPs are proteins involved in cellular homeostasis and stress responses. Simultaneous knockdown of all five sHSPs profoundly disrupted insect physiology, causing decreased actin filament network formation, interrupted peristalsis, blocked endoplasmic reticulum (ER) expansion, and reduced ER–mitochondria association, while increasing reactive oxygen species generation and inducing premature epithelial cell mitosis. This apparent loss of digestive apparatus homeostasis was recapitulated by trypanosome infection and, conversely, sHSPs silencing in infected insects increased parasite numbers. Taken together, our data reveal a paramount role for sHSPs in midgut cell homeostasis following blood meals and support the hypothesis that sHSPs expression down regulation represents an adaptive manipulation of the insect host by the parasite.",crossref,0
Neonatal diethylstilbestrol exposure disrupts uterine epithelial apical–basal polarity and partial EMT state,https://www.pnas.org/doi/abs/10.1073/pnas.2603458123?mi=eymic2&af=R&access=on&content=articlesChapters&publication=pnas&sortBy=Earliest&target=default,Proceedings of the National Academy of Sciences: Keyword search for query,2026-08-17 07:00:00 UTC,2026-08-17 07:00:00+00:00,10.1073/pnas.2603458123,Carmen J. Williams,"The developing female reproductive tract is highly sensitive to external hormonal stimulation, which can result in infertility and gynecologic diseases. To determine the underlying mechanisms, we used a mouse model to test the direct, cell type–specific effects of neonatal exposure to the estrogenic chemical, diethylstilbestrol (DES), on the developing uterus. We found that control uterine epithelium is in a partial epithelial–mesenchymal transition state that is lost following DES exposure. This is accompanied by evidence of premature differentiation including altered apical–basal cell polarity and absence of the
                    Lgr5
                    + epithelial stem cell population required for uterine gland formation. Cell–cell communication between epithelial and mesenchymal cells is restructured, and Wnt signaling is aberrantly activated in the epithelium. The DES-exposed uterine mesenchyme has early signs of fibrosis through increased deposition of extracellular matrix (ECM) collagen. Mechanistically, DES exposure causes cell type–specific changes in chromatin accessibility and gene expression, most prominently in epithelial cells. These changes can be explained in part by cell-specific alterations in chromatin looping at enhancer regions in concert with alterations in ERα binding. These findings suggest that reprogramming cell type–specific differentiation trajectories and ECM characteristics underlie the long-term phenotypic effects of developmental exposure to DES and possibly other estrogenic endocrine disrupting chemicals. These changes lead to functional impairment of adult tissues and increased cancer risk.",crossref,0
Structural rearrangements of PDGFRβ in the membrane upon activation by the viral oncoprotein E5,https://www.pnas.org/doi/abs/10.1073/pnas.2603552123?mi=eymic2&af=R&access=on&content=articlesChapters&publication=pnas&sortBy=Earliest&target=default,Proceedings of the National Academy of Sciences: Keyword search for query,2026-08-17 07:00:00 UTC,2026-08-17 07:00:00+00:00,10.1073/pnas.2603552123,Anne S. Ulrich,"The transmembrane protein E5 from bovine papillomavirus is the shortest naturally occurring oncoprotein. As a dimer, it activates the platelet-derived growth factor receptor β (PDGFRβ) in a ligand-independent manner by specific helix–helix interactions within the lipid bilayer. For both proteins, we determined the detailed orientations of their transmembrane helices in aligned membrane samples. Solid-state
                    15
                    N-NMR was used to study either protein segment alone, as well as in the heterocomplex. Remarkably, the assembly of E5 with PDGFRβ led to structural rearrangements of both partners. Binding of E5 triggers a rotation of the PDGFRβ helices around their axes. At the same time, the E5 helices rotate in the membrane to expose Gln17 as well as Asp33, allowing their respective interaction with Thr513 and Lys499 on PDGFRβ. Based on these distinct membrane orientations, we present structural models of the heteromeric E5-PDGFRβ complex, and a mechanism for oncogenic receptor activation.",crossref,0
Serum IgA proteomics reveals clonal composition and neutralization of dimeric and monomeric IgA repertoires against human norovirus,https://www.pnas.org/doi/abs/10.1073/pnas.2603905123?mi=eymic2&af=R&access=on&content=articlesChapters&publication=pnas&sortBy=Earliest&target=default,Proceedings of the National Academy of Sciences: Keyword search for query,2026-08-17 07:00:00 UTC,2026-08-17 07:00:00+00:00,10.1073/pnas.2603905123,George Georgiou,"Protection against human norovirus correlates with attachment ligand blockade antibody titers, fecal IgA titers, and serum IgA titers. IgA responses in serum comprise approximately 80 to 95% of monomeric IgA (mIgA) and 5 to 20% of dimeric IgA (dIgA). Using serum LC–MS/MS proteomics, we established clonal relationships between circulating IgG and IgA, as well as between dIgA and mIgA. We observed a modest degree of clonal overlap between circulating IgG and IgA at steady state and found that more than 80% of antigen-specific mIgA was also detectable as dIgA. We biochemically characterized neutralizing epitopes on norovirus GII.4 virus-like particles (VLPs) targeted by serum IgA clonotypes and demonstrated that dIgA markedly enhances neutralization potency relative to mIgA and IgG in an epitope-specific manner. Cryoelectron microscopy and cryoelectron tomography revealed that whether IgA dimerization enhances viral neutralization depends on epitope accessibility on the VLP and antibody binding orientation. Together, these findings provide molecular-level resolution of the serum IgA response and define the structural basis by which dIgA enhances neutralization potency in an epitope-specific manner.",crossref,0
Host DNA repair factors empower a mechanism of antiviral nucleoside analog resistance,https://www.pnas.org/doi/abs/10.1073/pnas.2618057123?mi=eymic2&af=R&access=on&content=articlesChapters&publication=pnas&sortBy=Earliest&target=default,Proceedings of the National Academy of Sciences: Keyword search for query,2026-08-17 07:00:00 UTC,2026-08-17 07:00:00+00:00,10.1073/pnas.2618057123,Donald M. Coen,"How host functions affect resistance to antiviral drugs is poorly understood. Ganciclovir, a chain-terminating nucleoside analog, is a first-line therapy against human cytomegalovirus, a widespread herpesvirus that causes life-threatening disease in immunocompromised individuals and newborns. Ganciclovir resistance, which is caused by mutations that affect the viral kinase, UL97, and/or the viral polymerase, UL54, can cause treatment failures. Among these mutations, those reducing the exonuclease activity of the viral DNA polymerase permit ganciclovir incorporation without chain termination. However, the fate of DNA strands containing the incorporated nucleotide analog is unknown. We show here that template DNA containing ganciclovir fails to support DNA synthesis of the complementary strand by exonuclease-mutant polymerase. Moreover, while DNA synthesis and ganciclovir incorporation are limited in drug-treated fibroblasts infected by virus with wild-type polymerase, an exonuclease-resistant mutant virus can better synthesize full-length genomes and incorporate substantially more ganciclovir into DNA. Notably, ganciclovir is lost from DNA when drug is removed, suggesting that ganciclovir-containing templates are repaired. We identify the host nucleotide excision repair component, xeroderma pigmentosum group A (XPA), and the repair enzyme, polymerase kappa, as each being necessary for mutant virus ganciclovir resistance and polymerase kappa as being required for the mutant’s cidofovir resistance, demonstrating a role for host DNA repair machinery in a mechanism of antiviral resistance. We propose a model for this mechanism, which has relevance for other antiviral drugs and other nucleoside analog therapeutics, that highlights the participation of host DNA repair machinery during human cytomegalovirus DNA replication.",crossref,0
Unitary currents through K+ selective channelrhodopsins reveal multiple conductance states within an activated state complex,https://www.pnas.org/doi/abs/10.1073/pnas.2604725123?mi=eymic2&af=R&access=on&content=articlesChapters&publication=pnas&sortBy=Earliest&target=default,Proceedings of the National Academy of Sciences: Keyword search for query,2026-08-17 07:00:00 UTC,2026-08-17 07:00:00+00:00,10.1073/pnas.2604725123,Peter Hegemann,"The analysis of how sensation, cognition, and behavior arise from neuronal activity has been enormously facilitated by optogenetics, using algae-derived light sensitive channelrhodopsins, ChRs, expressed in brain cells. To disclose the unitary conductance and the details of the gating mechanism, we recorded unitary currents of the potentially inhibitory K
                    +
                    selective ChRs HcKCR1 and WiChR1 at femtosiemens resolution. Both ChRs open in bursts with a large dominating conductance of 1.6 pS for KCR1 and 2.4 pS for WiChR1 but they are accompanied by widely distributed conductance levels covering a continuum of between 0.3 and 3.0 pS. In WiChR1, these bursts are approximately four times longer than in KCR1. The photocycle and the closed-open gating in an activated state complex seem to be two orthogonal processes. The single-channel currents of the two ChRs explain all characteristic features of the respective whole-cell currents. Our data provide insight into exceptionally small and heterogeneous conductance levels of single channelrhodopsin molecules and open the door to tailor specific tools for optogenetic control in neurons of brain networks.",crossref,0
A peripheral carboxysome component regulates cyanobacterial glycogen deposition,https://www.pnas.org/doi/abs/10.1073/pnas.2607702123?mi=eymic2&af=R&access=on&content=articlesChapters&publication=pnas&sortBy=Earliest&target=default,Proceedings of the National Academy of Sciences: Keyword search for query,2026-08-17 07:00:00 UTC,2026-08-17 07:00:00+00:00,10.1073/pnas.2607702123,Daniel C. Ducat,"In cyanobacteria, carbohydrate products of the Calvin cycle can be utilized as precursors for cellular biosynthesis or stored as glucose polymers in glycogen granules. Cyanobacterial carbon fixation occurs in the carboxysome, while glycogen is synthesized in the cytosol via GlgC to support respiration and survival in the dark. Here, we identify a carboxysome-associated protein,
                    C
                    arboxysome
                    I
                    nteracting
                    P
                    rotein G (CipG), that appears to physically link these processes. CipG coassociates in cyanobacterial genomes with peripheral carboxysome structural proteins and localizes to carboxysomes in vivo via a process that requires conserved tryptophan residues. CipG coprecipitates with GlgC and is required for the recruitment of a subpopulation of GlgC to the surface of the carboxysome. CipG mutants display a glycogen deficiency, while CipG overexpression increases glycogen accumulation ~sixfold compared to wild type. Taken together, our results highlight a role for CipG in cyanobacterial energy metabolism and suggest an additional capacity for the carboxysome to scaffold key enzymes related to carbon partitioning in cyanobacteria.",crossref,0
A kinematic convergence in ape and monkey vertical climbing informs debates on early hominin arborealism,https://www.pnas.org/doi/abs/10.1073/pnas.2608183123?mi=eymic2&af=R&access=on&content=articlesChapters&publication=pnas&sortBy=Earliest&target=default,Proceedings of the National Academy of Sciences: Keyword search for query,2026-08-17 07:00:00 UTC,2026-08-17 07:00:00+00:00,10.1073/pnas.2608183123,W. Scott McGraw,"Recent debates on early hominin arborealism center around interpretations of fossilized foot bones as being either “African ape”- or “monkey”- like in their morphology. These dueling interpretations fuel competing locomotor reconstructions of the last common ancestor of chimpanzees and humans (LCA), including disagreements about the prevalence of vertical climbing behaviors. Yet it remains unclear if possessing an ape- or monkey-like foot impacts the safety and efficiency of climbing, in part because few kinematic data exist on cercopithecoid monkeys moving in their natural habitats. Here, we present detailed kinematic data on the feet of a prolific vertically-climbing cercopithecoid monkey (
                    Cercocebus atys
                    ; the sooty mangabey) in the wild. We show that sooty mangabeys exhibit an extraordinary degree of midfoot dorsiflexion (~46°) during vertical climbs, a value nearly indistinguishable in magnitude to the ankle dorsiflexion of chimpanzees and slightly larger than the ankle dorsiflexion of climbing rainforest hunter-gatherers. This result suggests that, regardless of overall pedal morphology, the fitness challenges posed by vertical movements produced a kinematic convergence in primate foot biomechanics to improve climbing safety. Even if the LCA retained a more monkey-like foot compared to later hominins, our findings suggest that vertical climbing would still be a plausible component of its locomotor repertoire.",crossref,0
Three millennia of lizard and snake consumption by Natufian foragers,https://www.pnas.org/doi/abs/10.1073/pnas.2609354123?mi=eymic2&af=R&access=on&content=articlesChapters&publication=pnas&sortBy=Earliest&target=default,Proceedings of the National Academy of Sciences: Keyword search for query,2026-08-17 07:00:00 UTC,2026-08-17 07:00:00+00:00,10.1073/pnas.2609354123,Reuven Yeshurun,"Squamate (lizard and snake) exploitation provides a rarely documented window into human dietary flexibility at the end of the Pleistocene. This study analyzes over three millennia of squamate remains from el-Wad Terrace (Israel), revealing that large-bodied snakes and lizards formed a substantial and consistent part of Natufian subsistence. Repeated evidence of butchery on snake vertebrae indicates regular consumption across all occupation phases. Shifts in squamate abundance and bone modification patterns correspond to shifts in site-use intensity and the relative contribution of human and animal predators to archaeofaunal deposition. Species-based habitat weighting indicates a broadly stable Mediterranean maquis environment, where detected environmental shifts would not substantially alter local squamate abundance, demonstrating that variation in squamate use is unlikely to have resulted from environmental forcing. In the regional record, Natufian herpetofaunal assemblages cluster together, demonstrating human foraging choices and contrasting with those of older Paleolithic sites. In the latter, herpetofauna is far less abundant, taxonomically structured by geography, and includes more diverse and smaller-bodied taxa. Striving to understand the socioeconomic circumstances that contributed to relying on squamates for food, we assess their prey ranking by accounting for body size, agility, and the risks associated with handling different taxa. We found that high- and medium-ranked species were consistently targeted despite fluctuations in habitation intensity, suggesting squamate resilience. These results uncover the long-term role of reptiles in emerging sedentary lifeways and possibly early human impact on local reptile communities.",crossref,0
Architecture and mechanism of the human p24 cargo receptor,https://www.pnas.org/doi/abs/10.1073/pnas.2610235123?mi=eymic2&af=R&access=on&content=articlesChapters&publication=pnas&sortBy=Earliest&target=default,Proceedings of the National Academy of Sciences: Keyword search for query,2026-08-17 07:00:00 UTC,2026-08-17 07:00:00+00:00,10.1073/pnas.2610235123,Hongjun Yu,"The p24 transmembrane emp24 domain family of cargo receptors is central to secretory trafficking, yet its molecular organization and regulatory principles have remained elusive. Here, we present cryo–EM structures of human p24 complex in three pH states, integrated with systematic functional analyses focused on glycosylphosphatidylinositol-anchored protein (GPI-AP) cargo. We identify a tightly interlocked p24α2–p24β1–p24δ1–p24γ2 heterotetramer as the minimal unit for GPI-AP engagement, resolving long-standing uncertainties regarding p24 stoichiometry and higher-order assembly. We reveal functional redundancy between p24α2 and p24α3, alongside selective incorporation of p24γ2 required for cargo binding. Systematic screening identifies two stable subassemblies: p24β1–p24δ1 and p24α2–p24β1–p24δ1, suggesting a stepwise assembly pathway. Comparative structural analysis across multiple pH states uncovers a conserved proton-sensing network centered on Coiled-coil layers 0 and +1 that drives coordinated transmembrane rearrangements, underlying pH-dependent cargo release. Our findings establish an integrated framework linking p24 architecture, isoform diversity, and pH regulation, offering a basis for understanding p24 trafficking complexity.",crossref,0
Value misalignments in X’s feed algorithm is a reflection of value tensions in engagement,https://www.pnas.org/doi/abs/10.1073/pnas.2610388123?mi=eymic2&af=R&access=on&content=articlesChapters&publication=pnas&sortBy=Earliest&target=default,Proceedings of the National Academy of Sciences: Keyword search for query,2026-08-17 07:00:00 UTC,2026-08-17 07:00:00+00:00,10.1073/pnas.2610388123,Michael S. Bernstein,"Social media feed algorithms rank content that is purported to be preferred by users, but the engagement behaviors that drive these algorithms are (at best) indirect proxies for users’ explicitly self-stated values. Are the resulting feeds value aligned, and if not, why? We investigate this question by annotating the basic human values expressed in participants’ X (Twitter) feeds (N = 715 US users), analyzing the relationship between the posts’ value expressions and the posts’ amplification in the ranked “For You” Page feed, and then comparing the amplified values to users’ own values. We observe that the inventory of posts from followed accounts reflects users’ self-stated values—but that there is an overall negative correlation (misalignment) between users’ explicit values and the value expressions the algorithm is more likely to amplify. We turn to engagement behavior to understand this misalignment and observe that users’ engagement behaviors can be misaligned with their stated values—likely causing the algorithm to learn and reflect these misaligned values. We also detect partisan differences consistent with this theory: While the algorithm amplifies values negatively correlated with both Democrats’ and Republicans’ self-stated values, they are more misaligned for Democrats. And in fact replying, a heavily weighted form of engagement, is associated with values that are less aligned for both Democrats’ and Republicans’ self-stated values, and is even more misaligned for Democrats. Taken together, these findings offer a glimpse into the tensions between the values that people hold and those that provoke reactions, and how these value tensions can produce misaligned outcomes.",crossref,0
"The ecology of Lyme disease: Long-term data, surprises, and a synthesis",https://www.pnas.org/doi/abs/10.1073/pnas.2610907123?mi=eymic2&af=R&access=on&content=articlesChapters&publication=pnas&sortBy=Earliest&target=default,Proceedings of the National Academy of Sciences: Keyword search for query,2026-08-17 07:00:00 UTC,2026-08-17 07:00:00+00:00,10.1073/pnas.2610907123,Felicia Keesing,"Risk of human exposure to Lyme disease and other tick-borne zoonoses is affected by interactions between ticks, pathogens, vertebrate hosts for ticks and pathogens, and abiotic conditions. Inherent complexities in these ecological systems present challenges to the development of a predictive understanding useful for reducing exposure risk. Here we evaluate a conceptual model of the Lyme disease system using long-term monitoring (&gt;30 y) at sites within an endemic region of New York State, United States. Contrary to conventional wisdom, we found that the abundance of nymphal black-legged ticks—a key risk factor for humans—was not correlated with the abundance of white-tailed deer, the prior abundance of larval ticks, or seasonal temperature extremes. Instead, the abundance of nymphal ticks was correlated with prior abundance of white-footed mice, which in turn was driven by production of acorns by red oak trees. Infection prevalence with zoonotic pathogens at our relatively intact forest sites was not associated with the abundance of white-footed mice, a species known to transmit infection with high efficiency, but instead appeared to arise from the distribution of larval ticks across the entire community of larval hosts. High densities of mice strongly reduced the tick burdens on individual mice and chipmunks, suggesting intraguild competition for parasites. Lyme disease risk arises from the dynamics of the ecological community, rather than from the dynamics of any single population of hosts or from extreme seasonal weather. These dynamics are complex but predictable, such that understanding them can facilitate improvements in management and education aimed at protecting public health.",crossref,0
4000-year-old painted plaque from Southeast Indonesia reveals Austronesian Painting Tradition preceded Neolithic pottery,https://www.pnas.org/doi/abs/10.1073/pnas.2611580123?mi=eymic2&af=R&access=on&content=articlesChapters&publication=pnas&sortBy=Earliest&target=default,Proceedings of the National Academy of Sciences: Keyword search for query,2026-08-17 07:00:00 UTC,2026-08-17 07:00:00+00:00,10.1073/pnas.2611580123,Ceri Shipton,"The Austronesian dispersal is the largest such event in human history, with descendants of people from Taiwan colonizing islands from Rapa Nui to Madagascar. The extent to which this dispersal was facilitated by an economic package or a particular ideology is uncertain. The “Austronesian Painting Tradition” (APT) is a distinctive rock art style dominated by paintings of small human figures, boats, and geometric motifs found in eastern Wallacea and islands around New Guinea. The age of the APT is thus far poorly constrained, with uncertainty over whether it appeared endogenously through earlier Holocene interisland networks, if it arrived with the earliest Austronesian migrants, or if it appeared during the intensified interisland contact of the Indonesian Metal Age beginning ~2,500 y ago. Here we report the recovery of a painted stone plaque excavated in situ from archaeological excavation on Wetar Island, Maluku. The plaque occurs in a transitional layer between Paleolithic and Neolithic occupation. It bears a classic “Austronesian” red concentric circle and sun-ray motif and is dated to between 4090 and 3900 cal. BP, significantly earlier than the first pottery at the site and in this region. The early date for this plaque in a preceramic layer and its location in southeast Maluku supports the view that the APT had an early origin, and that the Austronesian diaspora was either propelled by or leveraged a compelling symbolic ideology.",crossref,0
Does a chloroplast membrane protein bind DNA in the nucleus?,https://www.pnas.org/doi/abs/10.1073/pnas.2612932123?mi=eymic2&af=R&access=on&content=articlesChapters&publication=pnas&sortBy=Earliest&target=default,Proceedings of the National Academy of Sciences: Keyword search for query,2026-08-17 07:00:00 UTC,2026-08-17 07:00:00+00:00,10.1073/pnas.2612932123,Dana Charuvi,,,0
Postglacial ecosystem development of a hydrothermal landscape in Yellowstone National Park,https://www.pnas.org/doi/abs/10.1073/pnas.2613422123?mi=eymic2&af=R&access=on&content=articlesChapters&publication=pnas&sortBy=Earliest&target=default,Proceedings of the National Academy of Sciences: Keyword search for query,2026-08-17 07:00:00 UTC,2026-08-17 07:00:00+00:00,10.1073/pnas.2613422123,David B. McWethy,"The Yellowstone geo-ecosystem has been the subject of much research, but the ecological history of the Yellowstone Plateau volcanic field and its iconic geyser basins is less known. In this investigation, paleoenvironmental analyses of sediment cores from lakes in Lower Geyser Basin were compared with regional records and paleoclimate model simulations to reconstruct the vegetation, wildfire, limnology, hydrothermal dynamics, and climate drivers since deglaciation, 15,000 to 14,000 years ago. Pollen data from Lower Geyser Basin lakes reveal the strong influence of infertile rhyolitic soils on vegetation history: an initial late-glacial steppe was replaced by lodgepole pine forest from 12.8 to 11.0 ka, with little change in forest composition or cover thereafter despite changing climate. This stability contrasts with the more dynamic vegetation response on nonrhyolite substrates in the Yellowstone region where nutrient and moisture availability is greater. Highest wildfire activity and low lake nutrient levels in Lower Geyser Basin occurred from 12 to 4 ka, when summers were substantially warmer and drier and fire-inducing vapor pressure deficits were 29 to 56% higher. The hydrothermal history, inferred from sedimentary arsenic and cesium abundances, was spatially and temporally variable but lake-forming hydrothermal events align with periods of abundant moisture. Thus, long-term changes in wildfire, limnology, and, to some extent, hydrothermal activity were governed by insolation-driven climate variations, whereas the vegetation response was muted and constrained by geologic processes. These findings suggest that warmer, drier conditions in the future could result in less hydrothermal activity yet little change in forest cover across the Yellowstone Plateau volcanic field despite more wildfires.",crossref,0
Ingested plastics reduce recruitment and survival of an Australian seabird,https://www.pnas.org/doi/abs/10.1073/pnas.2613782123?mi=eymic2&af=R&access=on&content=articlesChapters&publication=pnas&sortBy=Earliest&target=default,Proceedings of the National Academy of Sciences: Keyword search for query,2026-08-17 07:00:00 UTC,2026-08-17 07:00:00+00:00,10.1073/pnas.2613782123,Alexander L. Bond,"Plastics research lags 30 y behind many other environmental crises, with population-level impacts alluded to but not yet demonstrated for any wild species. Addressing this “Grand Challenge” requires robust data that span many years of variable exposure. Here, we use 15 y of mark-recapture data to estimate plastics’ impact on the demography of Sable Shearwaters (
                    Ardenna carneipes
                    ). We found that the ingestion of &gt;1 g of plastic is common and associated with at least an 11% reduction in the probability of birds surviving to return and breed at their natal island, with birds that ingested &gt;5 g of plastic almost never seen again. In a time of unprecedented planetary change and biodiversity collapse, these results provide much-needed insight into plastics’ role in potentially driving species decline.",crossref,0
Coreless exoplanets induced by metal–silicate miscibility,https://www.pnas.org/doi/abs/10.1073/pnas.2615884123?mi=eymic2&af=R&access=on&content=articlesChapters&publication=pnas&sortBy=Earliest&target=default,Proceedings of the National Academy of Sciences: Keyword search for query,2026-08-17 07:00:00 UTC,2026-08-17 07:00:00+00:00,10.1073/pnas.2615884123,Jie Deng,"The rocky interiors of exoplanets are generally expected to differentiate into a silicate mantle and a metallic core due to the immiscibility of metal and silicate under typical planetary formation conditions. Here, we use large-scale molecular dynamics simulations driven by machine-learning potentials of ab initio quality to explore the phase behavior of metallic liquids and silicate melts under the extreme pressure–temperature conditions of the exoplanetary interiors. The results map out the solvus closure curve, above which a single homogeneous liquid phase of the iron and silicate mixture is stable. Under the assumptions of our bulk Earth composition and interior models, the inferred solvus closure curve permits deep partially mixed or, in extreme cases, fully mixed metal–silicate interiors in some hot super-Earths and sub-Neptunes with thick gas envelopes. Compared with differentiated planets, coreless planets exhibit nearly identical mass–radius relationships but possess markedly less compressed interiors, with central pressures reduced by up to a factor of two. This reduction in internal compression may strongly influence their thermophysical properties and interior dynamics. Coreless planets also possess a larger fluid Love number, a quantity potentially observable and testable in future missions.",crossref,0
Manipulation of localized excitons in CrPS4 by temperature and magnetic field,https://www.pnas.org/doi/abs/10.1073/pnas.2616584123?mi=eymic2&af=R&access=on&content=articlesChapters&publication=pnas&sortBy=Earliest&target=default,Proceedings of the National Academy of Sciences: Keyword search for query,2026-08-17 07:00:00 UTC,2026-08-17 07:00:00+00:00,10.1073/pnas.2616584123,Maciej Koperski,"Layered van der Waals magnetic semiconductors provide a versatile platform for exploring excitonic phenomena intertwined with spin and lattice degrees of freedom, enabling excitons to act as sensitive probes of magnetic order. CrPS
                    4
                    is a layered antiferromagnetic semiconductor that hosts rich excitonic features whose microscopic origin and connection to magnetic ordering remain incompletely understood. Here, we investigate the electronic and excitonic properties of bulk CrPS
                    4
                    using a combination of many-body perturbation theory, dynamical mean-field theory, and photoluminescence-based experiments. Our calculations establish CrPS
                    4
                    as a direct-gap semiconductor with a bandgap of 2.48 eV in the antiferromagnetic phase. Several subbandgap excitonic transitions are predicted by theory, comprising multiple spin-allowed excitons and an additional spin-flip excitation, predominantly localized on the Cr
                    3+
                    ions. Temperature- and magnetic-field-dependent optical measurements reveal thermally driven exciton redistribution among localized states and identify characteristic energy shifts that provide clear optical signatures of magnetic phase transitions in CrPS
                    4
                    . These results provide insights into the excitonic transitions of antiferromagnets and suggest potential routes for all-optical sensing and light-driven control of their magnetic order.",crossref,0
Autoantibodies neutralizing type I interferons underlie a third of cases of Chikungunya virus encephalitis or myelitis,https://www.pnas.org/doi/abs/10.1073/pnas.2616897123?mi=eymic2&af=R&access=on&content=articlesChapters&publication=pnas&sortBy=Earliest&target=default,Proceedings of the National Academy of Sciences: Keyword search for query,2026-08-17 07:00:00 UTC,2026-08-17 07:00:00+00:00,10.1073/pnas.2616897123,Jean-Laurent Casanova,"Chikungunya virus (CHIKV) infection is typically not life threatening but may, in rare cases, affect the central nervous system (CNS). In three cohorts of confirmed CHIKV cases from Martinique (French overseas territory) and Brazil (patients aged 0 to 89 y,
                    n
                    = 245), 20 patients had CNS infection (aged 17 to 87 y). Autoantibodies neutralizing type I interferons (AAN-I-IFN) were found in 35% of patients (4 male and 3 female, aged 17 to 87 y) with encephalitis (4/15), encephalomyelitis (1/2), or myelitis (2/3), but were absent in 225 patients without CNS infection. They neutralized high concentrations (10 to 1,000 ng/mL) of IFN-α2, IFN-α8, and IFN-ω, and the antibodies of one patient also neutralized IFN-β. All samples also neutralized the other 10 IFN-α subtypes (at least 100 pg/mL). This combination of blood autoantibodies occurs in ~0.02% and 0.6% of healthy individuals under and over 70 y of age, respectively. The presence of AAN-I-IFN before CHIKV infection therefore increased the risk of CNS disease ~850-fold relative to the general population.",crossref,0
Selective saccular plasticity under microgravity links peripheral transcriptomic remodeling to postflight vestibular dysfunction,https://www.pnas.org/doi/abs/10.1073/pnas.2605593123?mi=eymic2&af=R&access=on&content=articlesChapters&publication=pnas&sortBy=Earliest&target=default,Proceedings of the National Academy of Sciences: Keyword search for query,2026-08-17 07:00:00 UTC,2026-08-17 07:00:00+00:00,10.1073/pnas.2605593123,Hironobu Morita,"Long-duration exposure to microgravity disrupts human balance and spatial orientation, yet the molecular mechanisms underlying vestibular adaptation to spaceflight remain poorly understood. Here, we tested the hypothesis that the saccule, the primary gravity-sensing otolith organ, undergoes selective remodeling during spaceflight and contributes to transient postflight postural instability. Using a cross-species approach, we combined transcriptomic analysis of mouse otolith organs with physiological assessments in astronauts. Laser microdissection–based RNA sequencing of mouse otolith sensory epithelia after a 35-d spaceflight revealed pronounced, organ-specific transcriptomic remodeling in the saccule, whereas the utricle remained stable. Principal component and clustering analyses demonstrated that the saccular transcriptome shifted toward an utricle-like profile under microgravity, accompanied by changes in genes related to synaptic and neuronal function. Promoter motif analysis identified NFAT-associated transcriptional networks, suggesting Ca
                    2+
                    -dependent regulation of synaptic plasticity as a potential molecular substrate of gravity-dependent adaptation. In parallel, vestibular testing in astronauts following long-duration missions (157 to 328 d) revealed selective attenuation of saccule-mediated cervical vestibular-evoked myogenic potentials and increased postural sway immediately after return to Earth, while utricle-mediated responses and semicircular canal function were preserved. Both saccular function and postural stability recovered within approximately 10 d. Notably, early postflight postural instability was partially mitigated by noisy galvanic vestibular stimulation, consistent with stochastic resonance–mediated sensory enhancement. Together, these findings identify the saccule as a plastic gravity sensor and establish a mechanistic link between peripheral molecular remodeling and functional balance deficits after spaceflight, providing a framework for developing countermeasures to facilitate vestibular readaptation during human space exploration.",crossref,0
VIA1 is a conserved regulator of thylakoid membrane integrity that acts through VIPP1,https://www.pnas.org/doi/abs/10.1073/pnas.2605816123?mi=eymic2&af=R&access=on&content=articlesChapters&publication=pnas&sortBy=Earliest&target=default,Proceedings of the National Academy of Sciences: Keyword search for query,2026-08-17 07:00:00 UTC,2026-08-17 07:00:00+00:00,10.1073/pnas.2605816123,Silvia Ramundo,"Thylakoid membranes are indispensable for oxygenic photosynthesis, yet the mechanisms that protect these membranes from photooxidative damage remain poorly understood. By screening poorly characterized proteins induced during the chloroplast unfolded protein response, we identify VIA1 as an essential factor for preserving thylakoid integrity under high light in the model green alga
                    Chlamydomonas reinhardtii
                    . Loss of VIA1 causes hypersensitivity to photo-oxidative stress and rapid thylakoid swelling. VIA1 localizes to thylakoid membranes and directly binds Vesicle-Inducing Protein in Plastids 1 (VIPP1), an ESCRT-III-like protein essential for thylakoid biogenesis and remodeling. Structure-guided mutagenesis shows that this interaction is required for VIA1 function and is mediated by a winged-helix domain interface reminiscent of ESCRT-II/ESCRT-III binding mode. VIA1 orthologs from cyanobacteria and land plants rescue the Chlamydomonas
                    via1
                    mutant phenotype, and disruption of VIA1 in
                    Synechocystis sp
                    . PCC 6803 impairs growth, especially under light stress. Together, these findings establish VIA1 as an evolutionarily conserved protein that contributes to thylakoid membrane homeostasis via its interaction with VIPP1.",crossref,0
