title,link,source,published_str,pub_date,doi,last_author,abstract,abstract_source,must_have_abstract
Heterofunctional telechelic polymethylene: from precise synthesis to diverse polyolefin-like polymers,https://academic.oup.com/nsr/advance-article/doi/10.1093/nsr/nwag471/8751121?rss=1,National Science Review Advance Access,2026-08-04 00:00:00 UTC,2026-08-04 00:00:00+00:00,10.1093/nsr/nwag471,Zhongbao Jian,"Telechelic polyolefins are key building blocks for constructing state-of-the-art polyolefins bearing in-chain functionalities such as ester groups, which have attracted significant attention over recent years. However, the precise synthesis of such α,ω-heterofunctional telechelic polyolefins remains challenging. In this study, polyhomologation is used for the synthesis of α-ester-ω-hydroxy telechelic polymethylenes (bearing hexyl side-chains) through the boron-initiated polyhomologation of ylide monomers. These telechelic polymers are structurally-similar to telechelic polyolefins. This method allows for precise control over the end-group fidelity ([OH, COOMe] > 99%) and molecular weight, with particularly narrow molecular weight distributions (Ð = 1.05–1.21) being achieved. Consequently, this approach enables the production of diverse topologies including linear, branched (side-chain), and block structures. Notably, the molecular weight of telechelic polymethylenes was precisely tailored as required. The obtained telechelic polymethylenes serve as AB-type macromonomers and undergo direct polycondensation to afford high-molecular-weight (147–300 kDa) polyolefin-like polymers featuring in-chain-ester groups, imparting diverse microstructures and topologies including high-density polyethylene (PE), polyolefin elastomer (POE), and random as well as alternating olefin block copolymers (OBC).",rss_oup,0
Author Correction: Casdatifan shows durable response linked to HIF-2α biology in kidney cancer,https://www.nature.com/articles/s41586-026-10958-x,Nature,2026-08-04 00:00:00 UTC,2026-08-04 00:00:00+00:00,10.1038/s41586-026-10958-x,Rana R. McKay,"In the version of this article initially published, the name of Jaime Merchán was misspelled (Jamie Merchan) and is now amended in the HTML and PDF versions of the article.",openalex,1
Subnational mechanisms undermine transnational anti-deforestation policies,https://www.nature.com/articles/s41893-026-01917-5,Nature Sustainability,2026-08-04 00:00:00 UTC,2026-08-04 00:00:00+00:00,10.1038/s41893-026-01917-5,Vera Krause,"Dry forests are disappearing due to agricultural expansion and logging, driven by consumption abroad. The European Union deforestation regulation, which will come into force at the end of 2026, targets this problem by requiring imports into the European Union to be produced in compliance with the forest protection laws of their countries of origin. We analysed the implementation of forest protection laws in the Chaco Province of Argentina between 2009 and 2024 using diverse information sources, including 15,042 georeferenced forest-use permits and 127,632 wood-transport guides issued to agricultural and wood producers. We uncover six mechanisms by which public and private actors relaxed the provincial forest zoning law to circumvent the minimum standards of the national Argentine Forest Protection law, thereby expanding the areas where wood or agricultural commodities could be produced in compliance with transnational anti-deforestation policies. To prevent these maladaptive responses from producing regions, importing countries should demand products that cause zero gross deforestation.",nature_html,0
A reference protein atlas of the adult mouse brain vasculature,https://www.pnas.org/doi/abs/10.1073/pnas.2614173123?mi=eymic2&af=R&access=on&content=articlesChapters&publication=pnas&sortBy=Earliest&target=default,Proceedings of the National Academy of Sciences: Keyword search for query,2026-08-04 07:00:00 UTC,2026-08-04 07:00:00+00:00,10.1073/pnas.2614173123,Maarja Andaloussi Mäe,"Current methods for assessing low-abundance proteins in individual cells are limited. As a result, cell functions are often inferred from single-cell RNA sequencing (scRNA-seq) data, which can be misleading due to the poor cross-gene correlation (different genes in the same cells) between messenger RNA (mRNA) and protein levels. To address this issue, we used isolated brain vascular fragments to study the blood–brain barrier. We applied a combination of deep bulk proteomic analysis, a proteomic ruler approach, and scRNA-seq, assuming a high within-gene correlation (same gene in different cells) between mRNA and protein. This approach allowed us to estimate protein copy numbers per cell for 9,940 proteins across eight cell types, including endothelium, smooth muscle, pericytes, fibroblasts, and microglia. We also evaluated protein abundance in astrocyte end-feet attached to the vessel fragments. Our data are available through an Online Database, providing a searchable resource and reference protein atlas for future studies of neurovascular proteomics in health and disease.",crossref,0
A semantic-based community model for high-fidelity tuning of olfactory mixture distances,https://www.pnas.org/doi/abs/10.1073/pnas.2611057123?mi=eymic2&af=R&access=on&content=articlesChapters&publication=pnas&sortBy=Earliest&target=default,Proceedings of the National Academy of Sciences: Keyword search for query,2026-08-04 07:00:00 UTC,2026-08-04 07:00:00+00:00,10.1073/pnas.2611057123,Alexei Koulakov,"A central goal in sensory science is to establish quantitative mappings between physical stimuli and perceptual experience. Although such mappings are well defined in vision and audition, they remain elusive in olfaction, particularly for complex odor mixtures. Here, we show that perceptual distances between odor mixtures can be predicted with high fidelity and are unexpectedly well captured by a compact semantic space derived from single-molecule representations. In the Dialogue for Reverse Engineering Assessment and Methods Olfactory Mixtures Prediction Challenge, we assembled a unified dataset of odor-mixture pairs, benchmarked predictions on a hidden test set of 46 pairs, and integrated the top-performing models into a postchallenge ensemble. This model outperformed existing state-of-the-art approaches on the hidden test set, reducing RMSE by about 33% to 0.08 and increasing Pearson correlation by 53% to 0.57, and maintained strong performance on an independent validation set of 50 newly designed mixture pairs. An ensemble, retaining only olfactory semantic features for each model included, further improved predictions, raising the Pearson correlation by 7% to 0.61 on the test set and by 15% to 0.54 on the validation set. Given that semantic features were extracted from pure molecules, it suggests that mixture perception may not require fundamentally different representational principles from single-molecule olfaction. Together, these results establish a reproducible quantitative framework for olfactory mixture perception and advance efforts to measure, model, and engineer smell.",crossref,0
Economic preferences predict higher-education choices,https://www.pnas.org/doi/abs/10.1073/pnas.2610891123?mi=eymic2&af=R&access=on&content=articlesChapters&publication=pnas&sortBy=Earliest&target=default,Proceedings of the National Academy of Sciences: Keyword search for query,2026-08-04 07:00:00 UTC,2026-08-04 07:00:00+00:00,10.1073/pnas.2610891123,Basit Zafar,"We examine whether individual preferences predict higher-education choices. According to standard human capital theory, differences in individuals’ time and risk preferences lead to differences in educational investments. Testing this hypothesis is challenging, as it requires measuring individuals’ preferences, doing so before they make educational investments, and subsequently observing their educational choices. We combine incentivized, experimentally elicited measures of time and risk preferences for a large, representative sample of 18- to 19-y-old Danes with administrative data on subsequent higher-education choices, program-specific earnings trajectories, prior school performance, and family background. In line with theory, we find that more patient individuals choose longer education programs and programs with steeper early-career earnings profiles, while more risk-averse individuals select programs with lower earnings dispersion and reduced downside risk. These relationships remain strong after controlling for cognitive ability, prior academic performance, and family background. Our findings suggest that preferences have a substantial impact on real-world educational investments and have implications for educational sorting.",crossref,0
An interdependent Cbf1–CCAN interaction stabilizes the budding yeast kinetochore,https://www.pnas.org/doi/abs/10.1073/pnas.2610808123?mi=eymic2&af=R&access=on&content=articlesChapters&publication=pnas&sortBy=Earliest&target=default,Proceedings of the National Academy of Sciences: Keyword search for query,2026-08-04 07:00:00 UTC,2026-08-04 07:00:00+00:00,10.1073/pnas.2610808123,Sue Biggins,"Chromosome segregation requires the proper assembly of kinetochores on centromeric DNA. The kinetochore is a complex multiprotein machine comprising more than 40 distinct proteins, but the functional roles of many components remain unclear. One such protein is the yeast transcription factor Cbf1, which directly binds to budding yeast centromeric DNA. Loss of Cbf1 significantly increases the rate of chromosome missegregation; however, its precise molecular mechanism of action is unknown. It was recently found that Cbf1 inhibits transcription through the centromere by preventing the untimely pericentromeric transcriptional readthrough via a roadblock mechanism. Intriguingly, restoring the transcriptional roadblock in the absence of Cbf1 binding only partially rescued chromosome missegregation, indicating that Cbf1 performs additional centromeric activities. Here, we show that Cbf1 promotes inner kinetochore assembly both in vitro and in vivo. This assembly function depends on the interface between Cbf1 and Okp1. Moreover, we found that Cbf1’s stable association with the centromere requires its interaction with the inner kinetochore, revealing an interdependent interaction essential for the assembly and stability of the kinetochore. Thus, Cbf1 functions as a centromere-anchored hub that couples transcriptional roadblocking to constitutive centromere-associated network assembly and kinetochore stability.",crossref,0
Early-life sugar restriction causally reduces adult cancer incidence and slows biological aging,https://www.pnas.org/doi/abs/10.1073/pnas.2610287123?mi=eymic2&af=R&access=on&content=articlesChapters&publication=pnas&sortBy=Earliest&target=default,Proceedings of the National Academy of Sciences: Keyword search for query,2026-08-04 07:00:00 UTC,2026-08-04 07:00:00+00:00,10.1073/pnas.2610287123,Weilong Zhang,"Excess sugar consumption is implicated in multiple cancers through insulin resistance, chronic inflammation, and metabolic reprogramming, yet whether early-life sugar exposure causally shapes long-term cancer risk remains an open question. We exploit the abrupt end of United Kingdom sugar rationing in September 1953 as a natural experiment, analyzing 64,761 UK Biobank participants born 1951–1956. Cohorts whose first 1,000 d of life fell under rationing exhibit dose-dependent reductions in adult cancer incidence: liver/intrahepatic bile duct (IHBD) (hazard ratio 0.31), rectum (HR 0.60), lung (HR 0.59), prostate (HR 0.48), and breast (HR 0.64). We uncover two pathways through which this early-life exposure propagates across the life course. First, a behavioral pathway: Rationed cohorts consume less sugar, eat smaller quantities, and maintain healthier, more diverse diets five decades later, consistent with persistent taste preferences shaped during a critical developmental window. Second, a biological pathway: Rationed cohorts exhibit longer leukocyte telomere length (
                    
                      
                        +
                      
                    
                    0.05 SD, approximately 2.2 fewer years of biological aging) and lower Granzyme B, indicating reduced chronic immune activation. These findings provide causal evidence linking early-life sugar intake to cancer and identify a behavioral pathway, consistent with persistent taste preferences, through which early nutritional environments may shape lifelong disease risk. The results carry direct implications for early-life nutrition and added-sugar policy.",crossref,0
Claims of sex-dependent effects in the behavioral and brain sciences are infrequently supported by valid statistical comparisons,https://www.pnas.org/doi/abs/10.1073/pnas.2608703123?mi=eymic2&af=R&access=on&content=articlesChapters&publication=pnas&sortBy=Earliest&target=default,Proceedings of the National Academy of Sciences: Keyword search for query,2026-08-04 07:00:00 UTC,2026-08-04 07:00:00+00:00,10.1073/pnas.2608703123,Donna L. Maney,"Interest in precision medicine has accelerated efforts to identify sex-dependent responses to treatments and interventions. Those efforts have, both historically and today, been concentrated in fields related to the brain and behavior. Here, we show that even though articles claiming sex-dependent effects are far more prevalent in the neurosciences than in other fields, those claims are infrequently supported by appropriate statistical evidence. Of 200 recent articles in the behavioral and brain sciences with a claim of a sex- or gender-dependent effect in the title, only 24% supported the claim with appropriate evidence—that is, they compared the effect statistically across sex and reported results consistent with the claim. In 9%, an appropriate test was described but the results were incomplete or missing; another 9% contained results that directly contradicted the claim. In most articles (58%), the effect was not compared statistically across sex. Across six brain-related research areas (behavioral sciences, clinical neurology, neurosciences, psychiatry, psychology, and substance abuse), neurosciences had the lowest rate of appropriate evidence (18%) and psychology the highest (39%). Studies on nonhuman animals supported the claim significantly less frequently (15%) than studies on human participants (34%;
                    P
                    = 0.002). The use of appropriate analytical approaches was unrelated to journal rank or the citation impact of the article. We conclude that claims of sex- or gender-dependent effects in the behavioral and brain sciences are often not supported by appropriate evidence, revealing a widespread inferential gap that may undermine translation of sex-dependent findings into evidence-based treatments.",crossref,0
eFormate-mediated CO2 bioconversion: A modular electrochemical–microbial cascade compared across a diverse set of microorganisms,https://www.pnas.org/doi/abs/10.1073/pnas.2608267123?mi=eymic2&af=R&access=on&content=articlesChapters&publication=pnas&sortBy=Earliest&target=default,Proceedings of the National Academy of Sciences: Keyword search for query,2026-08-04 07:00:00 UTC,2026-08-04 07:00:00+00:00,10.1073/pnas.2608267123,Blake A. Simmons,"Direct electrochemical CO
                    2
                    reduction is currently limited to a narrow range of multicarbon products due to limited multicarbon pathways on Cu surfaces. Biochemical methods, by contrast, are often slow due to the slow rate of gas–liquid mass transfer to microbial cells. To overcome the limitations of the individual processes, integrating electrochemical systems with biosynthetic processes has become a promising approach. However, only a narrow range of microbial strains has been explored in these combined systems. Here, we introduce a modular abiotic–biotic platform that allows electrochemically produced formate (eFormate) to be supplied independently to various microbial systems. A concentrated formate solution (0.87 M) was produced within 4 h using a SnO
                    2
                    catalyst and subsequently converted into a biocompatible carbon feedstock by adjusting the pH. Based on earlier reports, we identified and evaluated 13 microbial strains known to grow on formate, 10 of which exhibited robust growth in the prepared formate solution and successfully secreted multicarbon products and important metabolic markers like acetate, ethanol, lactate, pyruvate, and polyhydroxybutyrate (PHB). This work establishes a proof of concept for a broadly applicable abiotic–biotic platform that expands the microbial design space by coupling CO
                    2
                    electrolysis with carbon upgrading.",crossref,0
Maternal nutrition determines the variable expressivity of STRA6-associated eye malformations,https://www.pnas.org/doi/abs/10.1073/pnas.2608068123?mi=eymic2&af=R&access=on&content=articlesChapters&publication=pnas&sortBy=Earliest&target=default,Proceedings of the National Academy of Sciences: Keyword search for query,2026-08-04 07:00:00 UTC,2026-08-04 07:00:00+00:00,10.1073/pnas.2608068123,Johannes von Lintig,"Mutations in
                    STRA6
                    , the high-affinity receptor for retinol-binding protein, cause Matthew-Wood syndrome, a congenital disorder characterized by striking phenotypic variability ranging from isolated ocular anomalies to severe multisystem malformations. The mechanisms underlying this variable expressivity and incomplete penetrance remain poorly understood. Here, we used mice to determine how maternal vitamin A status and embryonic
                    Stra6
                    genotype interact to shape ocular development. Using
                    Stra6
                    -deficient mice bred under defined dietary conditions, we demonstrate that maternal vitamin A availability is a major modifier of phenotypic outcome. Maternal vitamin A restriction resulted in microphthalmia and markedly reduced postnatal survival of the offspring. Remarkably, offspring of
                    Stra6
                    −/−
                    dams maintained on a vitamin A–sufficient diet, corresponding to the recommended dietary allowance for mice, also developed pronounced ocular abnormalities, including retinal dysplasia and impaired rod and cone opsin differentiation. In contrast, supraphysiological maternal vitamin A intake, as provided by a standard chow, partially rescued ocular development and produced near-normal eye morphology in the offspring. Strikingly, heterozygous
                    Stra6
                    +/−
                    offspring born to
                    Stra6
                    −/−
                    dams were protected from both lethality and ocular malformations despite maternal STRA6 deficiency and dietary vitamin A restriction. Biochemical analyses revealed that ocular retinoid availability strictly depended on the
                    Stra6
                    genotype of the offspring, whereas some circulating retinol remained detectable even under maternal vitamin A deficiency. Together, these findings identify a gene–nutrient interaction that explains the variable expressivity of
                    STRA6
                    -associated disease and establish maternal vitamin A status as a critical determinant of ocular development and postnatal survival.",crossref,0
Successful oocyte transport through the oviduct does not depend on the longitudinal alignment of oviduct epithelial folds,https://www.pnas.org/doi/abs/10.1073/pnas.2605383123?mi=eymic2&af=R&access=on&content=articlesChapters&publication=pnas&sortBy=Earliest&target=default,Proceedings of the National Academy of Sciences: Keyword search for query,2026-08-04 07:00:00 UTC,2026-08-04 07:00:00+00:00,10.1073/pnas.2605383123,Toshihiko Fujimori,"The luminal epithelium of the oviduct exhibits ciliary beating oriented along the ovary–uterus (O–U) axis, driving oocyte transport toward the uterus. Longitudinal epithelial folds have also been proposed to facilitate this transport, but their functional contribution has not been tested because the mechanisms that orient these folds remain unclear. In this study, we found that in
                    
                      Vangl1
                      gt/gt
                    
                    oviducts, which lack the core planar cell polarity (PCP) protein VANGL1, ciliary beating orientation is largely preserved, whereas longitudinal folds are disrupted. Despite fold malformation,
                    
                      Vangl1
                      gt/gt
                    
                    females were able to produce offspring, suggesting that oocyte transport to the uterus can occur even when longitudinal fold alignment is disrupted. Polarized distributions of core PCP proteins at cell boundaries have been proposed to establish O–U–oriented ciliary beating and cell elongation, and theoretical work predicts that O–U–aligned cell elongation drives longitudinal fold formation. Consistent with this, our three-dimensional cell-shape analysis revealed a loss of cell elongation in
                    
                      Vangl1
                      gt/gt
                    
                    oviducts. Moreover, although other core PCP proteins remained polarized, their polarity axes were misaligned with ciliary orientation in
                    
                      Vangl1
                      gt/gt
                    
                    oviducts, suggesting that ciliary orientation can be guided by mechanisms that are at least partly independent of canonical core-protein polarity. Together, our findings help define the physiological contribution of longitudinal folds and illuminate how distinct polarity systems—fold orientation, cell elongation, and ciliary beating—are established and coordinated in the oviduct.",crossref,0
AgRP neurons are required for the weight-lowering effects of GLP-1 receptor agonists in female mice,https://www.pnas.org/doi/abs/10.1073/pnas.2614476123?mi=eymic2&af=R&access=on&content=articlesChapters&publication=pnas&sortBy=Earliest&target=default,Proceedings of the National Academy of Sciences: Keyword search for query,2026-08-04 07:00:00 UTC,2026-08-04 07:00:00+00:00,10.1073/pnas.2614476123,Tamas L. Horvath,"Glucagon-like peptide-1 receptor agonists (GLP-1RAs), including semaglutide, produce robust and sustained weight loss, yet the central mechanisms supporting their long-term efficacy remain incompletely understood. Agouti-related peptide (AgRP) neurons of the arcuate nucleus are classically activated by negative energy balance and promote feeding and energy conservation. Based on this framework, GLP-1RAs have generally been expected to suppress or bypass AgRP neuron activity. Here, we report that AgRP neuron activation is required for the full weight-lowering effects of GLP-1RAs in female mice. Across complementary AgRP loss-of-function models, disruption of AgRP circuit integrity reduced the full weight-lowering effects of GLP-1RAs. This requirement varies with sex, diet, and mode of AgRP disruption. We found that GLP-1RA treatment is associated with increased markers of neuronal activation, mitochondrial engagement, and synaptic remodeling in AgRP neurons. We further identify a glucocorticoid-to-AgRP signaling axis as an important pathway mediating this functional recruitment of AgRP neurons. Together, these findings reveal that contrary to prevailing assumptions, GLP-1RA engages AgRP neurons to sustain weight loss, highlighting an unexpected role for these neurons in coordinating adaptive metabolic responses to pharmacologically induced negative energy balance.",crossref,0
High-throughput deformability-based microfluidic sorting reveals metastatic cancer subpopulations,https://www.pnas.org/doi/abs/10.1073/pnas.2604094123?mi=eymic2&af=R&access=on&content=articlesChapters&publication=pnas&sortBy=Earliest&target=default,Proceedings of the National Academy of Sciences: Keyword search for query,2026-08-04 07:00:00 UTC,2026-08-04 07:00:00+00:00,10.1073/pnas.2604094123,Chwee Teck Lim,"The deformability of cancer cells is a critical indicator of their malignancy, as this mechanical property of cancer cells can reflect various biostructural and biochemical changes such as the cytoskeletons and protein expressions. However, selectively isolating and analyzing cell subpopulations with differing deformability and their associated biological properties remains challenging, especially at high throughput. Here, we introduce a microstructure-assisted spiral microfluidic platform that sorts cancer cells based on their deformability at ultrahigh throughput (&gt;2,000,000 cells min
                    −1
                    ) and couples the workflow to real-time, image-based phenotyping of cell parameters. We profile the sorted fractions and investigate a tripartite correlation between the deformability of cancer cells, the expression of proteins in different subpopulations, and the metastatic ability of cancer cells. This tripartite correlation has been confirmed in human breast cancer cell lines with metastatic potential (including MDA-MB-231 cells and BT-549 cells), where these cells are classified into subpopulations based on their deformability. The more deformable subpopulation exhibits increased invasiveness and distinct cytoskeletal remodeling and epithelial-to-mesenchymal transition (EMT)-associated protein signatures. Leveraging these deformability differences, our label-free platform enables high-throughput enrichment of aggressive cancer subpopulations and provides a scalable front end for liquid biopsy workflows. More broadly, deformability-based sorting may support improved analysis of rare metastasis-prone cells and accelerate high-throughput screening for mechano-targeted therapeutic strategies, offering a practical route to integrate cell deformability into precision oncology and therapy.",crossref,0
Highly localized droplet clustering in shallow cumulus clouds,https://www.pnas.org/doi/abs/10.1073/pnas.2602976123?mi=eymic2&af=R&access=on&content=articlesChapters&publication=pnas&sortBy=Earliest&target=default,Proceedings of the National Academy of Sciences: Keyword search for query,2026-08-04 07:00:00 UTC,2026-08-04 07:00:00+00:00,10.1073/pnas.2602976123,Gholamhossein Bagheri,"The size and spatial clustering of water droplets in warm clouds influence cloud evolution and radiation properties and thus are of fundamental importance for the Earth’s energy balance and water cycle. Some proposed mechanisms for droplet growth and precipitation initiation in warm clouds require strong droplet clustering. Resolving such clustering on sub-cm scales remains a challenge. The most detailed observations, collected from aircraft, showed weak mm-scale droplet clustering averaged over kilometer scales in stratocumulus clouds. Here we present spatially resolved in-situ holographic measurements from a tethered aerostat, demonstrating that clustering in shallow cumulus clouds is significantly stronger and far more localized than previously thought. These findings challenge current cloud microphysics frameworks, with implications for precipitation initiation and cloud modeling.",crossref,0
Activation of the angiotensin II type I receptor by a nonpeptide agonist,https://www.pnas.org/doi/abs/10.1073/pnas.2602538123?mi=eymic2&af=R&access=on&content=articlesChapters&publication=pnas&sortBy=Earliest&target=default,Proceedings of the National Academy of Sciences: Keyword search for query,2026-08-04 07:00:00 UTC,2026-08-04 07:00:00+00:00,10.1073/pnas.2602538123,Andrew C. Kruse,"The angiotensin II type I receptor (AT1R) is a G protein–coupled receptor that regulates the cardiovascular system and as a result is one of the most successful pharmacological targets for the treatment of hypertension. Within the angiotensin receptor pharmacological landscape, agonists are peptide ligands, whereas potent antagonists are predominantly small molecules. Three decades ago, a small number of nonpeptide AT1R agonists were identified. These molecules largely share a chemical scaffold with AT1R antagonists, but appeared to interact with the receptor in a manner that diverges from both antagonists and peptide agonists. Here, we revisit L-162,313, the prototype nonpeptide AT1R agonist and determine how the antagonist-like chemical scaffold acts as an agonist. L-162,313 binds similarly to AT1R antagonists, but unlike antagonists, it engages the same activation switches as peptide agonists. We map the spatial relationship required for activation of AT1R by nonpeptide agonists and used this information to design a small library of L-162,313 derivatives. These rationally designed derivatives had the expected reduced or enhanced potency based on the structural basis for activation. Our data resolve a long-standing pharmacological mystery and provide a foundation for generating more efficacious small molecule AT1R agonists.",crossref,0
DENV-4 infection suppresses transcription of DNA repair genes,https://www.pnas.org/doi/abs/10.1073/pnas.2536909123?mi=eymic2&af=R&access=on&content=articlesChapters&publication=pnas&sortBy=Earliest&target=default,Proceedings of the National Academy of Sciences: Keyword search for query,2026-08-04 07:00:00 UTC,2026-08-04 07:00:00+00:00,10.1073/pnas.2536909123,Nimrat Chatterjee,"The molecular mechanisms behind Dengue virus-dependent host pathogenesis, especially genome instability, remain largely unclear. This RNA virus causes a debilitating disease during active infection and presents future risks of postdengue syndromes, leukemia, and DNA damage in the blood cells of infected patients, with the underlying mechanisms unknown. In this study, we show that DENV-4 infection induces significant DNA damage and suppresses the transcription of genes involved in DNA repair and select mutagenic translesion synthesis (TLS) polymerases, indicating that DENV-4-dependent pathobiology leaves durable biological “scars” that incrementally increase chronic disease risk, including carcinogenesis and postdengue syndromes.",crossref,0
Developmental plasticity under human management shaped cereal evolution prior to domestication in the Early Holocene southern Levant,https://www.pnas.org/doi/abs/10.1073/pnas.2535274123?mi=eymic2&af=R&access=on&content=articlesChapters&publication=pnas&sortBy=Earliest&target=default,Proceedings of the National Academy of Sciences: Keyword search for query,2026-08-04 07:00:00 UTC,2026-08-04 07:00:00+00:00,10.1073/pnas.2535274123,Cheryl A. Makarewicz,"The domestication of plants in southwest Asia was an evolutionary process that took place over several millennia in the Early Holocene. During this time, domestic species developed distinct traits that distinguished them from their wild counterparts. Current models of plant domestication emphasize the role of genetic selection in the evolution of these traits, viewing these as heritable adaptations that arose in response to selective pressures associated with human cultivation. In cereals, domestication resulted in the evolution of nonshattering rachis and increased grain size, two traits that can be tracked directly in the archaeobotanical record. Analyses of Early Neolithic cereal remains demonstrate that grain size increase occurred prior to the evolution of nonshattering rachis, a sequence that is often interpreted as evidence of selection for larger grains under cultivation, specifically tillage. Here, we combine morphological and metrical analyses of cereal remains, stable carbon isotope analysis, and weed ecology to test this hypothesis, using three assemblages from the southern Levant: Pre-Pottery Neolithic A Sharara (
                    c.
                    9250–9200 cal BCE), Pre-Pottery Neolithic A el-Hemmeh (
                    c.
                    9400–8700 cal BCE), and Late Pre-Pottery Neolithic B el-Hemmeh (
                    c.
                    7500–7000 cal BCE). Our findings indicate that increased grain size in the Early Holocene can be better understood as a plastic response to variation in growing conditions, specifically moisture, rather than as a result of genetic selection for increased grain size under cultivation. We propose that cereal evolution in southwest Asia was initially driven by developmental plasticity, followed by genetic selection.",crossref,0
Evolution after whole-genome duplication (WGD) drives phenotypic and transcriptomic divergence more than WGD in an autopolyploid herb,https://www.pnas.org/doi/abs/10.1073/pnas.2533430123?mi=eymic2&af=R&access=on&content=articlesChapters&publication=pnas&sortBy=Earliest&target=default,Proceedings of the National Academy of Sciences: Keyword search for query,2026-08-04 07:00:00 UTC,2026-08-04 07:00:00+00:00,10.1073/pnas.2533430123,Christian Parisod,"Whole-genome duplication (WGD) is a major driver of plant speciation and often hypothesized to promote rapid adaptation to new or changing environmental conditions. However, the extent to which WGD per se fosters phenotypic and transcriptional novelties, and the relative contribution of WGD-induced changes vs post-WGD evolution to trait differentiation between cytotypes remains poorly understood. Here, we investigated the phenotypic and transcriptomic consequences of WGD and subsequent evolution in the
                    Biscutella laevigata
                    diploid–autotetraploid complex by comparing replicated diploid, synthetic autotetraploids, and natural autotetraploids (originated some 24,000 to 7,000 generations ago) under moderate daily temperature fluctuations (stable) vs. daily heat stress (changing) conditions. WGD led to reduced specific leaf area and slower rosette growth but had no significant effect on biomass. Post-WGD evolution acted in contrasting directions on WGD-induced changes, either reverting traits to diploid-like values or maintaining them in natural autotetraploids. Overall, WGD induced a decrease in fitness that was mitigated by post-WGD evolution, resulting in natural autotetraploids with similar or higher fitness under changing conditions than diploids. While the genetic background modulates the effects of WGD, cytotype-level transcriptomic analyses revealed limited immediate effects of WGD under stable conditions, although heat stress induced different responses across cytotypes. Altogether, our results highlight a complex interplay between immediate WGD-induced and subsequent evolution at the phenotypic and transcriptomic levels, supporting a predominant role of post-WGD evolution in the differentiation of current cytotypes and the adaptive evolution of autotetraploids of
                    B. laevigata
                    .",crossref,0
A lettuce receptor-like kinase recognizes the highly conserved heptapeptide motif within microbial Nep1-like proteins,https://www.pnas.org/doi/abs/10.1073/pnas.2532196123?mi=eymic2&af=R&access=on&content=articlesChapters&publication=pnas&sortBy=Earliest&target=default,Proceedings of the National Academy of Sciences: Keyword search for query,2026-08-04 07:00:00 UTC,2026-08-04 07:00:00+00:00,10.1073/pnas.2532196123,Guido Van den Ackerveken,"Plants rely on cell surface immune receptors to detect microbial patterns and initiate effective defense responses. Although the Asteraceae family is one of the largest and economically important plant groups, little information is available about its pattern-triggered immunity signaling. Cultivated lettuce (
                    Lactuca sativa
                    L.) recognizes a 24-amino acid peptide (nlp24) from necrosis- and ethylene-inducing peptide 1 (Nep1)-like proteins (NLPs) found in bacteria, fungi, and oomycetes. Here, we perform an extensive characterization of nlp24-induced immune responses in lettuce and identify the LETTUCE nlp24 RECEPTOR (LNR) as the leucine-rich repeat receptor-like kinase mediating its recognition. Remarkably, nlp24 recognition in lettuce and subsequent activation of defenses strongly depend on the conserved heptapeptide motif (GHRHDWE). Structural modeling-guided mutagenesis experiments suggest that residues in the nlp24 heptapeptide interact with a hydrophobic pocket in the LNR solenoid structure. Divergent ligand specificities and the absence of sequence homology between LNR and the
                    Arabidopsis
                    nlp24-recognizing receptor RLP23 indicate that NLP recognition in lettuce and
                    Arabidopsis
                    emerged independently, through convergent evolution. Our phylogenetic analysis shows that LNR is closely related to
                    Arabidopsis
                    MALE DISCOVERER 1-INTERACTING RECEPTOR-LIKE KINASE 2 (MIK2) but belongs to a distinct, Asteraceae-specific monophyletic subgroup that has undergone a significant expansion in
                    Lactuca
                    . Our findings provide insights into the mechanisms of pattern-triggered immunity in lettuce and present an example of convergent evolution of plant pattern-recognition receptors.",crossref,0
Ca2+ regulation of PMCA2 calcium pump expression in hair cells of Tmc1 deafness mutants,https://www.pnas.org/doi/abs/10.1073/pnas.2607733123?mi=eymic2&af=R&access=on&content=articlesChapters&publication=pnas&sortBy=Earliest&target=default,Proceedings of the National Academy of Sciences: Keyword search for query,2026-08-04 07:00:00 UTC,2026-08-04 07:00:00+00:00,10.1073/pnas.2607733123,Robert Fettiplace,"Mutations in transmembrane channel-like protein 1 (TMC1), the pore-forming component of the mechano-electrical transducer (MET) channel in auditory hair cells, cause cell death and deafness in 3-wk old mice. We studied mice with mutations
                    Tmc1
                    p.T416K, p.M412K, p.D528N, and p.D569N, which possessed functional MET channels at postnatal day (P)6 but became deaf before P21. These
                    Tmc1
                    mutants had channels with reduced Ca
                    2+
                    permeability and lower expression of the PMCA2 calcium pump in outer hair cell (OHC) stereocilia. The reduction in PMCA2 density was directly correlated with reduced Ca
                    2+
                    entry via the MET channel. Over the first postnatal week, PMCA2 expression decreased in cochlear cultures containing lowered extracellular Ca
                    2+
                    , but after P11, PMCA2 density was insensitive to Ca
                    2+
                    changes. The lower PMCA2 density in mutants was maintained into adulthood and may contribute to hair cell death. Before the onset of hearing, PMCA2 continuously turns over, and its insertion into stereocilia from an identified vesicular compartment is regulated by cytoplasmic [Ca
                    2+
                    ]. PMCA2 turnover was strongly inhibited by the endocytosis blocker, Pitstop2, and by PtdIns(4,5)P
                    2
                    blockers like phenylarsine oxide (PAO), which was shown to elevate stereociliary [Ca
                    2+
                    ]. We argue the effects of PAO on mechanotransduction may be partly due to this Ca
                    2+
                    increase. OHC bundles also expressed Neuroplastin (NPTN), a PMCA2 accessory protein, whose development paralleled PMCA2, and we propose it stabilizes the pump complex in stereocilia. NPTN expression was delayed about 2 d relative to PMCA2 and was less Ca
                    2+
                    sensitive, implying it originates from a different internal pool of vesicles.",crossref,0
Guiding covalent catalysis enables a carbon-inserting rearrangement in molybdenum cofactor biosynthesis,https://www.pnas.org/doi/abs/10.1073/pnas.2618523123?mi=eymic2&af=R&access=on&content=articlesChapters&publication=pnas&sortBy=Earliest&target=default,Proceedings of the National Academy of Sciences: Keyword search for query,2026-08-04 07:00:00 UTC,2026-08-04 07:00:00+00:00,10.1073/pnas.2618523123,Kenichi Yokoyama,"Many enzymes catalyze chemically complex rearrangement reactions, yet the molecular strategies that enable precise atomic control often remain enigmatic. One of Nature’s most intricate examples occurs in the biosynthesis of the molybdenum cofactor (Moco), a pterin-based cofactor essential to all domains of life. Formation of Moco’s characteristic pyranopterin requires a remarkable rearrangement of GTP, in which the C8 atom of the guanine base is inserted between the C-2′ and C-3′ atoms of ribose. Remarkably, this transformation is catalyzed by a single enzyme, MoaC, yet how MoaC orchestrates this rearrangement remains unclear. Here, we show that MoaC employs an unexpected covalent catalytic mechanism. Using chemical trapping, enzyme kinetics, mass spectrometry, and X-ray crystallography, we identified four kinetically relevant covalent intermediates. The transient covalent linkage forms between Lys131 and the substrate-derived C-8 atom and persists across most catalytic steps. While covalent catalysis is classically viewed as a means of substrate activation, the primary function of the transient covalent linkage in MoaC is to govern the spatial trajectory of the reacting carbon center. We term this catalytic strategy guiding covalent catalysis. This mechanism explains the long-standing absence of diffusible intermediates during MoaC catalysis and revises prevailing noncovalent models of Moco and pterin biosynthesis. Together, our findings establish guiding covalent catalysis as a distinct functional mode that enables precise spatial control in complex biochemical transformations and suggest that analogous guiding roles may operate in the biosynthesis of other cofactors.",crossref,0
Cytoplasmic fluidity couples nutrient availability and enterocyte fate in vivo,https://www.pnas.org/doi/abs/10.1073/pnas.2602724123?mi=eymic2&af=R&access=on&content=articlesChapters&publication=pnas&sortBy=Earliest&target=default,Proceedings of the National Academy of Sciences: Keyword search for query,2026-08-04 07:00:00 UTC,2026-08-04 07:00:00+00:00,10.1073/pnas.2602724123,Sa Kan Yoo,"Cells must continuously adapt their internal state to fluctuating nutritional environments. For the adaptation, cells sense distinct nutrients through specific molecular signals, such as the insulin and mTOR pathways. Here, in addition to the conventional nutrient-sensing mechanisms, we reveal a mechanistic layer by which gut enterocytes respond to dietary contents, demonstrating that nutritional components in food regulate cytoplasmic fluidity, a fundamental biophysical property and determine cellular status. We found that the quantity, rather than the quality, of amino acids alters the nanoscale cytoplasmic fluidity in
                    Drosophila
                    enterocytes and the frequency of erebosis, a nonapoptotic cell death mediating intestinal cell turnover. Manipulating cytoplasmic fluidity through several independent inert small viscogen molecules affects erebosis, indicating that intracellular fluidity can directly control cell fate decisions. We propose that intracellular nanoscale fluidity represents a fundamental principle for enterocytes to detect and adapt to dietary components, providing a biophysical basis for cellular homeostasis in vivo.",crossref,0
High‐Entropy‐Tailored d−p Orbital Hybridization in Na3V2(PO4)2O2F Cathodes for Durable Sodium‐Ion Batteries,https://advanced.onlinelibrary.wiley.com/doi/10.1002/aenm.71389?af=R,Wiley: Advanced Energy Materials: Table of Contents,2026-08-04 07:24:51 UTC,2026-08-04 07:24:51+00:00,10.1002/aenm.71389,Liang Zhang,"ABSTRACT
                  
                    Polyanionic compounds are promising cathodes for sodium‐ion batteries (SIBs) owing to their robust structural frameworks and high operating voltage. However, their practical applications are hindered by poor intrinsic electronic conductivity alongside irreversible structural deterioration over deep desodiation. To overcome these issues, herein we report a high‐entropy Na
                    3
                    V
                    2
                    (PO
                    4
                    )
                    2
                    O
                    2
                    F by incorporating multivalent cations (Cr
                    3+
                    , Mn
                    2+
                    , Fe
                    3+
                    , Co
                    2+
                    , Al
                    3+
                    ) into the V
                    4+
                    sites to rationally modulate V 3
                    d
                    −O/F 2
                    p
                    orbital hybridization. The comprehensive characterization results indicate that the high‐entropy modulation triggers an intricate charge redistribution that drives a dual strengthened
                    d
                    −
                    p
                    orbital hybridization: on the one hand, the strengthened σ‐type hybridization enhances the V−O covalency, endowing the framework with exceptional rigidity to mitigate volume variation; on the other hand, the concurrently enhanced π‐type hybridization via t
                    2g
                    orbital modulation leads to improved intrinsic electronic conductivity. Because of these advantages, a synchronous surface‐to‐bulk vanadium redox reaction with highly reversible and durable dynamic evolution is achieved. Consequently, the designed Na
                    3
                    V
                    2
                    (PO
                    4
                    )
                    2
                    O
                    2
                    F cathode delivers a high reversible capacity of 127.2 mAh g
                    −
                    1
                    at 0.5 C with robust long‐term cycling stability. This study provides deep insights into developing high‐performance SIBs through localized orbital engineering by entropy modulation.",crossref,0
Perfluorinated Asymmetric Magnesium Salts Enable Stable and Dendrite‐Free Magnesium Batteries,https://advanced.onlinelibrary.wiley.com/doi/10.1002/aenm.71383?af=R,Wiley: Advanced Energy Materials: Table of Contents,2026-08-04 07:26:18 UTC,2026-08-04 07:26:18+00:00,10.1002/aenm.71383,Junwu Zhu,"ABSTRACT
                  
                    Rechargeable magnesium batteries face instability and irregular deposition, which lead to dendritic growth, low Coulombic efficiency, and poor cycle life. In this study, we propose a perfluorinated asymmetric magnesium salt (Mg(PFBS)
                    2
                    ) to regulate magnesium‐ion deposition and improve interfacial stability. The PFBS
                    –
                     anion tailors the solvation structure and optimizes the electric double layer (EDL), promoting Mg
                    2+
                    desolvation and suppressing solvent decomposition. Based on diffusion‐controlled theory, we introduce Damköhler (Da) and Wagner (Wa) numbers to elucidate the competition between electrochemical reaction kinetics and atomic/ionic diffusion governing Mg deposition behavior. Experimental and theoretical analyses indicate that PFBS
                    −
                    preferentially adsorbs on the Mg(002) plane, forming a Mg‐PFBS
                    −
                    interfacial layer that induces epitaxial growth dominated by Mg(002) orientation, significantly improving deposition uniformity. The strong electron‐withdrawing perfluorinated structure further enables preferential anion reduction, forming an inorganic‐rich, dense, and stable solid electrolyte interphase (SEI). Electrochemical measurements demonstrate that Mg||Mg symmetric cells maintain stable cycling for over 1800 h at 0.1 mA cm
                    −2
                    and 0.05 mAh cm
                    −2
                    , with an average Coulombic efficiency of 99.47%. Furthermore, Mg||Mo
                    6
                    S
                    8
                    full cells exhibit superior rate capability and long‐term cycling stability, retaining 88.6% capacity after 380 cycles at 1 C. This study offers an effective electrolyte design strategy high‐energy‐density and safe magnesium batteries.",crossref,0
Mechanism‐Driven Atomic‐Level Engineering Over RuO2‐Based Catalysts for Proton Exchange Membrane Water Electrolysis,https://advanced.onlinelibrary.wiley.com/doi/10.1002/aenm.71381?af=R,Wiley: Advanced Energy Materials: Table of Contents,2026-08-04 07:30:07 UTC,2026-08-04 07:30:07+00:00,10.1002/aenm.71381,Zongping Shao,"ABSTRACT
                  
                    Proton Exchange Membrane Water Electrolysis (PEMWE) device with merits of high energy efficiency, rapid response, and operational flexibility represents one of the most promising technologies for green hydrogen production. However, the overall hydrogen production efficiency in PEMWEs is frequently constrained by kinetic limitations of the anodic oxygen evolution reaction (OER), due to intricate multi‐step proton‐electron transfer processes. RuO
                    2
                    ‐based catalysts remain limited stability, primarily due to intrinsic Ru site overoxidation and lattice oxygen loss during operation, which motivates intensive study into their understanding and mitigating these inactivation mechanisms. Different from traditional surface scale optimization, recent advances in RuO
                    2
                    catalyst have focused on mechanism‐driven atomic‐level engineering modification of both Ru sites and coordination environment to simultaneously enhance catalytic activity and stability. However, a comprehensive understanding that bridges the mechanistic complexity of OER with targeted atomic‐scale intervention remains elusive, in response, this review provides a comprehensive overview of recent advances in RuO
                    2
                    ‐based nanocatalysts, with an emphasis on OER mechanisms, advanced in‐situ/operando characterizations in PEMWE, and mechanism‐based strategies for regulating stability at the atomic scale. Ultimately, this review concludes by delineating the primary challenges and outlining promising future research directions essential for advancing the practical application of RuO
                    2
                    catalysts in PEMWEs.",crossref,0
Exceptional Ductility in N‐Type Bi2Te3 Enabled by Atomic‐Scale Coulomb Tailoring of the Van Der Waals Gap,https://advanced.onlinelibrary.wiley.com/doi/10.1002/aenm.71385?af=R,Wiley: Advanced Energy Materials: Table of Contents,2026-08-04 07:32:37 UTC,2026-08-04 07:32:37+00:00,10.1002/aenm.71385,Jun Jiang,"ABSTRACT
                  
                    Inorganic semiconductors underpin modern electronics but suffer from their intrinsic brittleness that constrains functional applications. Here, we demonstrate a plasticity engineering strategy for layered semiconductor Bismuth Telluride via atomic‐scale Coulomb tailoring. By establishing long‐range interlayer Coulomb attraction through strategic doping in the van der Waals gap, the brittle Bi
                    2
                    Te
                    3
                    is successfully transformed into highly deformable semiconductors. Importantly, this strategy preserves the in‐plane electrical transport, which achieves &gt;90% room‐temperature compressive strain while retaining an exceptional peak
                    zT
                    of 1.2 at 350 K. The decoupled nature of interlayer Coulomb interaction and in‐plane covalent bonding enables concurrent plasticity enhancement and electronic property conservation. This work establishes a general design principle, leveraging the decoupling between interlayer and in‐plane interactions, for developing deformable semiconductors without compromising their electronic properties.",crossref,0
Network‐Structured All Organic Composite for High‐Temperature Capacitive Energy Storage,https://advanced.onlinelibrary.wiley.com/doi/10.1002/aenm.71395?af=R,Wiley: Advanced Energy Materials: Table of Contents,2026-08-04 07:39:47 UTC,2026-08-04 07:39:47+00:00,10.1002/aenm.71395,Yang Liu,"ABSTRACT
                  
                    High‐temperature dielectric polymers are promising for advanced power electronics and electrical systems but often suffer from thermally activated charge transport and breakdown under harsh operating conditions. Here, we demonstrate that high‐loading low‐molecular‐weight oligomeric arylene ether urea (O‐EEU) can regulate charge transport in polyetherimide (PEI) through network‐mediated matrix partitioning. At the optimized loading, O‐EEU forms an O‐EEU‐rich network within the PEI matrix, converting the originally continuous PEI phase into localized compartments. This compartmentalized architecture induces charge‐path segmentation and spatially confines carrier motion, thereby suppressing leakage conduction and delaying the formation of continuous breakdown channels. Meanwhile, the polar urea in O‐EEU contributes to additional dipolar polarization. As a result, the optimized PEI/O‐EEU composite exhibits a dielectric constant of 4.22 and a breakdown strength of 797 MV m
                    −1
                    at 150°C, giving rise to a discharged energy density of 9.05 J cm
                    −3
                    with a charge–discharge efficiency above 90%, along with excellent cycling stability and self‐clearing capability. This work converts high‐loading oligomer incorporation from a risky aggregation induced by conventional filler inclusion into an internal matrix‐partitioning strategy for charge‐transport regulation, unlocking the door for rational design of high‐temperature dielectric energy storage.",crossref,0
Garnet‐Induced Amorphization of Fluoride Solid Electrolyte Interlayer Enables High‐Voltage and Large‐Capacity Lithium Metal Solid‐State Batteries,https://advanced.onlinelibrary.wiley.com/doi/10.1002/aenm.71375?af=R,Wiley: Advanced Energy Materials: Table of Contents,2026-08-04 07:49:58 UTC,2026-08-04 07:49:58+00:00,10.1002/aenm.71375,Chilin Li,"ABSTRACT
                  
                    Garnet‐type solid‐state electrolyte Li
                    6.5
                    La
                    3
                    Zr
                    1.5
                    Ta
                    0.5
                    O
                    12
                    (LLZTO) has garnered significant attention owing to its high Li‐ion conductivity at room temperature (RT) and good electrochemical stability with Li metal. However, it presents the challenges in terms of high resistance at electrolyte/electrode interfaces, coupled with the growth of lithium dendrites along grain boundaries within garnet. These challenges have been proven to be related to a thick passivation layer of Li
                    2
                    CO
                    3
                    formed on LLZTO surface. Here, we propose a garnet‐induced amorphization strategy of fluoride solid electrolyte (Li
                    2
                    SiF
                    6
                    ) interlayer with enhanced ionic conductivity (1.32 × 10
                    −6
                    S/cm at RT) and electronic insulation to address these challenges. The Li metal symmetric cells exhibit negligible interfacial resistance (≈1 Ω cm
                    2
                    ) and achieve a record‐high critical current density of 4.4 mA/cm
                    2
                    at RT. The outstanding high‐voltage stability of Li
                    2
                    SiF
                    6
                    contributes to enhance the oxidation capacity of the LLZTO system. The batteries coupled with LiNi
                    0.8
                    Co
                    0.1
                    Mn
                    0.1
                    O
                    2
                    with a loading of 4.3 mg/cm
                    2
                    exhibit stable long‐term cycling up to 4.5 V. The all‐solid‐state conversion reaction batteries, with a high loading of FeF
                    3
                    cathode up to 5 mg/cm
                    2
                    , achieve a high reversible capacity close to 500 mAh/g. This study inspires the positive modulation of ceramic oxides on fluoride solid electrolytes and their multi‐functions on both anode and cathode.",crossref,0
Breaking the Polarity–Coordination Coupling in Electrolyte Design for High‐Voltage Lithium Batteries,https://advanced.onlinelibrary.wiley.com/doi/10.1002/aenm.71380?af=R,Wiley: Advanced Energy Materials: Table of Contents,2026-08-04 07:59:23 UTC,2026-08-04 07:59:23+00:00,10.1002/aenm.71380,Shan Fang,"ABSTRACT
                  
                    Electrolyte design is fundamentally constrained by the trade‐off between high solvent polarity and weak Li
                    +
                    solvation, as polar solvents typically bind Li
                    +
                    strongly. Here, we establish a steric–electronic modulation strategy that decouples solvent polarity from Li
                    +
                    coordination, enabling a generalizable pseudo‐weak solvation electrolyte design paradigm. Based on this principle, a steric hindrance–mediated electrolyte is developed combining 2,2,2‐trifluoro‐N, N‐dimethylethylamide (DMTFA) and fluoroethylene carbonate (FEC) with dual lithium salts. Despite its strong polarity, DMTFA exhibits weak Li
                    +
                    coordination due to the combined steric hindrance and electron‐withdrawing effects of the ‐CF
                    3
                    group, enabling anion‐ dominated solvation structures. This coordination chemistry lowers Li
                    +
                    desolvation barriers and drives the preferential adsorption of a B‐ and P‐rich interphase layer at the cathode surface, thereby protecting the cathode from HF corrosion. The resulting electrolyte achieves high ionic conductivity, intrinsic flame retardancy, and an electrochemical stability window exceeding 5.0 V. Cells employing LiNi
                    0.91
                    Co
                    0.06
                    Mn
                    0.03
                    O
                    2
                    cathodes demonstrate a capacity retention of over 90.0% after 100 cycles at 1 C rate and 4.8 V charge cut‐off. The electrolyte enables approximately 1.6 Ah pouch cells to retain 84.97% capacity after 1800 cycles at 4.6 V.",crossref,0
Achieving Synergistic Kinetics and Stability in Li‐Rich Mn‐Based Oxides via AlPO4‐Assisted Multi‐Scale Regulation,https://advanced.onlinelibrary.wiley.com/doi/10.1002/aenm.71400?af=R,Wiley: Advanced Energy Materials: Table of Contents,2026-08-04 08:12:51 UTC,2026-08-04 08:12:51+00:00,10.1002/aenm.71400,Zhenbo Wang,"ABSTRACT
                  
                    Realizing the full potential of Li‐rich Mn‐based oxides (LRMOs) is contingent upon overcoming the intrinsic conflict between sluggish anionic redox kinetics and structural instability. Conventional modification approaches often fail to harmonize kinetic enhancement with cycling longevity. Herein, we report an AlPO
                    4
                    ‐assisted high‐temperature lithiation strategy to achieve multi‐scale synergistic regulation of LRMOs. This innovative approach simultaneously optimizes particle morphology, stabilizes the surface/interface chemistry, and reinforces the bulk lattice integrity: The well‐controlled moderate‐sized primary particles effectively shorten the Li
                    +
                    diffusion path to boost kinetics; the Al‐rich near‐surface barrier and in situ formed Li
                    3
                    PO
                    4
                    coating synergistically construct a highly stable interface against electrolyte corrosion; the bulk Al/P co‐doping optimizes the electronic structure and stabilizes the lattice oxygen framework; meanwhile, the quasi‐ordered superlattice enables precise tailoring of interlayer stacking and mitigates cycling‐induced lattice strain. Benefiting from this synergistic modification, the optimized LRMO delivers a high capacity of ∼ 240 mAh g
                    −1
                    at 1 C with 82.5% retention over 500 cycles at 25°C. It also exhibits robust high‐temperature performance (∼ 270 mAh g
                    −1
                    , 82.3% retention after 200 cycles at 50°C). Notably, a 1 Ah pouch cell maintains 68.4% capacity after 1000 cycles, validating the practical feasibility of this strategy for advanced high‐energy batteries.",crossref,0
Cascade Solvation Refinement for High‐Voltage Lithium Metal Batteries,https://advanced.onlinelibrary.wiley.com/doi/10.1002/adma.74446?af=R,Wiley: Advanced Materials: Table of Contents,2026-08-04 13:04:15 UTC,2026-08-04 13:04:15+00:00,10.1002/adma.74446,Xiulin Fan,"ABSTRACT
                  
                    Unstable interfacial chemistry in Li metal batteries originates from the limited accessibility of anions at electrified interfaces, even in the electrolytes designed with anion‐coordinated solvation structures. Here we report a cascade solvation refinement (CSR) strategy that enables molecular‐level control over the size and dynamics of anion‐coordinated Li
                    +
                    clusters. This design principle is governed by the synergy between anion‐anion repulsion and average polarizability, which together dictate cluster miniaturization and anion‐exchange dynamics. By sequentially incorporating, bis(oxalate)borate (BOB
                    −
                    ) and bis(trifluoromethanesulphonyl)imide (TFSI
                    −
                    ) into a bis(fluorosulfonyl)imide (FSI
                    −
                    ) saturated electrolyte, the solvation environment evolves toward compact, highly dynamic Li
                    +
                    ‐anion clusters with accelerated anion‐exchange kinetics. The BOB
                    −
                    and TFSI
                    −
                    co‐refined electrolyte sustains continuous anion availability at electrode interfaces, facilitates the formation of robust inorganic‐rich interphases, and suppresses solvent‐dominated side reactions. Notably, the refined solvation structure also compresses the electric double layer, enabling anion‐coordinated solvation structures to approach the electrode surface more closely and construct inorganic interphases. Consequently, 4.4 V Li‐metal pouch cells with practical Ah‐level capacities (&gt;4 Ah), as well as the large‐format 20 Ah cells, exhibit markedly extended cycling stability and high gravimetric energy density (&gt;540 Wh kg
                    −1
                    ). These results highlight the CSR approach as a powerful platform for advancing practical, high‐energy batteries.",crossref,0
Universal Sacrificial Coordination Strategy for ALD‐Resilient SAMs Achieving High‐Performance Perovskite/Organic Tandem Solar Cells,https://advanced.onlinelibrary.wiley.com/doi/10.1002/adma.74461?af=R,Wiley: Advanced Materials: Table of Contents,2026-08-04 13:05:21 UTC,2026-08-04 13:05:21+00:00,10.1002/adma.74461,Yaowen Li,"ABSTRACT
                  
                    Perovskite/organic tandem solar cells (TSCs) offer a compelling route to surpass the Shockley–Queisser limit. In these TSCs, the self‐assembled monolayer (SAM), functioning as the hole extraction layer, critically governs the interfacial properties and device performance. Atomic layer deposition (ALD) is a promising technique to grow dense, pinhole‐free oxides on SAMs for improved wettability and leakage blocking. However, the detrimental reaction between the ALD precursor and SAM anchoring groups, which causes SAM desorption and severe current leakage, is a widespread and unresolved issue. To address this fundamental challenge, we developed a universal sacrificial coordination (SC) strategy by introducing a multifunctional 6‑hydroxy‑4‑(trifluoromethyl)nicotinic acid (HTFNA) into SAM precursors. HTFNA can suppress SAM molecular aggregation through hydrogen bonding, preferentially react with the ALD precursor to shield the anchored SAM, and increase the work function for favorable interfacial energy level alignment. This strategy demonstrates broad applicability across various SAM‐based devices. The champion perovskite/organic TSCs deliver a remarkable efficiency of 27.03% (certified of 26.56%; 0.062 cm
                    2
                    ). Moreover, the reinforced SAM/perovskite heterointerface exhibits substantially enhanced adhesion according to the ASTMD3359 standard, leading to superior operational stability (
                    T
                    90
                    of 1265 h) and ambient storage performance (
                    T
                    90
                    of 2037 h; ISOS‐D‐1 protocol).",crossref,0
A Universal Quasi‐Atom Interaction Model and Application in Designing Single‐Atom Catalysts for Alkali–Metal Chalcogenide Batteries,https://advanced.onlinelibrary.wiley.com/doi/10.1002/adma.74445?af=R,Wiley: Advanced Materials: Table of Contents,2026-08-04 13:07:31 UTC,2026-08-04 13:07:31+00:00,10.1002/adma.74445,Chengxin Wang,"ABSTRACT
                  
                    A deep understanding of reactant adsorption behaviors is crucial for unraveling structure–activity relationships and identifying simple descriptors for the kinetics of multi‐electron redox reactions, such as the sulfur redox process in Li–S batteries (LSBs). Recently, the “10‐electron rule” for evaluating the adsorption strength of single atoms (
                    E
                    ads
                    ) has been established for free‐atom‐like single‐atom alloys (SAAs). However, our density‐functional theory calculations show that this rule is unfeasible for single‐atom catalysts (SACs) with metal centers covalently coordinated by nonmetal atoms. Herein, we proposed a new 18‐electron rule for covalent SACs by establishing the quasi‐atom interaction model (
                    Q
                    ‐AIM), which interprets the U‐type behavior of
                    E
                    ads
                    (S) dominated by antibonding‐orbital filling. Additional calculations demonstrate that
                    E
                    ads
                    (S) can serve as an efficient descriptor of the kinetics of sulfur redox involving multiatom polysulfides. Then, guided by the efficient predictor and
                    Q
                    ‐AIM, we employed machine learning to screen ∼800,000 candidate SACs. Ultimately, we obtained over 400 and 8000 promising SACs for sulfur evolution and sulfur reduction, respectively. Furthermore,
                    E
                    ads
                    (S) can be extended to predict the catalytic performance of SACs in Li/Na/K‐S/Se batteries. This work not only simplifies complex multi‐electron processes to single‐atom adsorption energy but also establishes a link between occupied electronic states and the catalytic performance of SACs.",crossref,0
Halogen‐Bonding‐Assisted Synthesis of CsPbI3 Perovskite Nanocrystal Emission Materials for Stable and Efficient Pure‐Red LEDs,https://advanced.onlinelibrary.wiley.com/doi/10.1002/adma.74435?af=R,Wiley: Advanced Materials: Table of Contents,2026-08-04 13:10:54 UTC,2026-08-04 13:10:54+00:00,10.1002/adma.74435,Guojie Wang,"ABSTRACT
                  
                    Perovskite nanocrystals (NCs) demonstrate exceptional potential as emitters to address Rec. 2020 standards for wide color gamut displays. However, the pure‐red‐targeted CsPbI
                    3
                    NCs generally suffer from imprecise synthetic control over emission wavelength and from structural instabilities that significantly diminish performance. We report a novel halogen engineering framework that addresses the otherwise unfavorable wavelength‐efficiency‐stability nexus. Our approach leverages surface I
                    −
                    ···I
                    2
                    interactions to simultaneously unlock exceptional optical characteristics and the elusive structural robustness needed for application. It achieves: (i) controlled quantum‐confinement‐tuned emission wavelength, (ii) near‐unity photoluminescence (PL) quantum yield through iodide vacancy defect management, and (iii) excellent environmental stability, even under harsh (85°C/85%) temperature and humidity conditions, through lattice‐distortion suppression. Rec. 2020 compliant, 638 nm peak light‐emitting diodes (LEDs) are then demonstrated with Commission Internationale de l'Éclairage coordinates (X, Y) = (0.703, 0.297), 22% external quantum efficiency, luminance ≥ 11,000 cd m
                    −2
                    , and long lifetime, establishing a materials‐by‐design paradigm for advancing next‐generation perovskite display technologies.",crossref,0
Correction to “Elastomeric Micro‐Balloons for Remote Control of Cerebral Blood Flow and Real‐Time In vivo Imaging of Rodent Brain Response to Hypoperfusion”,https://advanced.onlinelibrary.wiley.com/doi/10.1002/adma.74451?af=R,Wiley: Advanced Materials: Table of Contents,2026-08-04 13:12:55 UTC,2026-08-04 13:12:55+00:00,10.1002/adma.74451,,,,0
"Phosphonate‐Pillared High‐Entropy MXene Separator Enabling Ion‐Sieving, Flame‐Retardant, and Energy/Power‐Dense Lithium Metal Pouch Cells",https://advanced.onlinelibrary.wiley.com/doi/10.1002/adma.74494?af=R,Wiley: Advanced Materials: Table of Contents,2026-08-04 13:13:56 UTC,2026-08-04 13:13:56+00:00,10.1002/adma.74494,Yue Ma,"ABSTRACT
                  
                    Coupling Ni‐rich cathodes with lithium metal anodes offers a compelling route to high‐energy‐density batteries, yet cation crosstalk from cathode dissolution destabilizes the anode interface, accelerates dendritic protrusion, and can trigger thermal runaway. Herein, we report an ion‐sieving, flame‐retardant separator based on a phosphonate‐pillared high‐entropy (HE) MXene (TiVNbMoC
                    3
                    /Tppm) functional layer that addresses these coupled failure modes. Through topological exfoliation, tetraphosphonate (TppmH
                    8
                    ) ligands act as molecular pillars to expand the TiVNbMoC
                    3
                    interlamellar spacing to 18.5 Å, enabling a 95% yield of few‐layer (&lt; 5 layers) nanosheets. The HE architecture constructs rapid and homogeneous Li
                    +
                    conduction pathways with a diffusion barrier of 0.179 eV while sequestering 82% of dissolved transition metals. The composite separator delivers an Li
                    +
                    transference number of 0.77, tensile strength of 95.17 MPa, and thermal stability at 180°C. The regulated nanochannels also facilitate stable interfacial chemistry at the Li‐metal anode. In 1.0 Ah NCM811||Li pouch cells under lean‐electrolyte conditions, it achieves 87.1% capacity retention after 200 cycles, gravimetric/volumetric energy densities of 411.8 Wh kg
                    −1
                    /838.2 Wh L
                    −1
                    , and a power density of 1127.0 W kg
                    −1
                    . Phosphonate‐derived PO· radicals and MXene‐derived ceramic char synergistically suppress thermal propagation, enabling stable operation during thermal chamber testing.",crossref,0
Interconnected Closed Pores Enable Dense and Facile Sodium Storage in Hard Carbon,https://advanced.onlinelibrary.wiley.com/doi/10.1002/adma.74503?af=R,Wiley: Advanced Materials: Table of Contents,2026-08-04 13:17:09 UTC,2026-08-04 13:17:09+00:00,10.1002/adma.74503,Feng Pan,"ABSTRACT
                  
                    Achieving a high plateau capacity in hard carbon (HC) anodes is one of the most critical prerequisites for high‐energy‐density sodium–ion batteries (SIBs), yet it is fundamentally limited by inaccessible closed pores formed during conventional high‐temperature annealing. Here, we propose a potentially scalable oxidation‐reconfiguration strategy to unlock its latent capacity. By coupling controlled oxidative etching with subsequent thermal reconstruction, an interconnected closed‐pore network is constructed. Oxidative pretreatment opens blocked channels and interconnects isolated voids, while reconstruction promotes void fusion, generating accessible internal reservoirs for the nucleation and storage of quasi‐metallic sodium clusters. This structural evolution and storage mechanism are elucidated by total neutron scattering, SAXS, in situ techniques, and simulations. As a result, the optimized ICP‐HC anode delivers reversible capacity 437 mAh g
                    −1
                    with an initial Coulombic efficiency of 91.5%. It achieves an initial discharge plateau capacity of 399 mAh g
                    −1
                    with fast kinetics (300 mAh g
                    −1
                    at 2C), overcoming the capacity‐rate trade‐off. Furthermore, an NVP//ICP‐HC full cell shows excellent rate capability (96 mAh g
                    −1
                    at 5C) and stable cycling (95% retention over 200 cycles at 1C). This work provides a scalable strategy for advanced carbon anodes in high‐energy‐density SIBs.",crossref,0
Full‐Active‐Unit Molecular Design Strategy Enabling High‐Capacity and Stable Quinone Organic Cathodes for Lithium‐Ion Batteries,https://advanced.onlinelibrary.wiley.com/doi/10.1002/adma.74442?af=R,Wiley: Advanced Materials: Table of Contents,2026-08-04 13:17:17 UTC,2026-08-04 13:17:17+00:00,10.1002/adma.74442,Yuesheng Li,"ABSTRACT
                  
                    Redox‐active quinones have emerged as promising organic cathode materials (OCMs) for next‐generation lithium‐ion batteries (LIBs). However, their practical application is hindered by rapid dissolution in organic electrolytes and the common molecular design trade‐off where the introduction of non‐active structural motifs diminishes the specific capacity. To address these challenges, we propose a full‐active‐unit molecular design strategy. This approach connects two quinone (9,10‐anthraquinone or 9,10‐phenanthrenequinone) units via C─C single bond to a high‐capacity pyrene‐4,5,9,10‐tetraone core, aiming for both low solubility and high specific capacity. Accordingly, we synthesized 2,7‐bis(9,10‐anthraquinonyl)pyrene‐4,5,9,10‐tetraone (BAPO) and 2,7‐bis(9,10‐phenanthraquinonyl)pyrene‐4,5,9,10‐tetraone (BPPO), both exhibiting low solubility. Electrochemical tests revealed excellent cell performance, particularly for the BAPO cathode, which delivered a high capacity of 317.5 mAh g
                    −
                    1
                    at 0.2 C and demonstrated exceptional long‐term cycling stability with 70.2% capacity retention after 9000 cycles at 5 C. This work provides a new molecular design concept for developing quinone cathode materials that simultaneously achieve high capacity and long cycle life.",crossref,0
Tissue‐Integrated Hydrogel Battery‐Enabled Electroceutical for Cardiac Arrhythmia Management,https://advanced.onlinelibrary.wiley.com/doi/10.1002/adma.74488?af=R,Wiley: Advanced Materials: Table of Contents,2026-08-04 13:22:08 UTC,2026-08-04 13:22:08+00:00,10.1002/adma.74488,Gordon Wallace,"ABSTRACT
                  
                    Conventional implantable bioelectronic devices for cardiac arrhythmia management are bulky, invasive, prone to mechanical failure and immune rejection. Here, we introduce a standalone bioadhesive hydrogel battery‐enabled electroceutical device that seamlessly interfaces with cardiac tissue, enabling rapid electrochemical modulation of cardiac rhythm. Constructed from dynamic supermolecular hydrogels, the device achieves strong electrode–electrolyte adhesion and suture‐free integration with biological tissue (adhesion energy &gt; 200 J m
                    −2
                    ). It provides stable in vivo voltage outputs (0.90–1.17 V) for 14 days while suppressing immune response as indicated by downregulating inflammatory biomarkers. The battery discharge enhances cardiomyocyte contraction, promotes cell junction protein expression, and mediates cardiac arrhythmias in ex vivo rat hearts. Adhering directly to the myocardium without surgical fixation, the device generates sustained electrical stimulation for bradycardia correction and low‐energy defibrillation, restoring sinus rhythm within seconds (5–10 s) in a rat model. This tissue‐integrated electroceutical offers a promising alternative during cardiac surgery to treat arrhythmia by enhancing tissue integration and minimizing foreign‐body response.",crossref,0
Reciprocating Charge Circulation‐Driven Superlinear Output Scaling of Triboelectric Nanogenerator Arrays,https://advanced.onlinelibrary.wiley.com/doi/10.1002/adma.74434?af=R,Wiley: Advanced Materials: Table of Contents,2026-08-04 13:22:17 UTC,2026-08-04 13:22:17+00:00,10.1002/adma.74434,Xiaojun Cheng,"ABSTRACT
                  Stacking and arraying triboelectric nanogenerators (TENGs) represents an essential pathway toward practical, large‐scale mechanical energy harvesting. However, standard parallel arrays yield a mere linear summation at best, which in practice frequently degrades into sub‐linear outputs (1+1≤2) due to intrinsic power losses and phase mismatches. Here, we report a synergistic phase‐reconfigurable switching strategy that breaks this bottleneck through cyclic charge circulation. Synchronizing dynamic network topology with intrinsic capacitance variations induces a cyclic charge compounding effect. This reciprocal flow enhances localized electrostatic induction, forming a feedback loop that boosts transferred charge and short‐circuit current by 471% and 246%, respectively, yielding a 976% power enhancement over parallel arrays, thereby demonstrating “1+1&gt;2” performance enhancement. Crucially, this robust growth accommodates variable phase differences and asynchronous cycles across diverse modes, yielding 3.2‐ and 7.9‐fold enhancements in charge and current for a hybrid contact‐separation/sliding system. Furthermore, the strategy swiftly recovers from air breakdown, clearing reversed charges in just 27.34 s, far superior to conventional parallel arrays. Demonstrating this capability, a boat‐shaped wave energy harvester delivers 2.4 µC and 0.35 mA for wireless multi‐parameter environmental monitoring. This work overcomes a critical barrier in interconnected TENG networks, establishing a robust framework for high‐performance, large‐scale energy harvesting systems.",crossref,0
Lighting up Metal Nanoclusters as Promising Molecular Emitters,https://advanced.onlinelibrary.wiley.com/doi/10.1002/adma.74472?af=R,Wiley: Advanced Materials: Table of Contents,2026-08-04 13:23:13 UTC,2026-08-04 13:23:13+00:00,10.1002/adma.74472,Jianping Xie,"ABSTRACT
                  
                    Atomically precise metal nanoclusters (NCs) have emerged as promising optical materials in recent years. At the transition size between metal atoms and plasmonic metal nanoparticles, metal NCs exhibit elusive mechanisms underlying their photoluminescence (PL) properties. This fundamental understanding not only requires establishing a correlation with charge carrier dynamics, but can shed light on the design of metal NCs with desired optical properties. This
                    Review
                    discusses the charge carrier dynamics contributing to PL, including excitation, transition, and relaxation, highlighting the critical roles of the structure and active surface of metal NCs. Additionally, metal NCs can serve as building blocks or precursors to tailor PL properties through intermolecular interactions. Finally, we summarize emergent applications and highlight the challenges and opportunities for photoluminescent metal NCs, hoping that this work will stimulate more research on fundamental understanding and applications.",crossref,0
An Electrode‐Less Fiber Battery With 600 Wh/L‐Level Volumetric Energy Density Enabled by Dynamic Deposition Chemistry,https://advanced.onlinelibrary.wiley.com/doi/10.1002/adma.74443?af=R,Wiley: Advanced Materials: Table of Contents,2026-08-04 13:26:15 UTC,2026-08-04 13:26:15+00:00,10.1002/adma.74443,Bingjie Wang,"ABSTRACT
                  Aqueous fiber batteries are essential for next‐generation wearable electronics due to their inherent safety, low cost, and environmental friendliness. However, the low volumetric energy density (&lt;100 Wh/L), stemming from the contradiction of insufficient spatial utilization and limited flexibility inherent to the pre‐coated fiber electrodes, significantly hinders their practical applications. Here, we introduce an ultrathin, electrode‐less fiber battery based on the dynamic deposition chemistry to decouple volumetric energy density from mechanical robustness. This battery addresses the core inefficiency of pre‐coated fiber batteries through dynamic deposition chemistry that dissolves redox‐active materials directly into the electrolyte, thereby eliminating the need for pre‐coated electrodes. This intrinsic design minimizes inactive material volume and facilitates on‐demand electrochemical deposition during operation. Thus, the resulting fiber battery achieves a high volumetric energy density of 612 Wh/L and an ultrathin diameter of 130 µm. Furthermore, its dynamic stiffness is reduced by three orders of magnitude compared to pre‐coated counterparts. This study unveils a new technological pathway for fiber batteries with high volumetric energy density. Simultaneously, it establishes a novel, material‐efficient architectural paradigm that seamlessly integrates into high‐performance textiles, enabling future wearable devices.",crossref,0
Multifunctional Electrode/Neural Integration Interface Enabling Chronic High‐Fidelity Neural Recording and an Order‐of‐Magnitude Neuromodulation Quality,https://advanced.onlinelibrary.wiley.com/doi/10.1002/adma.74519?af=R,Wiley: Advanced Materials: Table of Contents,2026-08-04 14:04:00 UTC,2026-08-04 14:04:00+00:00,10.1002/adma.74519,Wei Zhang,"ABSTRACT
                  Neural electrodes face persistent challenges, including inflammation, biofouling, and impedance, which compromise long‐term recording and stimulation quality. Here, we introduced a multifunctional polyamino acid interface that enhances neural interfacing by combining biocompatibility, antimicrobial activity, and antifouling properties. Applied to flexible electrodes, this coating reduces foreign body reaction and preserves neuronal proximity, ensuring stable integration with brain tissue. In chronic rodent models, functionalized electrodes achieve high‐fidelity single‐unit recordings for over 300 days with significantly higher spike amplitudes and yield than bare controls. Notably, the interface enables an order‐of‐magnitude improvement in neuromodulation efficiency, evoking robust motor responses at only 2 µA compared to 100 µA for uncoated probes. Multi‐omics analysis reveals a molecularly profound alteration in the host tissue response, transitioning from a pro‐inflammatory injury signature to an attenuated inflammatory state with improved tissue homeostasis. Furthermore, the interface's resistance to biological “cementing” facilitates damage‐free electrode removal and recovery, preserving the neural architecture and enabling the possibility of chronic replacement. This universal platform offers a promising and practical strategy for the next generation of stable, clinically viable neural–computer interfaces.",crossref,0
A Self‐Strengthening Hydrogel Coating for Long‐Term Underwater Adhesion in Seawater Over 900 Days,https://advanced.onlinelibrary.wiley.com/doi/10.1002/adma.74463?af=R,Wiley: Advanced Materials: Table of Contents,2026-08-04 14:04:11 UTC,2026-08-04 14:04:11+00:00,10.1002/adma.74463,Liangmin Yu,"ABSTRACT
                  Reliable underwater adhesion is a prerequisite for the practical application of hydrogels as underwater coatings. Despite extensive efforts to enhance adhesion strength, strong initial adhesion does not ensure long‐term adhesion stability. Achieving durable underwater adhesion of hydrogels remains fundamentally challenging due to interfacial hydration and continuous water‐induced network degradation, particularly in complex aqueous environments such as seawater. To overcome these limitations, a hydrogel coating that achieves persistent underwater adhesion in natural seawater for over 900 days is developed. Strong initial adhesion is established across diverse substrates through synergistic interfacial interactions, while network integrity is maintained during prolonged immersion through multiple cooperative intermolecular interactions and continuous quinone‐mediated oxidative crosslinking. Consequently, the hydrogel exhibits persistently low water uptake (≈162 wt% after 900 days), suppresses swelling‐induced deterioration of interfacial adhesion, and maintains a shear adhesion strength of ≈110 kPa after 900 days of seawater immersion. The hydrogel coating also exhibits antibacterial and anti‐algal activity for marine antifouling, underwater superoleophobicity, and applicability as a gel electrolyte for flexible supercapacitors. This work establishes a design principle for achieving long‐term underwater functional hydrogels beyond previously reported time scales and provides a general strategy for developing continuously curing materials in underwater and marine environments.",crossref,0
Vitamin B12 Precatalyst Enables Molecular Cobalamin(II) Catalysis for Organodisulfide Anolytes in Aqueous Redox Flow Batteries,https://advanced.onlinelibrary.wiley.com/doi/10.1002/adma.74467?af=R,Wiley: Advanced Materials: Table of Contents,2026-08-04 14:06:53 UTC,2026-08-04 14:06:53+00:00,10.1002/adma.74467,Yongzhu Fu,"ABSTRACT
                  
                    Affordable and stable organodisulfide anolytes are attractive for long‐duration aqueous redox flow batteries (ARFBs) for grid energy storage. However, the sluggish redox reactions involving the cleavage/formation of sulfur–sulfur (S─S) bonds cause severe polarization and limited capacity utilization, thus hindering the practical application of organodisulfide anolytes in ARFBs. Herein, we report a homogeneous catalysis strategy employing hydroxocobalamin (Vitamin B
                    12
                    , OHCbl) as an environmentally benign and biocompatible precatalyst which can enable molecular cobalamin(II) catalysis for organodisulfide anolytes. Cobalamin(II) generated in situ by electrochemical reduction of OHCbl bidirectionally accelerates the redox reactions of S─S bonds and significantly decreases the overpotential of the ARFB with SPS (bis(sodium sulfopropyl) disulfide) anolyte from 1.24 V to 0.36 V at 40 mA cm
                    −2
                    , boosting the energy efficiency from 18% to 66%. The OHCbl‐catalyzed ARFB with 1.0 M SPS anolyte delivers a capacity of 51.45 Ah L
                    −1
                    operated at 100% state of charge and remains stable for 850 cycles at 50 mA cm
                    −2
                    with a low decay rate of 0.0189% per day. Moreover, a nearly saturated 1.3 M SPS‐based ARFB achieves 96.2% capacity utilization, corresponding to 67.05 Ah L
                    −1
                    delivered capacity. This cobalamin(II) catalysis strategy addresses the kinetic bottlenecks inherent to organodisulfide‐based anolytes for ARFBs.",crossref,0
In‐Material Self‐Adaptive Dynamic Encoding in FeOx Optomemory Device for Real‐Time Analog Signal Processing,https://advanced.onlinelibrary.wiley.com/doi/10.1002/adma.74462?af=R,Wiley: Advanced Materials: Table of Contents,2026-08-04 14:12:33 UTC,2026-08-04 14:12:33+00:00,10.1002/adma.74462,Shukai Duan,"ABSTRACT
                  
                    In‐sensor vision computing system as an emerging edge computing platform shows great potential to process dynamic information. However, it still requires an electric to reset weight, largely limiting its capability in processing complex signals. Here we propose FeO
                    x
                    optomemory that can automatically convert its states from negative photoconductance memory (NPM) to positive photoconductance memory (PPM). The formation of neutral oxygen vacancy (
                    
                      V
                      o
                    
                    ) from both the photogenerated electron‐based iron reduction process (Fe
                    3+
                    to Fe
                    2+
                    ) and the photoelectron trapping by charged oxygen vacancy (
                    
                      V
                      o
                      x+
                    
                    ) builds the NPM effect under low light dosage illumination. The decrease in
                    
                      V
                      o
                    
                    by the photogenerated hole‐based iron oxidization process (Fe
                    2+
                    to Fe
                    3+
                    ) and the increase in
                    
                      V
                      o
                      x+
                    
                    by Joule‐heating assisted photoelectron detrapping from
                    
                      V
                      o
                    
                    sites causes the automatic conversion from the NPM to the PPM when the light illumination exceeds the threshold dosage (0.72 µJ/µm
                    2
                    ). Such self‐adaptive conversion from NPM and PPM enables the FeO
                    x
                    optomemory to execute fully optical computing. The NPM effect provides rich echo states for dynamic feature encoding while the PPM initializes the encoded states, thus building a self‐adaptive reservoir computing (RC) system, yielding a recognition accuracy of 97.93%. This work provides an emerging in‐material encoding mechanism for in‐sensor edge computing system.",crossref,0
Photocatalytic CO2 Reduction to Acetone by Chiral HgS/CuO Heterojunctions,https://advanced.onlinelibrary.wiley.com/doi/10.1002/adma.74014?af=R,Wiley: Advanced Materials: Table of Contents,2026-08-04 14:13:25 UTC,2026-08-04 14:13:25+00:00,10.1002/adma.74014,Yuxi Fang,"ABSTRACT
                  
                    The efficient conversion of CO
                    2
                    into value‐added C
                    3
                    chemicals is highly desirable yet remains challenging due to the complex multi‐electron transfer and C‐C coupling processes involved. In particular, acetone is an industrially important solvent and chemical feedstock, and its direct synthesis from CO
                    2
                    via photocatalysis represents a sustainable alternative to fossil‐based routes. Herein, we report chiral CuO/HgS heterojunction photocatalysts for additive‐free photocatalytic CO
                    2
                    reduction to acetone. Chiral CuO and HgS were synthesized using chiral molecules as symmetry‐directing agents and subsequently assembled into heterojunctions with controlled handedness combinations. Structural and spectroscopic analyses confirm the successful construction of chiral interfaces. Photocatalytic tests reveal that the heterojunction catalysts exhibit significantly enhanced CO
                    2
                    conversion efficiency and acetone selectivity compared to single components. The optimized system delivers improved charge separation efficiency, increased photocurrent response, and prolonged carrier lifetimes. This work demonstrates an effective heterojunction design strategy for promoting C
                    3
                    product formation from CO
                    2
                    and provides a sustainable approach for green acetone synthesis.",crossref,0
Lightweight All‐Solid‐State Pouch Cells Freed from High Stack Pressure,https://advanced.onlinelibrary.wiley.com/doi/10.1002/adma.74465?af=R,Wiley: Advanced Materials: Table of Contents,2026-08-04 14:14:16 UTC,2026-08-04 14:14:16+00:00,10.1002/adma.74465,Changtai Zhao,"ABSTRACT
                  Since 2011, ionic conductivity of some sulfide‐ and halide‐based solid‐state electrolytes (SSEs) have already reached a level comparable to that of liquid electrolytes. Numerous companies worldwide have proposed diverse technical pathways for commercializing electric vehicles with ultra‐long driving ranges. However, the practical vehicular application of all‐solid‐state batteries (ASSBs) remains highly challenging and uncertain. One of the major obstacles is the requirement for high stack pressure, which typically relies on heavy metallic plates and thereby reduces the overall energy density of the module battery. This perspective compares practical all‐solid‐state pouch cells (ASSPCs) with conventional liquid batteries to analyze the origins of stack pressure requirements. The analysis is conducted from material, interfacial, and structural viewpoints, revealing the critical factors underlying this limitation. Subsequently, strategies are proposed to mitigate stack pressure from the current 20 MPa to 5 MPa for the first stage and to 2 MPa as the final target. The effect of stack pressure on cell‐to‐module energy density efficiency is also calculated to quantitative analysis. These insights provide practical suggestion from ASSPCs design to module‐level pressure management.",crossref,0
Record Selectivity of SO2 by Molecularly Gated Sieving Membranes Having Cross‐Scale Mechanically Interlocked Nanofibers,https://advanced.onlinelibrary.wiley.com/doi/10.1002/adma.74439?af=R,Wiley: Advanced Materials: Table of Contents,2026-08-04 14:15:03 UTC,2026-08-04 14:15:03+00:00,10.1002/adma.74439,Huan Xu,"ABSTRACT
                  
                    Achieving selective molecular sieving, efficient particulate filtration, and passive signal acquisition into an integrated flexible membrane signifies a pivotal advancement toward interactive sensing‐protective application. Herein, we unravel cross‐scale mechanically interlocked poly(lactic acid) (CSMI‐PLA) nanofibrous membranes fabricated via primary hydrogen bonding through polydopamine adhesion and secondary coordinate bonding via heterogeneous metal‐organic frameworks entanglement. This hierarchically interlocked interface design establishes robust connectivity across dimensional scales, endowing CSMI‐PLA with exceptional mechanical resilience and long‐term sensing‐protective durability. Remarkably, the CSMI‐PLA membranes simultaneously achieve &gt;99.45% removal of PM
                    0.3
                    with an ultralow pressure drop of 120 Pa, a record sulfur dioxide/nitrogen (SO
                    2
                    /N
                    2
                    ) selectivity of 37000, and a substantial SO
                    2
                    uptake of 10.6 mmol·g
                    −
                    1
                    . Moreover, the CSMI‐PLA membranes retain high functional integrity under multicomponent conditions while offering intrisical electroactivity that enables passive intelligent sensing. This work establishes a generalizable platform for engendering sensing‐protective nanofibers, with promising implications for molecularly gated sieving and biodegradable self‐adaptive wearables.",crossref,0
"Covalent Interfacial Anchoring of 1D‐2D Hybrid Nanofillers to Poly(Vinyl Alcohol) Networks Enables High‐Strength, High‐Stiffness Hydrogel Fibers",https://advanced.onlinelibrary.wiley.com/doi/10.1002/adma.74421?af=R,Wiley: Advanced Materials: Table of Contents,2026-08-04 14:16:16 UTC,2026-08-04 14:16:16+00:00,10.1002/adma.74421,Seon Jeong Kim,"ABSTRACT
                  
                    Hydrogels with high strength, stiffness, and toughness under full hydration are essential for load‐transfer applications such as artificial tendons, ligaments, and soft robotics. Yet achieving such performance remains difficult because conventional polymer networks are intrinsically soft and transfer stress inefficiently. Here, a covalent interfacial anchoring (CIA) strategy is introduced to enable high‐strength, high‐stiffness hydrogel microfibers under full hydration by chemically anchoring carbon nanotubes (CNTs) and graphene oxide (GO) within poly(vinyl alcohol) networks. In this network, CNTs contribute to axial load transfer, whereas GO forms glutaraldehyde‐mediated PVA–GO acetal linkages that suppress nanofiller mobility during deformation and promote efficient stress transfer. The resulting hydrogel fibers achieve tensile strength of 132 MPa, modulus of 1.1 GPa and toughness of 25 MJ m
                    −3
                    under full hydration and maintain ∼88% displacement after 100 tendon‐mimetic loading cycles. These findings highlight covalent interfacial anchoring as an effective strategy for engineering strong and stiff hydrogel fibers for tendon‐like load‐transfer applications.",crossref,0
Reducing Solvent Selectivity via Solid Additive‐Assisted Strategy Enables Organic Solar Cells With Approaching 21% Efficiency,https://advanced.onlinelibrary.wiley.com/doi/10.1002/adma.74452?af=R,Wiley: Advanced Materials: Table of Contents,2026-08-04 14:17:02 UTC,2026-08-04 14:17:02+00:00,10.1002/adma.74452,Yanming Sun,"ABSTRACT
                  
                    Currently, high‐performance organic solar cells (OSCs) are predominantly fabricated using chloroform (CF) to achieve an optimal active‐layer morphology. However, its rapid film formation results in a narrow processing window and severely limits industrial scalability. Therefore, reducing solvent selectivity during active‐layer processing is essential to facilitate scalable OSC manufacturing. Herein, this critical issue is finely addressed by a solid‐additive‐assisted strategy, in which 2,6‐dimethylnaphthalene (2,6‐DMN) is incorporated to modulate the film formation dynamic and molecular aggregation in different processing solvents. It is revealed that 2,6‐DMN enables stage‐specific control over the film formation process. Its mechanism involves suppressing acceptor aggregation during spin‐coating and then promoting ordered acceptor self‐assembly during annealing. This two‐stage modulation simplifies donor–acceptor interactions, mitigates excessive aggregation caused by slow solvent drying, and thereby prevents large‐scale phase separation. As a result, 2,6‐DMN induces a highly uniform and favorable active‐layer morphology across various processing solvents, thereby alleviating performance variations in devices caused by solvent effect. Consequently, the 2,6‐DMN‐based PM6:D18:L8‐BO‐X ternary device processed from
                    o
                    ‐xylene achieves a remarkable efficiency of 20.86%, setting a record for non‐halogenated solvent‐processed OSCs. This work provides a practical and efficient solid‐additive‐assisted strategy to mitigate the solvent selectivity in OSCs, demonstrating significant potential for achieving high‐performance OSCs with enhanced processing compatibility.",crossref,0
"Scalable Synthesis of 3D Hierarchical MoS2 as a Durable, High‐Charge‐Retention Friction Layer for the Facile Fabrication of High‐Power Triboelectric Nanogenerators",https://advanced.onlinelibrary.wiley.com/doi/10.1002/adma.74470?af=R,Wiley: Advanced Materials: Table of Contents,2026-08-04 14:18:46 UTC,2026-08-04 14:18:46+00:00,10.1002/adma.74470,Jihun Mun,"ABSTRACT
                  
                    Given the increasing demand for sustainable energy and self‐powered devices, energy‐harvesting technologies, such as triboelectric nanogenerators (TENGs), are drawing attention. To address the short charge retention in conventional polymer materials, 2D materials with high surface areas and intrinsic charge‐trapping capabilities, such as MoS
                    2
                    , are being utilized as friction layers in TENGs. However, their power generation is too low for practical applications owing to their atomically thin nature, limiting their use as fillers in polymer‐based systems. We report a 2D‐material‐based high‐power TENG using 3D hierarchical MoS
                    2
                    (3DH‐MoS
                    2
                    ) as a primary friction material. The 3DH‐MoS
                    2
                    is synthesized via low‐temperature metal–organic chemical vapor deposition, enabling the direct growth of a uniform, large‐area, 3D‐nanostructured friction layer on a polymer substrate without additional processes. This 3D nanostructure increases the amount of charge‐trapping sites and significantly enhances the durability of the device. The 4 × 4 cm
                    2
                    3DH‐MoS
                    2
                    ‐based TENG produces a maximum output voltage of 320.1 V and a power density of 0.841 mW cm
                    −2
                    , proving it can effectively power light‐emitting diodes and a calculator, maintaining its performance over 10 000 cycles. In addition, the device can generate electricity from gas and water flow and human motion, highlighting the potential and versatility of 2D‐material‐based energy‐harvesting systems.",crossref,0
Homogenizing Vertical Strain Distribution Enables High‐Performance Tin‐Based Perovskite Solar Cells With Thicker Absorber via Two‐Step Deposition,https://advanced.onlinelibrary.wiley.com/doi/10.1002/adma.74441?af=R,Wiley: Advanced Materials: Table of Contents,2026-08-04 14:18:52 UTC,2026-08-04 14:18:52+00:00,10.1002/adma.74441,Yiwang Chen,"ABSTRACT
                  
                    Owing to typically restricted active layer thickness (∼200 nm), solution‐processed tin‐based perovskite solar cells (TPVSCs) suffer from incomplete photon‐to‐electron conversion, which fundamentally limits power conversion efficiency (PCE). Unfortunately, we uncover for the first time that increasing the active layer thickness induces detrimental vertical lattice strain gradient and faster crystallization rate, which exacerbate defect formation and ultimately cause a severe mismatch between electron diffusion length and absorber thickness in the tin‐based perovskite device. To address this, we innovatively introduce reductive 4,4′‐thiobisbenzenethiol (TBBT), whose ‐SH groups can form bidentate coordination with Sn
                    2+
                    ions. This interaction can relax Sn‐I bonds, which is beneficial for lattice homogeneity. Concurrently, it retards crystallization kinetics, thus achieving an electron diffusion length commensurate with active layer thickness. Ultimately, the excellent PCEs of 15.02% (certified 14.78%) for rigid devices and 12.43% for flexible devices at 0.04 cm
                    2
                    , and 13.37% for rigid devices at 1.00 cm
                    2
                    are achieved. Notably, the unencapsulated rigid device retains
                    T
                    95
                    of 3500 h shelf storage and
                    T
                    90
                    of 684 h under MPP tracking. Meanwhile, the flexible device maintains 85% of its initial PCE after 4000 bending cycles. These results demonstrate that our strategy yields synergistic gains in both efficiency and stability.",crossref,0
Durable Seawater Electrolysis Enabled by Spherical Electrostatic Repulsion and Catalyst‐Support Interaction,https://advanced.onlinelibrary.wiley.com/doi/10.1002/adma.74473?af=R,Wiley: Advanced Materials: Table of Contents,2026-08-04 14:24:31 UTC,2026-08-04 14:24:31+00:00,10.1002/adma.74473,Xuebin Wang,"ABSTRACT
                  
                    The electrolysis of seawater driven by renewable energy for hydrogen production represents a promising strategy toward net‐zero emissions. The high concentration of chloride ions (Cl
                    −
                    ) in seawater not only competes with the oxygen evolution reaction (OER) at the anode but also causes corrosion of the catalyst material. The construction of electrostatic shielding via anions on the catalyst surface can repel Cl
                    −
                    . However, studies on regulating anion distribution through designed geometries to maximize such repulsion remain limited. Herein, a sphere‐like catalyst, constructed with a heterojunction of carbonate‐intercalated nickel‐iron layered double hydroxides in situ grown on malachite microspheres (MM), exhibits enhanced catalytic durability and activity. The spherical electrostatic field induced by carbonate anions protects the catalyst, and the catalyst‐support interaction (CSI) tunes the electronic structure of active sites to boost OER. Finally, the assembled electrolyzer demonstrates outstanding durability over 1000 h and a voltage of 1.83 V at a current density of 1 A per cm
                    2
                    . This spherical geometrical design of electrostatic protection offers insights into catalyst optimization for seawater electrolysis.",crossref,0
Environmental taxation and biofuel production in the EU: Heterogeneous effects across producer scales,https://www.sciencedirect.com/science/article/pii/S0301421526004593?dgcid=rss_sd_all,ScienceDirect Publication: Energy Policy,2026-08-05 00:00:00 UTC,2026-08-05 00:00:00+00:00,,Monica Auteri,,,0
When do consumers lose from variable electricity pricing?,https://www.sciencedirect.com/science/article/pii/S0301421526004088?dgcid=rss_sd_all,ScienceDirect Publication: Energy Policy,2026-08-05 00:00:00 UTC,2026-08-05 00:00:00+00:00,,Saurabh Amin,,,0
Coordinated scheduling of a hydro-PV-hybrid energy storage system considering operational safety constraints and lifetime degradation,https://www.sciencedirect.com/science/article/pii/S0306261926012262?dgcid=rss_sd_all,ScienceDirect Publication: Applied Energy,2026-08-05 00:00:00 UTC,2026-08-05 00:00:00+00:00,,Yi Cai,,,0
A novel yawed wake model capturing full-wake heterogeneity with application to layout-yaw co-optimization in utility-scale wind farms,https://www.sciencedirect.com/science/article/pii/S0306261926011967?dgcid=rss_sd_all,ScienceDirect Publication: Applied Energy,2026-08-05 00:00:00 UTC,2026-08-05 00:00:00+00:00,,Shinai Xu,,,0
"Pathways towards a carbon-free energy system: Technological advances, policy barriers, and integrated decarbonization strategies",https://www.sciencedirect.com/science/article/pii/S0306261926012043?dgcid=rss_sd_all,ScienceDirect Publication: Applied Energy,2026-08-05 00:00:00 UTC,2026-08-05 00:00:00+00:00,,Praveen Barmavatu,,,0
"Trustworthy digital twins for thermal and energy conversion systems: physics-grounded modeling, uncertainty-aware prediction, and operational decision support",https://www.sciencedirect.com/science/article/pii/S0306261926012316?dgcid=rss_sd_all,ScienceDirect Publication: Applied Energy,2026-08-05 00:00:00 UTC,2026-08-05 00:00:00+00:00,,Mudhar A. Al-Obaidi,,,0
Economy-oriented resilient tube-based MPC for load frequency control of gas-electricity coupling systems under wind uncertainty and DoS attacks,https://www.sciencedirect.com/science/article/pii/S0306261926011712?dgcid=rss_sd_all,ScienceDirect Publication: Applied Energy,2026-08-05 00:00:00 UTC,2026-08-05 00:00:00+00:00,,Shi Chen,,,0
Driving condition feature driven collaborative energy conversion and management strategy for electric commercial vehicles with the dual-motor coupled powertrain system,https://www.sciencedirect.com/science/article/pii/S0306261926012481?dgcid=rss_sd_all,ScienceDirect Publication: Applied Energy,2026-08-05 00:00:00 UTC,2026-08-05 00:00:00+00:00,,Cheng Lin,,,0
Distributionally robust capacity optimization for hydrogen-based multi-energy systems: Integrating chain-wide energy conversion characteristics under variable operating conditions,https://www.sciencedirect.com/science/article/pii/S0306261926012171?dgcid=rss_sd_all,ScienceDirect Publication: Applied Energy,2026-08-05 00:00:00 UTC,2026-08-05 00:00:00+00:00,,Feng Wu,,,0
An online safety-aware deep reinforcement learning-based method for flexible support of distributed energy resources in distribution networks,https://www.sciencedirect.com/science/article/pii/S030626192601233X?dgcid=rss_sd_all,ScienceDirect Publication: Applied Energy,2026-08-05 00:00:00 UTC,2026-08-05 00:00:00+00:00,,Hongbin Sun,,,0
Imbalance-robust retired battery sorting via semi-supervised contrastive representation learning,https://www.sciencedirect.com/science/article/pii/S030626192601250X?dgcid=rss_sd_all,ScienceDirect Publication: Applied Energy,2026-08-05 00:00:00 UTC,2026-08-05 00:00:00+00:00,,Shengxiang Yang,,,0
A pattern-based heliostat field layout generation method with gradient-weighted azimuthal compression and inter-row optical avoidance,https://www.sciencedirect.com/science/article/pii/S0306261926011761?dgcid=rss_sd_all,ScienceDirect Publication: Applied Energy,2026-08-05 00:00:00 UTC,2026-08-05 00:00:00+00:00,,Caitou He,,,0
Physics-aware visual prompting for ultra-short-term photovoltaic forecasting: A multimodal fusion method based on satellite imagery,https://www.sciencedirect.com/science/article/pii/S0306261926012419?dgcid=rss_sd_all,ScienceDirect Publication: Applied Energy,2026-08-05 00:00:00 UTC,2026-08-05 00:00:00+00:00,,Jin Su,,,0
"An air-cooled PEMFC with closed-cathode air intake design: independent cathode airflow regulation to achieve better output performance, environmental adaptability and durability",https://www.sciencedirect.com/science/article/pii/S0306261926012547?dgcid=rss_sd_all,ScienceDirect Publication: Applied Energy,2026-08-05 00:00:00 UTC,2026-08-05 00:00:00+00:00,,Xiaojun Yan,,,0
Demand affordability-concerned resilience planning under investment cost uncertainties,https://www.sciencedirect.com/science/article/pii/S0306261926011931?dgcid=rss_sd_all,ScienceDirect Publication: Applied Energy,2026-08-05 00:00:00 UTC,2026-08-05 00:00:00+00:00,,Zhifang Yang,,,0
Phase-change-material-enhanced thermal management for stable solar hydrogen production: Mechanism and operational behaviour,https://www.sciencedirect.com/science/article/pii/S0306261926012420?dgcid=rss_sd_all,ScienceDirect Publication: Applied Energy,2026-08-05 00:00:00 UTC,2026-08-05 00:00:00+00:00,,Jinzhi Zhou,,,0
Joint optimization of electric bus operation and battery charging considering renewable microgrid interactions,https://www.sciencedirect.com/science/article/pii/S0306261926012444?dgcid=rss_sd_all,ScienceDirect Publication: Applied Energy,2026-08-05 00:00:00 UTC,2026-08-05 00:00:00+00:00,,Zhiyuan Jiang,,,0
Cultural heritage as a structural modifier of rooftop solar deployment: A building-level framework for heritage-constrained urban decarbonisation,https://www.sciencedirect.com/science/article/pii/S0306261926012663?dgcid=rss_sd_all,ScienceDirect Publication: Applied Energy,2026-08-05 00:00:00 UTC,2026-08-05 00:00:00+00:00,,Damjana Gantar,,,0
Embedded efficiency surrogate model-based day-ahead joint bidding for energy and frequency regulation of vanadium redox flow batteries,https://www.sciencedirect.com/science/article/pii/S0306261926011797?dgcid=rss_sd_all,ScienceDirect Publication: Applied Energy,2026-08-05 00:00:00 UTC,2026-08-05 00:00:00+00:00,,Alexandre Zh. Grebenkov,,,0
The significance of a polarization curve - analysis of a 60-cell polymer electrolyte water electrolysis stack,https://www.sciencedirect.com/science/article/pii/S0306261926011943?dgcid=rss_sd_all,ScienceDirect Publication: Applied Energy,2026-08-05 00:00:00 UTC,2026-08-05 00:00:00+00:00,,Martin Müller,,,0
Atomically engineered hierarchical porous biomass carbon: from multiscale design to advanced energy storage and fundamentals,https://www.sciencedirect.com/science/article/pii/S0306261926012298?dgcid=rss_sd_all,ScienceDirect Publication: Applied Energy,2026-08-05 00:00:00 UTC,2026-08-05 00:00:00+00:00,,Xingye An,,,0
"Sustainable energy management for hybrid electric ships: Multi-energy architectures, lifecycle degradation, MVDC stability, and deployment pathways",https://www.sciencedirect.com/science/article/pii/S0306261926011591?dgcid=rss_sd_all,ScienceDirect Publication: Applied Energy,2026-08-05 00:00:00 UTC,2026-08-05 00:00:00+00:00,,Zhenyu Li,,,0
Cantilevered piezoelectric energy harvesting for road transportation energy systems: From vibration-structure coupling to circuit adaptation and field deployment,https://www.sciencedirect.com/science/article/pii/S0306261926011773?dgcid=rss_sd_all,ScienceDirect Publication: Applied Energy,2026-08-05 00:00:00 UTC,2026-08-05 00:00:00+00:00,,Zhenguo Ma,,,0
When diversification fails: Geopolitical contagion and hidden vulnerabilities in Europe’s energy transition,https://www.sciencedirect.com/science/article/pii/S0301421526004544?dgcid=rss_sd_all,ScienceDirect Publication: Energy Policy,2026-08-05 00:00:00 UTC,2026-08-05 00:00:00+00:00,,Jules Sadefo Kamdem,,,0
A charged cage for excitons,https://www.nature.com/articles/s41565-026-02240-y,Nature Nanotechnology,2026-08-05 00:00:00 UTC,2026-08-05 00:00:00+00:00,10.1038/s41565-026-02240-y,Jonas D. Ziegler,,,0
The critical challenges of energy diversification and environmental sustainability in the European Green Deal: Empirical evidence from European countries,https://www.sciencedirect.com/science/article/pii/S0301421526004519?dgcid=rss_sd_all,ScienceDirect Publication: Energy Policy,2026-08-05 00:00:00 UTC,2026-08-05 00:00:00+00:00,,Rana Umair Ashraf,,,0
First poo transplant to treat food allergy in people has ‘exciting’ results,https://www.nature.com/articles/d41586-026-02440-5,Nature,2026-08-05 00:00:00 UTC,2026-08-05 00:00:00+00:00,10.1038/d41586-026-02440-5,Edward Chen,,,0
A dependency map enhanced with next-generation 3D cancer models,https://www.nature.com/articles/s41586-026-10843-7,Nature,2026-08-05 00:00:00 UTC,2026-08-05 00:00:00+00:00,10.1038/s41586-026-10843-7,Francisca Vazquez,"Despite advances in precision oncology, effective personalized treatments are still lacking for most patients with cancer1. The Cancer Dependency Map (DepMap) accelerates this field by systematically identifying cancer vulnerabilities in diverse preclinical models. Data from over 1,300 cell lines have led to the discovery of new therapeutic strategies across multiple tumour types2. However, mapping cancer vulnerabilities using traditional cell lines has limitations, including insufficient cancer subtype representation and the impact of culture conditions on perturbation responses. Here we perform 147 genome-scale CRISPR screens and multi-omic characterizations of next-generation (NextGen) cancer models (organoids and spheroids) across 10 cancer types. This strategy enables the expansion of DepMap to cover new genomic and molecular subtypes and to identify new biomarker-associated vulnerabilities. These new models also preserve transcriptional programs that are silenced in traditional cell lines and facilitate the discovery of specific gene dependencies associated with these programs. Comparisons of traditional and NextGen cancer models enable further identification of distinct effects of growth format and culture medium on gene essentiality. The integrated dataset combines data from both model types to offer a valuable, expansive resource for exploring cancer vulnerabilities and is accessible via the DepMap portal.",nature_html,0
Upcycling of polyvinyl chloride into polyalphaolefin lubricants,https://www.nature.com/articles/s41586-026-10867-z,Nature,2026-08-05 00:00:00 UTC,2026-08-05 00:00:00+00:00,10.1038/s41586-026-10867-z,Guoliang Liu,"Polyvinyl chloride (PVC) is a thermoplastic used ubiquitously in households and industry owing to its light weight, mechanical strength, durability, low cost and ultraviolet and fire resistance1,2. With a production volume of about 60 million tonnes annually2, post-consumer and post-industrial PVC waste pose marked environmental challenges, such as leaching chlorohydrocarbons and additives, which contaminate groundwater and soil1,2,3,4. To address the formidable challenge of recycling PVC and achieving carbon circularity, valorization into high-value products is essential to mitigate the associated costs and offer high financial incentives for reusing plastic waste5,6,7,8,9,10,11,12,13,14. Here we report a method for upcycling PVC into high-value lubricants with controllable viscosities. Using AlCl3 at a mild temperature of 70 °C, PVC undergoes dechlorination, alkylation and chain scission, producing vinyl-derived polyalphaolefins (vPAO). PVC serves as an effective template for the alkylation of α-olefins of various chain lengths, producing vPAO with limited short branches in the backbone without the need for metallocene catalysts essential to current PAO technology. The PVC-derived lubricants exhibit tunable molar masses, kinematic viscosities at 100 °C (KV100 ≈ 14.9–26.3 centistokes), a low coefficient of friction (COF ≈ 0.08–0.15) and a high viscosity index (VI up to 130). This work highlights an economical approach to using PVC as a low-cost feedstock to synthesize high-value lubricants with superior tribological properties, meeting the demand for sustainability in both the plastic and lubricant industries.",nature_html,0
An entangling gate for dual-rail erasure qubits,https://www.nature.com/articles/s41586-026-10822-y,Nature,2026-08-05 00:00:00 UTC,2026-08-05 00:00:00+00:00,10.1038/s41586-026-10822-y,Robert J. Schoelkopf,"Quantum error correction (QEC) will likely be required to realize the full potential of quantum computing, but comes with daunting hardware overheads and demands low gate errors on the physical qubits1,2,3,4. These requirements can be eased by engineering qubits with a strong error hierarchy, in which the most common noise channels are also the easiest to correct. Erasure qubits can achieve this when detectable leakage errors out of the computational subspace dominate over the residual Pauli errors5,6,7,8,9,10,11, resulting in higher thresholds and improved scaling with code distance5,12,13. In practice, these advantages come to fruition only if the error hierarchy is preserved as much as possible throughout all gates and operations. Here we design and realize a two-qubit entangling gate for dual-rail cavity qubits, a type of erasure qubit encoded in a pair of superconducting microwave cavities7. Our experimental demonstration confirms that the error hierarchy is largely preserved during the gate. The gate is fast (about 500 ns duration) and shows low erasure rates of approximately 0.5% per gate, remaining Pauli errors below 0.1%, and a strong bias towards dephasing errors, in which bit-flips are practically non-existent at the 10−6 level. These results enable a faster path to error-corrected systems that rapidly suppress errors as they scale; a claim we support with our detailed surface code simulations.",nature_html,0
Encapsulation epitaxy of air-stable 2D superconductors for quantum circuits,https://www.nature.com/articles/s41586-026-10865-1,Nature,2026-08-05 00:00:00 UTC,2026-08-05 00:00:00+00:00,10.1038/s41586-026-10865-1,Jing Kong,"Two-dimensional (2D) superconductors are emerging platforms supporting both strongly correlated physics and quantum information science1,2. Their reduced dimensionality, atomically flat interfaces and high crystallinity are particularly attractive for realizing compact lumped-element devices in superconducting circuits3,4,5. However, large-scale synthesis of monolayer 2D superconductors remains challenging as they are easily oxidized in air6. Here we report an ‘encapsulation epitaxy’ mechanism that enables the growth of large-area (more than 1 inch), air-stable, monolayer niobium diselenide (NbSe2) films (1L-NbSe2) and explore their potential for superconducting quantum circuits. This work represents a distinct growth phenomenon in which a 2D encapsulation layer, such as graphene or hexagonal boron nitride, pre-deposited on a 3D substrate (for example, SiO2 or Si3N4) simultaneously serves as a template for the epitaxial growth of 1L-NbSe2 underneath it at the encapsulation–substrate interface and as a protective capping layer against ambient degradation. The as-grown 1L-graphene/NbSe2 heterostructures exhibit robust superconductivity (superconducting transition temperature Tc ≈ 1 K) and enhanced charge density waves (CDWs; CDW transition temperature TCDW ≈ 177 K). We further demonstrate the integration of 1L-NbSe2 into superconducting circuits by developing oxidation-free transfer and superconducting edge-contact techniques. The 1L-NbSe2 in these circuits feature a measured kinetic inductance LK ≈ 0.7 nH □−1, making it suitable for quantum circuits requiring elements with high kinetic inductance. This encapsulation-epitaxy methodology enables the production of air-stable 2D superconductors and van der Waals heterostructures, holding promise for wafer-scale, monolithic fabrication of superconducting quantum circuitry.",nature_html,0
Stimulation modulates gene-linked cell assemblies in the human brain,https://www.nature.com/articles/s41586-026-10879-9,Nature,2026-08-05 00:00:00 UTC,2026-08-05 00:00:00+00:00,10.1038/s41586-026-10879-9,Genevieve Konopka,"Reshaping cortical circuits through stimulation represents an emerging therapy for the restoration of cognitive function1,2,3,4,5, yet the biological mechanisms that underlie its effects remain largely unexplored in humans. Here, to directly investigate the mechanisms of neuromodulation elicited by human brain stimulation, we developed an ex vivo platform that integrates microelectrode array stimulation with simultaneous recording and single-nucleus genomics from resected temporal cortex obtained from patients undergoing neurosurgery. We found that stimulation strengthens cell assemblies and then linked this effect to cell-type-specific gene regulatory networks. We further demonstrated the generalizability of these findings by identifying common cell-type-specific gene expression signatures in the human cortex following in vivo stimulation. Together, our results establish a foundation for identifying targetable genetic signatures linked with physiology that may be harnessed for therapeutic benefit via neuromodulation strategies.",nature_html,0
Neanderthal gene makes some modern humans taller and more muscular,https://www.nature.com/articles/d41586-026-02439-y,Nature,2026-08-05 00:00:00 UTC,2026-08-05 00:00:00+00:00,10.1038/d41586-026-02439-y,Mohana Basu,,,0
Switching off the FNIP1 gene protects against metabolic disease,https://www.nature.com/articles/d41586-026-02391-x,Nature,2026-08-05 00:00:00 UTC,2026-08-05 00:00:00+00:00,10.1038/d41586-026-02391-x,,,,0
COVID can wake up a slew of dormant viruses inside you,https://www.nature.com/articles/d41586-026-02443-2,Nature,2026-08-05 00:00:00 UTC,2026-08-05 00:00:00+00:00,10.1038/d41586-026-02443-2,Max Kozlov,,,0
A compendium of next-generation patient-derived models for diverse cancers,https://www.nature.com/articles/s41586-026-10806-y,Nature,2026-08-05 00:00:00 UTC,2026-08-05 00:00:00+00:00,10.1038/s41586-026-10806-y,Jesse S. Boehm,"The development of new therapeutics and the validation of pathogenetic cancer mechanisms require representative laboratory models1,2. However, existing collections represent only a fraction of the diversity observed in human cancer2,3,4. Recent technologies have enabled efficient in vitro model derivation (for example, tumour organoids)5. However, whether these maintain essential properties of patient tumours during long-term expansion has not been systematically investigated. Here we present results of a large-scale international programme—the Human Cancer Models Initiative—which involved the generation of a resource of 665 next-generation models from 2,780 donors with 25 cancer types and integrated tumour–model whole genome, exome, methylome and transcriptome analyses. The resource provides 522 models with comprehensive clinical data, 153 models of rare cancers and 71 models from participants with non-European ancestry. Analyses of 421 matched tumour–model pairs reveal high genetic (97.8%) and epigenetic (95%) concordance and define correlates of model discordance. Single-nucleus RNA sequencing of tumour–model pairs reveals subsets of models in which culture conditions significantly influence cell states. Finally, we characterize model preservation of extrachromosomal DNA and post-treatment mutational signatures to provide opportunities to study therapeutic resistance. This model repository is being made available to the community—including multimodal molecular profiling, clinical information and integrative software tools—thus providing a valuable resource for preclinical investigation of cancer pathogenesis and treatment response.",nature_html,0
"More muscle, less belly fat: mutations to a gene are linked to wide-ranging benefits",https://www.nature.com/articles/d41586-026-02438-z,Nature,2026-08-05 00:00:00 UTC,2026-08-05 00:00:00+00:00,10.1038/d41586-026-02438-z,Lynne Peeples,,,0
Exclusive: the science papers that patents cite the most,https://www.nature.com/articles/d41586-026-02386-8,Nature,2026-08-05 00:00:00 UTC,2026-08-05 00:00:00+00:00,10.1038/d41586-026-02386-8,Edward Chen,,,0
Maps of chromosomal regions crucial for cell division reveal high diversity,https://www.nature.com/articles/d41586-026-02327-5,Nature,2026-08-05 00:00:00 UTC,2026-08-05 00:00:00+00:00,10.1038/d41586-026-02327-5,,,,0
Can empty space can interact with light — and even change its properties?,https://www.nature.com/articles/d41586-026-02289-8,Nature,2026-08-05 00:00:00 UTC,2026-08-05 00:00:00+00:00,10.1038/d41586-026-02289-8,Joern Wilms,,,0
"James Bond, not Bond James: why scientific publishing must respect name order",https://www.nature.com/articles/d41586-026-01772-6,Nature,2026-08-05 00:00:00 UTC,2026-08-05 00:00:00+00:00,10.1038/d41586-026-01772-6,Rachakonda Sreekar,,,0
FNIP1 variants are associated with favourable metabolism in 1 million humans,https://www.nature.com/articles/s41586-026-10864-2,Nature,2026-08-05 00:00:00 UTC,2026-08-05 00:00:00+00:00,10.1038/s41586-026-10864-2,Luca A. Lotta,"Altered energy metabolism is a shared driver across cardiometabolic diseases—the leading cause of death globally1. Energy metabolism varies between individuals and is partly heritable2,3,4,5,6,7,8,9. Here, to investigate the genetic basis of energy metabolism, we perform an exome-sequencing analysis of 1,032,116 people from America, Europe and Asia, and estimate associations between rare protein-coding variants and the ratio of triglyceride to high-density-lipoprotein cholesterol (TG:HDL)—an energy-state biomarker that we associate with diverse cardiometabolic risk factors and diseases. We identify 59 independent genes (P −7) that are enriched for liver- and adipose-expressed master regulators of energy balance, storage and metabolism; 23 (39%) of these genes encode approved or clinical-stage drug targets. Ultra-rare protein-truncating variants in FNIP1 (allele frequency, 0.01%), which encodes a suppressor of energy expenditure and mitochondrial metabolism, are associated with a lower TG:HDL ratio, lower liver fat, lower glycaemia, favourable fat distribution and around 60% lower odds of cardiometabolic disease. FNIP1 knockdown in primary human hepatocytes induces lipid breakdown and lysosomal gene expression, while combined hepatic knockdown of Fnip1 with its paralogue Fnip2 or knockdown of its interactor Flcn protect against weight gain, reduce liver fat and enhance insulin sensitivity in mice fed a high-fat diet. Our study implicates the FNIP1 pathway in human energy metabolism and highlights its inhibition as a potential therapeutic strategy in cardiometabolic disease.",nature_html,0
An ancient mitochondrial program tunes translation to haem availability,https://www.nature.com/articles/s41586-026-10885-x,Nature,2026-08-05 00:00:00 UTC,2026-08-05 00:00:00+00:00,10.1038/s41586-026-10885-x,Lucas T. Jae,"Anaemia is a major global health burden that affects one-quarter of the human population and annually accounts for over 50 million years of healthy life lost1. It arises from nutritional iron deficiency, hereditary disorders (including thalassaemia and sickle cell disease) and malaria, and is characterized by haemoglobin imbalances2. Haem—the active component of haemoglobin—is both essential and potentially toxic, which necessitates tight control of levels. However, the molecular circuitry that monitors haem levels remains obscure. The cytosolic eIF2α kinase HRI counteracts anaemia amid iron deficiency or thalassaemia3,4 by acting as a gatekeeper of translation during erythroid differentiation, which has been attributed to its haem-binding ability5. Here we uncover that haem scarcity is sensed inside mitochondria through an OMA1–DELE1 axis. Mechanistically, haem deficiency triggers OMA1-dependent mitochondrial release of DELE1. In the cytosol, DELE1 releases inhibitory haem from HRI, which enables modifications in a crucial disordered segment of the kinase. We demonstrate that this sensor–actuator operates across human tissues, including erythroid progenitors, and is evolutionarily conserved down to bloodless invertebrates, thus predating the emergence of haemoglobin-based oxygen transport. Notably, pharmacological manipulation of this system enhances fetal globin expression—a central therapeutic objective in haemoglobinopathies. Together, these results reveal a primordial sentinel system that safeguards against haem-related toxicity from the single-cell to the organismic scale.",nature_html,0
Vacuum birefringence and the polarized X-ray emission from a radio magnetar,https://www.nature.com/articles/s41586-026-10859-z,Nature,2026-08-05 00:00:00 UTC,2026-08-05 00:00:00+00:00,10.1038/s41586-026-10859-z,Zorawar Wadiasingh,"Magnetars are isolated neutron stars with exceptionally strong surface fields exceeding 1014 G (ref. 1). Their bright X-ray emission probes physical regimes in which quantum electrodynamics (QED) influences radiation propagation2,3,4. Strong magnetic fields induce polarization-dependent refractive indices in the vacuum5,6; such vacuum birefringence remains a long-standing but unconfirmed prediction of QED. Here we report phase- and energy-resolved polarization measurements of the radio-emitting magnetar 1E 1547.0−5408 obtained by coordinating X-ray and radio observations from the Imaging X-ray Polarimetry Explorer, the Neutron Star Interior Composition Explorer and the Parkes/Murriyang Observatory. We detect large polarization degrees (PDs) in the thermally dominant soft X-ray band, reaching phase-averaged values of 65% at 2 keV before substantially decreasing between 2 keV and 4 keV. At certain rotational phases, the 2–3 keV PD rises to nearly 80% while remaining high (≳40%) throughout the radio beam crossing. The phase-dependent X-ray and radio polarization angles are both consistent with the rotating vector model, suggesting that the emission geometries track the large-scale magnetic field of the star. Collectively, these characteristics challenge standard surface emission models using non-refractive propagation of light to infinity. Vacuum-birefringence-governed magnetospheric propagation can naturally explain the X-ray polarization signals. Our results represent a marked advance in probing this hallmark prediction of QED, opening a new cosmic window into superstrong-field quantum physics, thereby motivating further observational and theoretical studies concentrating on this domain.",nature_html,0
A cholinergic hub in the nucleus accumbens gates opioid-reward learning,https://www.nature.com/articles/s41586-026-10887-9,Nature,2026-08-05 00:00:00 UTC,2026-08-05 00:00:00+00:00,10.1038/s41586-026-10887-9,Michael R. Tadross,"Beneficial and maladaptive opioid effects are difficult to dissociate1,2,3, partly because dopamine signalling contributes to both these effect types4,5,6,7,8,9,10,11,12,13. Here we show that associative opioid-reward learning can be blocked even under conditions that elevate dopamine in the nucleus accumbens. We developed naloxoneDART, a cell-type-specific analogue of the clinical opioid receptor antagonist naloxone14,15, and delivered it to genetically defined accumbal cholinergic interneurons, selectively rendering these cells morphine-insensitive. Acquisition of morphine conditioned place preference was abolished in a target-engagement-dependent manner, without evidence of contextual or locomotor impairment: saline habituation was enhanced between sessions and unchanged within sessions, whereas morphine-evoked hyperlocomotion, sensitization and acute analgesia remained intact. Microdialysis revealed that cholinergic interneuron-specific naloxoneDART prevented morphine-induced acetylcholine reductions without detectably altering dopamine increases in the accumbens. These findings identify a cholinergic gate for associative opioid-reward learning, support an emerging dopamine–acetylcholine plasticity theory16,17, and motivate exploration of opioid–cholinergic strategies that may preserve acute analgesia while limiting early associative reward learning18,19,20,21,22,23,24,25.",nature_html,0
DCAF11-dependent molecular glue degrader activated by glutathionylation,https://www.nature.com/articles/s41586-026-10873-1,Nature,2026-08-05 00:00:00 UTC,2026-08-05 00:00:00+00:00,10.1038/s41586-026-10873-1,Benjamin L. Ebert,"Targeted protein degradation is a powerful pharmacological strategy that harnesses the ubiquitin proteasome system to eliminate disease-relevant proteins, including otherwise undruggable proteins1. Here we report an unbiased and broadly applicable platform for the systematic discovery of molecular glues across diverse E3 ligases. Using multiplexed mass spectrometry-based chemical screening, we identified M12, a molecular glue that reprogrammes the E3 ligase DCAF11 to degrade DDX18. Mechanistically, M12 functions as a prodrug that is activated through glutathione S-transferase-mediated glutathionylation. The glutathione moiety binds to an evolutionary conserved glutathione-binding site on DCAF11, and the exposed M12 moiety facilitates neo-substrate recruitment. We demonstrate that this glutathione-dependent mechanism readily enables targeted degradation of a range of proteins. Collectively, these findings establish that metabolically activated compounds can redirect E3 ligase function, thereby expanding the scope of targeted protein degradation and chemically induced proximity.",nature_html,0
A tumour-derived organoid biobank maps cancer gene dependencies,https://www.nature.com/articles/s41586-026-10830-y,Nature,2026-08-05 00:00:00 UTC,2026-08-05 00:00:00+00:00,10.1038/s41586-026-10830-y,M. J. Garnett,"Cancer cell lines remain foundational for research and drug discovery, yet they incompletely capture tumour diversity, lack linked patient context, and have undergone adaptation to culture. Tumour organoids are three-dimensional cultures derived from patient tissue that offer a powerful complement to cell lines1. Here we derived and characterized 256 clinically annotated tumour organoids directly from colorectal, oesophageal, ovarian, pancreatic and gastric cancers as renewable, genetically stable models. Extensive characterization of each model and matched patient tumour samples included whole-genome and transcriptome sequencing, and genome-wide CRISPR–Cas9 screens across 162 organoids mapped gene dependencies. Integrative analyses revealed genomic and clinical markers of dependency across common and rare subtypes, identified organoid-specific essential genes, and revealed targetable vulnerabilities following tumour evolution in paired pre- and post-treatment samples. In colorectal cancer, functional and pharmacological interrogation of the EGFR–RAS–MAPK axis uncovered differential effects of KRAS variant alleles. This open, publicly available resource provides a systematic map of gene dependencies in patient-derived organoids, expanding the model diversity and mechanistic insight needed to advance precision oncology.",nature_html,0
Membranolytic peptide programs immunogenic cell death for cancer therapy,https://www.nature.com/articles/s41586-026-10899-5,Nature,2026-08-05 00:00:00 UTC,2026-08-05 00:00:00+00:00,10.1038/s41586-026-10899-5,Menghua Xiong,"A rational design for facilitating innovative cell death modes can substantially aid advances in antitumour therapy1,2. Here we design and implement a unique mode of immunogenic membranolytic cell death (mLCD) in tumour cells, characterized by time-lagged rupture from the lysosomal to plasma membranes; this approach was found to robustly potentiate immune checkpoint blockade therapy. This mode of mLCD was induced by the synthetic-acid-responsive membranolytic peptide (aMP) aMPC16-CA50, which exhibits hierarchical responsiveness to the decreasing pH associated with the tumour extracellular environment and lysosomes. aMPC16-CA50 activated an inflammatory transcriptional program in tumour cells, potentiating their ability to induce antigen presentation on class I major histocompatibility complex molecules on dendritic cells and the subsequent activation of T cells. The pH-responsive kinetics and membranolytic activity of the membranolytic peptides had a critical role in enhancing the immunogenicity of lytic tumour cells through the spatiotemporal regulation of the membrane-rupture processes. Furthermore, aMPC16-CA50 exhibited a considerable advantage in enhancing the antitumour efficacy of immune checkpoint blockade therapy through the promotion of antitumour immune response. Moreover, its systemic administration was well tolerated in mice. Overall, we successfully programmed a unique mode of immunogenic mLCD in tumour cells through the spatiotemporal regulation of membrane-rupture processes using a synthetic pH-responsive membranolytic peptide amenable to manipulation.",nature_html,0
Pseudogap in a Fermi–Hubbard quantum simulator,https://www.nature.com/articles/s41586-026-10875-z,Nature,2026-08-05 00:00:00 UTC,2026-08-05 00:00:00+00:00,10.1038/s41586-026-10875-z,Markus Greiner,"Understanding doped Mott insulators is a fundamental goal in condensed matter physics, relevant to cuprate superconductors and other quantum materials1,2,3. The Hubbard model minimally describes such systems and has explicated some of their complex behaviour4,5. However, many open questions remain concerning the anomalous metallic states that emerge at low temperatures and intermediate doping and which, in cuprates, give rise to high-temperature superconductivity on cooling2,6,7. Here we observe a crossover between a normal metal and a pseudogapped metal in the Hubbard model using thermodynamic and spectroscopic measurements in a cold-atom quantum simulator, leveraging a recent several-fold reduction in achievable temperatures8. On cooling, the compressibility develops a maximum at intermediate doping, signalling an inflection point in the equation of state. We track this maximum versus interaction strength, revealing a line of thermodynamic anomalies in the phase diagram separating an underdoped from an overdoped metal at large interactions. Lattice modulation spectra in the underdoped regime show a loss of low-energy response, especially pronounced in the antinodal regions of the Brillouin zone, indicating a pseudogap. We use this signal to construct a pseudogap phase diagram versus interactions and doping. Our results experimentally establish and characterize the pseudogap metal in the Hubbard model, and suggest connections to charge order that can be studied in future work. Furthermore, this work demonstrates the utility of quantum simulation in addressing frontier problems in correlated electron physics.",nature_html,0
Virus reactivation in acute and long COVID-19,https://www.nature.com/articles/s41586-026-10740-z,Nature,2026-08-05 00:00:00 UTC,2026-08-05 00:00:00+00:00,10.1038/s41586-026-10740-z,Esther Melamed,"Chronic viral infections are ubiquitous in humans, with individuals carrying multiple viruses that can reactivate during physiological stress, including severe illness1. Notably, SARS-CoV-2 infection has been shown to reactivate chronic viruses such as Epstein–Barr virus and cytomegalovirus, yet the full extent, temporal dynamics and immunological impact of viral reactivation in COVID-19 remain incompletely understood2,3,4,5,6,7. Here, leveraging multi-omic longitudinal data from 1,154 hospitalized patients with COVID-19 from the Immunophenotyping Assessment in a COVID-19 Cohort (IMPACC) study, we reveal significant reactivation of Herpesviridae and Anelloviridae during acute COVID-19, with distinct temporal dynamics for different viruses, and demonstrate that reactivation correlates with disease severity, host immune effects and clinical outcomes. Although our results do not establish causation between virus reactivation and clinical outcomes, we highlight the prevalence of chronic viral reactivation during acute COVID-19 and long COVID. Our findings challenge the prevailing view that chronic viral reactivation is primarily a consequence of immunosuppression, demonstrating that reactivations occur frequently in immunocompetent individuals during severe illness and in association with increased systemic inflammation. Additionally, we demonstrate persistence of viral reactivation in convalescence, and report an association of Anelloviridae with long COVID. This study provides immune, transcriptomic and metabolomic signatures of viral reactivation that could inform future strategies to prognosticate and treat acute COVID-19 and long COVID.",nature_html,0
Amygdala astrocyte primary cilium mechanisms contribute to stress behaviours,https://www.nature.com/articles/s41586-026-10874-0,Nature,2026-08-05 00:00:00 UTC,2026-08-05 00:00:00+00:00,10.1038/s41586-026-10874-0,Baljit S. Khakh,"Understanding how adverse life events trigger stress-related behavioural changes remains an unresolved challenge. The amygdala is integral to emotion and stress responses1 and comprises astrocytes, neurons and other cells. Here we show that amygdala astrocytes contribute to stress-related behaviours through signalling mechanisms related to their primary cilia2. Amygdala astrocytes are altered during stress at the protein and gene expression level, display reduced expression of molecules related to primary cilia3,4 and have morphologically short primary cilia5,6. G protein-coupled receptors (GPCRs) are central to astrocyte7 and primary cilia2,8,9 function. Therefore, we speculated that GPCR signalling activation might be beneficial in stress-related behavioural disorders. We identified amygdala astrocyte GPCRs as regulators of responses following stress. Chemogenetics and targeting of native sphingosine-1-phosphate receptor 1 (S1PR1) GPCRs led to the restoration of astrocyte primary cilia length, corrected molecular alterations and improved stress-related behaviours. Cilium-related genes were abundantly expressed in human amygdala astrocytes, with many displaying disrupted expression in stress-related brain disorders. S1PR1 was also highly expressed in amygdala astrocytes from human tissue. Selective genetic disruption of amygdala astrocyte primary cilia in mice altered some stress-related behaviours and gene expression of astrocytes and parenchymal cells. These data confirm that astrocytic cilia have important roles in this brain nucleus. In summary, amygdala astrocytes and their primary cilia are disrupted during stress, and their restoration is accompanied by stress-related molecular and behavioural improvements. Astrocyte primary cilia-related mechanisms may therefore provide new treatment strategies for stress-related and other brain disorders.",nature_html,0
In situ particle-to-fibre transformation of hydrogels for 3D printing,https://www.nature.com/articles/s41586-026-10883-z,Nature,2026-08-05 00:00:00 UTC,2026-08-05 00:00:00+00:00,10.1038/s41586-026-10883-z,Liliang Ouyang,"Structural anisotropy is ubiquitous in nature and governs orientation-dependent properties and functions1,2. Recreating biomimetic anisotropy in hydrogels—water-rich soft materials widely used in biomedicine—has proven challenging3. Here we report a phenomenon termed shear-extensional in situ particle-to-fibre transformation (SHIFT) and demonstrate the SHIFT printing of highly aligned hydrogel microfibres (5–30 μm in diameter). In SHIFT, particle-embedded hydrogel is extruded in a controlled manner, in which the discrete particles and surrounding matrix experience opposite phase transitions, concurrently transforming particles into well-aligned subvoxel microfibres. SHIFT establishes a methodology for creating anisotropy from droplets, which is dominated by extensional flow of sol–gel two-phase systems. It constitutes a versatile upstream manufacturing approach that can be readily adapted into three-dimensional printing and microfibre spinning scenarios in a highly accessible manner. The pronounced structural anisotropy enables the formation of exceptionally long myotubes in vitro and accelerates regeneration in volumetric muscle loss. By implementing an in situ subvoxel manufacturing process within flow, SHIFT expands the ability to process soft materials.",nature_html,0
ZFP36L2 orchestrates stress-adaptive plasticity in regeneration and cancer,https://www.nature.com/articles/s41586-026-10890-0,Nature,2026-08-05 00:00:00 UTC,2026-08-05 00:00:00+00:00,10.1038/s41586-026-10890-0,Karuna Ganesh,"Phenotypic plasticity is a hallmark of cancer1; however the molecular switches required for cell-fate reprogramming are poorly understood. During intestinal wound-healing and colorectal cancer (CRC) metastasis, differentiated cells can dynamically dedifferentiate into an intestinal stem cell (ISC) state to drive epithelial regeneration and metastatic outgrowth2,3,4,5,6,7,8,9,10. Here we show that the RNA-binding protein ZFP36L2, which is mutated in 5–10% of CRC11,12,13,14,15, is a pivotal stress-responsive orchestrator of dynamic dedifferentiation. In mouse colon regeneration models, ZFP36L2 ablation inhibits dedifferentiation, ISC gene expression and function and impairs intestinal regeneration. In human CRC, loss of ZFP36L2 function abrogates metastatic seeding and the outgrowth of LGR5+ canonical metastases while promoting lineage plasticity and non-canonical differentiation into heterogeneous cell states. Mechanistically, ZFP36L2 binds to stress-associated mRNAs that contain AU-rich 3′ untranslated regions, which induces the formation of dynamic biomolecular condensates associated with mRNA degradation and termination of the stress response. Together, these data show that ZFP36L2 acts as an important molecular switch that couples stress sensing with phenotypic plasticity. This in turn drives cellular dedifferentiation essential for re-establishing the ISC state during wound healing and metastasis. In ZFP36L2-deficient CRC, the inability to re-enter the LGR5+ state during metastatic outgrowth promotes non-canonical lineage plasticity, which is associated with poor clinical outcomes.",nature_html,0
Ubiquitous Kelvin–Helmholtz instabilities driving plasma mixing on the Sun,https://www.nature.com/articles/s41586-026-10871-3,Nature,2026-08-05 00:00:00 UTC,2026-08-05 00:00:00+00:00,10.1038/s41586-026-10871-3,David A. Boboltz,"The interaction between the magnetic field and turbulent convection in the Sun’s photosphere drives the dynamics, evolution and structuring of its magnetized atmosphere. This interaction often takes place at or below the spatial resolution of modern-day observations. Here we report on high-spatial-resolution observations of the solar photosphere acquired using the world’s first 4-m class solar telescope, the US National Science Foundation’s Daniel K. Inouye Solar Telescope. Time sequence images reveal a far more complex and dynamic solar scene than previously observed. We identify ubiquitous magnetized Kelvin–Helmholtz instabilities at the edges of magnetic flux concentrations and provide experimental confirmation of a long-standing theoretical prediction1,2. The discovery of small-scale magnetized Kelvin–Helmholtz instabilities in the solar photosphere, which can be reproduced by high-resolution numerical simulations, has far-reaching implications for our understanding of the creation and dissipation of magnetic fields exhibiting vortex motion, which can lead to flux braiding. Our results support the picture of disjoint magnetic field concentrations in layers below the visible solar surface that connect to monolithic flux regions visible as facular concentrations and pores in the solar photosphere. Kelvin–Helmholtz instabilities are an efficient mechanism for transporting mass, energy, momentum and magnetic flux in magnetohydrodynamic systems, and they offer transformative insights into processes in magnetically active regions such as the one observed here.",nature_html,0
Electrostatic quantum nanocorral for composite charged excitons,https://www.nature.com/articles/s41565-026-02222-0,Nature Nanotechnology,2026-08-05 00:00:00 UTC,2026-08-05 00:00:00+00:00,10.1038/s41565-026-02222-0,Qiong Ma,"A tunable interface between flying photons and stationary quantum states is important for quantum networks. Quantum-confined charged excitons are attractive in this context because they combine single-photon emission with localized charge states. However, realizing nanoscale electrostatic confinement that is reversible, robust and spectroscopically resolvable remains challenging. Here we show luminous, quantum-confined charged excitons in monolayer WSe2 using an electrostatic quantum nanocorral. A quantum corral was first realized using scanning tunnelling microscopy, where individual adatoms are arranged in a ring on a metal surface to confine electronic standing waves. In our approach, monolayer WSe2 is gated through a nanoporous metallic monolayer less than 1-nm thick, which acts as an electric-field mask and defines confinement on ~10-nm length scales. This geometry creates distinct excitonic quasiparticle states inside and outside the nanopore, with ultrabright charged excitons confined by surrounding higher-energy neutral-exciton states. The resulting confinement produces pronounced energy splittings and clear spectroscopic signatures of discrete centre-of-mass modes. The electrostatic barrier is dynamically reconfigurable, allowing a crossover between zero- and two-dimensional excitonic states, while polarization-resolved measurements reveal signatures of fine-structure splitting. These results establish an electrically tunable route to controlling charged excitons for quantum light sources with adjustable brightness, energy and photon statistics.",nature_html,0
"Improving interface-mediated carrier transport for efficient perovskite/Cu(In,Ga)Se2 tandem solar cells",https://www.nature.com/articles/s41560-026-02125-3,Nature Energy,2026-08-05 00:00:00 UTC,2026-08-05 00:00:00+00:00,10.1038/s41560-026-02125-3,Jianmin Li,"Monolithic perovskite/Cu(In,Ga)Se2 tandem solar cells can surpass the efficiency limits of single-junction photovoltaics but are currently limited by interfacial optical and electronic losses. Here we demonstrate a dual-interface carrier transport engineering strategy that combines a nanoparticle-assisted NiOX intermediate recombination layer with bimolecular co-passivation at the perovskite/C60 interface, enabling conformal coverage on textured Cu(In,Ga)Se2 surfaces, suppressed defects, optimized band alignment and enhanced carrier extraction across both interfaces. Champion monolithic tandem cells achieve power conversion efficiencies of 31.09% (certified 30.57%, steady-state 30.32%) for small-area devices (0.0539 cm2) and 29.44% (certified 28.85%) for larger-area devices (1.0298 cm2). The optimized devices retain ~94% of their initial efficiency after >3,500 h of storage, ~91% after >750 h of continuous operation, and ~90% after 960 h of heating at 70 °C, demonstrating simultaneously enhanced efficiency and stability.",nature_html,0
Author Correction: Stretchable all-gel organic electrochemical transistors,https://www.nature.com/articles/s41467-026-75636-y,Nature Communications,2026-08-05 00:00:00 UTC,2026-08-05 00:00:00+00:00,10.1038/s41467-026-75636-y,Jia Huang,,,0
Acoustic higher-order topological metals with bound corner states in the continuum,https://www.nature.com/articles/s41467-026-76445-z,Nature Communications,2026-08-05 00:00:00 UTC,2026-08-05 00:00:00+00:00,10.1038/s41467-026-76445-z,Zhengyou Liu,"Two-dimensional topological insulators for first order and higher order, characterized respectively by in-gap edge states and corner states, have attracted tremendous research interest. Different from them, two-dimensional topological metals exhibit topological boundary states in the absence of bulk bandgaps. While first-order topological metals with anti-chiral or anti-helical edge states have been implemented, higher-order topological metals still lack systematic experimental investigation. Here, we propose a practically accessible approach to two-dimensional higher-order topological metals and demonstrate their experimental realization in phononic crystals. The metallic bulk states, gapped anti-helical edge states, and topological corner states, are unambiguously demonstrated via airborne sound experiments. As the key feature of such topological metal, the topological corner states are embedded in the continuous spectrum of metallic bulk bands, namely the bound corner states in the continuum. Our findings evidence higher-order topological states in metallic phases, and may promote the development of next-generation devices for acoustic wave manipulation.",nature_html,0
Collective problem decomposition improves the wisdom of deliberative crowds,https://www.nature.com/articles/s41467-026-76365-y,Nature Communications,2026-08-05 00:00:00 UTC,2026-08-05 00:00:00+00:00,10.1038/s41467-026-76365-y,Joaquin Navajas,"Understanding when and why social interaction improves human judgment is a central question in the behavioural sciences. We examine whether collective accuracy improves when groups break complex estimation problems into simpler components and generate approximate intermediate estimates, a reasoning strategy we call Collective Fermi Estimation. Across three studies analysing 1140 online group deliberations in text chatrooms we study its causal effects and linguistic signatures. In Study 1 (N = 500), spontaneous use of problem decomposition predicts lower collective estimation error. Study 2 (N = 240) provides causal evidence: groups instructed to apply problem decomposition outperform groups instructed to combine their initial guesses. Study 3 (N = 160) shows that the benefits are larger when the strategy is applied collectively rather than individually. Altogether, we show that problem decomposition constitutes a key mechanism behind the wisdom of deliberative crowds and we provide tools to detect and promote it.",nature_html,0
"Racialized economic concentration predicts storm-related injuries and deaths in the United States, 2005–2022",https://www.nature.com/articles/s41467-026-76111-4,Nature Communications,2026-08-05 00:00:00 UTC,2026-08-05 00:00:00+00:00,10.1038/s41467-026-76111-4,Kate Burrows,"Extreme storms across the United States pose substantial and unequally distributed health burdens. We linked 111,252 county-event observations from the US National Oceanic and Atmospheric Administration Storm Events Database (2005–2022) to the Index of Concentration at the Extremes (ICE), a measure of racialized economic concentration reflecting the relative concentration of high-income non-Hispanic White households compared with low-income Black households within U.S. counties, to examine whether ICE predicts storm-related injuries and deaths. Using multilevel zero-inflated negative binomial models with county random intercepts and population offsets, each one-quintile increase in ICE (greater concentration of high-income, non-Hispanic White households relative to low-income Black households) was associated with 52% lower rates of direct injuries (IRR = 0.48, 95% CI: [0.44, 0.53]) and 36% lower rates of direct deaths (IRR = 0.64, 95% CI: [0.59, 0.69]). Associations for indirect outcomes were less precise but directionally consistent (indirect injuries IRR = 0.70, 95% CI: [0.54, 0.91]; indirect deaths IRR = 0.66, 95% CI: [0.48, 0.89]). Spline models suggested elevated risk concentrated in the most disadvantaged counties, with risk flattening in more advantaged areas. County-level maps show that structural disadvantage and storm exposure frequency do not systematically co-locate, suggesting that realized harm is driven by social and infrastructural context rather than exposure alone. These findings identify racialized economic concentration as a structural determinant of disaster harm and support targeting resilience investments toward the most structurally disadvantaged and economically marginalized counties.",nature_html,0
The Virtual Tissues foundation model resolves spatial proteomics across scales,https://www.nature.com/articles/s41586-026-10884-y,Nature,2026-08-05 00:00:00 UTC,2026-08-05 00:00:00+00:00,10.1038/s41586-026-10884-y,Charlotte Bunne,"Spatial proteomics technologies have transformed our understanding of complex tissue architecture in cancer but present unique challenges for computational analysis1. Each study uses a different marker panel and protocol, and most methods are tailored to single cohorts, which limits knowledge transfer and robust biomarker discovery. Here we present Virtual Tissues (VirTues), a general-purpose foundation model for spatial proteomics that learns marker-aware, multi-scale representations of proteins, cells, niches and tissues directly from multiplex imaging data. From a single pretrained backbone, VirTues supports marker reconstruction, cell segmentation and typing, niche annotation, spatial biomarker discovery and patient stratification, including zero-shot annotation across heterogeneous panels and datasets. In triple-negative breast cancer, VirTues-derived biomarkers predict anti-PD-L1 chemo-immunotherapy response2 and stratify disease-free survival in an independent cohort3, outperforming state-of-the-art biomarkers derived from the same datasets and current clinical stratification schemes.",nature_html,0
Moon Insight: a Conceptual Framework for Future Lunar Exploration,https://academic.oup.com/nsr/advance-article/doi/10.1093/nsr/nwag474/8752638?rss=1,National Science Review Advance Access,2026-08-05 00:00:00 UTC,2026-08-05 00:00:00+00:00,10.1093/nsr/nwag474,Chi Wang,"The Moon Insight conceptual framework aims to map lunar lava tubes and understand their shapes and internal structures. It will use these natural underground spaces to study the Moon’s interior and volcanic history, improve our understanding of how the Moon formed and evolved, and support future lunar bases, long-term human stays, scientific research, and resource use.",crossref,0
Topological design yields MR-TADF emitters with sub-10 nm emission bandwidths,https://academic.oup.com/nsr/advance-article/doi/10.1093/nsr/nwag468/8752643?rss=1,National Science Review Advance Access,2026-08-05 00:00:00 UTC,2026-08-05 00:00:00+00:00,10.1093/nsr/nwag468,Zachary M Hudson,,,0
Antigen presentation by CD40+MHC-II+ astrocytes promotes CNS autoimmunity,https://www.nature.com/articles/s41586-026-10860-6,Nature,2026-08-05 00:00:00 UTC,2026-08-05 00:00:00+00:00,10.1038/s41586-026-10860-6,Francisco J. Quintana,"Astrocytes contribute to the pathology of multiple neurological disorders, including the T cell-driven autoimmune disease of the central nervous system (CNS) multiple sclerosis and its mouse model, experimental autoimmune encephalomyelitis1. However, little is known about functional interactions between astrocytes and CD4+ T cells. Here using rabies barcode interaction detection followed by sequencing2, in combination with single-cell RNA sequencing, in vitro co-culture systems and cell-specific in vivo CRISPR–Cas9-based genetic perturbation studies, we established that astrocytes expressing CD40 and MHC-II promote CNS T cell autoimmunity. We harnessed universal labelling immune partnerships by SorTagging intercellular contacts3 to analyse astrocyte-interacting CD4+ T cells, finding that direct astrocyte–CD4+ T cell interactions enhance pathogenic T helper 17 cell responses in experimental autoimmune encephalomyelitis. In addition, we studied the effect of these interactions on astrocytes. Using in vivo subproteomic approaches4 and AlphaFold-Multimer predictions5, we established that CD40 activation in astrocytes by CD40L expressed by CD4+ T cells induces the accumulation of PLIN4-positive lipid droplets, which provide acetyl-CoA to promote p65 acetylation-dependent NF-κB activation and antigen presentation. Finally, we detected CD40+MHC-II+LD+ astrocytes in multiple sclerosis samples by single-nucleus RNA sequencing and immunohistochemistry. In summary, these studies define a previously unrecognized mechanism by which astrocytes promote CNS autoimmunity.",nature_html,0
Steering the reaction pathway of methane-to-oxygenates with zero CO2 production via photo–thermal catalysis,https://academic.oup.com/nsr/advance-article/doi/10.1093/nsr/nwag472/8752651?rss=1,National Science Review Advance Access,2026-08-05 00:00:00 UTC,2026-08-05 00:00:00+00:00,10.1093/nsr/nwag472,Li Tan,"The direct conversion of CH4 into liquid oxygenates via heterogeneous catalysis is highly challenging due to the facile overoxidation of target products. Herein, we present a potential Ag-modified In2O3 photo–thermal catalyst that enables the selective oxidation of CH4 to CH3OH and HCHO using molecular O2 under mild conditions (150°C, Xe lamp irradiation). The optimized Ag-3/In2O3 catalyst exhibits remarkable performance, achieving 100% selectivity toward liquid oxygenates with complete suppression of CO2 formation, and delivers a high production rate of 6544 μmol·g−1·h−1, 2.6 times greater than that under pure photocatalysis at 25°C. Mechanistic studies reveal that photogenerated holes facilitate C–H bond activation to form ·CH3 radicals, while O2 is selectively reduced at electron-rich Ag sites to generate ·OH species. Meanwhile, it demonstrates that excessive ·OH generation on the Ag-10/In2O3 contrast catalyst promotes HCHO overoxidation to CO2, highlighting the importance of ·OH regulation in determining product selectivity over the Ag-3/In2O3 catalyst. Moreover, combined with the experiments and DFT calculations, demonstrates that In2O3 with a suitable band structure exhibits weak adsorption affinity toward CH3OH and HCHO, while also supplying an in-depth understanding of the zero CO2 emissions in this catalysis process. The work illustrates that the strategic coupling of thermal and photocatalytic pathways enhances charge-carrier utilization and promotes selective radical chemistry for efficient CH4 valorization.",rss_oup,0
Atomically dispersed Ti on MnOx-Fe2O3 tailors O 2p orbitals for CO oxidation and H2O/SO2 resistance,https://www.nature.com/articles/s41467-026-76406-6,Nature Communications,2026-08-05 00:00:00 UTC,2026-08-05 00:00:00+00:00,10.1038/s41467-026-76406-6,Tingyu Zhu,"Transition-metal oxides offer a low-cost alternative to precious metals for environmental catalysis, yet CO oxidation under humid and sulfur-laden conditions remains challenging due to rapid poisoning. Herein, we report an atomic dispersion of Ti‑decorated MnOx-Fe2O3 catalyst that achieves high activity and remarkable H2O/SO2 resistance. Atomically dispersed Ti provides electron-accepting 3d states from O 2p orbitals, which redistributes and stabilizes selected O 2p states while modifying their hybridization with neighboring Mn/Fe 3d orbitals. The localized electronic restructuring strengthens CO adsorption and facilitates lattice oxygen activation via a Mars-van Krevelen (MvK)-like mechanism, lowering the apparent activation energy to 64.59 kJ/mol. Simultaneously, Ti-O-Fe interfaces weaken SO2 adsorption (from −1.96 eV to −0.19 eV) and suppress H2O competition, retaining >55% CO conversion under 10 vol% H2O and 10 ppm SO2, far surpassing the parent oxide (",nature_html,0
The inherent capacity of neurons to learn order relations and support abstract reasoning,https://www.nature.com/articles/s41467-026-76102-5,Nature Communications,2026-08-05 00:00:00 UTC,2026-08-05 00:00:00+00:00,10.1038/s41467-026-76102-5,Wolfgang Maass,"Brains extract relations between objects and concepts and integrate them into cognitive maps for decision-making. But it remains unclear how they achieve that. Here we present a rigorous theory showing that single neurons can already learn to extract ranks of items in a linear order with a simple local rule for synaptic plasticity. The resulting model explains human brain data on the emergence of cognitive maps from linear orders, accounts for the terminal item effect in transitive inference, and enables rapid reconfiguration of internal representations when new evidence appears. We also present a theoretical explanation for the surprising fact that 2D projections of neural representations of linear orders in the brain are curved rather than linear. Since the model requires only local synaptic plasticity in shallow networks, it is suited for relational learning and fast inference on low-energy edge devices. We demonstrate this on the neuromorphic chip Loihi 2.",nature_html,0
Two is company and three is a quantum interface,https://www.nature.com/articles/s41563-026-02674-8,Nature Materials,2026-08-05 00:00:00 UTC,2026-08-05 00:00:00+00:00,10.1038/s41563-026-02674-8,Ioan M. Pop,,,0
Why science must reinforce its social contract,https://www.nature.com/articles/d41586-026-02444-1,Nature,2026-08-05 00:00:00 UTC,2026-08-05 00:00:00+00:00,10.1038/d41586-026-02444-1,Peter Gluckman,,,0
Thermally evaporated perovskite/silicon tandems via formamidinium eutectic,https://www.nature.com/articles/s41586-026-10970-1,Nature,2026-08-05 00:00:00 UTC,2026-08-05 00:00:00+00:00,10.1038/s41586-026-10970-1,Yi Hou,"Solution processing remains the dominant route to high-performance perovskite/silicon tandems, but it remains challenging to simultaneously achieve industrial scalability and long-term reliability.1-3 Thermal evaporation is more industrially viable, yet it has not been successfully demonstrated for large-area perovskite/Si tandems, largely due to the thermal degradation of formamidinium iodide (FAI) during high-temperature evaporation. Here, we synthesize a formamidinium-based eutectic (Eu) that lowers the effective evaporation temperature of FAI by an average of 36 °C - below its degradation threshold - thereby enabling stable FAI evaporation without thermal degradation. As a result, the evaporated perovskite films exhibit enhanced crystallinity and atomic-scale compositional homogeneity. Sequentially evaporated perovskite/Si tandems achieve a steady-state efficiency of 31.5% (1 cm2). Benefiting from the uniformity of evaporation, we further demonstrate the first thermally evaporated large-area perovskite/Si tandem on a commercial half-cut G12 wafer, delivering a steady-state efficiency of 30.0% (200 cm2). Scaling the device area from 1 to 200 cm2 incurs only a 3.99% relative efficiency loss, representing the lowest reported efficiency penalty for area scaling in perovskite-based tandems. The Eu-based tandem retains 95% of its initial efficiency after 2000 hours of damp-heat aging (85 °C/85% RH) and exhibits negligible power loss after two months of real-world outdoor operation.",nature_html,0
Publisher Correction: Progressive plasticity during colorectal cancer metastasis,https://www.nature.com/articles/s41586-026-10963-0,Nature,2026-08-05 00:00:00 UTC,2026-08-05 00:00:00+00:00,10.1038/s41586-026-10963-0,Karuna Ganesh,,,0
Junk plastic turns into high-value commodity with chemistry trick,https://www.nature.com/articles/d41586-026-02445-0,Nature,2026-08-05 00:00:00 UTC,2026-08-05 00:00:00+00:00,10.1038/d41586-026-02445-0,Nick Petrić Howe,,,0
An expanded codebook of human transcription factor DNA-binding specificity,https://www.nature.com/articles/s41586-026-10798-9,Nature,2026-08-05 00:00:00 UTC,2026-08-05 00:00:00+00:00,10.1038/s41586-026-10798-9,Timothy R. Hughes,"Gene expression is regulated by transcription factors (TFs), which recognize specific DNA sequence motifs. Several hundred putative human TFs, identified mainly by an apparent DNA-binding domain, lack known binding motifs1. Furthermore, even for well-characterized TFs, it remains controversial the degree to which motifs accurately reflect binding sites in living cells2. Here we describe a systematic effort (‘Codebook’) to determine the sequence specificity of 332 putative and poorly characterized human TFs. More than 4,000 independent experiments, encompassing multiple in vitro and in vivo assays, produced motifs for just over half (177; 53%) of the TFs, of which most are associated with only a single protein. These results extend the vocabulary of sequence recognition encoded by human TFs by around 130 distinct motifs. Moreover, binding motifs identified in vitro are strongly enriched in cellular binding sites. Collectively, the data reveal tens of thousands of previously unknown, conserved and direct TF-binding sites across the human genome. These sites are concentrated in promoter regions and are predictive of gene expression. In summary, this new codebook provides an important step forward in decoding the human genome.",nature_html,0
The Australian–Indonesian Monsoon Through Time,https://academic.oup.com/nsr/advance-article/doi/10.1093/nsr/nwag473/8752645?rss=1,National Science Review Advance Access,2026-08-05 00:00:00 UTC,2026-08-05 00:00:00+00:00,10.1093/nsr/nwag473,Stephan Steinke,"The Australian-Indonesian monsoon (AIM) is the manifestation of seasonal rainfall change and wind reversal over northern Australia and the Maritime Continent, within a region of extreme land-sea fragmentation. Past AIM variability and change have been related to large, covarying shifts in the boundary conditions such as the atmospheric CO2, Northern Hemisphere ice sheets, orbital insolation, and sea-level variations. This review synthesizes what is currently known about AIM evolution and mechanisms, emphasizing the Quaternary where proxy evidence, dating control, and modeling experiments are most abundant. We assess how model hierarchies have been used to separate rainfall and circulation responses, diagnose the role of SST pattern changes and inter-hemispheric energy balance, and show whether shelf exposure should be treated as a first-order monsoon control or a modest boundary condition adjustment. We argue that progress now hinges more on explicit quantification of data uncertainty and proxy-aware evaluation, as well as using isotope-enabled transient simulations and proxy system models that compare models to what proxies record rather than to precipitation alone.",rss_oup,0
In Situ Interfacial Reconstruction Enables Sodiophilic and Ion‐Conductive Current Collectors for Anode‐Free Sodium Metal Batteries,https://advanced.onlinelibrary.wiley.com/doi/10.1002/aenm.71390?af=R,Wiley: Advanced Energy Materials: Table of Contents,2026-08-05 06:21:28 UTC,2026-08-05 06:21:28+00:00,10.1002/aenm.71390,Gongkai Wang,"ABSTRACT
                  
                    Anode‐free sodium metal batteries (AFSMBs) are promising for high‐energy‐density storage but are limited by poor Na plating/stripping reversibility on conventional current collectors, where insufficient sodiophilicity and unstable interfacial chemistry induce uneven sodium deposition and rapid sodium inventory loss. Here, an in situ interfacial reconstruction strategy is developed on an Al current collector by introducing SnF
                    2
                    into a PVDF‐HFP layer. A hot‐pressing‐induced redox reaction forms a prefabricated interfacial layer containing metallic Sn and AlF
                    3
                    , which further evolves during initial sodiation into a NaF‐rich organic/inorganic composite interphase. The uniformly distributed metallic Sn sites markedly reduce the Na nucleation barrier and promote high‐density nucleation, while the fluorine‐rich interphase lowers the Na
                    +
                    transport barrier and stabilizes the anode interface. Through the coupled regulation of nucleation behavior, ion transport, and interfacial stability, the reconstructed current collector enables dense and highly reversible Na deposition. As a result, asymmetric cells achieve 450 cycles at 5 mAh cm
                    −2
                    with an average CE of 99.91%, symmetric cells sustain stable cycling for over 1300 h at 90% depth of discharge, and AFSMBs deliver 84% capacity retention and 330 Wh kg
                    −1
                    under a cathode loading of 35.17 mg cm
                    −2
                    . This work offers an effective interfacial engineering strategy for practical AFSMBs.",crossref,0
Progress and Perspectives of In Situ Polymerized Solid‐State Electrolytes for Sodium Batteries,https://advanced.onlinelibrary.wiley.com/doi/10.1002/aenm.71378?af=R,Wiley: Advanced Energy Materials: Table of Contents,2026-08-05 06:22:04 UTC,2026-08-05 06:22:04+00:00,10.1002/aenm.71378,Yong‐Sheng Hu,"ABSTRACT
                  Sodium batteries have attracted considerable attention for large‐scale energy storage because of the abundance and low cost of sodium resources. Conventional liquid electrolytes still face substantial safety concerns. In contrast, solid polymer electrolytes can reduce reliance on volatile liquids but often exhibit limited room temperature ion transport and poor contact with porous electrodes. In situ polymerization offers a route to address these issues due to its compatibility with existing sodium‐ion battery manufacturing processes and its potential for scalable production. This review summarizes the advantages and limitations of in situ polymerization for sodium batteries, polymerization initiation conditions and mechanisms, fabrication strategies, and recent advances in sodium‐based in situ polymerized solid‐state electrolytes (SSEs). The key scientific and technological challenges at the current stage are further identified. Finally, future directions for sodium‐based in situ polymerized SSEs are discussed from the materials to the cell level, along with perspectives on structural design for solid‐state sodium‐ion batteries.",crossref,0
Beyond the Gold Standard: Towards Industrially Viable Electrodes for Durable Perovskite Solar Cells,https://advanced.onlinelibrary.wiley.com/doi/10.1002/aenm.71372?af=R,Wiley: Advanced Energy Materials: Table of Contents,2026-08-05 06:23:42 UTC,2026-08-05 06:23:42+00:00,10.1002/aenm.71372,Henry J. Snaith,"ABSTRACT
                  Perovskite solar cells have achieved high efficiencies but remain limited by instabilities. For the opaque metal rear electrode, Au is commonly used to achieve stable operation but is impractical for scalable photovoltaics due to cost. We investigate the effect of a 5 nm chromium (Cr) interlayer beneath low‐cost metals (Al, Ag, Cu) to inhibit metal interdiffusion. Cr/Al electrodes yield devices with high efficiencies (up to 24.7%) and operational stability comparable to reference devices using Au rear electrodes under heat and light stress, with raw material costs reduced by five orders of magnitude. At the front semi‐transparent electrode, through which sunlight will be incident, we identify indium diffusion from indium tin oxide (ITO) as a key degradation mechanism, revealed via depth‐resolved mass spectrometry. We demonstrate that replacing ITO with fluorine‐doped tin oxide (FTO) substantially improves stability. Combining both improvements, FTO with Cr/Al contacts, produces devices retaining &gt;66% of the initial efficiency after &gt;1000 h ageing at 75 °C under simulated sunlight. These results highlight the critical role of electrode selection on perovskite solar cell durability and provide a practical route toward stable and cost‐effective perovskite photovoltaics.",crossref,0
Dynamic Li+ Releasing‐Pulling Design of Weakly Coordinated Gel Polymer Electrolytes Realizing Practical Wide‐Temperature Lithium Metal Batteries,https://advanced.onlinelibrary.wiley.com/doi/10.1002/aenm.71386?af=R,Wiley: Advanced Energy Materials: Table of Contents,2026-08-05 06:25:50 UTC,2026-08-05 06:25:50+00:00,10.1002/aenm.71386,Haiming Xie,"ABSTRACT
                  
                    Polymer lithium metal batteries are promising for next‐generation high‐safety and high‐energy‐density applications, but their wide‐temperature operation is still limited by poor ion transport and interfacial side reactions. Herein, we develop a dynamic “releasing‐pulling” design for wide‐temperature propylene carbonate (PC)‐based gel polymer electrolytes (NSP‐GPE) featuring with weak Li
                    +
                    ‐polymer and Li
                    +
                    ‐PC coordination, simultaneously. Weak Li
                    +
                    ‐polymer coordination enabled by synergistic delocalized π‐electron transfer from the amide (─NH─CO─) and sulfuryl (O═S═O) groups, endows the NSP‐GPE with dynamic Li
                    +
                    pulling sites and reduced Li
                    +
                    decoupling energy barrier, ultimately delivering fast ion transport; Weak Li
                    +
                    ‐PC coordination established by the ─NH─CO─ group as stationary PC anchors via hydrogen bonding, sequesters PC from the Li
                    +
                    solvation sheath to facilitate Li
                    +
                    release, thereby reducing the Li
                    +
                    desolvation energy barrier and alleviating interfacial side reactions. Ultimately, the assembled Li||NCM811 cells show superior wide‐temperature (‐20∼60°C) electrochemical performances. A stable Ah‐level pouch cell with a high specific energy of 403.26 Wh kg
                    −1
                    and a high power density of 2866.8 W kg
                    −1
                    is also demonstrated, concurrently showing excellent safety under thermal and mechanical abuse. This work demonstrates that rational polymer structure engineering enables precise regulation of the coordination environment in GPEs, overcoming the inherent contradiction between ionic conductivity and interfacial stability.",crossref,0
Fluoride‐Ion Batteries: Unraveling the Fundamental Science for Next‐Generation Energy Storage,https://advanced.onlinelibrary.wiley.com/doi/10.1002/aenm.71391?af=R,Wiley: Advanced Energy Materials: Table of Contents,2026-08-05 06:30:33 UTC,2026-08-05 06:30:33+00:00,10.1002/aenm.71391,Sijiang Hu,"ABSTRACT
                  Fluoride‐ion batteries (FIBs) have recently gained scientific interest, primarily driven by the potential high‐energy‐density advantage. The considerable gap between fundamental knowledge and functional performance stems from unresolved scientific challenges intrinsic to the fluoride shuttle principle. Critical issues such as severe volume expansion in conversion‐type electrodes, poor fluoride‐ion mobility in solid electrolytes, and metastable electrode‐electrolyte interfaces represent critical scientific bottlenecks that limit electrochemical reversibility and cycle life. Moreover, the absence of consensus regarding evaluation methodologies and mechanistic descriptors prevents direct comparability across scientific investigations. In this Review, we discuss the fundamental electrochemistry of fluoride‐ion batteries, with a particular focus on charge‐transfer mechanisms, ion‐transport kinetics, and structural evolution in electrode and electrolyte materials. We further highlight the critical role of advanced characterization techniques in probing underlying reaction pathways and interfacial phenomena. Finally, we consider essential research directions required to establish a reliable knowledge base for this emerging field.",crossref,0
Nanoscale Adhesive Architecture Coordinates With Matrix Stiffness to Regulate Stem Cell Aging via Focal Adhesion‐Mediated Chromatin Remodeling and FOXO1 Activation,https://advanced.onlinelibrary.wiley.com/doi/10.1002/adma.73896?af=R,Wiley: Advanced Materials: Table of Contents,2026-08-05 06:36:27 UTC,2026-08-05 06:36:27+00:00,10.1002/adma.73896,Xiaojing Liu,"ABSTRACT
                  Stem cell aging critically limits the efficacy of regenerative biomaterials, yet how mechanical cues within the microenvironment modulate this process remains insufficiently understood. Here, we reveal that the nanoscale spacing of adhesive ligands imposes stiffness‐dependent effects on mesenchymal stem cell (MSC) senescence. Wider spacing (distance 150 nm) accelerates aging on stiff hydrogels (50 kPa) but mitigates it on soft hydrogels (5 kPa), relative to dense spacing (distance 30 nm). Using a molecular clutch‐based theoretical model, we demonstrate that ligand spacing and matrix stiffness cooperatively regulate cell behaviors through focal adhesion assembly. Enhanced focal adhesion formation amplifies stress fiber‐generated traction forces and nuclear envelope tension, leading to increased chromatin accessibility and transcriptional activation of FOXO1, a central regulator of cellular senescence. These mechanistic insights are further validated in vivo. Collectively, these findings delineate a mechanotransduction mechanism through which nanoscale adhesive architecture and matrix stiffness cooperatively govern stem cell aging.",crossref,0
Bridging In‐Plane Order to Macroscopic Isotropic Ultralight MXene–Graphene Aerogels,https://advanced.onlinelibrary.wiley.com/doi/10.1002/adma.74492?af=R,Wiley: Advanced Materials: Table of Contents,2026-08-05 06:45:36 UTC,2026-08-05 06:45:36+00:00,10.1002/adma.74492,Hai‐Bo Zhao,"ABSTRACT
                  
                    Precise nanosheet organization across length scales remains a challenge in translating the intrinsic properties of two‐dimensional (2D) materials into macroscopic porous architectures. Extending in‐plane nanosheet order to long‐range, three‐dimensional (3D) frameworks without structural collapse has been elusive. Here, we report an ultralight MXene–graphene aerogel that exhibits isotropic nanosheet organization spanning from the nanoscale to macroscopic porous networks. This architecture is realized through alginate‐induced liquid‐crystalline assembly coupled with rapid ice‐nucleation‐driven compaction. The isotropic framework homogenizes capillary stresses during drying, enabling ambient‐pressure fabrication of aerogels with an ultralow density of 9.0 mg cm
                    −
                    3
                    . Continuous long‐range, in‐plane isotropic stacking of nanosheets enables efficient electron transport along the pore walls, resulting in enhanced electromagnetic interference (EMI) shielding performance. This work establishes a general strategy for constructing porous multiscale isotropic nanosheet architectures.",crossref,0
In Situ Visualizing the Electric‐Field‐Driven Assembly of Gradient Carbon Dot Hydrogel Electrolytes for Stable Zinc Battery,https://advanced.onlinelibrary.wiley.com/doi/10.1002/adma.74436?af=R,Wiley: Advanced Materials: Table of Contents,2026-08-05 06:58:22 UTC,2026-08-05 06:58:22+00:00,10.1002/adma.74436,Xiaobo Ji,"ABSTRACT
                  
                    Aqueous zinc‐ion batteries (AZIBs) have seen increasing use of carbon dots (CDs) as functional additives; however, their interfacial regulation mechanisms remain unclear due to the lack of direct in situ visualization under realistic conditions. In this study, we develop an operando electrochemical–confocal coupled platform that enables real‐time tracking of fluorescent CDs under an applied electric field. Using this system, we directly visualize the electrophoretic migration and interfacial enrichment of CDs, providing clear evidence of their roles in electric‐field modulation and Zn
                    2+
                    flux regulation. Guided by this insight, a gradient‐structured poly(vinyl alcohol) (PVA) hydrogel electrolyte (2PVA@CDs) is in situ constructed via electric‐field‐driven assembly. Zn||Zn symmetric cells with 2PVA@CDs exhibit ultralong cycling stability over 6500 h at 1 mA cm
                    −2
                    and 1 mAh cm
                    −2
                    , and stable operation for 900 h at 85% depth of discharge. Combined experiments, finite element simulations, and density functional theory calculations reveal that CDs homogenize the interfacial electric field, regulate Zn
                    2+
                    flux, reduce the nucleation energy barrier, and suppress hydrogen evolution, thereby enhancing interfacial stability and overall electrochemical performance. This work clarifies the mechanistic role of CDs and establishes a general operando visualization strategy for functional additives in metal batteries.",crossref,0
"Bioinspired architected catalyst for efficient water purification: Bridging reactivity, reusability, and catalytic component utilization",https://www.science.org/doi/abs/10.1126/sciadv.aeb0624?af=R,AAAS: Science Advances: Table of Contents,2026-08-05 07:00:00 UTC,2026-08-05 07:00:00+00:00,10.1126/sciadv.aeb0624,Xiaoyan Li,"Achieving highly efficient water purification remains a formidable challenge due to intricate coupling among catalytic efficiency, mechanical robustness, and mass transport. Here, we create a bioinspired architected catalyst featuring microscale shell-based frameworks with atomically dispersed Mn-N
                    4
                    sites, fabricated by digital light processing and ultrasonic decoration. Their synergy—where the starfish- and bone-inspired architecture minimizes stress concentration for reusability and enhances pollutant-site contact for mass transport, while the Mn-N
                    4
                    sites facilitate •OH-mediated oxidation—collectively amplifies overall performance beyond the contributions of either component alone. Compared with conventional pellet catalysts, the architected catalyst exhibits a 22.1-fold increase in strength and a 4.56-fold increase in normalized reaction kinetics, resulting in more than 95% degradation with 0.08% active component consumption. It occupies the previously unattained region in the catalytic efficiency (
                    K
                    value) versus metal utilization (active component content) diagram of reported powder and supported catalysts. This work demonstrates a generalizable strategy for designing catalysts that unite reactivity, reusability, and catalytic component utilization.",crossref,0
Assessing pedestrian responses to autonomous and personal mobility robots in crowded public spaces,https://www.science.org/doi/abs/10.1126/sciadv.aef2576?af=R,AAAS: Science Advances: Table of Contents,2026-08-05 07:00:00 UTC,2026-08-05 07:00:00+00:00,10.1126/sciadv.aef2576,Diego Paez-Granados,"Robots increasingly share spaces with people, supporting delivery services and mobility for the aging populations, yet their ability to share space comfortably lacks understanding and benchmarks for designers and policy-makers. We compared human-robot (HRI) and human-human (HHI) interactions across four real-world crowd datasets spanning Europe, North America, and Asia, using a unified pipeline to detect interactions, stratify by crowd density, and model pedestrian behavior. Local motion patterns (speed, acceleration, and jerk) remained closely matched between HRI and HHI across all densities. In contrast, proxemics diverged, with effects that grew approximately linearly with robot speed and weakened under higher crowding: In the dataset with the faster navigating robot, pedestrians maintained about 0.23 meters more clearance around the robot than around other pedestrians under less crowded conditions and about 0.05 meters more under more crowded conditions, while in the dataset with the predominantly stationary robot, the corresponding differences were small and inconsistent across crowding levels. The main conclusions were robust to parameter variations and remained stable across a broad range of motion-processing and interaction-labeling settings. Our findings provide density- and speed-aware benchmarks for proxemics in social robot navigation and empirically grounded targets for design, evaluation, and modeling across robotics and urban mobility.",crossref,0
A clinical and experimental investigation of liraglutide effects on the brain-kidney axis,https://www.science.org/doi/abs/10.1126/sciadv.aef4951?af=R,AAAS: Science Advances: Table of Contents,2026-08-05 07:00:00 UTC,2026-08-05 07:00:00+00:00,10.1126/sciadv.aef4951,David Murphy,"Glucagon-like peptide-1 receptor agonists elicit diuresis and natriuresis in humans and rodents. However, little is known about their interactions with the bodies hormonal systems that control fluid homeostasis. We performed a single center, open-label, before-and-after study and discovered that liraglutide reduces plasma arginine vasopressin (AVP) levels in healthy humans. By quantitative proteomic and phosphoproteomic investigation of the rat pituitary gland, we detail time- and sex-dependent modifications to synaptic proteins mediated by liraglutide. We developed an in vitro AVP luciferase assay to assess the impact of synaptic protein phosphorylation on AVP secretion. We used this assay to identify synaptic protein phosphosites that influence AVP release and liraglutide-mediated sex differences in AVP release. Investigation of AVP downstream signaling pathways in the kidney revealed posttranslational changes to the crucial AVP-regulated water channel aquaporin 2. Thus, glucagon-like peptide-1 receptor agonist modulation of AVP release may be responsible for cardiovascular and renal changes observed in patients.",crossref,0
Anisotropic variable negative-Poisson-ratio metamaterials for tunable multispectral camouflage and electromagnetic energy harvesting,https://www.science.org/doi/abs/10.1126/sciadv.aef7205?af=R,AAAS: Science Advances: Table of Contents,2026-08-05 07:00:00 UTC,2026-08-05 07:00:00+00:00,10.1126/sciadv.aef7205,Renchao Che,"Adaptive electromagnetic compatibility, camouflage, and energy conversion raises challenge in the swiftly responsive modulation. Herein, we designed pixelated negative-Poisson-ratio metamaterials that enable fast control over structural anisotropy and thus electromagnetic properties. One-dimensional conductors are highly oriented in each pixel through sequential shear, stretch, and alignment processes. The uniaxial anisotropy leads to the highest conductive ratio of 2.8 × 10
                    6
                    among different directions. This enables the angle-dependent electromagnetic compatibility across transparency–absorption–shielding regions. The meta-framework realizes strain-reliant anisotropic tunability. The deformation continuously adjusts electromagnetic wave absorbance from 0.2 to 0.9 (reflection loss from −0.8 to −17 decibels). Through chess-like assembly, the framework can also maintain deformation-insensitive absorbance beyond 0.9. The proof-of-concept devices harvest environmental electromagnetic energy to electricity. The generator outputs more than 0.5 volts and the cell generate a peak power of 0.75 milliwatt. Besides, the devices demonstrate tunable camouflage in microwave, infrared, and visible spectra.",crossref,0
Triggering charge redistribution–induced oxygen spillover mechanism in VOx-supported IrSn alloy toward industrial water electrolysis,https://www.science.org/doi/abs/10.1126/sciadv.aef7481?af=R,AAAS: Science Advances: Table of Contents,2026-08-05 07:00:00 UTC,2026-08-05 07:00:00+00:00,10.1126/sciadv.aef7481,Qing Li,"Developing advanced iridium (Ir)–based oxygen evolution reaction (OER) catalysts is critical for proton exchange membrane water electrolyzers (PEMWEs). Unfortunately, conventional adsorbate evolution mechanism (AEM) and lattice oxygen mechanism (LOM) pathways suffer from an activity-stability trade-off, posing substantial challenges for catalyst design. Here, we report a charge-redistribution-induced oxygen (O) spillover strategy by designing amorphous VO
                    
                      x
                    
                    -supported iridium-tin (IrSn) alloy OER catalysts, which can effectively transfer the poisoning oxygenated intermediates and maintain Ir valence stability (+2.5) during the dynamic OER to enhance activity and stability. In particular, the IrSn-VO
                    
                      x
                    
                    –based PEMWE anode can deliver a current density of 3.0 amperes per square centimeter @ 1.798 volts (0.4 milligrams of platinum and Ir per square centimeter), surpassing the US Department of Energy (DOE) 2026 targets. A 25–square centimeter PEMWE operates stably for 5000 hours at industrial currents (≥25 amperes) with an exceptionally low degradation rate of 5.6 microvolts per hour, representing one of the best OER catalysts reported for practical PEMWEs. Theoretical calculations predict that the charge redistribution within IrSn-VO
                    
                      x
                    
                    could reduce the kinetic energy barrier for *O spillover (from Ir to VO
                    
                      x
                    
                    ) by 69% relative to O-O coupling, thus triggering the O spillover against the Ir overoxidation/dissolution. Consequently, IrSn–VO
                    x
                    follows a support-involved LOM pathway with a reduced rate-determining-step barrier (0.37 electron volts) relative to IrSn following AEM (0.66 electron volts). In addition, Sn doping in IrSn-VO
                    
                      x
                    
                    can further promote the regeneration of VO
                    
                      x
                    
                    lattice O and improve stability.",crossref,0
Global patterns and drivers of extinction risk in island endemic terrestrial vertebrates,https://www.science.org/doi/abs/10.1126/sciadv.aef9781?af=R,AAAS: Science Advances: Table of Contents,2026-08-05 07:00:00 UTC,2026-08-05 07:00:00+00:00,10.1126/sciadv.aef9781,Yanping Wang,"Island endemic terrestrial vertebrates, shaped by long-term isolation and ecological specialization, are particularly vulnerable to extinction pressure in the Anthropocene. However, cross-taxon extinction patterns and their drivers remain poorly understood. Here, we compiled a global dataset of 31,865 terrestrial vertebrates, including more than 7500 island endemic species, to evaluate the patterns and drivers of extinction risk in island endemics, in comparison with continent endemics and dual-range species. We found that island endemics face significantly higher extinction risk than non-island endemics, with 3.1% extinct and 34% currently threatened since 1500 CE. Extinction risk among island endemics is unevenly distributed and taxonomically structured, tightly linked to invasive species, overexploitation, and climate change. Compared with continent endemics and dual-range species, their elevated risk is closely associated with small range size and habitat specialization, while biological traits, climate, and anthropogenic pressures also exert taxon-specific effects. These findings explain the unique vulnerability of island endemic vertebrates and inform conservation priorities across island ecosystems.",crossref,0
A biodegradable piezoelectric vertebral implant for programmable electro-neuromodulation in spinal cord injury,https://www.science.org/doi/abs/10.1126/sciadv.aeg0515?af=R,AAAS: Science Advances: Table of Contents,2026-08-05 07:00:00 UTC,2026-08-05 07:00:00+00:00,10.1126/sciadv.aeg0515,Wanru Duan,"Spinal cord stimulation has emerged as a promising therapeutic strategy for spinal cord injury (SCI), yet conventional electronic implants remain limited by surgical risk and long-term safety concerns. We introduce a biodegradable piezoelectric cryogel (Piezo Gel) that enables programmable electro-neuromodulation without implanted electronics. Engineered to replicate spinal column mechanics, Piezo Gel converts physiological motion into localized bioelectrical signals; externally applied ultrasound (US) further amplifies this output, enabling non-invasive, on-demand neuromodulation. In acute severe SCI rats, US-activated Piezo Gel markedly improved locomotor recovery, elevated Basso–Beattie–Bresnahan (BBB) scores, and promoted bladder functional remodeling. In mild contusion rats, a phase-adaptive neuromodulation strategy shifted from US-triggered stimulation during the acute immobilization phase to motion-driven stimulation during subacute rehabilitation, dynamically matching the evolving pathological microenvironment after SCI. This sequential electrostimulation paradigm produced marked restoration of coordinated gait. Together, these findings establish an electronic-free platform for programmable electro-neuromodulation that integrates US and physiological motion, offering a clinically translatable strategy for SCI repair.",crossref,0
Artificial Neptune balls: Superadhesive biomimetic networks for broad-size microplastics capture and removal,https://www.science.org/doi/abs/10.1126/sciadv.aeg0819?af=R,AAAS: Science Advances: Table of Contents,2026-08-05 07:00:00 UTC,2026-08-05 07:00:00+00:00,10.1126/sciadv.aeg0819,Orlin D. Velev,"The cleanup of persistent microplastics (MPs) from aquifers requires the capture and removal of a broad range of MP sizes and shapes. Conventional methods such as filtration and centrifugation are inefficient in removing such a broad range of particle sizes. We designed a class of biomimetic cleaners inspired by natural systems—including “
                    Sargassum
                    rafts” that trap MPs within their branched thalli and “Neptune balls” formed from seagrass. The cleaners are in the form of porous meshes and balls made of biopolymers such as alginate and chitosan. The biopolymers are reprocessed morphologically into soft dendritic colloids (SDCs). The SDCs are consolidated in a honeycomb-like internal network surrounded by a hierarchically fibrillar outer layer. This mesh architecture enables adsorption of nano- and microscale particles via van der Waals and electrostatic interactions while physically trapping millimeter-scale particles into the net openings. Similar cleaners from architected sustainable materials could serve as scalable systems for efficient removal of diverse MPs from aquatic environments.",crossref,0
Development of a structurally distinct TopBP1 inhibitor that enhances PARP blockade and reverses osimertinib resistance,https://www.science.org/doi/abs/10.1126/sciadv.aeg1996?af=R,AAAS: Science Advances: Table of Contents,2026-08-05 07:00:00 UTC,2026-08-05 07:00:00+00:00,10.1126/sciadv.aeg1996,Weei-Chin Lin,"Therapeutic resistance remains a major challenge in cancer treatment, driven by compensatory signaling and stress response pathways that sustain tumor survival. Topoisomerase IIβ-binding protein 1 (TopBP1), a multifunctional scaffold protein with nine BRCT domains, integrates replication stress signaling with oncogenic networks and is frequently overexpressed in aggressive cancers. Its BRCT7/8 domains mediate critical interactions with E2F1, mutant p53, MIZ1, PLK1, and CIP2A, making TopBP1-BRCT7/8 an attractive therapeutic target. Using docking-guided screening and structure-activity relationship–driven optimization, we developed CS18 as a potent and selective BRCT7/8 inhibitor that disrupts oncogenic TopBP1 complexes without interfering with DNA replication. CS18 suppresses MYC transcriptional programs, restores E2F1-mediated apoptosis, and induces mitotic catastrophe. It exhibits broad-spectrum anticancer activity and synergizes with poly(ADP-ribose) polymerase (PARP) inhibitors in multiple cancer types and enhances osimertinib sensitivity in
                    EGFR
                    -mutated non–small cell lung cancer (NSCLC) cells. CS18 demonstrates efficacy in patient-derived breast cancer xenografts and overcomes osimertinib resistance in refractory NSCLC in vivo. These findings establish CS18 as a chemically distinct TopBP1 inhibitor with translational potential to overcome therapeutic resistance and advance precision oncology.",crossref,0
Renoprotective effects of tubular glucagon receptor activation mediated by V-ATPase,https://www.science.org/doi/abs/10.1126/sciadv.aeg2534?af=R,AAAS: Science Advances: Table of Contents,2026-08-05 07:00:00 UTC,2026-08-05 07:00:00+00:00,10.1126/sciadv.aeg2534,Hongting Zheng,"Recent clinical trials have shown that dual GLP-1R/GCGR agonists, including mazdutide and cotadutide, provide kidney benefits in patients with type 2 diabetes and CKD, suggesting a potential contribution of GCGR activation to these renal effects. However, whether GCGR directly confers renoprotection and the underlying mechanisms remain unclear. Here, using tubule-specific GCGR loss- and gain-of-function mouse models and human kidney samples, we show that tubular GCGR signaling exerts an important renoprotective role in DKD. Tubular GCGR expression is reduced in humans and mice with DKD and correlates with worse kidney function and increased renal injury. Genetic ablation of tubular GCGR markedly exacerbates DKD and induces pronounced phospholipid accumulation within enlarged lysosomes. Mechanistically, GCGR loss disrupts its association with the V-ATPase V1A subunit ATP6V1A, compromises V1-V0 assembly, and thereby impairs lysosomal acidification. This defect leads to impaired phospholipid hydrolysis and protease maturation, blockade of autophagic flux, and ultimately tubular cell injury. In vivo, ATP6V1A overexpression markedly reverses GCGR deficiency-induced lysosomal dysfunction and DKD progression. Consistently, re-expression of tubular GCGR via AAV9 restores lysosomal function, reduces phospholipid accumulation, and mitigates renal injury in DKD. Together, these findings provide genetic evidence for the renoprotective role of tubular GCGR in DKD, delineate a kidney-intrinsic GCGR-ATP6V1A-lysosome axis that protects tubular integrity, and extend prior GCGR-in-kidney observations into a more concrete GCGR-lysosome mechanism.",crossref,0
Atomically precise Au24(SR)20 nanoclusters with multiemission,https://www.science.org/doi/abs/10.1126/sciadv.aeg4730?af=R,AAAS: Science Advances: Table of Contents,2026-08-05 07:00:00 UTC,2026-08-05 07:00:00+00:00,10.1126/sciadv.aeg4730,Rongchao Jin,"Atomically precise metal nanoclusters (NCs) offer distinct platforms for exquisite control over photophysics, yet their complex photoluminescence (PL) mechanisms remain elusive. Here, we investigate a correlated series of Au
                    24
                    (SR)
                    20
                    with the same core but different R groups, revealing a unified triple-emission mechanism modulated by the R groups. By integrating cryogenic PL, femtosecond transient absorption and time-resolved electron paramagnetic resonance, we provide the first direct experimental “fingerprint” of short-lived excited triplet state (T
                    1
                    ) of ∼350-nanosecond lifetime at room temperature, resolving the exciton relaxation cascade from the initial singlet state (S
                    1
                    ) to a distorted singlet state with charge-transfer character to a T
                    1
                    . These states contribute to multiemission (600 to 1400 nanometers, visible to near-infrared). Crucially, the R group symmetry of the 3,5-dimethylbenzylthiolate ligand-induced locking increases the kinetic barrier for structural distortion. This rigidity inhibits S
                    1
                    rotational relaxation and decelerates intersystem crossing, yielding enhanced solution fluorescence. This study proposes a paradigm for designing efficient, multiemissive NCs by manipulating the excited-state dynamics and spin character.",crossref,0
Emergent cooperative superstructures via order-disorder kinetics in molecular intercalation superlattices,https://www.science.org/doi/abs/10.1126/sciadv.aeg4785?af=R,AAAS: Science Advances: Table of Contents,2026-08-05 07:00:00 UTC,2026-08-05 07:00:00+00:00,10.1126/sciadv.aeg4785,Naoya Kanazawa,"Molecular intercalation superlattices, formed by inserting organic molecules into van der Waals crystals, create inorganic-organic hybrid interfaces that have enabled a variety of emergent phenomena. Traditionally, the intercalated molecules have been regarded as inactive spacers, while their collective ordering have remained largely unexplored. Here, we report the discovery of a cooperative superstructure phase in molecule-intercalated niobium diselenide (NbSe
                    2
                    ), where ordering of the guest molecules induce a superstructure in the NbSe
                    2
                    host lattice, characterized by a moiré structure due to incommensurability between molecular and inorganic lattices. Thermal-quench measurements show that the transition is governed by slow order-disorder kinetics, contrasting with fast charge or magnetic ordering in inorganic solids. Our findings establish molecular ordering as a route for engineering heterointerfaces, enabling thermally programmable superstructures.",crossref,0
Nucleic acid probe-functionalized self-powered sensor for detection of biomarkers in clinical urine samples,https://www.science.org/doi/abs/10.1126/sciadv.aeg5086?af=R,AAAS: Science Advances: Table of Contents,2026-08-05 07:00:00 UTC,2026-08-05 07:00:00+00:00,10.1126/sciadv.aeg5086,Fan Xia,"Triboelectric nanogenerator (TENG)-based self-powered biosensors can reduce ecological risks from energy storage device disposal and complex electronics manufacturing, offering cost-effective and eco-friendly diagnostic methods. However, in the intricate charge environment of urine, existing devices are difficult to specifically capture targets and produce recognizable changes in surface charge and the resulting electrical signals, leading to insufficient detection specificity and sensitivity. Herein, for the first time, the problem is addressed by a TENG-based self-powered sensor for clinical urine detection. Self-charged nucleic acid probe modification and targeted conformational change induce specific surface charge variation; regulating system ionic strength matches Debye length with probe conformational scale to maximize this variation. A double-electrode device efficiently converts surface charge changes into distinct output signals, boosting sensing performance in intricate charged environments. This sensor achieves sensitive detection of ATP (269 pM) and miR-21 (328 pM) in artificial urine, effectively monitors urinary ATP elevation in cystitis patients, showing potential for low-cost, easy-to-operate home health monitoring, promoting health equity.",crossref,0
Dynamic twisting and imaging of moiré crystals,https://www.science.org/doi/abs/10.1126/sciadv.aeg5362?af=R,AAAS: Science Advances: Table of Contents,2026-08-05 07:00:00 UTC,2026-08-05 07:00:00+00:00,10.1126/sciadv.aeg5362,Monica T. Allen,"Moiré superlattices in stacked two-dimensional crystals are powerful platforms for engineering correlated and topological quantum phases, with twisted graphene and transition metal dichalcogenides as prominent examples. Their angle-sensitive band structures enable rich tunability; however, conventional tear-and-stack methods fix the angle at assembly, limiting systematic exploration of angle-dependent phenomena. Here, we present a scanning probe–based manipulation scheme that enables in situ, continuous postfabrication twist control using nanostructured metal rotors. We demonstrate reproducible angle tuning and direct moiré imaging across three platforms: graphene, hexagonal boron nitride, and encapsulated, air-sensitive MoTe
                    2
                    . Quantitative piezoresponse force microscopy analysis confirms subdegree precision with minimal induced heterostrain, preserving sample quality even in the marginally twisted regime. Crucially, the device architecture maintains open access to the active region, allowing optical, scanning probe, and transport measurements. This work enables single-device mapping of the angular phase diagram of moiré material including the minimally twisted regime.",crossref,0
Quantitative reconstruction of the Yiwu Jurassic Forest in Northwest China and high forest productivity in the Middle Jurassic,https://www.science.org/doi/abs/10.1126/sciadv.aeh1682?af=R,AAAS: Science Advances: Table of Contents,2026-08-05 07:00:00 UTC,2026-08-05 07:00:00+00:00,10.1126/sciadv.aeh1682,Zhuo Feng,"Forests constitute the dominant terrestrial ecosystems and play a critical role in global carbon cycling. However, the changing structure and function of forests through geological time remain poorly understood due to the scarcity of in situ fossil forests preserving detailed and physiologically important anatomical characters. On the basis of 78 in situ permineralized conifer stumps in the Yiwu Jurassic Forest of Xinjiang, China, we quantitatively reconstruct the forest using paleobotanical observations and ecological analyses. We found that this fossil forest has a random tree distribution with an average density of 126 trees per hectare, showing limited postestablishment competitive thinning; its estimated canopy height ranged from 10.47 to 43.95 meters, stand-level biomass was 276,192 to 386,946 kilograms per hectare, and a notable net primary productivity of 21.11 to 31.9 t/hm
                    2
                    ·a, which is three times higher than that of modern temperate conifer forests. Elevated temperature and atmospheric
                    p
                    CO
                    2
                    in the Middle Jurassic probably contributed to this high productivity. Our study indicates that tree density, canopy height, and biomass equivalent to modern forests had already emerged by the Middle Jurassic and that forests were functioning as major terrestrial carbon sinks.",crossref,0
Multi-component gradients in 3D host frameworks enabled stack-type zinc plating/stripping for highly durable aqueous Zn-ion batteries,https://www.science.org/doi/abs/10.1126/sciadv.aeh4699?af=R,AAAS: Science Advances: Table of Contents,2026-08-05 07:00:00 UTC,2026-08-05 07:00:00+00:00,10.1126/sciadv.aeh4699,Zhong Jin,"Developing dendrite-free zinc metal anodes with high durability poses a great challenge for aqueous zinc-ion batteries. Herein, we propose an in situ constructed 3D restrained host frameworks with multi-component gradients that induces a controllable and rapid stack-type zinc plating/stripping behavior, enabling a unique “first-in/last-out” mode. Typically, hydrophobic amino-functionalized polysilane passivation layer and zincophilic Ag nanoparticles are successively self-assembled on carbon paper scaffold to form opposite concentration gradients, namely
                    g’
                    -Ag/
                    g
                    -PSiO
                    x
                    -NH
                    2
                    /CP. The
                    g
                    -PSiO
                    x
                    -NH
                    2
                    inhibits side-reactions and promotes Zn
                    2+
                    desolvation, meanwhile the
                    g’
                    -Ag guides preferential Zn
                    2+
                    deposition. Consequently, the zinc-deposited
                    g’
                    -Ag/
                    g
                    -PSiO
                    x
                    -NH
                    2
                    /CP electrodes exhibit high Coulombic efficiency and long cyclability, surpassing 5000 hours at 10 mA cm
                    −2
                    /10 mAh cm
                    −2
                    in symmetric cells. The as-assembled Zn||MnO
                    2
                    full batteries deliver a specific capacity of 200.1 mAh g
                    −1
                    with 82.2% retention after 800 cycles. Large-size pouch-type battery with zinc-deposited
                    g’
                    -Ag/
                    g
                    -PSiO
                    x
                    -NH
                    2
                    /CP anode and high-loading MnO
                    2
                    cathode (∼15 mg cm
                    −2
                    ) also exhibit good rate capability and cyclability. This scalable strategy offers a feasible solution to develop high-durability rechargeable metal-based batteries.",crossref,0
Intermediate stages in the origin of metabolism at a phosphorylating hydrothermal vent,https://www.science.org/doi/abs/10.1126/sciadv.aef3128?af=R,AAAS: Science Advances: Table of Contents,2026-08-05 07:00:00 UTC,2026-08-05 07:00:00+00:00,10.1126/sciadv.aef3128,William F. Martin,"The origin of life required the emergence of metabolism, an autocatalytic network of enzymatic reactions that synthesize amino acids, nucleotides, and cofactors. At the origin of metabolism, there were no enzymes—how did it start? Empirical studies addressing early metabolic evolution are lacking. Harnessing protein structures for metabolic enzymes, we identify intermediate states in primordial metabolic assembly. We show that enzymatic metabolism in the universal common ancestor was incomplete, undergoing final assembly independently in the lineages leading to bacteria and archaea. Native transition metals—iron, cobalt, nickel, and palladium—served as the catalytic forerunners of both enzymes and cofactors at metabolic origin, while phosphite supplied energy, as it phosphorylates adenosine 5′-monophosphate to adenosine 5′-diphosphate and serine to phosphoserine using native metal catalysts in water. Phosphite and native metals occur in serpentinizing hydrothermal systems, identifying an energy-supplying, catalytic site of metabolic origin. Cofactors liberated nascent metabolism from native metal catalysts, engendering its autocatalytic state.",crossref,0
Assembly-formed bioorthogonal chimeric artificial receptors enable high-contrast fluorescence imaging of tumors,https://www.science.org/doi/abs/10.1126/sciadv.aed9403?af=R,AAAS: Science Advances: Table of Contents,2026-08-05 07:00:00 UTC,2026-08-05 07:00:00+00:00,10.1126/sciadv.aed9403,Hongwen Liang,"Conventional receptor-targeted fluorescent probes have shown promise in tumor imaging, yet achieving a high tumor-to-normal (T/N) tissue ratio in vivo remains challenging due to limited biomarker density on tumor cell membranes. Here, we present an in situ assembly strategy of bioorthogonal-functionalized chimeric artificial receptors (BCARs) that locally constructs BCARs on tumor surfaces, which amplify fluorescence signals and enable high-contrast imaging. Rapid, selective membrane engineering under physiological conditions increases effective receptor density, enhancing fluorophore binding and tumor visualization. Mechanistic studies reveal that BCARs exhibit exceptional membrane retention and spatial precision, sustaining signal amplification in heterogeneous tumor microenvironments. In air-pouch and orthotopic bladder cancer models, BCARs notably improve the T/N imaging ratio and tumor boundary delineation. Translational validation with surgical specimens from 14 patients with bladder cancer confirms clinical feasibility. This work establishes a versatile platform for on-site receptor reprogramming and signal amplification, offering a powerful tool for high-contrast tumor margin detection.",crossref,0
Cohesin facilitates nucleosome invasion by transcription factors,https://www.science.org/doi/abs/10.1126/sciadv.aef1603?af=R,AAAS: Science Advances: Table of Contents,2026-08-05 07:00:00 UTC,2026-08-05 07:00:00+00:00,10.1126/sciadv.aef1603,Lu Bai,"Nucleosomes present a major barrier to transcription factor (TF) binding. However, a subgroup of TFs known as pioneer factors (PFs) can recognize motifs covered by nucleosomes and initiate chromatin opening. PFs also bind nucleosomal substrates with high affinity in vitro, which may facilitate their nucleosome invasion in vivo. Here, we show that LexA, a bacterial TF with poor nucleosome binding in vitro, can rapidly invade into a well-positioned nucleosome from a motif positioned at the dyad when expressed ectopically in yeast. This notable contrast between LexA binding in vitro and in vivo raises the possibility that TFs can exploit nucleosome dynamics in vivo to access occluded sites. Unexpectedly, we find that LexA-mediated chromatin opening can occur in the absence of DNA replication, chromatin remodeling, histone turnover, and a few histone chaperones. Instead, nucleosome invasion by LexA and a native PF, Cbf1, is promoted by the cohesin complex, illustrating an intriguing connection between cohesin and TF binding. Together, our results demonstrate that even nonpioneer TFs like LexA can bind and displace nucleosomes in vivo, through a process facilitated by cohesin.",crossref,0
What is happening at the atomic level during the seed-mediated growth of copper on gold?,https://www.science.org/doi/abs/10.1126/sciadv.aee8346?af=R,AAAS: Science Advances: Table of Contents,2026-08-05 07:00:00 UTC,2026-08-05 07:00:00+00:00,10.1126/sciadv.aee8346,Younan Xia,"Bimetallic nanocrystals obtained via seed-mediated growth are typically analyzed using conventional electron microscopy and many interesting features at the atomic level are often missed. Here we report the seed-mediated growth of copper (Cu) on gold (Au) nanospheres for the synthesis of Au-Cu bimetallic nanocrystals enclosed by a Janus surface comprised of an ordered intermetallic phase and a disordered alloy. Initially, the abundant Cu(II) precursor enables uniform Cu deposition, followed by inter-diffusion to generate an ultrathin shell made of intermetallic Au
                    1
                    Cu
                    1
                    . The growth subsequently evolves into an asymmetric mode, where Cu deposition preferentially proceeds at one activated site to generate Au
                    x
                    Cu
                    y
                    alloy with a graded composition. When tested for nitrate reduction, the Janus nanocrystals show 100% Faradaic efficiency across a wide potential range and a high ammonia yield rate.",crossref,0
Snow-eater heat waves of the western United States,https://www.science.org/doi/abs/10.1126/sciadv.aeb3361?af=R,AAAS: Science Advances: Table of Contents,2026-08-05 07:00:00 UTC,2026-08-05 07:00:00+00:00,10.1126/sciadv.aeb3361,Andrew D. Jones,"Abrupt snowmelt, triggered by rain-on-snow events or “snow-eater heat waves,” can cause flooding, initiate or accelerate snow drought, and affect water availability. However, the characteristics (e.g., area, duration, and frequency), impacts, and trends of snow-eater heat waves have received little attention. To address this gap, we developed a method to identify snow-eater heat waves and estimate their melt potential using 20th Century Reanalysis version 3 air temperature data, the TempestExtremes algorithm, and an operational snowmelt model (SNOW-17) across 1850–2015. Melt season snow-eater heat waves typically last 3 to 5 days, with three to five events, doubling snowmelt rates. Seven of 11 spring superfloods are shown to coincide with snow-eater heat waves. Since the 1850s, snow-eater heat waves have increased in area and frequency, decreased in duration, and shifted earlier in the melt season. Incorporating snow-eater heat-wave impacts into SNOW-17 enhances extreme melt estimates, improving water management support tools.",crossref,0
A metabolite morphogen coordinates multicellular development in Bacillus subtilis,https://www.science.org/doi/abs/10.1126/sciadv.aee6610?af=R,AAAS: Science Advances: Table of Contents,2026-08-05 07:00:00 UTC,2026-08-05 07:00:00+00:00,10.1126/sciadv.aee6610,Kumaran S. Ramamurthi,"The transition from unicellular to multicellular growth requires diversification of cellular functions within genetically identical populations. In
                    Bacillus subtilis
                    , biofilm formation is historically viewed as a developmental precursor to sporulation along a linear pathway. Here, we show that biofilm formation and sporulation instead diverge along a branched pathway. A subpopulation that first initiates sporulation catabolizes lipoteichoic acid through the sequential action of the enzymes ShfP (Sporulation heterogeneity factor Poison) and PhoA (alkaline phosphatase A), leading to the release of millimolar concentrations of glycerol. This glycerol impedes sporulation by disrupting cell wall synthesis and cytoplasmic pH, necessitating counteraction by another protein, ShfA (Sporulation heterogeneity factor Antidote). The extracellular glycerol, however, acts as a morphogen that directs neighboring cells to initiate biofilm formation, which we directly visualize in developing populations of cells. Thus,
                    B. subtilis
                    multicellularity emerges through a branched developmental program in which sporulating cells generate the cue that creates the biofilm-producing lineage via cell-cell communication through repurposing of a canonical intracellular metabolite.",crossref,0
Why did menopause evolve?,https://www.pnas.org/doi/abs/10.1073/pnas.2625473123?mi=eymic2&af=R&access=on&content=articlesChapters&publication=pnas&sortBy=Earliest&target=default,Proceedings of the National Academy of Sciences: Keyword search for query,2026-08-05 07:00:00 UTC,2026-08-05 07:00:00+00:00,10.1073/pnas.2625473123,Amy McDermott,,,0
A temporal differentiation program after birth delineates γδ T cell immunity,https://www.science.org/doi/abs/10.1126/sciadv.aee6790?af=R,AAAS: Science Advances: Table of Contents,2026-08-05 07:00:00 UTC,2026-08-05 07:00:00+00:00,10.1126/sciadv.aee6790,Vasileios Bekiaris,"Type 1 and type 3 γδ T cells develop in the embryonic thymus, yet it is not known whether they continue to differentiate after birth in tissues. Here, we show that in the first week of life, intestinal γδ T cells up-regulated many T cell activation and type 3 genes, while the postweaning period was dominated by induction of genes related to effector function, type 1 immunity, and cytotoxicity. During this period, γδ T cells protected the gut from fungal infection. In the adult intestine, type 3 interleukin-17–producing γδ T cells (γδT17 cells) had a distinct phenotype, a Tbet-dependent type 1 immune profile and enhanced T cell receptor (TCR) signaling. Last, we found a γδT17 cell–like population in the neonatal human gut. Collectively, our data suggest that γδ T cells continue to mature after they leave the thymus and, upon localization to the gut, a dynamic temporal differentiation program reshapes type 3 cells into Tbet
                    +
                    type 1 effectors with heightened TCR activity.",crossref,0
Unveiling previously undescribed circadian clock regulators and action mechanisms via TurboID-based profiling of the LWD1 interactome in Arabidopsis thaliana,https://www.pnas.org/doi/abs/10.1073/pnas.2618203123?mi=eymic2&af=R&access=on&content=articlesChapters&publication=pnas&sortBy=Earliest&target=default,Proceedings of the National Academy of Sciences: Keyword search for query,2026-08-05 07:00:00 UTC,2026-08-05 07:00:00+00:00,10.1073/pnas.2618203123,Shu-Hsing Wu,"The synchronization of the internal circadian clock with the external 24-h diel cycle is critical for plant growth and fitness. LIGHT-REGULATED WD proteins (LWDs) are essential for sustaining a precise and robust circadian clock in
                    Arabidopsis
                    [Y. Wang
                    et al.
                    ,
                    Plant Cell
                    23
                    , 486–498 (2011); J. F. Wu
                    et al.
                    ,
                    Nat Commun.
                    7
                    , 13181 (2016)]. However, the action mechanisms by which LWDs orchestrate the expression of clock genes remain largely elusive. We systematically identified 219 LWD1-interacting protein partners at three Zeitgeber times (ZTs) using a TurboID-mediated proximity labeling approach. Selected interacting proteins were experimentally verified as new regulators of the
                    Arabidopsis
                    circadian clock. Our data also support that LWD1-PSEUDO RESPONSE REGULATORS (PRRs)-TOPLESS (TPL) complex represses the morning gene
                    CIRCADIAN CLOCK ASSOCIATED
                    (
                    CCA1
                    ), shaping the expression trough of
                    CCA1
                    in the late afternoon/early evening under diel cycles. Our results revealed a new corepressor role of LWD1, working in conjunction with epigenetic regulators and transcription factors to underpin the precise operation of the circadian clock.",crossref,0
A transposon-derived transcription factor senses ionic stress through phase separation to govern plant autophagy,https://www.pnas.org/doi/abs/10.1073/pnas.2617665123?mi=eymic2&af=R&access=on&content=articlesChapters&publication=pnas&sortBy=Earliest&target=default,Proceedings of the National Academy of Sciences: Keyword search for query,2026-08-05 07:00:00 UTC,2026-08-05 07:00:00+00:00,10.1073/pnas.2617665123,Jiaqi Sun,"Salt stress severely impairs plant growth through two distinct cellular insults: osmotic stress caused by water limitation and ionic toxicity resulting from excessive Na
                    +
                    accumulation. Although plant osmosensors have been identified, the mechanisms underlying ionic stress perception remain elusive. Salt stress also activates autophagy, a conserved degradation pathway that removes damaged organelles and protein aggregates to promote stress tolerance. In animals, master regulators such as transcription factor EB (TFEB) coordinate this response by activating autophagy genes across the pathway, but no analogous regulator has been identified in plants. Here, we show that MUSTANG4 (MUG4), a transcription factor derived from Mutator-like element (MULE) transposons, functions as an ionic stress sensor and the primary transcriptional driver of salt-induced autophagy in
                    Arabidopsis
                    . MUG4 responds to elevated monovalent cation concentrations, but not chloride anions or osmotic stress, thereby distinguishing ionic from osmotic stress. Ionic stress compacts the intrinsically disordered region (IDR) of MUG4 and drives liquid–liquid phase separation of the full-length protein, as demonstrated by Förster resonance energy transfer–fluorescence lifetime imaging, in vitro assays, and coarse-grained molecular dynamics simulations. Genome-wide in vivo CUT&amp;Tag sequencing and RNA sequencing reveal that MUG4 directly and coordinately activates autophagy genes spanning multiple functional stages of the pathway. IDR deletion abolishes phase separation, reduces autophagy gene activation and autophagic flux, and prevents the truncated protein from rescuing the salt-sensitive phenotype of
                    mug4
                    mutants. These findings identify a dedicated plant ionic stress sensor and establish a mechanistic link between exapted transposable elements, phase separation, and transcriptional stress responses, thereby integrating ionic stress perception with autophagy activation.",crossref,0
An N-acetylated daropeptide modulates nematode development,https://www.pnas.org/doi/abs/10.1073/pnas.2617449123?mi=eymic2&af=R&access=on&content=articlesChapters&publication=pnas&sortBy=Earliest&target=default,Proceedings of the National Academy of Sciences: Keyword search for query,2026-08-05 07:00:00 UTC,2026-08-05 07:00:00+00:00,10.1073/pnas.2617449123,Qi Zhang,"The symbiotic bacterium
                    Photorhabdus
                    is a rich source of bioactive secondary metabolites that mediate tripartite interactions with nematodes and insect hosts. However, natural products of ribosomal origin remain largely underexplored within this ecological niche. Here, we report the identification of aphotorhaptin A, a darobactin-like peptide (daropeptide) natural product from
                    Photorhabdus asymbiotica
                    , which structurally features an ether crosslink and an N-terminal acetyl unit. Biosynthetic investigation uncovers aphotorhaptin A is matured via an unexpected leader cleavage step, and the subsequent N-terminal acetylation confers metabolic stability that maintains the hexapeptide scaffold integrity. Biochemical and structural studies demonstrate the acetyltransferase PasC exhibits remarkable substrate promiscuity, facilitated by an expansive active-site cavity that accommodates diverse acyl-CoA donors and peptide substrates. Unlike the antimicrobial darobactin, aphotorhaptin A appears to lack antibacterial activity but modulates nematode development, and this activity requires the ether crosslink and the N-terminal acetyl group in the hexapeptide scaffold. These findings expand the chemical and biosynthetic space of ribosomal peptide family and establish its link with nematode development and reproduction.",crossref,0
Hydrodynamic phase entrainment drives synchronization of sperm flagella,https://www.pnas.org/doi/abs/10.1073/pnas.2614989123?mi=eymic2&af=R&access=on&content=articlesChapters&publication=pnas&sortBy=Earliest&target=default,Proceedings of the National Academy of Sciences: Keyword search for query,2026-08-05 07:00:00 UTC,2026-08-05 07:00:00+00:00,10.1073/pnas.2614989123,Junhua Yuan,"Synchronization of sperm flagella may enhance reproductive fitness and offers an accessible model for studying biological coordination. However, a fundamental debate persists: while hydrodynamic models predict that fluid coupling alone can synchronize adjacent flagella, experiments on freely swimming sperm suggest that direct mechanical contact is required. This discrepancy likely reflects both idealized theoretical assumptions that neglect physiological heterogeneity and experimental limitations that preclude isolation of the hydrodynamic contribution. To resolve this, we developed a microfluidic trap array that immobilizes pairs of sperm cells while preserving their natural flagellar beating, enabling long-duration, high-precision measurements of phase dynamics under controlled hydrodynamic conditions. By analyzing the synchronization dynamics through the Adler equation—which accommodates the intrinsic frequency detuning of biological oscillators—we reveal that under head-fixed conditions, pure hydrodynamic coupling is sufficient to drive robust flagellar synchronization. Furthermore, we find that the coupling strength decays approximately linearly with interflagellar distance over physiologically relevant scales, and that flagellar phase fluctuations are dominated by low-frequency colored noise, challenging the ubiquitous white-noise approximation in active matter models. Going beyond the conventional phenomenological use of the Adler equation, we derive a phase–response function that traces its coupling term directly to the measured hydrodynamic flow field, thereby grounding the abstract phase dynamics in its physical basis in fluid mechanics. These results reconcile the theoretical–experimental divide regarding flagellar synchronization and establish a transferable framework for investigating collective behavior in diverse systems of nonidentical biological oscillators.",crossref,0
The evolution of the Earth’s surface iron cycle,https://www.pnas.org/doi/abs/10.1073/pnas.2608784123?mi=eymic2&af=R&access=on&content=articlesChapters&publication=pnas&sortBy=Earliest&target=default,Proceedings of the National Academy of Sciences: Keyword search for query,2026-08-05 07:00:00 UTC,2026-08-05 07:00:00+00:00,10.1073/pnas.2608784123,Dalton S. Hardisty,"Formation and burial of pyrite (iron sulfide) in marine sediments exert a fundamental control on atmospheric oxygenation and seawater buffering over geological timescales. However, little is known about how the formation and delivery of its precursor, reactive iron (Fe) oxide minerals, have evolved throughout Earth history. Secular variability in reactive Fe (including Fe oxides and pyrite) preserved in marine sediments is commonly attributed solely to redox changes. Here, we develop an approach to distinguish redox-driven influences from other controls on sedimentary reactive Fe, including the intensity of continental silicate weathering and the transfer of terrigenous particles to the ocean. We apply this framework to a compilation of reactive Fe data spanning 1,200 My of Earth history. Our results reveal persistently low proportions of reactive Fe from the Mesoproterozoic through the Cambrian, followed by a pronounced mid- to late Paleozoic rise and a subsequent decline in the late Cenozoic. This temporal pattern is inconsistent with a purely redox-driven control. Comparison with independent proxies for continental weathering and land-ocean sediment and solute fluxes suggests a strong coupling between reactive Fe burial, oxidative silicate weathering, and tectonically driven erosion. Notably, the mid- to late Paleozoic rise in reactive Fe coincided with the proliferation of land plants and increasing atmospheric oxygen. We propose a positive feedback where Earth-surface Fe cycling was both amplified by atmospheric oxygenation and contributed to it through its influence on pyrite burial in marine sediments.",crossref,0
Early fate diversification of radial glial progenitors during corticogenesis,https://www.science.org/doi/abs/10.1126/sciadv.adw5487?af=R,AAAS: Science Advances: Table of Contents,2026-08-05 07:00:00 UTC,2026-08-05 07:00:00+00:00,10.1126/sciadv.adw5487,Marta Nieto,"Radial glial progenitors (RGPs) generate all projection neurons (PNs) in the cerebral cortex through incompletely understood processes. We combined Mosaic Analysis with Double Markers at embryonic stages (E)12.5 and E13.5 with early postnatal callosal tracing to dissect RGP lineage progression. We find that multipotent RGPs generate all extra-telencephalic (ET) and intra-telencephalic (IT) PNs via parallel sublineages that emerge simultaneously at neurogenesis onset. ET-PN production progresses exclusively via small, self-consuming lineages; IT-PN lineages feature RGPs generating large translaminar outputs. The early emergence of IT-PN–fated RGPs, coinciding with a switch to direct neurogenesis, contributes to the stereotyped population-level progression of the multipotent lineage. We also identify POU3F transcription factors as candidate regulators of IT-PN fate via noncanonical mitotic chromatin binding. The results support a model whereby IT- and ET-PNs arise from an early bifurcation and parallel specification within the multipotent RGP lineage.",crossref,0
The dynamics of introgression and parallel adaptation across North American Vitis species,https://www.pnas.org/doi/abs/10.1073/pnas.2607754123?mi=eymic2&af=R&access=on&content=articlesChapters&publication=pnas&sortBy=Earliest&target=default,Proceedings of the National Academy of Sciences: Keyword search for query,2026-08-05 07:00:00 UTC,2026-08-05 07:00:00+00:00,10.1073/pnas.2607754123,Brandon S. Gaut,"Hybridization between species can contribute to parallel adaptive events. However, the prevalence of introgression is rarely measured across multiple species, meaning that it is rarely integrated with landscape-scale processes or connected to adaptive repeatability. Here we analyzed whole-genome resequencing data from 639 accessions representing 48
                    Vitis
                    species.
                    Vitis
                    is notable for the domesticated grapevine (
                    Vitis vinifera
                    ), multiple economically important North American species, and as an example of a temperate adaptive radiation. We reconstructed individual- and species-level phylogenetic frameworks for the genus and performed population genetic analyses for 19 species. The analyses uncovered widespread evidence of introgression, comprising ~14% of the average
                    Vitis
                    genome. Introgression was associated with the geographic distribution between species, and highly admixed individuals were more frequently found near ecological niche margins. Genetic analyses further indicated that previously recognized hybrid taxa,
                    Vitis x doaniana
                    and
                    Vitis x champinii
                    , likely represent ongoing hybrid swarms rather than distinct lineages. We assessed patterns of adaptive repeatability across eight species with denser population sampling. For six of eight species, most detected selective sweeps overlapped with sweeps in other species; on average, more recently diverged species shared more overlapping sweeps. A coalescence-based composite likelihood approach inferred that parallel sweep events were driven mostly by introgression, although a substantial fraction (~40%) was attributed to selection on ancestral standing variation. By integrating population genomic data across many species, this study highlights the central role of shared genetic variation—and the driving force of hybridization—across an adaptive radiation.",crossref,0
Checkpoint-insulated triple-signal artificial antigen-presenting cells drive antigen relay and systemic antitumor immunity,https://www.pnas.org/doi/abs/10.1073/pnas.2604171123?mi=eymic2&af=R&access=on&content=articlesChapters&publication=pnas&sortBy=Earliest&target=default,Proceedings of the National Academy of Sciences: Keyword search for query,2026-08-05 07:00:00 UTC,2026-08-05 07:00:00+00:00,10.1073/pnas.2604171123,Zhiping Zhang,"Dendritic cell (DC) vaccines offer professional antigen presentation but are often limited by suboptimal trafficking to lymphoid tissues, whereas whole tumor cell vaccines preserve antigenic diversity yet frequently lack coordinated activation cues for efficient T cell priming. Here, we report OncoAPC, an inactivated artificial antigen-presenting cell designed around a triple-signal priming logic: MHC-I-mediated antigen presentation (signal 1), CD80-mediated costimulation (signal 2) with checkpoint-insulating capacity, and incorporated IL-12 (signal 3). Mechanistically, OncoAPC directly activated T cells while partially insulating against PD-1 suppression through
                    cis
                    CD80:PD-L1 interactions and simultaneously engaged endogenous DCs to relay tumor antigens via cross-dressing and amplify lymphoid priming. Across multiple tumor models, OncoAPC showed broad therapeutic activity, including marked suppression of metastatic tumor burden and substantial control of established tumors, outperforming conventional DC vaccination. It further retained efficacy beyond the MC38 backbone and remained active when generated from human tumor cells or excised tumor-derived material. These findings establish OncoAPC as a scalable, broad-spectrum cancer vaccine platform that integrates antigenic diversity with DC-like functional precision.",crossref,0
Mechanistic insights into mutations that cause diseases of phosphate dysregulation,https://www.pnas.org/doi/abs/10.1073/pnas.2603453123?mi=eymic2&af=R&access=on&content=articlesChapters&publication=pnas&sortBy=Earliest&target=default,Proceedings of the National Academy of Sciences: Keyword search for query,2026-08-05 07:00:00 UTC,2026-08-05 07:00:00+00:00,10.1073/pnas.2603453123,Kelly G. Ten Hagen,"Phosphate plays essential roles within the human body and levels are tightly controlled through conserved feedback loops. FGF23, a phosphate-regulating hormone produced in the bone, is regulated by the glycosyltransferase, GALNT3, whose expression is sensitive to circulating phosphate levels. GALNT3-mediated glycosylation of FGF23 confers protection from inactivating furin cleavage, thus allowing intact FGF23 to modulate phosphate reabsorption in the kidneys. Mutations in either FGF23 or GALNT3 are responsible for diseases of phosphate regulation, which can lead to growth defects, skeletal malformations, soft-tissue calcification, kidney failure, and death. However, the specific effects of many of these mutations remain poorly understood and effective treatments are lacking. Here, we employ an in vivo system that recapitulates the FGF23/GALNT3 axis to demonstrate the functional consequences of 11 GALNT3 patient mutations. We identify certain GALNT3 mutations that affect stability yet retain catalytic activity and thus may be targets for therapeutic approaches that enhance folding/stability. We present evidence that one previously reported pathogenic mutation is not pathogenic. We also demonstrate that two additional members of the GALNT family can glycosylate FGF23 and protect it from furin cleavage in cells. Finally, we examine three patient-derived FGF23 mutations and show they have unique effects on stability or secretion. This study provides detailed mechanistic information regarding patient mutations in both GALNT3 and FGF23 that result in disease and a functional platform for developing new approaches to treat diseases of phosphate dysregulation.",crossref,0
TPC1-dependent control of endosomal pH and transferrin uptake determines cellular iron status,https://www.pnas.org/doi/abs/10.1073/pnas.2602941123?mi=eymic2&af=R&access=on&content=articlesChapters&publication=pnas&sortBy=Earliest&target=default,Proceedings of the National Academy of Sciences: Keyword search for query,2026-08-05 07:00:00 UTC,2026-08-05 07:00:00+00:00,10.1073/pnas.2602941123,Christian Grimm,"Iron overload is a life-threatening disease. Without early diagnosis and treatment, it can cause severe organ damage and even premature death by irreversibly damaging organs such as the heart, pancreas, spleen, or liver. We report here that a gain-of-function mutation in the endolysosomal two-pore channel TPC1 (TPC1
                    I486T
                    ) causes iron overload in mice, whereas mice lacking TPC1 exhibit the opposite phenotype, iron deficiency. Endolysosomal patch-clamp experiments demonstrated a strong gain in both human and mouse TPC1 mutant channel activity compared to wild-type upon activation with the early endosome (EE) associated endogenous ligand phosphatidylinositol 3-phosphate. Mechanistically, it was found that uptake of iron bound to transferrin/transferrin receptor from the plasma membrane as well as the pH in EE, from where Fe
                    2+
                    is being released via DMT1 in a H
                    +
                    dependent manner strongly depend on TPC1 activity.",crossref,0
Graded oxidation state calcium phosphate graphene oxide modulates the mechanical and biological behavior of bone matrices,https://www.pnas.org/doi/abs/10.1073/pnas.2537761123?mi=eymic2&af=R&access=on&content=articlesChapters&publication=pnas&sortBy=Earliest&target=default,Proceedings of the National Academy of Sciences: Keyword search for query,2026-08-05 07:00:00 UTC,2026-08-05 07:00:00+00:00,10.1073/pnas.2537761123,Cato T. Laurencin,"Calcium phosphate graphene (CaPG) is a promising reinforcement for polymeric bone matrices, yet the impact of graphene oxide (GO) oxidation on CaPG chemistry and matrix performance remains unclear. Our previous work demonstrated that 5 wt% CaPG provides optimal mechanical and biological performance of poly (lactic-co-glycolic acid) (PLGA) matrix. The present study isolates GO oxidation as the sole variable while maintaining a fixed 5 wt% CaPG loading. CaPG was synthesized under three oxidation conditions: Low Phosphate-High Oxygen at 50 °C, High Phosphate-High Oxygen at 100 °C, and High Phosphate-Low Oxygen at 156 °C and incorporated into the PLGA microspheres. Our results have shown that oxidation state regulates oxygen functional group density, calcium phosphate incorporation, hydrophilicity, and hydration behavior, which collectively modulate mechanical properties and osteogenic activity of the matrix. These findings demonstrate that oxidation can serve as a key tunable factor that generates distinct physicochemical and biological profiles, establishing oxidation programming as a practical approach for creating adaptable CaPG-reinforced PLGA matrices for diverse bone regeneration needs.",crossref,0
A structural and mechanistic atlas of NTD antibody neutralization and immune escape across SARS-CoV-2 prototype and its (sub-)variants,https://www.pnas.org/doi/abs/10.1073/pnas.2535385123?mi=eymic2&af=R&access=on&content=articlesChapters&publication=pnas&sortBy=Earliest&target=default,Proceedings of the National Academy of Sciences: Keyword search for query,2026-08-05 07:00:00 UTC,2026-08-05 07:00:00+00:00,10.1073/pnas.2535385123,Qihui Wang,"The N-terminal domain (NTD) of the SARS-CoV-2 spike (S) is a critical antibody target, yet its epitope organization, neutralization mechanisms, and immune evasion strategies remain incompletely resolved. Here, we classify NTD antibodies into nine spatially distinct classes (designated as NTD-1 to NTD-9), including a cryptic epitope defined here (NTD-8). Mechanistic studies reveal that NTD-5 and NTD-9 antibodies neutralize by inducing S1 shedding, thereby extending this mechanism to selected NTD-directed antibodies. Format profiling shows that while most NTD antibodies require bivalency, selected antibodies from NTD-3, NTD-5, and NTD-9 retain neutralizing activity in Fab form. Profiling 41 antibodies across prototype, Delta, and 17 Omicron subvariants defines an epitope-resolved escape landscape and enables dissection of three convergent evasion strategies: contact residue disruption, glycan shielding, and conformational remodeling. Notably, the KP.3.1.1 subvariant uses a dual escape mechanism in which ∆S31 introduces N30 glycosylation and substantially remodels the S27-R34 region, undermining recognition by both NTD-5 and NTD-9 antibodies. These findings provide a structural and mechanistic framework for rational vaccine and antibody design resilient to antigenic drift.",crossref,0
Population genomics reveals ginseng domestication and ginsenoside biosynthesis,https://www.pnas.org/doi/abs/10.1073/pnas.2535250123?mi=eymic2&af=R&access=on&content=articlesChapters&publication=pnas&sortBy=Earliest&target=default,Proceedings of the National Academy of Sciences: Keyword search for query,2026-08-05 07:00:00 UTC,2026-08-05 07:00:00+00:00,10.1073/pnas.2535250123,Wei Li,"Ginseng (
                    Panax ginseng
                    ), a valuable medicinal plant, is cultivated for the bioactive ginsenosides with cardiovascular protective effects that are abundant in its roots. However, the genetic basis of its domestication and ginsenoside variation is not fully understood. In this study, we resequenced 287 ginseng accessions and, through population genetic analyses, identified five clades associated with geographic regions and fruit color. Selective sweep analysis revealed genes related to adaptation and growth as well as triterpene biosynthesis. The profiling of 169 ginsenosides across these accessions revealed domestication-driven shifts in ginsenoside abundance between groups. A metabolite genome-wide association study identified 12,676 significant single nucleotide polymorphisms associated with ginsenosides. Based on these loci, we identified and functionally analyzed two key glycosyltransferases, PgUXT and PgURT, that govern xylosylation and rhamnosylation of polysaccharidic ginsenosides and significantly influence the accumulation of over half of the ginsenosides within the population. The genotype distribution of these two glycosyltransferases and their related ginsenoside divergence among the groups suggest that they are key candidate branch-point regulators for the population-level diversification of ginsenosides. Considering the identified genetic variants, we applied a machine learning–based genomic predictive model to predict ginsenoside abundance in individual plants for germplasm resource evaluation. Overall, this study elucidates the genomic foundations of domestication and ginsenoside diversification in ginseng and lays a foundation for the metabolite-directed improvement of this important medicinal plant.",crossref,0
3D epigenomic landscape of the human retinal pigment epithelium,https://www.pnas.org/doi/abs/10.1073/pnas.2526200123?mi=eymic2&af=R&access=on&content=articlesChapters&publication=pnas&sortBy=Earliest&target=default,Proceedings of the National Academy of Sciences: Keyword search for query,2026-08-05 07:00:00 UTC,2026-08-05 07:00:00+00:00,10.1073/pnas.2526200123,Zai-Long Chi,"The retinal pigment epithelium (RPE) is crucial for visual function, and its dysfunction contributes to retinal diseases such as age-related macular degeneration. Despite the translational potential of iPSC-derived RPE (iPSC-RPE) in cell replacement therapy, the functional visual gains achieved to date are modest. A key challenge is that the molecular and epigenomic signatures underlying functional RPE are yet to be fully elucidated. By integrating multiomics data, we systematically benchmarked the 3D epigenomic landscapes of primary human RPE (hRPE), iPSC-RPE, and the immortalized ARPE-19 cell line. Our analysis reveals that iPSC-RPE exhibits a mixed molecular state. iPSC-RPE recapitulates hRPE-like transcription and chromatin looping, but its histone modification states remain incompletely matured, and its chromatin accessibility and higher-order chromatin organization do not fully converge to hRPE. Furthermore, we found that hRPE exhibits strong extracellular matrix (ECM) organization driven by enhancer-mediated long-range chromatin interactions and enriched RUNX1 motifs, while iPSC-RPE retains key developmental-related transcriptional signatures, marked by factors such as HAND1, OTX2, and PAX6. These findings establish a multiomics benchmark for RPE maturity, pinpoint key regulatory nodes like ECM organization and RUNX1 for therapeutic targeting, and provide a roadmap for optimizing differentiation protocols and scaffold design in retinal regenerative medicine.",crossref,0
Attention to heterogeneous information sources affects epidemic outcomes,https://www.pnas.org/doi/abs/10.1073/pnas.2604207123?mi=eymic2&af=R&access=on&content=articlesChapters&publication=pnas&sortBy=Earliest&target=default,Proceedings of the National Academy of Sciences: Keyword search for query,2026-08-05 07:00:00 UTC,2026-08-05 07:00:00+00:00,10.1073/pnas.2604207123,Simon A. Levin,"During an epidemic, disease transmission and human behavior are closely related: High infection levels trigger risk awareness and preventive behaviors, which suppress the transmission of disease. While these coupled dynamics have been heavily investigated, both in well-mixed populations and networked populations, less has been done to explore how different ways to establish the awareness of disease affect infection levels. This study presents a mathematical model of two interacting groups (populations) to investigate how epidemic outcomes are affected by the choice of information source, i.e., one’s own group and/or the other group. We demonstrate that for different physical contact patterns the system can undergo a bifurcation from a uniform endemic equilibrium to a nonuniform endemic equilibrium, resulting in a persistent infection level difference between groups that is driven by each group’s choice of its information source. Our results reveal strategies to minimize infection: 1) a group with low infection level benefits by prioritizing information from a group with high infection level thereby overestimating risk and 2) a group with high infection level benefits by accessing information only about its own infection level thereby avoiding underestimation of risk. These results emphasize the need to promote awareness of disease levels in addition to observation of antiepidemic measures. We highlight conditions under which strategies that benefit one group may conflict with strategies that benefit the total infection level of both groups.",crossref,0
SARS-CoV-2 nucleocapsid induces hyperinflammation and vascular leakage through the Toll-like receptor signaling axis in macrophages,https://www.science.org/doi/abs/10.1126/sciadv.aea2780?af=R,AAAS: Science Advances: Table of Contents,2026-08-05 07:00:00 UTC,2026-08-05 07:00:00+00:00,10.1126/sciadv.aea2780,Melody M. H. Li,"A substantial proportion of hospitalized COVID-19 patients require ICU admission, often associated with an imbalance between antiviral responses and inflammatory signaling leading to uncontrolled cytokine secretion. The SARS-CoV-2 nucleocapsid (N) protein is a known immune antagonist, but its role in macrophage-driven cytokine storms is unclear. We demonstrate that N functions in a stimulus-specific manner, specifically amplifying extracellular and dampening intracellular RNA sensing. Moreover, we show that this is a conserved feature of pathogenic betacoronaviruses through distinct mechanisms. Our interaction networks with SARS-CoV-2 variant N proteins suggest that the Delta variant N drives inflammation through interactions with several proteins, most notably, cGAS. Profiling of secreted cytokines revealed that N disrupts the secretome in a variant-specific manner. Most notably, we found that supernatants from the Delta variant N–expressing macrophages dramatically disrupt heart endothelial barriers, implicating N in COVID-19–associated cardiac complications. Our findings highlight N-mediated immune imbalance as a driver of severe COVID-19 and identify N as a promising therapeutic target to mitigate hyperinflammation.",crossref,0
Hyperedge approximation for stochastic processes on higher-order networks,https://www.pnas.org/doi/abs/10.1073/pnas.2619078123?mi=eymic2&af=R&access=on&content=articlesChapters&publication=pnas&sortBy=Earliest&target=default,Proceedings of the National Academy of Sciences: Keyword search for query,2026-08-05 07:00:00 UTC,2026-08-05 07:00:00+00:00,10.1073/pnas.2619078123,Joshua B. Plotkin,"Graphs provide a natural framework to describe processes shaped by pairwise interactions among agents. But many dynamical systems involve interactions within groups of three or more agents. Here, we develop the “
                    
                      
                        ℓ
                      
                    
                    -hyperedge approximation,” an analytical framework for stochastic processes on regular hypergraphs, in which each individual belongs to
                    
                      
                        k
                      
                    
                    groups of size
                    
                      
                        ℓ
                      
                    
                    . The framework accommodates both higher-order interactions that determine payoffs and higher-order processes for updating states in response to payoffs. For evolutionary games on hypergraphs, our analysis generalizes the classical
                    
                      
                        
                          b
                          /
                          c
                          &gt;
                          k
                        
                      
                    
                    rule for cooperation to the
                    
                      
                        ℓ
                      
                    
                    -player donation game; and it yields critical benefit-to-cost ratios for the nonlinear
                    
                      
                        ℓ
                      
                    
                    -player public goods game, which remains bounded as the degree grows. Applied to neutral complex contagions, where inheritance of states occurs within hyperedges rather than along parent–offspring edges, the framework gives a closed-form fixation probability, showing how a single complexity parameter governs the spread of rare types. Coupling the two processes produces a unified stochastic model of payoff-biased complex contagions in structured populations. Together, these results extend pair approximation from graphs to hypergraphs, accommodating multiway interactions and group-level inheritance with no pairwise analog.",crossref,0
Dual-parameter chiral detection at the single-particle level enabled by surface cosine waves,https://www.science.org/doi/abs/10.1126/sciadv.aeb0500?af=R,AAAS: Science Advances: Table of Contents,2026-08-05 07:00:00 UTC,2026-08-05 07:00:00+00:00,10.1126/sciadv.aeb0500,Xiaocong Yuan,"Accurately probing optical chirality at the single-particle level is essential for chiral molecular sensing, quantum optics, and enantioselective nanophotonic technologies. However, conventional chiroptical techniques rely on ensemble-averaged measurements, obscuring particle-to-particle heterogeneity. Although single-particle circular dichroism spectroscopy has achieved nanoscale resolution, it remains limited to intensity-only detection, omitting essential phase information. Here, we present a dual-parameter chiral sensing platform based on surface cosine waves (SCWs) that simultaneously captures amplitude and phase asymmetries at the single-particle level. SCWs create a polarization-balanced interferometric field comprising equal-amplitude left and right circular components with a built-in π phase offset. When interacting with a chiral scatterer, this symmetry is broken, encoding the structural handedness into two distinct metrics: circular scattering dichroism (CSD) and circular scattering retardance (CSR). Together, these metrics provide a comprehensive electromagnetic characterization of single-particle chirality. This method provides a robust, generalizable framework for high-sensitivity, single-particle chiral sensing, paving the way toward next-generation chiroptical metrology and device development.",crossref,0
Dopamine depletion in Parkinson’s increases directed but not random exploration,https://www.science.org/doi/abs/10.1126/sciadv.aee6556?af=R,AAAS: Science Advances: Table of Contents,2026-08-05 07:00:00 UTC,2026-08-05 07:00:00+00:00,10.1126/sciadv.aee6556,Matthias Guggenmos,"We investigated how patients with Parkinson’s disease (PD) manage the explore-exploit trade-off in a structured reward-learning task. Patients were tested either on (
                    n
                     = 34) or off (
                    n
                     = 34) dopaminergic medication (levodopa), with age-matched polyneuropathy patients serving as controls (
                    n
                     = 35). Behaviorally, patients off medication showed marked learning and decision-making deficits, characterized by overexploration (excessive sampling of novel options) and insufficient exploitation (re-selection of previously rewarding options). To clarify the underlying mechanisms, we applied a Gaussian process–upper confidence bound (GP-UCB) model that combines generalization across spatially similar options with uncertainty-directed exploration (targeted sampling of uncertain options) and random exploration (undirected choice variability). Modeling results showed that patients off medication exhibited increased uncertainty-directed exploration compared to both controls and patients with PD on medication, whereas random exploration did not differ across groups. Relative to controls, patients off medication also showed reduced generalization. In contrast, directed exploration and generalization in patients on medication were comparable to the control group. Our findings highlight how dopamine depletion in PD affects reward learning under uncertainty, suggesting a key role of dopamine in exploration and generalization.",crossref,0
Unlock lasing in two-dimensional metal halide perovskites by tuning ns2 lone pairs,https://www.science.org/doi/abs/10.1126/sciadv.aee5631?af=R,AAAS: Science Advances: Table of Contents,2026-08-05 07:00:00 UTC,2026-08-05 07:00:00+00:00,10.1126/sciadv.aee5631,Yongping Fu,"Despite the proliferation of lasing reports in three-dimensional (3D) lead halide perovskites, robust lasing in their single-layer two-dimensional (2D) counterparts, (LA)
                    2
                    PbX
                    4
                    (LA = spacer cation; X = halide), has remained elusive. Here, we uncover the critical role of metal ns
                    2
                    -lone-pair stereochemistry in modulating excitonic properties and enabling lasing in these materials. Using a library of (LA)
                    2
                    BI
                    4
                    [B = Pb (lead), Sn (tin), or Ge (germanium)], we identify key structural descriptors that link lone pair activity to exciton-phonon coupling and exciton-exciton annihilation. Within a given B-cation series, rigid frameworks with shorter B─I bonds suppress lone pair activity and favor free exciton emission, while enhanced lone pair activity—tuned by the spacer and B-cation—can localize excitons, increase dielectric screening, and suppress exciton-exciton annihilation at high excitation fluences. By balancing these effects through cation selection, we demonstrate lasing in a newly synthesized Pb-based (2FBMZ)
                    2
                    PbI
                    4
                    (2FBMZ = 5,6-difluoro-1
                    H
                    -benzimidazole cation) and achieve the most thermally stable lasing in its Sn-based analog. These insights provide design principles for high-brightness 2D perovskite photonic devices.",crossref,0
Steppe productivity decline contributed to smallpox outbreak and the collapse of the last nomadic empire in the 1750s,https://www.science.org/doi/abs/10.1126/sciadv.aee4285?af=R,AAAS: Science Advances: Table of Contents,2026-08-05 07:00:00 UTC,2026-08-05 07:00:00+00:00,10.1126/sciadv.aee4285,Fahu Chen,"The collapse of the Dzungar Khanate in the 1750s marked the end of the world’s last nomadic empire and reshaped Eurasian geopolitics. However, whether environmental and societal factors interplayed and contributed to its collapse remains unclear. Here, we reconstructed steppe productivity variability across the Dzungar heartland since 1625 using 441 tree-ring series based on an extreme growth ratio. Our record shows that the Khanate’s collapse coincided with the lowest steppe productivity in the past four centuries during 1751–1761. The weakening societal resilience approaching a tipping point intensified the effects of the rapid steppe productivity decline, which cascaded into famine, conflict, and trade breakdown. Smallpox then reemerged and escalated into a catastrophic epidemic, transforming the environmental crisis into the collapse of the Dzungar Khanate. Our findings underscore the urgent need to strengthen pastoral resilience and epidemic surveillance in steppe regions as climate stress intensifies and cross-border epidemic threats escalate.",crossref,0
Biophysical reprogramming of immunosuppressive neutrophils by cold atmospheric plasma reinvigorates antitumor immunity,https://www.science.org/doi/abs/10.1126/sciadv.aee2483?af=R,AAAS: Science Advances: Table of Contents,2026-08-05 07:00:00 UTC,2026-08-05 07:00:00+00:00,10.1126/sciadv.aee2483,Weiqiang Jing,"Neutrophils are increasingly recognized as key orchestrators of the immunosuppressive tumor microenvironment, yet their intrinsic plasticity, short lifespan and resistance to genetic manipulation have impeded therapeutic targeting. Here, we report a non-pharmacological, biophysical immunomodulatory strategy based on cold atmospheric plasma (CAP) to reprogram tumor-associated neutrophils and restore antitumor immunity. We show that CAP simultaneously delivers reactive oxygen species and redox cues that inhibit mitophagy, thereby restoring mitochondrial membrane potential and oxidative metabolism in neutrophils. This metabolic reinstatement drives a shift from immunosuppressive to immunostimulatory phenotypes. In both syngeneic and humanized bladder cancer models, intravesical CAP reshapes the myeloid landscape, enhances T cell infiltration, suppresses tumor progression, and sensitizes tumors to PD-1 blockade. These findings establish CAP as a locoregional, drug-free biophysical modality capable of overcoming neutrophil-mediated immune suppression and provide a materials-based framework for modulating innate immunity in solid tumors.",crossref,0
Leveraging IGF signaling to improve the spatial organization and regenerative potential of iPSC-derived vascularized liver organoids,https://www.science.org/doi/abs/10.1126/sciadv.aea3814?af=R,AAAS: Science Advances: Table of Contents,2026-08-05 07:00:00 UTC,2026-08-05 07:00:00+00:00,10.1126/sciadv.aea3814,Kyung-Sun Kang,"Liver tissue engineering offers a promising alternative for end-stage liver disease, yet the recreation of functional vasculature remains a major bottleneck to clinical translation. Here, we developed vascularized liver organoids by integrating human induced pluripotent stem cell (iPSC)–derived hepatoblasts and endothelial cells into decellularized scaffolds functionalized with an anti-CD31 aptamer–based vascular coating agent (VCA). This facilitated spatially coordinated organization of vasculature and parenchyma. Spatial transcriptomic profiling and subsequent functional perturbation demonstrated IGF2-IGF1R-AKT/MAPK signaling as a key axis governing spatial organization and functional maturation of the liver organoids. Furthermore, exogenous IGF2 synergized with the VCA to augment the structural and functional refinement of liver organoids, which translated into markedly improved therapeutic outcomes following transplantation into a chronic liver failure mouse model. Collectively, these findings establish a comprehensive framework for generating physiologically relevant liver tissues from iPSCs and demonstrate the utility of spatial transcriptomics for uncovering regenerative mechanisms. This approach advances the feasibility of autologous, transplantable liver grafts for personalized regenerative therapy.",crossref,0
Vimentin remodeling in response to oxidants and electrophiles is modulated by pH,https://www.science.org/doi/abs/10.1126/sciadv.aed9655?af=R,AAAS: Science Advances: Table of Contents,2026-08-05 07:00:00 UTC,2026-08-05 07:00:00+00:00,10.1126/sciadv.aed9655,Dolores Pérez-Sala,"Vimentin is critical for cell mechanosensing, cytoskeletal cross-talk, and stress responses and is finely tuned by posttranslational modifications. Vimentin single cysteine, C328, is a modification hotspot, essential for filament remodeling by oxidants and electrophiles. With a p
                    K
                    a
                    near physiological pH, C328 reactivity could depend on cellular pH fluctuations. Here, we show that C328 modifications and vimentin reorganization by thiol-reactive agents are modulated by pH variations in vitro and in cells. Intracellular acidification prevents, whereas alkalinization aggravates, vimentin network disruption by oxidative and electrophilic species, which requires C328. Chemogenetic and optogenetic pH modulation allow spatiotemporal control of vimentin remodeling by oxidants. Moreover, vimentin disassembly at cell edges of migrating fibroblasts and lamellipodia formation are attenuated upon intracellular acidification or expression of a vimentin C328H mutant, which blunts cell migration. Thus, C328 behaves as a coincidental pH- and redox-responsive element, finely tuning vimentin assembly, and supporting the pH dependence of cysteine-mediated redox signaling.",crossref,0
"SCHEPHERD: A modular, programmable, direct current platform to control cell behavior",https://www.science.org/doi/abs/10.1126/sciadv.aed5802?af=R,AAAS: Science Advances: Table of Contents,2026-08-05 07:00:00 UTC,2026-08-05 07:00:00+00:00,10.1126/sciadv.aed5802,Daniel J. Cohen,"Spanning frogs, fish, and humans, direct current (dc) bioelectric cues play critical roles beyond neuromuscular function, such as modulating morphogenesis, immune response, and healing through electrotaxis—electrically directed cell migration. Harnessing this potential requires dedicated, versatile tools. However, standardized, accessible, and reproducible infrastructure capable of dc stimulation remains a challenge. We present SCHEPHERD: a universal, electrobioreactor integrating eight stimulation channels and modular inserts to enable most electrotaxis assays in one device (cells, monolayers, and 3D spheroids) while enabling powerful, expanded capabilities. SCHEPHERD revealed through parameter sweeps that dc fields act like a “steering wheel and gas pedal” for cell migration. We then used live confocal imaging to observe electrically reprogrammed F-actin dynamics. Last, our multipolar inserts generated complex spatial electrical patterns that reorganize engineered tissue dynamics. By substantially improving accessibility through modularity and an open-source, graphically programmed, stand-alone stimulator, we hope that SCHEPHERD can help broaden the community studying these important dc bioelectric phenomena.",crossref,0
Skeletal muscle H3K18 lactylation inhibits hepatic gluconeogenesis through IL-6 mediated interorgan communication,https://www.science.org/doi/abs/10.1126/sciadv.aed5600?af=R,AAAS: Science Advances: Table of Contents,2026-08-05 07:00:00 UTC,2026-08-05 07:00:00+00:00,10.1126/sciadv.aed5600,Yan Li,"The mechanisms underlying the dynamic interplay between skeletal muscle and systemic glucose homeostasis in type 2 diabetes remain elusive. Increased lactate level has long been noticed in diabetes, however, whether the elevated lactate is a cause or consequence of impaired glucose metabolism is unclear. Here, we found that elevated circulating lactate levels originated from skeletal muscle with high expression of lactate dehydrogenase A (
                    Ldha
                    ), and both metrics correlated strongly with hyperglycemia in both hyperglycemic mouse models and human subjects. Paradoxically, ablation of
                    Ldha
                    in skeletal muscle (LDHA mKO) disrupted whole-body glucose homeostasis, primarily via augmented hepatic gluconeogenesis. Mechanistically, lactate deficiency in muscle epigenetically activated NF-κB signaling through H3K18 lactylation (H3K18la)-mediated transcriptional control of IκBα, which then promoted the transcription of IL-6, thereby reshaping hepatic gluconeogenesis. Lastly, we showed that loss of
                    Ldha
                    in skeletal muscle enhanced hepatic gluconeogenesis and aggravated hyperglycemia in high-fat high-sucrose diet-fed mice. Collectively, our study provides evidence that in glucose intoxication contexts, skeletal muscle-derived lactate acts as the signal to provide negative feedback for hepatic gluconeogenesis, which induces skeletal muscle H3K18la acting as a negative regulator of IL-6 to sustain suppression of hepatic gluconeogenesis, while dysregulation of this network contributes to unrestrained gluconeogenesis in diabetes.",crossref,0
Failed metabolic adaptation to stress contributes to epidermal cell adhesion defects in Darier disease,https://www.science.org/doi/abs/10.1126/sciadv.aee1599?af=R,AAAS: Science Advances: Table of Contents,2026-08-05 07:00:00 UTC,2026-08-05 07:00:00+00:00,10.1126/sciadv.aee1599,Kathleen J. Green,"Congenital pathogenic gene variants may not elicit symptoms until later in life, highlighting the importance of identifying extra-genetic factors influencing the onset and severity of heritable diseases. We explored this in Darier disease (DD or
                    ATP2A2
                    -nEDD), an autosomal dominant skin disorder arising from heterozygous
                    ATP2A2
                    variants leading to haploinsufficiency of the endoplasmic reticulum (ER) calcium pump, SERCA2. Metabolic analysis of epidermal keratinocytes from confirmed patients with DD revealed abnormalities in the pentose phosphate pathway responsible for regenerating antioxidants like glutathione, accompanied by diminished free glutathione and increased glutathione-based, oxidative modifications of SERCA2. Induction of oxidative stress weakened intercellular adhesion, a defining characteristic of DD, which antioxidant treatment improved. Treatment with antioxidants or SERCA activators also diminished glutathionylation, consistent with SERCA2 haploinsufficiency giving rise to oxidative stress and placing residual SERCA2 at risk of oxidation. We posit that partial loss of protein activity primes cells for stress-induced loss of the remaining activity, a mechanism that may drive disease flares in other haploinsufficiencies.",crossref,0
Localized immunomodulation with cytokine-producing cells to mitigate foreign body responses in rodents and a nonhuman primate,https://www.science.org/doi/abs/10.1126/sciadv.aec7053?af=R,AAAS: Science Advances: Table of Contents,2026-08-05 07:00:00 UTC,2026-08-05 07:00:00+00:00,10.1126/sciadv.aec7053,Omid Veiseh,"The efficacy of cell-based therapeutics is often compromised by host immune recognition of implanted cells and biomaterials, resulting in fibrotic encapsulation and loss of function. Here, we address this challenge with an immunomodulatory cell-based therapy, in which alginate-encapsulated retinal pigment epithelial cells continuously secrete cytokines to locally modulate the implant microenvironment. In a healthy rodent model, the localized production of interleukin-10 (IL-10) or IL-12 from encapsulated cytokine-producing cells prevented foreign body response to alginate capsules. Mechanistically, treatment was associated with reduced expression of profibrotic genes and immune shifts consistent with macrophage and T cell regulation, supporting a cytokine-mediated mitigation of foreign body response. In a diabetic murine model (streptozotocin-induced C57BL/6J), coimplantation of human islets with IL-10–producing cells attenuated pericapsular fibrosis, preserved islet viability, and restored normoglycemia for up to 100 days (4.76 times longer than islets alone). Notably, IL-10–producing cells were also effective in enabling the durability and function of encapsulated cells in a healthy nonhuman primate, showing translational feasibility. Collectively, these findings suggest that localized cytokine delivery can reduce fibrotic encapsulation and support durable graft function, offering a path to lessen reliance on systemic immunosuppression in islets transplantation and other implantable biomaterial therapies.",crossref,0
Dasatinib reversibly disrupts T cell motility and activation in lymph nodes,https://www.science.org/doi/abs/10.1126/sciadv.aec5951?af=R,AAAS: Science Advances: Table of Contents,2026-08-05 07:00:00 UTC,2026-08-05 07:00:00+00:00,10.1126/sciadv.aec5951,Jens V. Stein,"The tyrosine kinase inhibitor dasatinib is prescribed as a first-line treatment for Philadelphia chromosome–positive leukemias and is increasingly used in other clinical settings. While dasatinib is effective and generally well tolerated, patients often experience a transient lymphocytosis attributable to a dasatinib-induced spleen contraction and an acute mobilization of splenocytes, as we have recently demonstrated in murine models and human patients. In contrast, the impact of dasatinib on lymphocyte surveillance of other secondary lymphoid organs, such as peripheral lymph nodes (LNs), has remained unclear. Here, we report that while dasatinib treatment selectively disrupted in vitro chemotaxis of B but not T cells, it caused a substantial, transient reduction of the in vivo interstitial motility in both subsets. The broad in vivo inhibition of T and B cell motility correlated with dasatinib-induced vasoconstriction of blood vessels and increased hypoxia within LNs. Pharmacological inhibition of the contraction-promoting factor Rho-associated coiled-coil kinase (ROCK) reversed dasatinib-induced LN hypoxia and rescued CD8
                    +
                    T cell motility. Last, dasatinib treatment delayed but did not inhibit dendritic cell–mediated CD8
                    +
                    T cell activation and proliferation within LNs. Overall, our findings uncover a dasatinib-induced transient disruption of the local adaptive immune system, which is distinct from the previously observed spleen contraction. From a clinical point of view, the disruption-recovery cycle of physiological immune surveillance induced by daily dasatinib treatment does not appear to cause a substantial impairment of key pathways underpinning CD8
                    +
                    T cell activation.",crossref,0
RTF2 and CLASPIN localize CHK1 to the replication fork to control S-phase progression,https://www.science.org/doi/abs/10.1126/sciadv.aec3174?af=R,AAAS: Science Advances: Table of Contents,2026-08-05 07:00:00 UTC,2026-08-05 07:00:00+00:00,10.1126/sciadv.aec3174,Agata Smogorzewska,"The essential kinase ataxia telangiectasia and Rad3-related (ATR) monitors the replicative (S) phase of the cell cycle to ensure faithful propagation of genetic material. While much is known about the mechanisms governing ATR activity at replication forks, how its effector checkpoint kinase 1 (CHK1) is regulated to create a localized hub of CHK1 activity at sites of replication remains poorly understood. Here, we report that replication termination factor 2 (RTF2), an essential replisome-associated protein, is necessary for maintaining CHK1 signaling at replication forks. RTF2 interacts with CHK1 and functions alongside the core replicative helicase complex-interacting protein CLASPIN to tether CHK1 to sites of DNA replication, controlling replication rates and preventing premature mitotic entry. These findings uncover how RTF2 and CLASPIN poise CHK1 at replication forks to facilitate its activation by ATR, creating fork-localized CHK1 activity that fuels unperturbed S-phase progression and promotes genome stability by maintaining the intrinsic S-G
                    2
                    checkpoint.",crossref,0
Hybrid spatial organization and evidence for magnitude-independent neural coding of linguistic information during sentence production,https://www.science.org/doi/abs/10.1126/sciadv.aec0518?af=R,AAAS: Science Advances: Table of Contents,2026-08-05 07:00:00 UTC,2026-08-05 07:00:00+00:00,10.1126/sciadv.aec0518,Adeen Flinker,"Humans are the only species with the ability to systematically combine words to convey an unbounded number of complex meanings. This process is guided by combinatorial processes whose underlying neural mechanisms remain obscured by inherent limitations of noninvasive brain measures and a near-total focus on comprehension paradigms. Here, we address these limitations with high-resolution neurosurgical recordings (electrocorticography) and a controlled sentence production experiment. We uncover distinct cortical networks encoding word-level and higher-order information. These networks exhibited a hybrid spatial organization: broadly distributed across traditional language areas but with focal concentrations of sensitivity to semantic and structural contrasts in canonical language regions. In contrast to previous comprehension-based findings, we find that these networks are largely nonoverlapping. Most notably, higher-order linguistic information showed an unexpected dissociation from local activity magnitude. This result establishes an operational dissociation between activity magnitude and information content, pointing toward a potentially distinct neural coding scheme for higher-order language, with important implications for the neurobiology of language.",crossref,0
Sharp nanothorn-equipped ionogel microrobots for targeted periodontitis therapy,https://www.science.org/doi/abs/10.1126/sciadv.aeb6882?af=R,AAAS: Science Advances: Table of Contents,2026-08-05 07:00:00 UTC,2026-08-05 07:00:00+00:00,10.1126/sciadv.aeb6882,Xing Ma,"Periodontitis necessitates targeted therapy due to its high prevalence, progressive tissue destruction, and systemic disease links. Conventional mechanical debridement and pharmacological treatments are limited by complex periodontal barriers, including viscous crevicular fluid and resilient biofilms, which impede bacterial eradication and drug delivery. Here, we engineered magnetically actuated microrobots with gold nanothorns for disrupting biofilms and penetrating mucus barriers. Fabricated by encapsulating curcumin in antibacterial ionogel microspheres with asymmetric magnetic deposition and nanothorn functionalization, these microrobots enabled precise magnetic navigation in viscous media, while penetrating a biomimetic mucus analog, enhancing periodontal retention, and mechanically dislodging biofilms. Furthermore, ethanol-responsive release of curcumin enhanced its bioavailability, thereby scavenging free radicals and modulating macrophage phenotypes to alleviate inflammation. Guided by a toothbrushing-inspired handheld magnetic controller, microrobots evaluated using in vivo murine models demonstrated reduced inflammation, inhibited bone resorption, improved tissue health, and oral microbiota remodeling toward ecological balance, showing promise for targeted periodontitis therapy.",crossref,0
"Dynamic prediction of HIV-related incomplete immune reconstitution: A multicenter, large cohort study using advanced joint modeling",https://www.science.org/doi/abs/10.1126/sciadv.aeb2781?af=R,AAAS: Science Advances: Table of Contents,2026-08-05 07:00:00 UTC,2026-08-05 07:00:00+00:00,10.1126/sciadv.aeb2781,Lijun Sun,"Incomplete immune reconstitution (IIR) is a serious complication affecting 10 to 40% of people living with HIV (PLWH) despite effective antiretroviral therapy, leading to increased morbidity and mortality. Current risk prediction models rely on single–time point measurements and lack dynamic assessment capabilities. We developed a dynamic joint prediction system for IIR risk (DJPSIIR) using Bayesian joint modeling to analyze longitudinal data from 21,862 PLWH across 31 Chinese provinces (2003–2024). The system integrates continuous CD4
                    +
                    T cell counts and CD4/CD8 ratios with clinical parameters to generate real-time risk predictions. DJPSIIR demonstrated strong discriminatory performance with area under receiver operating characteristic curves of 0.890 to 0.912 for 5- to 7-year predictions, consistently outperforming expert assessments and 19 machine learning algorithms across multiple validation cohorts. Our dynamic prediction system enables precise identification of high-risk individuals and could transform clinical decision-making by facilitating timely interventions to prevent IIR progression in HIV care.",crossref,0
Escalation dynamics and the severity of wars,https://www.science.org/doi/abs/10.1126/sciadv.aeb1705?af=R,AAAS: Science Advances: Table of Contents,2026-08-05 07:00:00 UTC,2026-08-05 07:00:00+00:00,10.1126/sciadv.aeb1705,Kristian Skrede Gleditsch,"Although very large wars remain an enduring threat in global politics, we lack a clear understanding of how some wars become large and costly, while most do not. There are three possibilities: Large conflicts begin with intense fighting, accumulate severity over a long duration, or escalate in intensity over time. Using detailed within-conflict data on civil and interstate wars (1946–2008), we show that escalation dynamics—variations in fighting intensity within an armed conflict—are the primary mechanism for producing large conflicts. Civil wars, however, tend to deescalate once they become very large, limiting their overall severity, while interstate wars exhibit a persistent risk of continual escalation. Simple models of within-conflict severity dynamics show that this distinction compactly explains the historical size distributions of civil and interstate wars, and unconditioned escalation is a plausible mechanism for Richardson’s law—the power law pattern in the frequency and severity of interstate conflicts. The dynamics of escalation within conflicts have broad implications for conflict theory and risk assessment.",crossref,0
Mid-infrared long-range surface polaritons in two-dimensional van der Waals materials,https://www.science.org/doi/abs/10.1126/sciadv.aed2198?af=R,AAAS: Science Advances: Table of Contents,2026-08-05 07:00:00 UTC,2026-08-05 07:00:00+00:00,10.1126/sciadv.aed2198,Andrea Alù,"The discovery of graphene plasmons (GPs) and hyperbolic phonon polaritons (HPhPs) in two-dimensional (2D) van der Waals (vdW) materials has enabled extreme light confinement and enhanced light-matter interactions, holding the promise for miniaturized mid-infrared (mid-IR) photonic devices. However, GPs and HPhPs suffer from limited propagation lengths, hindering their impact in various applications. Here, we demonstrate long-range surface polaritons (LRSPs) in 2D vdW materials, featuring much longer propagation lengths and faster group velocities, which may offer complementary opportunities for high-speed on-chip photonic applications in the mid-IR regime. The demonstrated LRSPs are supported by deep-subwavelength heterostructures consisting of a hexagonal boron nitride (h-BN) flake, a high-index germanium (Ge) layer, and a gold (Au) film. Within such geometry, we experimentally demonstrate propagation distances exceeding 80 micrometers crossing an entire h-BN flake without substantial decay. A theoretical prediction of ∼925-micrometer propagation length is obtained. These polaritons may be ideally suited for realizing polaritonic interconnects that bridge different components of compact and planar photonic systems, enabling mid-IR information transport and seamless integration with other vdW material–based mid-IR photonic devices.",crossref,0
Direct visualization of carrier density modulation effect around individual charged impurities,https://www.pnas.org/doi/abs/10.1073/pnas.2536207123?mi=eymic2&af=R&access=on&content=articlesChapters&publication=pnas&sortBy=Earliest&target=default,Proceedings of the National Academy of Sciences: Keyword search for query,2026-08-05 07:00:00 UTC,2026-08-05 07:00:00+00:00,10.1073/pnas.2536207123,Shuai-Hua Ji,"Charged impurities are one of the dominant sources for carrier scattering in modern electronic devices, and their impact significantly increases as the size of devices approaches atomic limitation, making it essential to understand how carriers scatter off impurities at the atomic level. Despite the importance, the electronic transport behaviors, especially the local electrochemical potential distribution induced by electrical current, around charged impurities have remained experimentally elusive. Here, by using multiprobe scanning tunneling potentiometry, we directly visualize the dipolar potential distribution over a region of several nanometers around individual charged impurities in epitaxial bilayer graphene. The orientations of those dipoles, aligning or antialigning with local current, are dictated by charge polarities of impurities, providing direct evidence of the carrier density modulation effect proposed by Landauer in 1976. By in situ tuning local current directions, we demonstrate the active control of the orientations of these dipoles. Our studies advance the understanding of charged-impurity scattering from ensemble average to the single-impurity level and paves the way to explore more quantum transport phenomena at atomic scale.",crossref,0
Spatiotemporally Controlled Lysosomal Membrane Permeabilization Amplifies STING‐Driven Antitumor Immunity in Prostate Cancer,https://advanced.onlinelibrary.wiley.com/doi/10.1002/adma.74477?af=R,Wiley: Advanced Materials: Table of Contents,2026-08-05 09:11:32 UTC,2026-08-05 09:11:32+00:00,10.1002/adma.74477,Ji Zheng,"ABSTRACT
                  Prostate cancer (PCa) remains a major clinical challenge due to therapeutic resistance and immunologically cold tumor microenvironment. Lysosomal membrane permeabilization (LMP)–induced lysosome‐dependent cell death offers an alternative route to eliminate resistant tumor cells and initiate immunogenic cell death, yet its efficacy is often limited by insufficient spatiotemporal control and immune activation. Here, we report a spatiotemporally programmable supramolecular nanoplatform (Cu‐P‐MSA) that integrates lysosome‐targeted sonodynamic therapy with tumor‐confined innate immune activation for PCa treatment. Cu‐P‐MSA is a modular self‐assembling peptide incorporating a PSMA‐targeting ligand, morpholine moiety, and cathepsin B–cleavable linker, enabling tumor‐selective uptake and in situ formation of fibrous sonosensitizer depots within lysosomes. Upon ultrasound irradiation, a glutathione‐responsive open‐shell sonosensitizer induces controlled LMP, simultaneously activating ferroptosis and pyroptosis and promoting immunogenic cell death. Meanwhile, tumor‐specific release of a STING agonist MSA‐2 elicits robust type I interferon responses, driving dendritic cell maturation and cytotoxic T‐cell infiltration. This coordinated lysosomal disruption–immune amplification strategy effectively reprograms the tumor immune microenvironment and suppresses both primary and distant tumors, with inhibition rates reaching 84.3% and 77.5%, respectively. Overall, this work establishes a spatiotemporally controlled supramolecular approach that integrates lysosomal disruption with innate immune activation to overcome therapeutic resistance and immunosuppression in PCa.",crossref,0
Mechanical Metamaterials with Reprogrammable Sequential Deformation for Analog‐to‐Digital Encoding and Computing,https://advanced.onlinelibrary.wiley.com/doi/10.1002/adma.74376?af=R,Wiley: Advanced Materials: Table of Contents,2026-08-05 09:16:24 UTC,2026-08-05 09:16:24+00:00,10.1002/adma.74376,Chang Qing Chen,"ABSTRACT
                  The integration of computational logic into mechanical metamaterials enables the development of matter with intelligence that can sense and respond to environmental stimuli. While recent advances have demonstrated diverse mechanical logic systems, a challenge is bridging the gap between continuous physical inputs and discrete digital outputs. In this study, we propose a mechanical metamaterial capable of nearly arbitrary digital encoding and computing of continuous stimuli through reprogrammable sequential deformation. The metamaterial is built upon an engineered multistable architecture that supports a series of snap‐through events under uniaxial compression. Using an inverse design strategy, the deformation sequence can be tuned across a broad design space by tailoring the stiffness distribution of constituent units. Selective activation or deactivation of specific units in the metamaterial enables in situ reprogramming of the sequence without the need for remanufacturing. Experiments demonstrate that the inverse design and reprogramming allow a single material system to perform mechanical analog‐to‐digital conversion, signal processing, and field‐programmable gate array (FPGA)‐like logic operations. These capabilities open a new way for material‐based computing, showing a promising route toward intelligent mechanical metamaterials.",crossref,0
Breaking the Permeability–Selectivity Trade‐Off With Irreversible‐Knot Rubbery Organic Frameworks,https://advanced.onlinelibrary.wiley.com/doi/10.1002/adma.74483?af=R,Wiley: Advanced Materials: Table of Contents,2026-08-05 09:18:00 UTC,2026-08-05 09:18:00+00:00,10.1002/adma.74483,Yan Wang,"ABSTRACT
                  
                    The permeability–selectivity trade‐off fundamentally constrains polymeric membranes, rooted in the dichotomy between chain flexibility and precise molecular sieving. The emerging concept of rubbery organic frameworks (ROFs) aims to bridge this gap, yet its reliance on reversible covalent chemistry inherently compromises structural stability. Here, we introduce an irreversible‐chemistry paradigm by programming
                    β
                    ‐ketoenamine “irreversible knots” into flexible polydimethylsiloxane (PDMS) networks via enol–keto tautomerization. This approach synergistically co‐programs crosslinking density and chain rigidity, yielding a stabilized and optimized microstructure. The resulting membrane transcends the classic trade‐off, delivering a record‐high flux of 5.4 kg m
                    −2
                    h
                    −1
                    for ethanol/water separation—three times higher than conventional PDMS—while maintaining a separation factor of 9.2. The “rigidity‐programming” strategy demonstrates remarkable versatility, achieving top‐tier performance across diverse separations spanning representative organic/water and gas‐pair systems. Beyond performance, the membranes exhibit scalable fabrication, robust anti‐swelling stability, and long‐term operational durability, highlighting their practical potential for industrial deployment. This work establishes irreversible chemistry as a general paradigm for polymer network design, providing a robust platform to overcome traditional limitations from molecular separation to flexible functional materials.",crossref,0
Submillimeter‑Scale Untethered Magnetic Actuators Enabling on‑Demand Manipulation and In Situ Viscosity Sensing,https://advanced.onlinelibrary.wiley.com/doi/10.1002/adma.202516790?af=R,Wiley: Advanced Materials: Table of Contents,2026-08-05 09:22:35 UTC,2026-08-05 09:22:35+00:00,10.1002/adma.202516790,Shengli Mi,"ABSTRACT
                  Untethered magnetic actuators offer a promising platform for minimally invasive surgery due to their compact size, mechanical compliance, multifunctionality, and remote controllability. However, the structural simplicity imposed by current construction strategies limits their operational versatility to leverage established surgical paradigms, and systematic studies of locomotion across the variable viscosities of bodily fluids remain scarce. Herein, we introduce an interference‐fit assembly strategy that couples stereolithographic 3D‐printed microstructures with customized magnetic pixels to fabricate submillimeter‐scale untethered magnetic actuators. Theoretical and experimental analyses in model‐fluid environments spanning physiologically relevant viscosity ranges demonstrate that, once above the critical magnetic flux density required for stable motion, the locomotion velocity scales linearly with the driving frequency. The velocity‐frequency slope exhibits a hyperbolic dependence on ambient viscosity, enabling semi‐quantitative viscosity sensing concurrently with motion and functional execution. Furthermore, we showcase multifunctional on‐demand manipulation capabilities: enhanced diffusion and directional transport with qualitative viscosity sensing; in situ quantitative viscosity measurement inspired by a rotational viscometer; mechanical fragmentation via continuous rotation; and a rigid‐soft synergistic magnetic gripper for targeted cargo capture and delivery. Collectively, this strategy establishes a versatile and scalable paradigm for designing multifunctional, untethered, submillimeter‑scale magnetic actuators with prospective potential for biomedical applications.",crossref,0
Stromal Cells Recruitment by Sono‐Piezoelectric/Pyroelectric Peptide Hydrogels Promotes Bone Regeneration After Postsurgical Osteosarcoma Recession: A Real‐World‐Matched Study,https://advanced.onlinelibrary.wiley.com/doi/10.1002/adma.74522?af=R,Wiley: Advanced Materials: Table of Contents,2026-08-05 09:27:56 UTC,2026-08-05 09:27:56+00:00,10.1002/adma.74522,Kun Zhang,"ABSTRACT
                  
                    Currently, the elimination of postsurgical osteosarcoma (OS) and defect repair are still separately explored, which is unlike real‐world clinical scenarios. Inadequate bone marrow stromal cells (BMSCs) compromise their repair and antitumor efficiencies. Here, PFSSTKT (PFS)‐functionalized KLD‐12 peptide hydrogels (KLD‐PFS) have been engineered and integrated with 2D BiOIO
                    3
                    nanosheets to obtain the injectable sono‐piezoelectric/pyroelectric peptide hydrogels (KLD‐PFS@BiOIO
                    3
                    ) featuring a supramolecular peptide nanofiber (SMPNF) structure. Differing from the dominant BaTiO
                    3
                    in sono‐piezoelectric dynamic therapy (SPDT) of cancer, BiOIO
                    3
                    nanosheets can produce ROS through sono‐piezoelectric and pyroelectric catalytic processes under ultrasound irradiation, thus enabling the combination of SPDT with pyroelectric dynamic therapy against residual OS. More significantly, PFS as a bone marrow homing peptide enables KLD‐PFS to capture and recruit more BMSCs, and the inherent SMPNF structure, direct ultrasound‐induced current stimuli, sono‐piezoelectricity/pyroelectricity‐induced current stimuli and ROS birth expedite BMSCs differentiation and bone regeneration. These multifaceted actions follow the signaling pathways associated with calcium flux and cancer–neuron communication disruptions and metabolic dysfunction rectification. They have been successfully validated to repress residual OS and favor bone regeneration in a clinical scenarios‐matched postsurgical osteosarcoma and bone defect model. This study offers a promising strategy for comprehensive osteosarcoma management.",crossref,0
Dynamically Activating Inert Ti4+ Sites to Redirect the Oxygen Evolution Pathway Toward Practical PEM Water Electrolysis,https://advanced.onlinelibrary.wiley.com/doi/10.1002/adma.74457?af=R,Wiley: Advanced Materials: Table of Contents,2026-08-05 09:33:04 UTC,2026-08-05 09:33:04+00:00,10.1002/adma.74457,Jing Gu,"ABSTRACT
                  
                    Developing highly active and durable non‐iridium electrocatalysts for the acidic oxygen evolution reaction (OER) is critical for scalable proton exchange membrane water electrolyzers (PEMWE). Here, we report an acid‐dissolution inverse‐doping strategy to synthesize Ti‐doped RuO
                    2
                    (Ti‐RuO
                    2
                    ) with atomic‐level uniformity. This induces compressive lattice strain and a unique 3d–2p–4d orbital hybridization, dynamically activating traditionally inert Ti
                    4+
                    sites into highly active centers for direct water molecule activation while lowering the rate‐determining step barrier. Operando spectroscopy and theoretical calculations reveal a cooperative interaction between Ti and Ru sites via a Ti–O–O–Ru bridged intermediate, shifting the mechanism from the conventional adsorbate evolution mechanism (AEM) to a Ti–Ru dual‐site oxide path mechanism (OPM). Furthermore, activated Ti sites optimize interfacial water structure, accelerating proton transfer and suppressing lattice oxygen oxidation, thereby enhancing the catalyst's stability. Consequently, Ti‐RuO
                    2
                    achieves an overpotential of 218 mV at 10 mA cm
                    −2
                    and operates stably for over 800 h. In a practical PEMWE device, it delivers 3 A cm
                    −2
                    at 1.787 V, exceeding the US DOE 2026 target, and operates over 400 h at 1 A cm
                    −2
                    with a minimal voltage degradation. This work introduces a promising non‐iridium catalyst and a general strategy for dynamic dopant activation.",crossref,0
