title,link,published,source,pub_date
Reticular chemistry mimics enzyme pockets,https://www.nature.com/articles/s41563-026-02716-1,2026-08-19 00:00:00 UTC,Nature Materials,2026-08-19 00:00:00+00:00
Psychedelics align brain activity with context,https://www.nature.com/articles/s41586-026-10910-z,2026-08-19 00:00:00 UTC,Nature,2026-08-19 00:00:00+00:00
An Icelandic pangenome reference,https://www.nature.com/articles/s41586-026-10924-7,2026-08-19 00:00:00 UTC,Nature,2026-08-19 00:00:00+00:00
The HydroGym reinforcement learning platform for fluid dynamics,https://www.nature.com/articles/s41586-026-10917-6,2026-08-19 00:00:00 UTC,Nature,2026-08-19 00:00:00+00:00
Multiyear tropical warm pool warming drives slowdown in Antarctic mass loss,https://www.nature.com/articles/s41586-026-10912-x,2026-08-19 00:00:00 UTC,Nature,2026-08-19 00:00:00+00:00
Synthesis of pyrroles from isoxazoles by an O-to-C skeletal edit,https://www.nature.com/articles/s41586-026-10933-6,2026-08-19 00:00:00 UTC,Nature,2026-08-19 00:00:00+00:00
Atomic-scale double-slit interferometry with a focused electron probe,https://www.nature.com/articles/s41586-026-10914-9,2026-08-19 00:00:00 UTC,Nature,2026-08-19 00:00:00+00:00
Asymmetric prefrontal representations for leader–follower dynamics,https://www.nature.com/articles/s41586-026-10900-1,2026-08-19 00:00:00 UTC,Nature,2026-08-19 00:00:00+00:00
Family genetic designs in MoBa provide insights into health and functioning,https://www.nature.com/articles/s41586-026-10926-5,2026-08-19 00:00:00 UTC,Nature,2026-08-19 00:00:00+00:00
A global atmospheric methane record from a tropical ice core,https://www.nature.com/articles/s41586-026-10938-1,2026-08-19 00:00:00 UTC,Nature,2026-08-19 00:00:00+00:00
Discovery of a star sensitive to the spin of Sagittarius A*,https://www.nature.com/articles/s41586-026-10894-w,2026-08-19 00:00:00 UTC,Nature,2026-08-19 00:00:00+00:00
Increasing CO2 levels fertilize C4 grass production,https://www.nature.com/articles/s41586-026-10935-4,2026-08-19 00:00:00 UTC,Nature,2026-08-19 00:00:00+00:00
Observation of conformal field theory spectra in a quantum simulator,https://www.nature.com/articles/s41586-026-10904-x,2026-08-19 00:00:00 UTC,Nature,2026-08-19 00:00:00+00:00
Functional role of skull lymphoid structures in CNS immunosurveillance,https://www.nature.com/articles/s41586-026-10951-4,2026-08-19 00:00:00 UTC,Nature,2026-08-19 00:00:00+00:00
Artefacts in single-cell mtDNA analyses misinform phylogenies,https://www.nature.com/articles/s41586-026-10777-0,2026-08-19 00:00:00 UTC,Nature,2026-08-19 00:00:00+00:00
Reply to: Artefacts in single-cell mtDNA analyses misinform phylogenies,https://www.nature.com/articles/s41586-026-10776-1,2026-08-19 00:00:00 UTC,Nature,2026-08-19 00:00:00+00:00
A black hole's spin could finally be measured by a high-speed star,https://www.nature.com/articles/d41586-026-02607-0,2026-08-19 00:00:00 UTC,Nature,2026-08-19 00:00:00+00:00
Too much mate choice overwhelms frogs,https://www.nature.com/articles/d41586-026-02554-w,2026-08-19 00:00:00 UTC,Nature,2026-08-19 00:00:00+00:00
Evidence for vacuum-enhanced superconductivity in NbSe2,https://www.nature.com/articles/s41586-026-11037-x,2026-08-19 00:00:00 UTC,Nature,2026-08-19 00:00:00+00:00
From equilibrium to ultrafast antiferromagnetism,https://www.nature.com/articles/s41563-026-02686-4,2026-08-19 00:00:00 UTC,Nature Materials,2026-08-19 00:00:00+00:00
Ordered liquid crystal-SAM supramolecules stabilize perovskite interfaces,https://www.cell.com/joule/fulltext/S2542-4351(26)00320-X?rss=yes,2026-08-19 00:00:00 UTC,Joule,2026-08-19 00:00:00+00:00
Wake-activated neuronal populations that regulate sleep drive,https://www.nature.com/articles/s41586-026-10928-3,2026-08-19 00:00:00 UTC,Nature,2026-08-19 00:00:00+00:00
Safety and security of large language models in healthcare,https://www.nature.com/articles/s41586-026-10687-1,2026-08-19 00:00:00 UTC,Nature,2026-08-19 00:00:00+00:00
Human brain organoids record the passage of time over multiple years,https://www.nature.com/articles/s41586-026-10877-x,2026-08-19 00:00:00 UTC,Nature,2026-08-19 00:00:00+00:00
A biased allosteric modulator is a molecular glue for β2AR dimerization,https://www.nature.com/articles/s41586-026-10892-y,2026-08-19 00:00:00 UTC,Nature,2026-08-19 00:00:00+00:00
On-demand capacity extraction through thermo-electrochemical hysteresis in metastable Li-Cu alloy,https://www.cell.com/joule/fulltext/S2542-4351(26)00316-8?rss=yes,2026-08-19 00:00:00 UTC,Joule,2026-08-19 00:00:00+00:00
Sequentially adaptive electron transfer in heteroatom-modulated NiFe-MOFs for efficient anion exchange membrane water/seawater electrolysis,https://www.cell.com/joule/fulltext/S2542-4351(26)00314-4?rss=yes,2026-08-19 00:00:00 UTC,Joule,2026-08-19 00:00:00+00:00
Deep Earth Forcing and Paleoclimate Evolution,https://academic.oup.com/nsr/advance-article/doi/10.1093/nsr/nwag502/8766026?rss=1,2026-08-19 00:00:00 UTC,National Science Review Advance Access,2026-08-19 00:00:00+00:00
Nanocatalytic medicine: pathological chemical microenvironments as regulation targets for fundamental solutions of major chronic diseases,https://academic.oup.com/nsr/advance-article/doi/10.1093/nsr/nwag510/8766027?rss=1,2026-08-19 00:00:00 UTC,National Science Review Advance Access,2026-08-19 00:00:00+00:00
Pervasive phosphorylation by phage T7 kinase disarms bacterial defences,https://www.nature.com/articles/s41586-026-10934-5,2026-08-19 00:00:00 UTC,Nature,2026-08-19 00:00:00+00:00
Self-n-doped small molecules for highly stable and low-power biosensing,https://academic.oup.com/nsr/advance-article/doi/10.1093/nsr/nwag489/8766035?rss=1,2026-08-19 00:00:00 UTC,National Science Review Advance Access,2026-08-19 00:00:00+00:00
Discovery of unobservable parameters via physical embedding,https://academic.oup.com/nsr/advance-article/doi/10.1093/nsr/nwag508/8766787?rss=1,2026-08-19 00:00:00 UTC,National Science Review Advance Access,2026-08-19 00:00:00+00:00
Daily briefing: How 3D printers are changing lab work,https://www.nature.com/articles/d41586-026-02614-1,2026-08-19 00:00:00 UTC,Nature,2026-08-19 00:00:00+00:00
The Antarctic ice sheet has gained mass — but probably not for long,https://www.nature.com/articles/d41586-026-02376-w,2026-08-19 00:00:00 UTC,Nature,2026-08-19 00:00:00+00:00
Activity of solar-driven polymer catalysts unleashed to produce a potential green fuel,https://www.nature.com/articles/d41586-026-02373-z,2026-08-19 00:00:00 UTC,Nature,2026-08-19 00:00:00+00:00
Human organoids that mimic brain development grown for years in lab,https://www.nature.com/articles/d41586-026-02585-3,2026-08-19 00:00:00 UTC,Nature,2026-08-19 00:00:00+00:00
Embodied Learning under Policy and Dynamics Shifts,https://academic.oup.com/nsr/advance-article/doi/10.1093/nsr/nwag506/8766030?rss=1,2026-08-19 00:00:00 UTC,National Science Review Advance Access,2026-08-19 00:00:00+00:00
Computational ‘gym’ trains AI models to control turbulence,https://www.nature.com/articles/d41586-026-02375-x,2026-08-19 00:00:00 UTC,Nature,2026-08-19 00:00:00+00:00
AI tool lets researchers ‘vibe code’ in the quantum realm,https://www.nature.com/articles/d41586-026-02495-4,2026-08-19 00:00:00 UTC,Nature,2026-08-19 00:00:00+00:00
Rudolph A. Marcus obituary: theoretical chemist who explained how electrons jump between molecules,https://www.nature.com/articles/d41586-026-02610-5,2026-08-19 00:00:00 UTC,Nature,2026-08-19 00:00:00+00:00
Screening babies’ genomes could save lives. Here’s how it would work,https://www.nature.com/articles/d41586-026-02528-y,2026-08-19 00:00:00 UTC,Nature,2026-08-19 00:00:00+00:00
Psychedelics tune the brain to the environment,https://www.nature.com/articles/d41586-026-02377-9,2026-08-19 00:00:00 UTC,Nature,2026-08-19 00:00:00+00:00
How do people live beyond 110? Abundance of cancer-killing cells might be key,https://www.nature.com/articles/d41586-026-02587-1,2026-08-19 00:00:00 UTC,Nature,2026-08-19 00:00:00+00:00
"South Africa’s scientists must register with official body or risk prison, according to draft law",https://www.nature.com/articles/d41586-026-02516-2,2026-08-19 00:00:00 UTC,Nature,2026-08-19 00:00:00+00:00
Delisted,https://www.nature.com/articles/d41586-026-02410-x,2026-08-19 00:00:00 UTC,Nature,2026-08-19 00:00:00+00:00
Virus deploys a ‘loose cannon’ enzyme to overpower bacterial defences,https://www.nature.com/articles/d41586-026-02537-x,2026-08-19 00:00:00 UTC,Nature,2026-08-19 00:00:00+00:00
Twenty-two easy ways to power up your lab meetings,https://www.nature.com/articles/d41586-026-02037-y,2026-08-19 00:00:00 UTC,Nature,2026-08-19 00:00:00+00:00
Uniaxial Stress Enhanced Anisotropic Magnetoresistance and Superconductivity in the Kagome Superconductor LaRu3Si2,https://advanced.onlinelibrary.wiley.com/doi/10.1002/adma.74067?af=R,2026-08-19 02:51:35 UTC,Wiley: Advanced Materials: Table of Contents,2026-08-19 02:51:35+00:00
"Ultra‐Narrow Pure‐Green MR‐TADF Emitter with an FWHM of 12 nm Enables Superior‐Performance Top‐Emitting OLEDs with EQE Approaching 60%, Power Efficiency Over 300 lm W−1, and CIE Coordinates of (0.14, 0.79)",https://advanced.onlinelibrary.wiley.com/doi/10.1002/adma.74082?af=R,2026-08-19 02:51:35 UTC,Wiley: Advanced Materials: Table of Contents,2026-08-19 02:51:35+00:00
Stress‐Lensed Electrochemical Sintering Enables Fast and Stable Lithium‐Silicon Alloy Chemistry in All‐Solid‐State Batteries,https://advanced.onlinelibrary.wiley.com/doi/10.1002/adma.74090?af=R,2026-08-19 02:51:35 UTC,Wiley: Advanced Materials: Table of Contents,2026-08-19 02:51:35+00:00
Proton Donors Boost Interfacial Water Activation on RuO2‐Embedded RuWOx for Durable Acidic Oxygen Evolution,https://advanced.onlinelibrary.wiley.com/doi/10.1002/adma.74093?af=R,2026-08-19 02:51:35 UTC,Wiley: Advanced Materials: Table of Contents,2026-08-19 02:51:35+00:00
Porosity Engineering Within Ni─N─C Hollow Spheres for Ampere‐Level CO2 Reduction Electrocatalysis,https://advanced.onlinelibrary.wiley.com/doi/10.1002/adma.74095?af=R,2026-08-19 02:51:35 UTC,Wiley: Advanced Materials: Table of Contents,2026-08-19 02:51:35+00:00
Modulating Local Structure of Amorphous Oxyhalide to Achieve High‐Rate and Ultra‐Stable All‐Solid‐State Lithium Battery,https://advanced.onlinelibrary.wiley.com/doi/10.1002/adma.74138?af=R,2026-08-19 02:51:35 UTC,Wiley: Advanced Materials: Table of Contents,2026-08-19 02:51:35+00:00
Antioxidant Proline Carbon Dot‐Composited Poly(L‐methionine) Hydrogel Restores Mitophagy to Alleviate Cellular Senescence in Intervertebral Disc Degeneration,https://advanced.onlinelibrary.wiley.com/doi/10.1002/adma.72951?af=R,2026-08-19 02:51:35 UTC,Wiley: Advanced Materials: Table of Contents,2026-08-19 02:51:35+00:00
A Recyclable and Sustainable Hydroxypropyl Methylcellulose Electrolyte for Electrochromic Devices,https://advanced.onlinelibrary.wiley.com/doi/10.1002/adma.202522472?af=R,2026-08-19 02:51:35 UTC,Wiley: Advanced Materials: Table of Contents,2026-08-19 02:51:35+00:00
Resolving the Strength–Modulus–Elasticity Tradeoff in Elastomers Using Dual Phase‐Separated Nanodomains,https://advanced.onlinelibrary.wiley.com/doi/10.1002/adma.74001?af=R,2026-08-19 02:51:35 UTC,Wiley: Advanced Materials: Table of Contents,2026-08-19 02:51:35+00:00
Liquid Metal Composites Enabled High‐Safety Flexible Solid‐State Aluminum Batteries,https://advanced.onlinelibrary.wiley.com/doi/10.1002/adma.74076?af=R,2026-08-19 02:51:35 UTC,Wiley: Advanced Materials: Table of Contents,2026-08-19 02:51:35+00:00
In Situ‐Constructed Elastomeric Interphase for Grain Boundary Stabilization in High‐Voltage Layered Oxide Cathodes,https://advanced.onlinelibrary.wiley.com/doi/10.1002/adma.74129?af=R,2026-08-19 02:51:35 UTC,Wiley: Advanced Materials: Table of Contents,2026-08-19 02:51:35+00:00
"Localized Potential Regulation on Polymer Donor Backbone Suppresses Energetic Disorder for Efficient, Stable and Scalable Organic Solar Cells",https://advanced.onlinelibrary.wiley.com/doi/10.1002/adma.74059?af=R,2026-08-19 02:51:35 UTC,Wiley: Advanced Materials: Table of Contents,2026-08-19 02:51:35+00:00
High Numerical Aperture Metalens for the Deep Ultraviolet,https://advanced.onlinelibrary.wiley.com/doi/10.1002/adma.74047?af=R,2026-08-19 02:51:35 UTC,Wiley: Advanced Materials: Table of Contents,2026-08-19 02:51:35+00:00
Wavelength‐Division Holographic Multiplexing via Cascaded Metasurfaces and THz‐Spaced Microresonator Frequency Combs,https://advanced.onlinelibrary.wiley.com/doi/10.1002/adma.74054?af=R,2026-08-19 02:51:35 UTC,Wiley: Advanced Materials: Table of Contents,2026-08-19 02:51:35+00:00
Reprogrammable Bistable Metasurface for Arbitrary Electromagnetic Wave Manipulation,https://advanced.onlinelibrary.wiley.com/doi/10.1002/adma.202522736?af=R,2026-08-19 02:51:35 UTC,Wiley: Advanced Materials: Table of Contents,2026-08-19 02:51:35+00:00
Electric Breakdown of Dielectric Polymers is Strongly Correlated to Mechanical Toughness,https://advanced.onlinelibrary.wiley.com/doi/10.1002/adma.74050?af=R,2026-08-19 02:51:35 UTC,Wiley: Advanced Materials: Table of Contents,2026-08-19 02:51:35+00:00
Mechanically Robust and Depolymerizable Polyesters With Near‐Complete Monomer Recovery for Circular Additive Manufacturing,https://advanced.onlinelibrary.wiley.com/doi/10.1002/adma.73986?af=R,2026-08-19 02:51:35 UTC,Wiley: Advanced Materials: Table of Contents,2026-08-19 02:51:35+00:00
Sunlight‐Driven Concurrent Synthesis of Jet Fuel Precursors and Hydrogen From Biomass‐Derived Furfuryl Alcohol Over Oxygen‐Doped Zn2In2S5,https://advanced.onlinelibrary.wiley.com/doi/10.1002/adma.73985?af=R,2026-08-19 02:51:35 UTC,Wiley: Advanced Materials: Table of Contents,2026-08-19 02:51:35+00:00
Tailoring Weakly Coordinating Electrolytes via Orbital‐Overlap‐Enhanced Dipole–dipole Interactions for Low‐Temperature Lithium‐Ion Batteries,https://advanced.onlinelibrary.wiley.com/doi/10.1002/adma.73982?af=R,2026-08-19 02:51:35 UTC,Wiley: Advanced Materials: Table of Contents,2026-08-19 02:51:35+00:00
Tailored Surface Microenvironment of Molecular Nanophotocatalysts for Boosting Photocatalytic Hydrogen Evolution,https://advanced.onlinelibrary.wiley.com/doi/10.1002/adma.73981?af=R,2026-08-19 02:51:35 UTC,Wiley: Advanced Materials: Table of Contents,2026-08-19 02:51:35+00:00
Membrane‐Confined Proton Management Orchestrates Proton‐Electron Transfer for Efficient Photocatalytic Hydrogen Peroxide Synthesis,https://advanced.onlinelibrary.wiley.com/doi/10.1002/adma.73980?af=R,2026-08-19 02:51:35 UTC,Wiley: Advanced Materials: Table of Contents,2026-08-19 02:51:35+00:00
Charge–Transfer Reversal at Cl‐Regulated Cu2O/in2S3 Interfaces Enables C─C Coupling for Selective CO2 Photoreduction to C2H4,https://advanced.onlinelibrary.wiley.com/doi/10.1002/adma.74051?af=R,2026-08-19 02:51:35 UTC,Wiley: Advanced Materials: Table of Contents,2026-08-19 02:51:35+00:00
Strong Adhesives Mediated by Dynamic Phase‐Locking,https://advanced.onlinelibrary.wiley.com/doi/10.1002/adma.73976?af=R,2026-08-19 02:51:35 UTC,Wiley: Advanced Materials: Table of Contents,2026-08-19 02:51:35+00:00
Spider Silk‐Inspired High‐Damping Liquid Crystal Elastomer Fibers Enabled by Semi‐Interpenetrating Networks,https://advanced.onlinelibrary.wiley.com/doi/10.1002/adma.73958?af=R,2026-08-19 02:51:35 UTC,Wiley: Advanced Materials: Table of Contents,2026-08-19 02:51:35+00:00
Multi‐Legged Magnetic Soft Robot for On‐Demand Targeted Delivery in Pulmonary Environments,https://advanced.onlinelibrary.wiley.com/doi/10.1002/adma.73957?af=R,2026-08-19 02:51:35 UTC,Wiley: Advanced Materials: Table of Contents,2026-08-19 02:51:35+00:00
Bioinspired Rheological Sensing for Robotic Liquid Identification in Sealed Containers via Ultrafast Incipient Slip Detection,https://advanced.onlinelibrary.wiley.com/doi/10.1002/adma.73955?af=R,2026-08-19 02:51:35 UTC,Wiley: Advanced Materials: Table of Contents,2026-08-19 02:51:35+00:00
Issue Information,https://advanced.onlinelibrary.wiley.com/doi/10.1002/adma.74558?af=R,2026-08-19 02:51:35 UTC,Wiley: Advanced Materials: Table of Contents,2026-08-19 02:51:35+00:00
Correction to “Mitochondria‐Targeted Nanomotor: H2S‐Driven Cascade Therapy for Hepatocellular Carcinoma”,https://advanced.onlinelibrary.wiley.com/doi/10.1002/adma.74114?af=R,2026-08-19 02:51:35 UTC,Wiley: Advanced Materials: Table of Contents,2026-08-19 02:51:35+00:00
Laplace‐Pressure‐Stabilized Rutile Solid‐Solution Catalysts for Acidic Water Oxidation: Enabling DSA‐Inspired Compositions (Adv. Mater. 46/2026),https://advanced.onlinelibrary.wiley.com/doi/10.1002/adma.74554?af=R,2026-08-19 02:51:35 UTC,Wiley: Advanced Materials: Table of Contents,2026-08-19 02:51:35+00:00
Nuclear Spin Relaxation Modulation of Fluorinated Deep Eutectic Solvents for Radiofrequency Information Encoding and Display,https://advanced.onlinelibrary.wiley.com/doi/10.1002/adma.73987?af=R,2026-08-19 02:51:35 UTC,Wiley: Advanced Materials: Table of Contents,2026-08-19 02:51:35+00:00
Turning Unpredictable Biomolecule Adsorption to Controlled Corona Formation: Focus on Carbon Nanomaterials (Adv. Mater. 46/2026),https://advanced.onlinelibrary.wiley.com/doi/10.1002/adma.74555?af=R,2026-08-19 02:51:35 UTC,Wiley: Advanced Materials: Table of Contents,2026-08-19 02:51:35+00:00
Antioxidant Proline Carbon Dot‐Composited Poly(L‐methionine) Hydrogel Restores Mitophagy to Alleviate Cellular Senescence in Intervertebral Disc Degeneration (Adv. Mater. 46/2026),https://advanced.onlinelibrary.wiley.com/doi/10.1002/adma.74557?af=R,2026-08-19 02:51:35 UTC,Wiley: Advanced Materials: Table of Contents,2026-08-19 02:51:35+00:00
From Experiment‐Driven to Theory‐ and Data‐Driven: A Computational Paradigm Shift in High‐Entropy Electrocatalyst Design,https://advanced.onlinelibrary.wiley.com/doi/10.1002/adma.73906?af=R,2026-08-19 02:51:35 UTC,Wiley: Advanced Materials: Table of Contents,2026-08-19 02:51:35+00:00
Particulate Photocatalytic Water Splitting for Solar Energy Conversion: From Material Design to Scalable Demonstration,https://advanced.onlinelibrary.wiley.com/doi/10.1002/adma.74056?af=R,2026-08-19 02:51:35 UTC,Wiley: Advanced Materials: Table of Contents,2026-08-19 02:51:35+00:00
Nanomaterials Drive In Vivo CAR Immune Cells Engineering,https://advanced.onlinelibrary.wiley.com/doi/10.1002/adma.74058?af=R,2026-08-19 02:51:35 UTC,Wiley: Advanced Materials: Table of Contents,2026-08-19 02:51:35+00:00
Electronic Structure Modulation of Heterogeneous Cathode Catalysts for Reversible Aprotic Li‐CO2 Batteries: Mechanisms and Strategies,https://advanced.onlinelibrary.wiley.com/doi/10.1002/adma.74065?af=R,2026-08-19 02:51:35 UTC,Wiley: Advanced Materials: Table of Contents,2026-08-19 02:51:35+00:00
Turning Unpredictable Biomolecule Adsorption to Controlled Corona Formation: Focus on Carbon Nanomaterials,https://advanced.onlinelibrary.wiley.com/doi/10.1002/adma.202523328?af=R,2026-08-19 02:51:35 UTC,Wiley: Advanced Materials: Table of Contents,2026-08-19 02:51:35+00:00
3D‐Printed Ultra‐Thin Solid Polymer Electrolytes with Superior Dielectric Properties for Wide Temperature Range All‐Solid‐State Batteries,https://advanced.onlinelibrary.wiley.com/doi/10.1002/adma.202523142?af=R,2026-08-19 02:51:35 UTC,Wiley: Advanced Materials: Table of Contents,2026-08-19 02:51:35+00:00
Laplace‐Pressure‐Stabilized Rutile Solid‐Solution Catalysts for Acidic Water Oxidation: Enabling DSA‐Inspired Compositions,https://advanced.onlinelibrary.wiley.com/doi/10.1002/adma.73273?af=R,2026-08-19 02:51:35 UTC,Wiley: Advanced Materials: Table of Contents,2026-08-19 02:51:35+00:00
NiMo Dual‐Atom Dimers on Pd Nanosheets for Selective C─H and C─C Bond Cleavage of Ethylene Glycol From Waste Plastics,https://advanced.onlinelibrary.wiley.com/doi/10.1002/adma.73526?af=R,2026-08-19 02:51:35 UTC,Wiley: Advanced Materials: Table of Contents,2026-08-19 02:51:35+00:00
Ligand‐Mediated Shape Engineering of SWIR InAs Colloidal Quantum Dots for Photodetector Applications,https://advanced.onlinelibrary.wiley.com/doi/10.1002/adma.74004?af=R,2026-08-19 02:51:35 UTC,Wiley: Advanced Materials: Table of Contents,2026-08-19 02:51:35+00:00
Reliable and Reusable All‐Solid‐State Contact‐Type Pre‐Lithiation Platform for High‐Performance All‐Solid‐State Batteries,https://advanced.onlinelibrary.wiley.com/doi/10.1002/adma.74035?af=R,2026-08-19 02:51:35 UTC,Wiley: Advanced Materials: Table of Contents,2026-08-19 02:51:35+00:00
Low‐Temperature Melting–Crystallization Transition in Perovskites With Self‐Trapped Excitons for Photovoltaic Downconversion,https://advanced.onlinelibrary.wiley.com/doi/10.1002/adma.202509056?af=R,2026-08-19 02:51:35 UTC,Wiley: Advanced Materials: Table of Contents,2026-08-19 02:51:35+00:00
Self‐Cooperative RNA Vaccine Mitigates Dendritic Cell–Mediated Acquired Immune Resistance to Potentiate Cell Therapy for Solid Tumors,https://advanced.onlinelibrary.wiley.com/doi/10.1002/adma.202518422?af=R,2026-08-19 02:51:35 UTC,Wiley: Advanced Materials: Table of Contents,2026-08-19 02:51:35+00:00
NiMo Dual‐Atom Dimers on Pd Nanosheets for Selective C─H and C─C Bond Cleavage of Ethylene Glycol From Waste Plastics (Adv. Mater. 46/2026),https://advanced.onlinelibrary.wiley.com/doi/10.1002/adma.74556?af=R,2026-08-19 02:51:35 UTC,Wiley: Advanced Materials: Table of Contents,2026-08-19 02:51:35+00:00
Copolymerized Plasticizer Enables Halogen‐Free Processing Toward 20.78% and 17.83% Efficient Organic Solar Cells and Modules,https://advanced.onlinelibrary.wiley.com/doi/10.1002/adma.73994?af=R,2026-08-19 02:51:35 UTC,Wiley: Advanced Materials: Table of Contents,2026-08-19 02:51:35+00:00
Aromaticity‐Localized Square Tetraboron‐Extended Multiple‐Resonance Emitters With B‒N Covalent Bonds for Highly Efficient Narrowband Electroluminescence,https://advanced.onlinelibrary.wiley.com/doi/10.1002/adma.73979?af=R,2026-08-19 02:51:35 UTC,Wiley: Advanced Materials: Table of Contents,2026-08-19 02:51:35+00:00
Dynamic Self‐Focusing Photothermal Localization Induced Mild Solvent‐Free Upcycling of Polystyrene,https://advanced.onlinelibrary.wiley.com/doi/10.1002/adma.74031?af=R,2026-08-19 02:51:35 UTC,Wiley: Advanced Materials: Table of Contents,2026-08-19 02:51:35+00:00
Direct Visualization and Regulation of Interfacial Ion Concentration Layer at Zinc Metal Interfaces via an Ion‐Buffering Artificial Solid Electrolyte Interphase,https://advanced.onlinelibrary.wiley.com/doi/10.1002/adma.74049?af=R,2026-08-19 02:51:35 UTC,Wiley: Advanced Materials: Table of Contents,2026-08-19 02:51:35+00:00
Organic–Inorganic Hybrid Hole‐Selective Layer Interface Engineering for Enhanced Photoelectrochemical Water Oxidation on Bismuth Vanadate Photoanodes,https://advanced.onlinelibrary.wiley.com/doi/10.1002/adma.74048?af=R,2026-08-19 02:51:35 UTC,Wiley: Advanced Materials: Table of Contents,2026-08-19 02:51:35+00:00
DNA‐Regulated Catalytic‐Plasmonic Colocalization Enables Synergistic Signal Amplification in SERS and Nanozyme‐Based Sensors,https://advanced.onlinelibrary.wiley.com/doi/10.1002/adma.74043?af=R,2026-08-19 02:51:35 UTC,Wiley: Advanced Materials: Table of Contents,2026-08-19 02:51:35+00:00
2D In‐Plane Molecular Superlattice Heterojunctions for High‐Performance Ambipolar Electronics and Low‐Dose X‐Ray Sensing,https://advanced.onlinelibrary.wiley.com/doi/10.1002/adma.74042?af=R,2026-08-19 02:51:35 UTC,Wiley: Advanced Materials: Table of Contents,2026-08-19 02:51:35+00:00
H2S Self‐Supplied Micelles Reverse Tumor‐Immune Effector Cells Energy Metabolisms to Boost Breast Cancer Immunotherapy With Microenvironment Normalization,https://advanced.onlinelibrary.wiley.com/doi/10.1002/adma.74041?af=R,2026-08-19 02:51:35 UTC,Wiley: Advanced Materials: Table of Contents,2026-08-19 02:51:35+00:00
Electrolyte Engineering for 5 V Lithium Metal Batteries,https://advanced.onlinelibrary.wiley.com/doi/10.1002/adma.74040?af=R,2026-08-19 02:51:35 UTC,Wiley: Advanced Materials: Table of Contents,2026-08-19 02:51:35+00:00
Dual‐Site‐Binding Ligand‐Driven (100) Orientation for Efficient and Stable Perovskite Solar Cells,https://advanced.onlinelibrary.wiley.com/doi/10.1002/adma.74033?af=R,2026-08-19 02:51:35 UTC,Wiley: Advanced Materials: Table of Contents,2026-08-19 02:51:35+00:00
Synergistically Enhancing Light Harvesting and Mechanical Flexibility for Ultra‐Flexible Organic Biosensors,https://advanced.onlinelibrary.wiley.com/doi/10.1002/adma.74032?af=R,2026-08-19 02:51:35 UTC,Wiley: Advanced Materials: Table of Contents,2026-08-19 02:51:35+00:00
Ligand Engineering for Precise Control of Ultrathin CsPbI3 Nanoplatelet Superlattices for Efficient Light‐Emitting Diodes,https://advanced.onlinelibrary.wiley.com/doi/10.1002/adma.74023?af=R,2026-08-19 02:51:35 UTC,Wiley: Advanced Materials: Table of Contents,2026-08-19 02:51:35+00:00
Atomic‐to‐Nanoscale Engineering of Piezocatalytic Heterojunctions for Ultrasound‐Triggered Osteomyelitis Therapy,https://advanced.onlinelibrary.wiley.com/doi/10.1002/adma.74020?af=R,2026-08-19 02:51:35 UTC,Wiley: Advanced Materials: Table of Contents,2026-08-19 02:51:35+00:00
Unlocking Lewis‐Acid Catalysis and Crystalline Polyselenide Evolution for Ultra‐Stable Sodium‐Ion Batteries,https://advanced.onlinelibrary.wiley.com/doi/10.1002/adma.74019?af=R,2026-08-19 02:51:35 UTC,Wiley: Advanced Materials: Table of Contents,2026-08-19 02:51:35+00:00
Feed‐Draw Printing Enables Monolithically Integrated Flexible Sensors With High Interfacial Toughness and Wide Linear Range,https://advanced.onlinelibrary.wiley.com/doi/10.1002/adma.74018?af=R,2026-08-19 02:51:35 UTC,Wiley: Advanced Materials: Table of Contents,2026-08-19 02:51:35+00:00
Electrochemically Programmed Electromagnetic Camouflage Through Reconstructing Atomic Coordination,https://advanced.onlinelibrary.wiley.com/doi/10.1002/adma.74016?af=R,2026-08-19 02:51:35 UTC,Wiley: Advanced Materials: Table of Contents,2026-08-19 02:51:35+00:00
Contact‐Electrification‐Regulated Amino Acid for Improving Materials' Triboelectric Properties,https://advanced.onlinelibrary.wiley.com/doi/10.1002/adma.74012?af=R,2026-08-19 02:51:35 UTC,Wiley: Advanced Materials: Table of Contents,2026-08-19 02:51:35+00:00
Beyond Wisdom in III‐V Optoelectronics: Physics‐Enhanced Neural Networks Unveil the Role of Cubic Boron Arsenide,https://advanced.onlinelibrary.wiley.com/doi/10.1002/adma.202519860?af=R,2026-08-19 02:51:35 UTC,Wiley: Advanced Materials: Table of Contents,2026-08-19 02:51:35+00:00
Stabilized Bi(III) Sites Direct *NH2OH Pathway for Efficient Cyclohexanone Oxime Electrosynthesis,https://advanced.onlinelibrary.wiley.com/doi/10.1002/adma.73997?af=R,2026-08-19 02:51:35 UTC,Wiley: Advanced Materials: Table of Contents,2026-08-19 02:51:35+00:00
Breaking Interfacial Charge Transport Limitations Enabled by Heterojunction Dielectric Equilibrium in Perovskite Solar Cells,https://advanced.onlinelibrary.wiley.com/doi/10.1002/adma.73995?af=R,2026-08-19 02:51:35 UTC,Wiley: Advanced Materials: Table of Contents,2026-08-19 02:51:35+00:00
Cavity‐Defined van der Waals Plasmonic Nanolasers Enabled by Out‐Of‐Plane Dipole Coupling,https://advanced.onlinelibrary.wiley.com/doi/10.1002/adma.73996?af=R,2026-08-19 02:51:35 UTC,Wiley: Advanced Materials: Table of Contents,2026-08-19 02:51:35+00:00
“Steric‐Locking” Polymer Acceptor Enabled 20.53% Efficiency With Suppressed Energetic Disorder and Enhanced Mechanical Robustness in Green‐Solvent Processed All‐Polymer Solar Cells,https://advanced.onlinelibrary.wiley.com/doi/10.1002/adma.74003?af=R,2026-08-19 02:51:35 UTC,Wiley: Advanced Materials: Table of Contents,2026-08-19 02:51:35+00:00
"Perception, Synaptic Plasticity, and Spiking Neuron Function Enabled by a 2D Ferroelectric NbOBr2 for Neuromorphic Vision",https://advanced.onlinelibrary.wiley.com/doi/10.1002/adma.74005?af=R,2026-08-19 02:51:35 UTC,Wiley: Advanced Materials: Table of Contents,2026-08-19 02:51:35+00:00
Amorphous High‐Entropy Oxides With High‐Valent Metal and Oxygen‐Vacancy Pairs for Thermally Stable Catalytic Oxidation,https://advanced.onlinelibrary.wiley.com/doi/10.1002/adma.74010?af=R,2026-08-19 02:51:35 UTC,Wiley: Advanced Materials: Table of Contents,2026-08-19 02:51:35+00:00
Is NSF’s new call for research proposals good news? Scientists and staffers have doubts,https://www.science.org/content/article/nsf-s-new-call-research-proposals-good-news-scientists-and-staffers-have-doubts,2026-08-19 03:45:00 UTC,Latest News from Science Magazine,2026-08-19 03:45:00+00:00
Truck-size crocodilians once ruled South America’s wetlands,https://www.science.org/content/article/truck-size-crocodilians-once-ruled-south-america-s-wetlands,2026-08-19 05:30:00 UTC,Latest News from Science Magazine,2026-08-19 05:30:00+00:00
Rare cows part of estate's rewilding project,https://www.bbc.co.uk/news/articles/c8xnk2dgv5jo?at_medium=RSS&at_campaign=rss,2026-08-19 06:13:27 UTC,BBC News,2026-08-19 06:13:27+00:00
Understanding the Electrolyte‐Hard Carbon Interphase Synergy in Sodium‐Ion Batteries: From Mechanistic Insights to Design Strategies,https://advanced.onlinelibrary.wiley.com/doi/10.1002/aenm.71425?af=R,2026-08-19 06:27:14 UTC,Wiley: Advanced Energy Materials: Table of Contents,2026-08-19 06:27:14+00:00
Timescale‐Decoupled Polarization Kinetics Guide the Design of Polarization‐Resistant Cathode Hosts for Zinc–Iodine Batteries,https://advanced.onlinelibrary.wiley.com/doi/10.1002/aenm.71468?af=R,2026-08-19 06:28:05 UTC,Wiley: Advanced Energy Materials: Table of Contents,2026-08-19 06:28:05+00:00
Selenocyanate Driven Organic Cations Homogenization in Wide‐Bandgap Perovskite,https://advanced.onlinelibrary.wiley.com/doi/10.1002/aenm.71462?af=R,2026-08-19 06:28:16 UTC,Wiley: Advanced Energy Materials: Table of Contents,2026-08-19 06:28:16+00:00
Separating Hydrogen Evolution From Electroplating in Zn Metal Batteries Using Scanning Electrochemical Microscopy,https://advanced.onlinelibrary.wiley.com/doi/10.1002/aenm.71398?af=R,2026-08-19 06:29:29 UTC,Wiley: Advanced Energy Materials: Table of Contents,2026-08-19 06:29:29+00:00
Wide‐Stable Dynamics Enabling Ultra‐High Power Density in Compact Magneto‐Mechano‐Electric Energy Harvesters for Self‐Powered Smart Grid Monitoring,https://advanced.onlinelibrary.wiley.com/doi/10.1002/aenm.71352?af=R,2026-08-19 06:47:47 UTC,Wiley: Advanced Energy Materials: Table of Contents,2026-08-19 06:47:47+00:00
A spinoreticular pathway mediates nocifensive responses to noxious mechanical stimuli,https://www.pnas.org/doi/abs/10.1073/pnas.2604642123?mi=eymic2&af=R&access=on&content=articlesChapters&publication=pnas&sortBy=Earliest&target=default,2026-08-19 07:00:00 UTC,Proceedings of the National Academy of Sciences: Keyword search for query,2026-08-19 07:00:00+00:00
"Peter H. Raven: Botanist, evolutionary biologist, and biodiversity champion",https://www.pnas.org/doi/abs/10.1073/pnas.2624553123?mi=eymic2&af=R&access=on&content=articlesChapters&publication=pnas&sortBy=Earliest&target=default,2026-08-19 07:00:00 UTC,Proceedings of the National Academy of Sciences: Keyword search for query,2026-08-19 07:00:00+00:00
Neuronal overexpression of Kcnn1 in A53T α-synuclein mice suppresses phospho-serine 129 α-synuclein formation and doubles survival time,https://www.pnas.org/doi/abs/10.1073/pnas.2622262123?mi=eymic2&af=R&access=on&content=articlesChapters&publication=pnas&sortBy=Earliest&target=default,2026-08-19 07:00:00 UTC,Proceedings of the National Academy of Sciences: Keyword search for query,2026-08-19 07:00:00+00:00
A cloaked glutamate decarboxylase sustains the GABA shunt in Mycobacterium tuberculosis,https://www.pnas.org/doi/abs/10.1073/pnas.2619778123?mi=eymic2&af=R&access=on&content=articlesChapters&publication=pnas&sortBy=Earliest&target=default,2026-08-19 07:00:00 UTC,Proceedings of the National Academy of Sciences: Keyword search for query,2026-08-19 07:00:00+00:00
Probabilistically defining environmentally relevant concentrations in ecotoxicology,https://www.pnas.org/doi/abs/10.1073/pnas.2617990123?mi=eymic2&af=R&access=on&content=articlesChapters&publication=pnas&sortBy=Earliest&target=default,2026-08-19 07:00:00 UTC,Proceedings of the National Academy of Sciences: Keyword search for query,2026-08-19 07:00:00+00:00
Regulatory logic of neuronal differentiation in the Drosophila visual system,https://www.pnas.org/doi/abs/10.1073/pnas.2614314123?mi=eymic2&af=R&access=on&content=articlesChapters&publication=pnas&sortBy=Earliest&target=default,2026-08-19 07:00:00 UTC,Proceedings of the National Academy of Sciences: Keyword search for query,2026-08-19 07:00:00+00:00
Dynamic multiphase flow triggers chaotic mixing in porous media,https://www.pnas.org/doi/abs/10.1073/pnas.2612884123?mi=eymic2&af=R&access=on&content=articlesChapters&publication=pnas&sortBy=Earliest&target=default,2026-08-19 07:00:00 UTC,Proceedings of the National Academy of Sciences: Keyword search for query,2026-08-19 07:00:00+00:00
Numerical investigation of the equilibrium Kauzmann transition in a two-dimensional atomistic glass,https://www.pnas.org/doi/abs/10.1073/pnas.2612355123?mi=eymic2&af=R&access=on&content=articlesChapters&publication=pnas&sortBy=Earliest&target=default,2026-08-19 07:00:00 UTC,Proceedings of the National Academy of Sciences: Keyword search for query,2026-08-19 07:00:00+00:00
"Soft matter, hard rules: Emulsions follow the laws of granular suspension rheology",https://www.pnas.org/doi/abs/10.1073/pnas.2611013123?mi=eymic2&af=R&access=on&content=articlesChapters&publication=pnas&sortBy=Earliest&target=default,2026-08-19 07:00:00 UTC,Proceedings of the National Academy of Sciences: Keyword search for query,2026-08-19 07:00:00+00:00
Perceptual and neural constraints on photometric measures of heterochromatic brightness,https://www.pnas.org/doi/abs/10.1073/pnas.2610398123?mi=eymic2&af=R&access=on&content=articlesChapters&publication=pnas&sortBy=Earliest&target=default,2026-08-19 07:00:00 UTC,Proceedings of the National Academy of Sciences: Keyword search for query,2026-08-19 07:00:00+00:00
Hydrogen-ready infrastructure risks new carbon lock-in,https://www.pnas.org/doi/abs/10.1073/pnas.2601685123?mi=eymic2&af=R&access=on&content=articlesChapters&publication=pnas&sortBy=Earliest&target=default,2026-08-19 07:00:00 UTC,Proceedings of the National Academy of Sciences: Keyword search for query,2026-08-19 07:00:00+00:00
USP14 competitively binds to FBXW7 to stabilize MTDH and promotes metastasis and drug resistance of head and neck squamous cell carcinoma,https://www.pnas.org/doi/abs/10.1073/pnas.2504068123?mi=eymic2&af=R&access=on&content=articlesChapters&publication=pnas&sortBy=Earliest&target=default,2026-08-19 07:00:00 UTC,Proceedings of the National Academy of Sciences: Keyword search for query,2026-08-19 07:00:00+00:00
A human pluripotent stem cell triculture platform to elucidate microglial regulation of retinal ganglion cells in neuroinflammation,https://www.pnas.org/doi/abs/10.1073/pnas.2522958123?mi=eymic2&af=R&access=on&content=articlesChapters&publication=pnas&sortBy=Earliest&target=default,2026-08-19 07:00:00 UTC,Proceedings of the National Academy of Sciences: Keyword search for query,2026-08-19 07:00:00+00:00
The dual-function enzyme PpLipO protects polar marine bacteria from phospholipid peroxidation,https://www.pnas.org/doi/abs/10.1073/pnas.2527470123?mi=eymic2&af=R&access=on&content=articlesChapters&publication=pnas&sortBy=Earliest&target=default,2026-08-19 07:00:00 UTC,Proceedings of the National Academy of Sciences: Keyword search for query,2026-08-19 07:00:00+00:00
High-resolution mapping of osteoblast metabolism and bone matrix turnover in vivo,https://www.pnas.org/doi/abs/10.1073/pnas.2533109123?mi=eymic2&af=R&access=on&content=articlesChapters&publication=pnas&sortBy=Earliest&target=default,2026-08-19 07:00:00 UTC,Proceedings of the National Academy of Sciences: Keyword search for query,2026-08-19 07:00:00+00:00
Atomistic twinning process with ultra-high shear in hexagonal close-packed crystals,https://www.pnas.org/doi/abs/10.1073/pnas.2607072123?mi=eymic2&af=R&access=on&content=articlesChapters&publication=pnas&sortBy=Earliest&target=default,2026-08-19 07:00:00 UTC,Proceedings of the National Academy of Sciences: Keyword search for query,2026-08-19 07:00:00+00:00
Neutrophil-intrinsic Vgll4 constrains tumorigenesis by preventing a STAT3/STAT5-driven immunosuppressive switch,https://www.pnas.org/doi/abs/10.1073/pnas.2606983123?mi=eymic2&af=R&access=on&content=articlesChapters&publication=pnas&sortBy=Earliest&target=default,2026-08-19 07:00:00 UTC,Proceedings of the National Academy of Sciences: Keyword search for query,2026-08-19 07:00:00+00:00
Repression of ferroptotic cell death mediated antitumor immunity by mitochondrial calcium signaling,https://www.pnas.org/doi/abs/10.1073/pnas.2606216123?mi=eymic2&af=R&access=on&content=articlesChapters&publication=pnas&sortBy=Earliest&target=default,2026-08-19 07:00:00 UTC,Proceedings of the National Academy of Sciences: Keyword search for query,2026-08-19 07:00:00+00:00
Heme-binding protein CYB5D1 couples intraflagellar redox to calcium signaling for coordinated flagellar beating,https://www.pnas.org/doi/abs/10.1073/pnas.2535939123?mi=eymic2&af=R&access=on&content=articlesChapters&publication=pnas&sortBy=Earliest&target=default,2026-08-19 07:00:00 UTC,Proceedings of the National Academy of Sciences: Keyword search for query,2026-08-19 07:00:00+00:00
Identification of potent inhibitors of JUN N-terminal kinases for treatment of endometriosis and associated pain,https://www.pnas.org/doi/abs/10.1073/pnas.2607561123?mi=eymic2&af=R&access=on&content=articlesChapters&publication=pnas&sortBy=Earliest&target=default,2026-08-19 07:00:00 UTC,Proceedings of the National Academy of Sciences: Keyword search for query,2026-08-19 07:00:00+00:00
"Correction for Dervishi et al., Sterol divergence across eukaryotic kingdoms determines membrane susceptibility to saponins, a class of plant defense compounds",https://www.pnas.org/doi/abs/10.1073/pnas.2627895123?mi=eymic2&af=R&access=on&content=articlesChapters&publication=pnas&sortBy=Earliest&target=default,2026-08-19 07:00:00 UTC,Proceedings of the National Academy of Sciences: Keyword search for query,2026-08-19 07:00:00+00:00
SKI is critical to counter TGF-β signaling to promote T cell function and autoimmunity,https://www.science.org/doi/abs/10.1126/sciadv.aeb7051?af=R,2026-08-19 07:00:00 UTC,AAAS: Science Advances: Table of Contents,2026-08-19 07:00:00+00:00
Self-sustaining leadless intracardiac pacemaker powered by triboelectric nanogenerator,https://www.science.org/doi/abs/10.1126/sciadv.aef8903?af=R,2026-08-19 07:00:00 UTC,AAAS: Science Advances: Table of Contents,2026-08-19 07:00:00+00:00
Ultrathin CoO nanosheets enable direct CO2 hydrogenation to acetic acid,https://www.science.org/doi/abs/10.1126/sciadv.aeg1076?af=R,2026-08-19 07:00:00 UTC,AAAS: Science Advances: Table of Contents,2026-08-19 07:00:00+00:00
Endometriosis-derived iPSCs reveal conserved stromal maturation and endocrine responsiveness,https://www.science.org/doi/abs/10.1126/sciadv.aeg2362?af=R,2026-08-19 07:00:00 UTC,AAAS: Science Advances: Table of Contents,2026-08-19 07:00:00+00:00
H3.3 chaperone Hira primes the effector program and function of regulatory T cells,https://www.science.org/doi/abs/10.1126/sciadv.aeg2679?af=R,2026-08-19 07:00:00 UTC,AAAS: Science Advances: Table of Contents,2026-08-19 07:00:00+00:00
HMOX1 controls a heme-ferritin switch that protects cells from ferroptosis,https://www.science.org/doi/abs/10.1126/sciadv.aeg3424?af=R,2026-08-19 07:00:00 UTC,AAAS: Science Advances: Table of Contents,2026-08-19 07:00:00+00:00
Undoing of firing rate adaptation enables invariant population codes,https://www.science.org/doi/abs/10.1126/sciadv.aeg3535?af=R,2026-08-19 07:00:00 UTC,AAAS: Science Advances: Table of Contents,2026-08-19 07:00:00+00:00
Ice-sheet dynamics drive glacial-interglacial shifts in North Atlantic seawater neodymium isotopes,https://www.science.org/doi/abs/10.1126/sciadv.aeg5747?af=R,2026-08-19 07:00:00 UTC,AAAS: Science Advances: Table of Contents,2026-08-19 07:00:00+00:00
Population-level geometric filtering generates motion-coherence selectivity in the retina,https://www.science.org/doi/abs/10.1126/sciadv.aeg7846?af=R,2026-08-19 07:00:00 UTC,AAAS: Science Advances: Table of Contents,2026-08-19 07:00:00+00:00
Photocatalytic CO2-to-ethanol conversion via multiple enrichment effects in porous liquids,https://www.science.org/doi/abs/10.1126/sciadv.aeg8278?af=R,2026-08-19 07:00:00 UTC,AAAS: Science Advances: Table of Contents,2026-08-19 07:00:00+00:00
"Catalyst-free, autoinductive photochemical upcycling of aromatic polymers and mixed plastics via autosensitization",https://www.science.org/doi/abs/10.1126/sciadv.aeg9384?af=R,2026-08-19 07:00:00 UTC,AAAS: Science Advances: Table of Contents,2026-08-19 07:00:00+00:00
Ultrawide-FOV full-color waveguides free of rainbow and fishbone artifacts via physics-constrained generative metagrating design,https://www.science.org/doi/abs/10.1126/sciadv.aeh5234?af=R,2026-08-19 07:00:00 UTC,AAAS: Science Advances: Table of Contents,2026-08-19 07:00:00+00:00
Large-scale outdoor 3D trajectory measurements enabled by drone-assisted multicamera tracking,https://www.science.org/doi/abs/10.1126/sciadv.aeh8352?af=R,2026-08-19 07:00:00 UTC,AAAS: Science Advances: Table of Contents,2026-08-19 07:00:00+00:00
QnAs with Richard Ostfeld,https://www.pnas.org/doi/abs/10.1073/pnas.2626100123?mi=eymic2&af=R&access=on&content=articlesChapters&publication=pnas&sortBy=Earliest&target=default,2026-08-19 07:00:00 UTC,Proceedings of the National Academy of Sciences: Keyword search for query,2026-08-19 07:00:00+00:00
ROS-responsive nanogels enable inhaled CD24 immunotherapy for selective hyperinflammation suppression in severe pneumonia,https://www.science.org/doi/abs/10.1126/sciadv.aec3712?af=R,2026-08-19 07:00:00 UTC,AAAS: Science Advances: Table of Contents,2026-08-19 07:00:00+00:00
Isocaloric switch from low-fat to Western high-fat diet triggers transcriptomic reprogramming and ectopic olfactory receptor responses,https://www.science.org/doi/abs/10.1126/sciadv.aef5698?af=R,2026-08-19 07:00:00 UTC,AAAS: Science Advances: Table of Contents,2026-08-19 07:00:00+00:00
Potential survivable niches for microbial life on the lunar south pole,https://www.science.org/doi/abs/10.1126/sciadv.aec0811?af=R,2026-08-19 07:00:00 UTC,AAAS: Science Advances: Table of Contents,2026-08-19 07:00:00+00:00
Topological mixing and irreversibility in animal chromosome evolution,https://www.science.org/doi/abs/10.1126/sciadv.adz5561?af=R,2026-08-19 07:00:00 UTC,AAAS: Science Advances: Table of Contents,2026-08-19 07:00:00+00:00
Mitochondrial profiling across macrophage states reveals inhibition of IL-4/IL-13 reprogramming by the integrated stress response,https://www.science.org/doi/abs/10.1126/sciadv.aed6318?af=R,2026-08-19 07:00:00 UTC,AAAS: Science Advances: Table of Contents,2026-08-19 07:00:00+00:00
Low-SWaP magneto-optical trap enabled by planar photonic and magnetic components,https://www.science.org/doi/abs/10.1126/sciadv.aeg0219?af=R,2026-08-19 07:00:00 UTC,AAAS: Science Advances: Table of Contents,2026-08-19 07:00:00+00:00
Central T cell tolerance from sparse peptide sampling,https://www.science.org/doi/abs/10.1126/sciadv.aeg8240?af=R,2026-08-19 07:00:00 UTC,AAAS: Science Advances: Table of Contents,2026-08-19 07:00:00+00:00
All-inorganic perovskites for four-dimensional dynamic encryption,https://www.science.org/doi/abs/10.1126/sciadv.aed3494?af=R,2026-08-19 07:00:00 UTC,AAAS: Science Advances: Table of Contents,2026-08-19 07:00:00+00:00
Lattice engineering of thermally evaporated perovskite enables monolithically integrated micro-display,https://www.science.org/doi/abs/10.1126/sciadv.aeg7804?af=R,2026-08-19 07:00:00 UTC,AAAS: Science Advances: Table of Contents,2026-08-19 07:00:00+00:00
BeetleBot: An integrated bioinspired soft robot for multimodal sensing and adaptive interaction,https://www.science.org/doi/abs/10.1126/sciadv.aeg8849?af=R,2026-08-19 07:00:00 UTC,AAAS: Science Advances: Table of Contents,2026-08-19 07:00:00+00:00
"Coupled Atlantic atmosphere-ocean variability modulates cutaneous leishmaniasis in North Africa, enabling long-lead seasonal forecasts",https://www.science.org/doi/abs/10.1126/sciadv.aeb0774?af=R,2026-08-19 07:00:00 UTC,AAAS: Science Advances: Table of Contents,2026-08-19 07:00:00+00:00
China’s lakes remain carbon sources: Insights from the balance between intrinsic carbon sequestration and emissions,https://www.science.org/doi/abs/10.1126/sciadv.aed7393?af=R,2026-08-19 07:00:00 UTC,AAAS: Science Advances: Table of Contents,2026-08-19 07:00:00+00:00
Screening of anti-metastasis drugs by targeting angiopellosis and cancer cluster extravasation,https://www.science.org/doi/abs/10.1126/sciadv.aed4204?af=R,2026-08-19 07:00:00 UTC,AAAS: Science Advances: Table of Contents,2026-08-19 07:00:00+00:00
"Programmable photonic neural engine with all-optical nonlinear activation and 40,000 connections",https://www.science.org/doi/abs/10.1126/sciadv.aee9649?af=R,2026-08-19 07:00:00 UTC,AAAS: Science Advances: Table of Contents,2026-08-19 07:00:00+00:00
A bacterial enzyme enhances both energy metabolism and health across the life span of C. elegans and mice,https://www.science.org/doi/abs/10.1126/sciadv.aef3262?af=R,2026-08-19 07:00:00 UTC,AAAS: Science Advances: Table of Contents,2026-08-19 07:00:00+00:00
Perceptual meta-uncertainty reveals enhanced calibration of sensory confidence in autism,https://www.science.org/doi/abs/10.1126/sciadv.aee2332?af=R,2026-08-19 07:00:00 UTC,AAAS: Science Advances: Table of Contents,2026-08-19 07:00:00+00:00
Hope for heart failure with preserved ejection fraction?,https://www.science.org/doi/abs/10.1126/sciadv.aek5991?af=R,2026-08-19 07:00:00 UTC,AAAS: Science Advances: Table of Contents,2026-08-19 07:00:00+00:00
Evolutionary diversification via modular compliance for self-reconfigurable continuum robots,https://www.science.org/doi/abs/10.1126/sciadv.aeg9191?af=R,2026-08-19 07:00:00 UTC,AAAS: Science Advances: Table of Contents,2026-08-19 07:00:00+00:00
Unlocking dormant Li+ pathways drives fast ion transport in Li4Ti5O12 oxide spinels,https://www.science.org/doi/abs/10.1126/sciadv.aef5575?af=R,2026-08-19 07:00:00 UTC,AAAS: Science Advances: Table of Contents,2026-08-19 07:00:00+00:00
"A biomimetic, ultralow-power edge-AI-empowered and self-sustaining gait analysis system",https://www.science.org/doi/abs/10.1126/sciadv.aeh9625?af=R,2026-08-19 07:00:00 UTC,AAAS: Science Advances: Table of Contents,2026-08-19 07:00:00+00:00
"A pressure-tolerant, miniature ocean-sensing tag with acoustic telemetry for real-time CTD monitoring",https://www.science.org/doi/abs/10.1126/sciadv.aee9809?af=R,2026-08-19 07:00:00 UTC,AAAS: Science Advances: Table of Contents,2026-08-19 07:00:00+00:00
Large language models enhance annotation of enzymes in metagenomes,https://www.science.org/doi/abs/10.1126/sciadv.aee4389?af=R,2026-08-19 07:00:00 UTC,AAAS: Science Advances: Table of Contents,2026-08-19 07:00:00+00:00
Unconventional role of hydroxymethylglutaryl-CoA synthase 1 in driving pathogenic TH17 cell immunity and autoimmune diseases,https://www.science.org/doi/abs/10.1126/sciadv.aee4337?af=R,2026-08-19 07:00:00 UTC,AAAS: Science Advances: Table of Contents,2026-08-19 07:00:00+00:00
Ultrafast energy transfer across Pd/MXene interface via hot phonon-electron interactions,https://www.science.org/doi/abs/10.1126/sciadv.aee2017?af=R,2026-08-19 07:00:00 UTC,AAAS: Science Advances: Table of Contents,2026-08-19 07:00:00+00:00
"Perspiration vapor lightens near-skin air, but hinders human evaporative cooling in arid heat",https://www.science.org/doi/abs/10.1126/sciadv.aee4703?af=R,2026-08-19 07:00:00 UTC,AAAS: Science Advances: Table of Contents,2026-08-19 07:00:00+00:00
"The structure of a complex, asymmetric coronal mass ejection revealed by 17 spacecraft across the inner heliosphere",https://www.science.org/doi/abs/10.1126/sciadv.aed9960?af=R,2026-08-19 07:00:00 UTC,AAAS: Science Advances: Table of Contents,2026-08-19 07:00:00+00:00
AI-driven robotics for optics,https://www.science.org/doi/abs/10.1126/sciadv.aee1381?af=R,2026-08-19 07:00:00 UTC,AAAS: Science Advances: Table of Contents,2026-08-19 07:00:00+00:00
Targeting PKGIα Cys42 attenuates cardiac dysfunction in heart failure with preserved ejection fraction,https://www.science.org/doi/abs/10.1126/sciadv.aec8088?af=R,2026-08-19 07:00:00 UTC,AAAS: Science Advances: Table of Contents,2026-08-19 07:00:00+00:00
Reconstructing pathogen-specific antibody binding epitopes and age-dependent immune signatures from proteomic-scale peptide libraries,https://www.science.org/doi/abs/10.1126/sciadv.aec5478?af=R,2026-08-19 07:00:00 UTC,AAAS: Science Advances: Table of Contents,2026-08-19 07:00:00+00:00
Structural basis for target discrimination and activation by Cas13d,https://www.science.org/doi/abs/10.1126/sciadv.aec4221?af=R,2026-08-19 07:00:00 UTC,AAAS: Science Advances: Table of Contents,2026-08-19 07:00:00+00:00
Ptpn2 limits plasma cell fate and antiviral immunity by integrating B cell receptor and IFN-γ signals in B cells,https://www.science.org/doi/abs/10.1126/sciadv.aec0162?af=R,2026-08-19 07:00:00 UTC,AAAS: Science Advances: Table of Contents,2026-08-19 07:00:00+00:00
Reconstruction and attribution of Late-Pleistocene changes in the Earth’s energy imbalance,https://www.science.org/doi/abs/10.1126/sciadv.aec9034?af=R,2026-08-19 07:00:00 UTC,AAAS: Science Advances: Table of Contents,2026-08-19 07:00:00+00:00
Tree selection in urban greening shapes air quality for global cities,https://www.science.org/doi/abs/10.1126/sciadv.aee5583?af=R,2026-08-19 07:00:00 UTC,AAAS: Science Advances: Table of Contents,2026-08-19 07:00:00+00:00
Ni‐Rich Cathodes for High‐Energy All‐Solid‐State Batteries Suppressing Phase‐Gradients,https://advanced.onlinelibrary.wiley.com/doi/10.1002/aenm.71455?af=R,2026-08-19 07:20:04 UTC,Wiley: Advanced Energy Materials: Table of Contents,2026-08-19 07:20:04+00:00
Origin begins commercial operations at 650 MWh Mortlake grid-forming BESS in Australia,https://www.ess-news.com/2026/08/19/origin-begins-commercial-operations-at-650-mwh-mortlake-grid-forming-bess/,2026-08-19 07:35:54 UTC,Latest news about ESS Projects & Applications | ESS News,2026-08-19 07:35:54+00:00
Half‐Electrode Absence and Asymmetric Arrangement Design Integrated With Shielding Electrodes for Boosting Sliding Triboelectric Nanogenerator Performance,https://advanced.onlinelibrary.wiley.com/doi/10.1002/aenm.71476?af=R,2026-08-19 07:40:32 UTC,Wiley: Advanced Energy Materials: Table of Contents,2026-08-19 07:40:32+00:00
AFM‐Quantified Adhesion Energy Describes Bubble‐Mediated Mass Transport on Gas‐Evolving Electrodes,https://advanced.onlinelibrary.wiley.com/doi/10.1002/adma.74725?af=R,2026-08-19 08:08:07 UTC,Wiley: Advanced Materials: Table of Contents,2026-08-19 08:08:07+00:00
Streamlined One‐Step Dimerization of Small‐Molecule Acceptors for High‐Performance Organic Solar Cells,https://onlinelibrary.wiley.com/doi/10.1002/anie.1114374?af=R,2026-08-19 08:27:50 UTC,Wiley: Angewandte Chemie International Edition: Table of Contents,2026-08-19 08:27:50+00:00
Dosing PPARγ Activation With Light Using Fast Relaxing Photoswitches,https://onlinelibrary.wiley.com/doi/10.1002/anie.7525141?af=R,2026-08-19 08:31:22 UTC,Wiley: Angewandte Chemie International Edition: Table of Contents,2026-08-19 08:31:22+00:00
Coherent 1T‐Phase Surface Architecture Unlocks Ultrafast and Durable High‐Voltage LiCoO2 Cathodes,https://onlinelibrary.wiley.com/doi/10.1002/anie.6545119?af=R,2026-08-19 08:35:04 UTC,Wiley: Angewandte Chemie International Edition: Table of Contents,2026-08-19 08:35:04+00:00
Rhenium‐Based β‐Galactosidase Probe Allows Senescence Profiling by Mass Cytometry,https://onlinelibrary.wiley.com/doi/10.1002/anie.5043520?af=R,2026-08-19 08:35:17 UTC,Wiley: Angewandte Chemie International Edition: Table of Contents,2026-08-19 08:35:17+00:00
Visualizing Labor Division in Oxygen Electrocatalysis: Fully Exposed Ni Clusters Enabling Dual‐Site Catalysis via Asymmetric Atomic Bridging,https://onlinelibrary.wiley.com/doi/10.1002/anie.8680687?af=R,2026-08-19 08:36:37 UTC,Wiley: Angewandte Chemie International Edition: Table of Contents,2026-08-19 08:36:37+00:00
Enapter starts AEM stack production in Shenzhen,https://hydrogentechworld.com/enapter-starts-aem-stack-production-in-shenzhen,2026-08-19 08:39:25 UTC,Hydrogen Tech World.com,2026-08-19 08:39:25+00:00
"Ausgrid in Australia begins construction on 400 MWh BESS, scores approval for another 400 MWh",https://www.ess-news.com/2026/08/19/ausgrid-in-australia-begins-construction-on-400-mwh-bess-scores-approval-for-another-400-mwh/,2026-08-19 08:40:00 UTC,Latest news about ESS Projects & Applications | ESS News,2026-08-19 08:40:00+00:00
Iridium Artificial Metalloenzymes Enabled Photo‐Enzymatic Radical Indolone Synthesis,https://onlinelibrary.wiley.com/doi/10.1002/anie.5014162?af=R,2026-08-19 08:40:11 UTC,Wiley: Angewandte Chemie International Edition: Table of Contents,2026-08-19 08:40:11+00:00
All‐Sequence‐Defined Bottlebrush Polymers via the Passerini Iterative Exponential Growth (P‐IEG),https://onlinelibrary.wiley.com/doi/10.1002/anie.8297442?af=R,2026-08-19 08:41:35 UTC,Wiley: Angewandte Chemie International Edition: Table of Contents,2026-08-19 08:41:35+00:00
Implanted Zn2+‐Conducting Hydrogel Interphase Enables Highly Compacted Thick Iodine Electrodes for Ah‐Level Aqueous Zinc–Iodine Pouch Batteries,https://onlinelibrary.wiley.com/doi/10.1002/anie.6865881?af=R,2026-08-19 08:42:59 UTC,Wiley: Angewandte Chemie International Edition: Table of Contents,2026-08-19 08:42:59+00:00
Site‐Specific Molecular Spectroscopy Reveals Monomeric Cu Active Sites in SSZ‐13 Zeolite for Methane Oxidation and NOx Reduction,https://onlinelibrary.wiley.com/doi/10.1002/anie.8285953?af=R,2026-08-19 08:44:12 UTC,Wiley: Angewandte Chemie International Edition: Table of Contents,2026-08-19 08:44:12+00:00
Enhanced Photocatalytic Hydrogen Production Assisted by Seawater Ions,https://onlinelibrary.wiley.com/doi/10.1002/anie.3256076?af=R,2026-08-19 08:46:33 UTC,Wiley: Angewandte Chemie International Edition: Table of Contents,2026-08-19 08:46:33+00:00
Self‐Assembled Molecules Based on a Spiro‐Core and Conjugated Linkers Enable 21% Efficiency in Organic Solar Cells,https://onlinelibrary.wiley.com/doi/10.1002/anie.9288707?af=R,2026-08-19 08:47:35 UTC,Wiley: Angewandte Chemie International Edition: Table of Contents,2026-08-19 08:47:35+00:00
Orientation‐Engineered Interfacial Bi‐Anchoring Molecules for Efficient and Stable Perovskite Solar Cells,https://onlinelibrary.wiley.com/doi/10.1002/anie.2298813?af=R,2026-08-19 08:50:50 UTC,Wiley: Angewandte Chemie International Edition: Table of Contents,2026-08-19 08:50:50+00:00
Electrochemically Activated Highly Reversible Sulfate Conversion Enables High‐Voltage and Large‐Volumetric‐Capacity Zinc‐Based Anion–Cation Shuttle Battery,https://onlinelibrary.wiley.com/doi/10.1002/anie.3330483?af=R,2026-08-19 08:53:13 UTC,Wiley: Angewandte Chemie International Edition: Table of Contents,2026-08-19 08:53:13+00:00
Mimicking Enzymatic Proton Channeling Enables Near‐Unity Selective Ammonia Electrosynthesis Beyond Neutral Limits,https://onlinelibrary.wiley.com/doi/10.1002/anie.2808377?af=R,2026-08-19 09:02:58 UTC,Wiley: Angewandte Chemie International Edition: Table of Contents,2026-08-19 09:02:58+00:00
Light‐Driven Out‐of‐Equilibrium Helicity Control in a Diarylethene–Helicene Photosystem,https://onlinelibrary.wiley.com/doi/10.1002/anie.5252700?af=R,2026-08-19 09:03:12 UTC,Wiley: Angewandte Chemie International Edition: Table of Contents,2026-08-19 09:03:12+00:00
Interfacial Self‐Organization of Bottlebrush Amphiphiles Enables Stable Monodisperse Submicron Emulsion Droplets: Thermodynamic Insights,https://onlinelibrary.wiley.com/doi/10.1002/anie.1797442?af=R,2026-08-19 09:10:30 UTC,Wiley: Angewandte Chemie International Edition: Table of Contents,2026-08-19 09:10:30+00:00
Surface‐Assisted Cyclodehydrogenation and Annulative Dimerization on TiO2(110): Formation of an Azacoronene and Its Octagon‐Fused Dimer,https://onlinelibrary.wiley.com/doi/10.1002/anie.3729447?af=R,2026-08-19 09:10:35 UTC,Wiley: Angewandte Chemie International Edition: Table of Contents,2026-08-19 09:10:35+00:00
Tailoring Crystallization Modulators for the Facile Synthesis of One‐Dimensional Covalent Organic Frameworks to Boost Ultrasound‐Triggered Pyroptosis and Immunotherapy,https://onlinelibrary.wiley.com/doi/10.1002/anie.5056685?af=R,2026-08-19 09:14:08 UTC,Wiley: Angewandte Chemie International Edition: Table of Contents,2026-08-19 09:14:08+00:00
Reconstructing Zn2+ Storage Pathways Enables Ultrastable High‐Rate Zn‐Air Flow Batteries,https://advanced.onlinelibrary.wiley.com/doi/10.1002/adma.74713?af=R,2026-08-19 09:15:54 UTC,Wiley: Advanced Materials: Table of Contents,2026-08-19 09:15:54+00:00
Polycrystalline Li‐Rich Mn‐Based Cathodes for All Solid‐State Batteries,https://advanced.onlinelibrary.wiley.com/doi/10.1002/adma.74741?af=R,2026-08-19 09:17:55 UTC,Wiley: Advanced Materials: Table of Contents,2026-08-19 09:17:55+00:00
Accelerating H* Redistribution via Hydrogen Spillover for Enhanced Electrochemical Hydrogen Production From Formaldehyde,https://onlinelibrary.wiley.com/doi/10.1002/anie.5574811?af=R,2026-08-19 09:22:07 UTC,Wiley: Angewandte Chemie International Edition: Table of Contents,2026-08-19 09:22:07+00:00
Interfacial Water Activation via Reconstruction‐Induced Sites for pH‐Universal Electroreduction of CO2,https://onlinelibrary.wiley.com/doi/10.1002/anie.2221316?af=R,2026-08-19 09:23:45 UTC,Wiley: Angewandte Chemie International Edition: Table of Contents,2026-08-19 09:23:45+00:00
Single‐Cell Imaging of Site‐Specific RNA‐Protein Interactions,https://onlinelibrary.wiley.com/doi/10.1002/anie.2990236?af=R,2026-08-19 09:29:16 UTC,Wiley: Angewandte Chemie International Edition: Table of Contents,2026-08-19 09:29:16+00:00
Chloride Ions: Essential Agents for Achieving Spontaneous Delamination of MXene,https://advanced.onlinelibrary.wiley.com/doi/10.1002/adma.74422?af=R,2026-08-19 10:07:18 UTC,Wiley: Advanced Materials: Table of Contents,2026-08-19 10:07:18+00:00
Electropolymerized Aptasensor for Femtogram‐Level Cytokine Detection,https://advanced.onlinelibrary.wiley.com/doi/10.1002/adma.74691?af=R,2026-08-19 10:09:00 UTC,Wiley: Advanced Materials: Table of Contents,2026-08-19 10:09:00+00:00
Multidentate Anion [C6H6NO6]3− Coordinated Hybrid Bismuth Complex Single Crystal for Stable X‐Ray Detection With High Sensitivity,https://advanced.onlinelibrary.wiley.com/doi/10.1002/adma.74715?af=R,2026-08-19 10:17:55 UTC,Wiley: Advanced Materials: Table of Contents,2026-08-19 10:17:55+00:00
Correction to “Enhancing Radiofrequency Ablation for Hepatocellular Carcinoma: Nano‐Epidrug Effects on Immune Modulation and Antigenicity Restoration”,https://advanced.onlinelibrary.wiley.com/doi/10.1002/adma.74696?af=R,2026-08-19 10:19:41 UTC,Wiley: Advanced Materials: Table of Contents,2026-08-19 10:19:41+00:00
Decoupling Thermodynamic and Kinetic Moisture Instability Reveals a Critical Humidity Threshold for Sodium Thiophosphate Solid Electrolyte,https://advanced.onlinelibrary.wiley.com/doi/10.1002/aenm.71467?af=R,2026-08-19 10:22:20 UTC,Wiley: Advanced Energy Materials: Table of Contents,2026-08-19 10:22:20+00:00
Graded Supramolecular Frameworks for Extending Space‐Charge Modulation Regions and Boosting Carrier Dynamics in Perovskite Solar Cells,https://advanced.onlinelibrary.wiley.com/doi/10.1002/adma.74489?af=R,2026-08-19 10:24:16 UTC,Wiley: Advanced Materials: Table of Contents,2026-08-19 10:24:16+00:00
Cu@Cr2O3 Noble‐Metal‐Free Hydrogen‐Evolving Cocatalyst on Al‐Doped SrTiO3 for Photocatalytic Overall Water Splitting,https://advanced.onlinelibrary.wiley.com/doi/10.1002/aenm.71440?af=R,2026-08-19 10:25:44 UTC,Wiley: Advanced Energy Materials: Table of Contents,2026-08-19 10:25:44+00:00
"A Practical, Technology‐Agnostic Framework For Shockley–Queisser Benchmarking of Solar Cells: Robust Bandgap Definitions and Loss Decomposition From EQE, Electroluminescence, and J–V Data",https://advanced.onlinelibrary.wiley.com/doi/10.1002/aenm.71465?af=R,2026-08-19 10:29:45 UTC,Wiley: Advanced Energy Materials: Table of Contents,2026-08-19 10:29:45+00:00
Electric Double Layer Engineering Induces O‐Down Interfacial Water Reorientation for Efficient and Long‐Term Seawater Electrolysis,https://advanced.onlinelibrary.wiley.com/doi/10.1002/aenm.71429?af=R,2026-08-19 10:31:01 UTC,Wiley: Advanced Energy Materials: Table of Contents,2026-08-19 10:31:01+00:00
Suppressing Non‐Radiative Recombination in Perovskite Solar Cells Through Integrated Tuning of Out‐of‐Plane Lattice Texture and Strain,https://advanced.onlinelibrary.wiley.com/doi/10.1002/aenm.71474?af=R,2026-08-19 10:32:59 UTC,Wiley: Advanced Energy Materials: Table of Contents,2026-08-19 10:32:59+00:00
Regulating Interfacial Electron Density of Carbon for Stable and High‐Performance Batteries,https://advanced.onlinelibrary.wiley.com/doi/10.1002/aenm.71466?af=R,2026-08-19 10:41:11 UTC,Wiley: Advanced Energy Materials: Table of Contents,2026-08-19 10:41:11+00:00
Geometrically Asymmetric Phosphonium Zwitterions Enable Efficient Printable Mesoscopic Perovskite Solar Cells,https://advanced.onlinelibrary.wiley.com/doi/10.1002/adma.74629?af=R,2026-08-19 10:41:41 UTC,Wiley: Advanced Materials: Table of Contents,2026-08-19 10:41:41+00:00
Stable and Low‐Pressure Anode‐Free All‐Solid‐State Li–S Batteries Enabled by Reaction‐Derived Nanocrystalline‐Amorphous Li2S Cathodes and Deformable Sodium Current Collectors,https://advanced.onlinelibrary.wiley.com/doi/10.1002/aenm.71471?af=R,2026-08-19 10:43:30 UTC,Wiley: Advanced Energy Materials: Table of Contents,2026-08-19 10:43:30+00:00
Entropy‐Mediated Nonporous Polymer Separator Unlocks Ultra‐Wide Temperature Range (−70°C to 150°C) Lithium Metal Batteries,https://advanced.onlinelibrary.wiley.com/doi/10.1002/aenm.71480?af=R,2026-08-19 10:44:32 UTC,Wiley: Advanced Energy Materials: Table of Contents,2026-08-19 10:44:32+00:00
Suppressing Carbon Losses to 5% in Alkaline CO2 Electrocatalysis Using Gold‐Decorated CuO Nanoneedle Catalysts With Modified Microenvironment,https://advanced.onlinelibrary.wiley.com/doi/10.1002/aenm.71405?af=R,2026-08-19 10:50:13 UTC,Wiley: Advanced Energy Materials: Table of Contents,2026-08-19 10:50:13+00:00
In Situ Reconstruction of a Highly Integrated Cu/Cu2O/MoO2 Dual Heterojunctions for High‐Performance CO2 Photothermal Catalysis,https://advanced.onlinelibrary.wiley.com/doi/10.1002/adma.74707?af=R,2026-08-19 10:53:26 UTC,Wiley: Advanced Materials: Table of Contents,2026-08-19 10:53:26+00:00
Toward In Vivo Energy Harvesters: High Piezoelectric Response in a Pharmaceutical Drug Polymorph Enabled by Monopolar Domain Architecture,https://advanced.onlinelibrary.wiley.com/doi/10.1002/aenm.71458?af=R,2026-08-19 10:56:03 UTC,Wiley: Advanced Energy Materials: Table of Contents,2026-08-19 10:56:03+00:00
"Membrane‐Bound Multimodal Plasmonic Transducers for Noninvasive, In Situ Monitoring and Control of CAR T Cells Against Heterogeneous Solid Tumors",https://advanced.onlinelibrary.wiley.com/doi/10.1002/adma.74686?af=R,2026-08-19 10:56:55 UTC,Wiley: Advanced Materials: Table of Contents,2026-08-19 10:56:55+00:00
LG Energy Solution launches battery production in Lansing,https://www.electrive.com/2026/08/19/lg-energy-solution-launches-battery-production-in-lansing/,2026-08-19 11:00:00 UTC,Battery – electrive.com,2026-08-19 11:00:00+00:00
Fastest known star could reveal the spin of our galaxy’s giant black hole,https://www.science.org/content/article/fastest-known-star-could-reveal-spin-our-galaxy-s-giant-black-hole,2026-08-19 11:00:00 UTC,Latest News from Science Magazine,2026-08-19 11:00:00+00:00
Energy‐Efficient Spin Hall Nano‐Oscillators Using Near‐Compensated CoGd Ferrimagnets,https://advanced.onlinelibrary.wiley.com/doi/10.1002/adma.74677?af=R,2026-08-19 11:18:23 UTC,Wiley: Advanced Materials: Table of Contents,2026-08-19 11:18:23+00:00
Synergistic Regulation of Crystallization Kinetics and Thermodynamics by Liquid Crystal Engineering Enables Efficient and Stable Organic Solar Cells,https://advanced.onlinelibrary.wiley.com/doi/10.1002/adma.74697?af=R,2026-08-19 11:20:38 UTC,Wiley: Advanced Materials: Table of Contents,2026-08-19 11:20:38+00:00
Polyphenol‐Inspired Materials for Agricultural Applications,https://advanced.onlinelibrary.wiley.com/doi/10.1002/adma.74575?af=R,2026-08-19 11:21:57 UTC,Wiley: Advanced Materials: Table of Contents,2026-08-19 11:21:57+00:00
Machine Learning‐Based Screening of Optimal miRNA Targets Enabled by a Cytosolic Delivery Carrier for Augmenting Cancer Therapy,https://advanced.onlinelibrary.wiley.com/doi/10.1002/adma.202521283?af=R,2026-08-19 11:28:11 UTC,Wiley: Advanced Materials: Table of Contents,2026-08-19 11:28:11+00:00
Unilateral‐Cyano‐Functionalized Asymmetric Ether‐Based Electrolytes Enable Stable High‐Voltage Lithium Metal Batteries,https://advanced.onlinelibrary.wiley.com/doi/10.1002/adma.74706?af=R,2026-08-19 11:28:17 UTC,Wiley: Advanced Materials: Table of Contents,2026-08-19 11:28:17+00:00
Czechia’s largest BESS goes online,https://www.ess-news.com/2026/08/19/czechias-largest-bess-goes-online/,2026-08-19 11:30:00 UTC,Latest news about ESS Projects & Applications | ESS News,2026-08-19 11:30:00+00:00
Former Fauci adviser pleads guilty to hiding COVID-19 communications,https://www.science.org/content/article/former-fauci-adviser-pleads-guilty-hiding-covid-19-communications,2026-08-19 11:30:00 UTC,Latest News from Science Magazine,2026-08-19 11:30:00+00:00
Host–Guest Charge‐Transfer Co‐Crystals With Record‐High Photothermal Conversion Efficiency for Solar‐Driven Interfacial Water Evaporation,https://advanced.onlinelibrary.wiley.com/doi/10.1002/adma.74733?af=R,2026-08-19 11:50:16 UTC,Wiley: Advanced Materials: Table of Contents,2026-08-19 11:50:16+00:00
ROS‐Scavenging Single‐Component Polymeric Nanocarriers for Precision siRNA Delivery in Pulmonary Fibrosis Therapy,https://advanced.onlinelibrary.wiley.com/doi/10.1002/adma.74615?af=R,2026-08-19 11:59:52 UTC,Wiley: Advanced Materials: Table of Contents,2026-08-19 11:59:52+00:00
A Fully Integrated Wearable Sensor for Real Time Monitoring of Multiple Sweat Liver Disease Biomarkers,https://advanced.onlinelibrary.wiley.com/doi/10.1002/adma.74688?af=R,2026-08-19 12:04:50 UTC,Wiley: Advanced Materials: Table of Contents,2026-08-19 12:04:50+00:00
Surface‐Engineered Ti3C2Tx MXene/Cu2O Photocathodes for Highly Selective Photoelectrocatalytic CO2 Reduction to Ethanol,https://advanced.onlinelibrary.wiley.com/doi/10.1002/aenm.71469?af=R,2026-08-19 12:09:42 UTC,Wiley: Advanced Energy Materials: Table of Contents,2026-08-19 12:09:42+00:00
‘Brain-eating amoeba’ appears to love crawling into narrow spaces,https://www.science.org/content/article/brain-eating-amoeba-appears-love-crawling-narrow-spaces,2026-08-19 12:10:00 UTC,Latest News from Science Magazine,2026-08-19 12:10:00+00:00
CapMan And FSC I&P Partner To Improve Measurement Of Forest Biodiversity Outcomes,https://carbonherald.com/capman-and-fsc-ip-partner-to-improve-measurement-of-forest-biodiversity-outcomes/?utm_source=rss&utm_medium=rss&utm_campaign=capman-and-fsc-ip-partner-to-improve-measurement-of-forest-biodiversity-outcomes,2026-08-19 12:43:12 UTC,Carbon Herald,2026-08-19 12:43:12+00:00
Swelling‐Resistant Functionalized 1T′‐MoS2 Membranes for Crossover‐Free Organic Electrosynthesis,https://advanced.onlinelibrary.wiley.com/doi/10.1002/adma.74735?af=R,2026-08-19 12:45:08 UTC,Wiley: Advanced Materials: Table of Contents,2026-08-19 12:45:08+00:00
Nonporous Metal–Organic Framework Enables Record‑High Uranium Extraction and Complete Diglyme Degradation,https://advanced.onlinelibrary.wiley.com/doi/10.1002/adma.74708?af=R,2026-08-19 12:49:34 UTC,Wiley: Advanced Materials: Table of Contents,2026-08-19 12:49:34+00:00
Phase‐Engineered 1T/2H‐WS2 Heterostructures in Hybrid Carbon Networks for High‐Rate and Durable Sodium‐Ion Storage,https://advanced.onlinelibrary.wiley.com/doi/10.1002/aenm.71453?af=R,2026-08-19 13:09:30 UTC,Wiley: Advanced Energy Materials: Table of Contents,2026-08-19 13:09:30+00:00
"Germany’s Bayernwerk changes grid connection criteria for BESS, and consumers",https://www.ess-news.com/2026/08/19/germanys-bayernwerk-changes-grid-connection-criteria-for-bess-and-consumers/,2026-08-19 13:15:00 UTC,Latest news about ESS Projects & Applications | ESS News,2026-08-19 13:15:00+00:00
Sunfire breaks ground on SOEC test facility at Industrial Park Lausitz,https://hydrogentechworld.com/sunfire-breaks-ground-on-soec-test-facility-at-industrial-park-lausitz,2026-08-19 13:30:27 UTC,Hydrogen Tech World.com,2026-08-19 13:30:27+00:00
Blocked BESS in Britain: Clearstone’s appeal fails for 150 MW site at Axminster [UPDATED],https://www.ess-news.com/2026/08/19/blocked-bess-in-britain-clearstones-appeal-fails-for-150-mw-site-at-axminster/,2026-08-19 13:35:00 UTC,Latest news about ESS Projects & Applications | ESS News,2026-08-19 13:35:00+00:00
A Full‐Spectrum‐Responsive MOF‐on‐MOF Heterojunction Photocatalyst for Concurrent Nitrate Reduction and Biomass Oxidation,https://onlinelibrary.wiley.com/doi/10.1002/anie.8582451?af=R,2026-08-19 13:52:50 UTC,Wiley: Angewandte Chemie International Edition: Table of Contents,2026-08-19 13:52:50+00:00
Unlocking Long‐Range Exciton Diffusion via Hydrogen‐Bonded‐to‐Covalent Organic Framework Transformation for Photocatalytic H2O2 Synthesis,https://onlinelibrary.wiley.com/doi/10.1002/anie.4371883?af=R,2026-08-19 13:53:42 UTC,Wiley: Angewandte Chemie International Edition: Table of Contents,2026-08-19 13:53:42+00:00
Atomic‐Level Strain‐Engineered Piezoelectric Nanosheets for cGAS‐STING Activation,https://onlinelibrary.wiley.com/doi/10.1002/anie.5643285?af=R,2026-08-19 13:56:16 UTC,Wiley: Angewandte Chemie International Edition: Table of Contents,2026-08-19 13:56:16+00:00
Electro‐Oxidation of Glycerol to Formate at Near‐Zero Potential Driven by Cathodic Oxygen Reduction‐Generated *OH,https://onlinelibrary.wiley.com/doi/10.1002/anie.3107244?af=R,2026-08-19 13:58:40 UTC,Wiley: Angewandte Chemie International Edition: Table of Contents,2026-08-19 13:58:40+00:00
A Tri‐Spiral‐Mediated Spatial Hybrid LRCT/SRCT Strategy for High‐Efficiency Narrowband Blue Emitters,https://onlinelibrary.wiley.com/doi/10.1002/anie.3174728?af=R,2026-08-19 14:00:38 UTC,Wiley: Angewandte Chemie International Edition: Table of Contents,2026-08-19 14:00:38+00:00
Transient Interfacial Electron Transfer: The Hidden Kinetic Driver of Graphite Lithiation,https://onlinelibrary.wiley.com/doi/10.1002/anie.5840654?af=R,2026-08-19 14:02:31 UTC,Wiley: Angewandte Chemie International Edition: Table of Contents,2026-08-19 14:02:31+00:00
Facile C≡O Triple Bond Cleavage of Carbon Monoxide by a Mononuclear Uranium Borohydride Complex,https://onlinelibrary.wiley.com/doi/10.1002/anie.1233737?af=R,2026-08-19 14:03:16 UTC,Wiley: Angewandte Chemie International Edition: Table of Contents,2026-08-19 14:03:16+00:00
Excitation‐Wavelength‐Controlled Spin Injection in Core–Shell Chiral Perovskite Nanocrystals for Amplified Circularly Polarized Luminescence,https://onlinelibrary.wiley.com/doi/10.1002/anie.3461860?af=R,2026-08-19 14:04:38 UTC,Wiley: Angewandte Chemie International Edition: Table of Contents,2026-08-19 14:04:38+00:00
Outside Back Cover: Ligand‐Mediated Reprogramming Redirects Liver‐Tropic Ionizable Lipid Nanoparticles for Lung‐Selective mRNA Delivery,https://onlinelibrary.wiley.com/doi/10.1002/anie.2026-m0808105700?af=R,2026-08-19 14:05:32 UTC,Wiley: Angewandte Chemie International Edition: Table of Contents,2026-08-19 14:05:32+00:00
High‐Entropy Rare‐Earth Halide Double Perovskites Convert Compositional Disorder Into Ion‐Transport‐Stabilized Broadband Near‐Infrared Emission for LEDs,https://onlinelibrary.wiley.com/doi/10.1002/anie.9927134?af=R,2026-08-19 14:07:11 UTC,Wiley: Angewandte Chemie International Edition: Table of Contents,2026-08-19 14:07:11+00:00
Operando Identification of Ni dz2 Orbital Descriptor Governing Urea Oxidation Electrocatalysis,https://onlinelibrary.wiley.com/doi/10.1002/anie.4712106?af=R,2026-08-19 14:08:01 UTC,Wiley: Angewandte Chemie International Edition: Table of Contents,2026-08-19 14:08:01+00:00
Remote Control Over Covalent Assemblies With Photoswitch‐Modulated Dynamic C–N Bonds,https://onlinelibrary.wiley.com/doi/10.1002/anie.2812801?af=R,2026-08-19 14:09:55 UTC,Wiley: Angewandte Chemie International Edition: Table of Contents,2026-08-19 14:09:55+00:00
Chiral Supramolecular Templating Enables Tunable Second‐Harmonic Generation in Hybrid Zinc Thiocyanates,https://onlinelibrary.wiley.com/doi/10.1002/anie.2118217?af=R,2026-08-19 14:11:42 UTC,Wiley: Angewandte Chemie International Edition: Table of Contents,2026-08-19 14:11:42+00:00
Regioselective Acylation for the Versatile Synthesis of Carbonyl‑Functionalized Boron‐Based Multiple Resonance Emitters,https://onlinelibrary.wiley.com/doi/10.1002/anie.2809640?af=R,2026-08-19 14:13:51 UTC,Wiley: Angewandte Chemie International Edition: Table of Contents,2026-08-19 14:13:51+00:00
Atomically Ordered Pd‐Zn Pair Sites Enable Electrochemistry‐Assisted Dual Semi‐Hydrogenation of Alkynols,https://onlinelibrary.wiley.com/doi/10.1002/anie.9591876?af=R,2026-08-19 14:14:00 UTC,Wiley: Angewandte Chemie International Edition: Table of Contents,2026-08-19 14:14:00+00:00
RuCo Nanoalloy Catalysts Obtained From In‐Situ Reconstruction of High‐Entropy Oxides for Green Ammonia Synthesis,https://onlinelibrary.wiley.com/doi/10.1002/anie.9715444?af=R,2026-08-19 14:14:54 UTC,Wiley: Angewandte Chemie International Edition: Table of Contents,2026-08-19 14:14:54+00:00
Solvation Reconfiguration Enables Two‐Electron Iodine Chemistry Through Chloride Activation for High‐Energy Zn–Iodine Flow Batteries,https://onlinelibrary.wiley.com/doi/10.1002/anie.4798889?af=R,2026-08-19 14:17:04 UTC,Wiley: Angewandte Chemie International Edition: Table of Contents,2026-08-19 14:17:04+00:00
A Narrow‐Bandgap Fused‐Ring Acceptor for Organic Short‐Wavelength Infrared Imager,https://onlinelibrary.wiley.com/doi/10.1002/anie.8903659?af=R,2026-08-19 14:18:49 UTC,Wiley: Angewandte Chemie International Edition: Table of Contents,2026-08-19 14:18:49+00:00
Resolving Spectral Complexity in 4D Lipidomics Using a Two‐Dimensional Deconvolution Framework,https://onlinelibrary.wiley.com/doi/10.1002/anie.6117030?af=R,2026-08-19 14:19:59 UTC,Wiley: Angewandte Chemie International Edition: Table of Contents,2026-08-19 14:19:59+00:00
Zn─F Diatomic Sites Promote Electrochemical C─N Coupling for the Synthesis of Amino Acids,https://onlinelibrary.wiley.com/doi/10.1002/anie.1293701?af=R,2026-08-19 14:23:42 UTC,Wiley: Angewandte Chemie International Edition: Table of Contents,2026-08-19 14:23:42+00:00
Intrinsically Inhibiting Singlet Quenching of Organic Sensitizers for Enhanced CO2 Photoreduction,https://onlinelibrary.wiley.com/doi/10.1002/anie.9417743?af=R,2026-08-19 14:23:48 UTC,Wiley: Angewandte Chemie International Edition: Table of Contents,2026-08-19 14:23:48+00:00
Selective Adsorption of o‐Xylene From all C8 Aromatics via Secondary Connectivity Manipulation in B←N Frameworks,https://onlinelibrary.wiley.com/doi/10.1002/anie.1406923?af=R,2026-08-19 14:24:44 UTC,Wiley: Angewandte Chemie International Edition: Table of Contents,2026-08-19 14:24:44+00:00
Activating Triplet Excitons in COFs via Layer‐Bridging Co Single Atoms for Photocatalytic H2O2 Production and Tandem C─N Coupling,https://onlinelibrary.wiley.com/doi/10.1002/anie.1580812?af=R,2026-08-19 14:28:08 UTC,Wiley: Angewandte Chemie International Edition: Table of Contents,2026-08-19 14:28:08+00:00
Biotin‐ and Chloroalkane‐Modified Nucleotides for Dual Display of Proteins on DNA Through Streptavidin and Halotag Binding,https://onlinelibrary.wiley.com/doi/10.1002/anie.6259985?af=R,2026-08-19 14:29:09 UTC,Wiley: Angewandte Chemie International Edition: Table of Contents,2026-08-19 14:29:09+00:00
Syzygy Plasmonics And IFC To Scale SAF Across Latin America,https://carbonherald.com/syzygy-plasmonics-and-ifc-to-scale-saf-across-latin-america/?utm_source=rss&utm_medium=rss&utm_campaign=syzygy-plasmonics-and-ifc-to-scale-saf-across-latin-america,2026-08-19 14:33:26 UTC,Carbon Herald,2026-08-19 14:33:26+00:00
'Incredible': SpaceX rocket spotted off Christmas Island coast,https://www.bbc.co.uk/news/videos/c4gw160q3v3o?at_medium=RSS&at_campaign=rss,2026-08-19 15:01:57 UTC,BBC News,2026-08-19 15:01:57+00:00
"Ultrathin, Tough Asymmetric MOF‐Based Separator Enabling Rapid Selective Ion Transport and Stable Aqueous Zn‐Ion Batteries",https://advanced.onlinelibrary.wiley.com/doi/10.1002/aenm.71218?af=R,2026-08-19 16:16:34 UTC,Wiley: Advanced Energy Materials: Table of Contents,2026-08-19 16:16:34+00:00
Barrier‐Free Cathode Contacts for High‐Efficiency Inverted Carbon‐Perovskite Solar Cells,https://advanced.onlinelibrary.wiley.com/doi/10.1002/aenm.71216?af=R,2026-08-19 16:16:34 UTC,Wiley: Advanced Energy Materials: Table of Contents,2026-08-19 16:16:34+00:00
Laser‐driven Plasma Synthesis of CeO2‐bridged Ni Nanoparticles for Efficient and Stable Photothermal CO2 Methanation,https://advanced.onlinelibrary.wiley.com/doi/10.1002/aenm.71221?af=R,2026-08-19 16:16:34 UTC,Wiley: Advanced Energy Materials: Table of Contents,2026-08-19 16:16:34+00:00
Fluorine‐Aligned Electrostatic Gatekeepers Regulating Polysulfide Migration for Stable Lithium–Sulfur Batteries,https://advanced.onlinelibrary.wiley.com/doi/10.1002/aenm.71086?af=R,2026-08-19 16:16:34 UTC,Wiley: Advanced Energy Materials: Table of Contents,2026-08-19 16:16:34+00:00
High‐Flux 2D Clay Nanofluidics for Substantial Osmotic Energy Harvesting,https://advanced.onlinelibrary.wiley.com/doi/10.1002/aenm.71217?af=R,2026-08-19 16:16:34 UTC,Wiley: Advanced Energy Materials: Table of Contents,2026-08-19 16:16:34+00:00
Chiral Molecular Configuration‐Mediated Crystallization of Perovskites for High‐Performance Solar Cells,https://advanced.onlinelibrary.wiley.com/doi/10.1002/aenm.71222?af=R,2026-08-19 16:16:34 UTC,Wiley: Advanced Energy Materials: Table of Contents,2026-08-19 16:16:34+00:00
Pushing Energy Density Limits: Anode‐Less Solid‐State Battery Integrated With Amorphous Lithium Vanadium Oxide Thin‐Film Cathode,https://advanced.onlinelibrary.wiley.com/doi/10.1002/aenm.71042?af=R,2026-08-19 16:16:34 UTC,Wiley: Advanced Energy Materials: Table of Contents,2026-08-19 16:16:34+00:00
Tailoring Key Intermediates via Au‐Co Dual Sites for Urea Electrosynthesis From Co‐Reduction of CO2 and Nitrate,https://advanced.onlinelibrary.wiley.com/doi/10.1002/aenm.71224?af=R,2026-08-19 16:16:34 UTC,Wiley: Advanced Energy Materials: Table of Contents,2026-08-19 16:16:34+00:00
Boosting Proton Conduction and Oxygen Reduction Kinetics via In Situ Reverse Atom Capture for Protonic Ceramic Fuel Cell Cathodes,https://advanced.onlinelibrary.wiley.com/doi/10.1002/aenm.71226?af=R,2026-08-19 16:16:34 UTC,Wiley: Advanced Energy Materials: Table of Contents,2026-08-19 16:16:34+00:00
Organic Cocrystal Interface Engineering for Stable Aqueous Zinc‐Ion Batteries,https://advanced.onlinelibrary.wiley.com/doi/10.1002/aenm.71229?af=R,2026-08-19 16:16:34 UTC,Wiley: Advanced Energy Materials: Table of Contents,2026-08-19 16:16:34+00:00
Matching d‐p Energy Levels Between High‐Entropy Alloy Catalysts and Chalcogen Cathodes for All‐Solid‐State Batteries,https://advanced.onlinelibrary.wiley.com/doi/10.1002/aenm.71232?af=R,2026-08-19 16:16:34 UTC,Wiley: Advanced Energy Materials: Table of Contents,2026-08-19 16:16:34+00:00
0.71% Lattice‐Mismatched Intergrowth Achieves 2000‐Cycle Stability in O3‐Type Na‐Layered Oxide Cathodes,https://advanced.onlinelibrary.wiley.com/doi/10.1002/aenm.71237?af=R,2026-08-19 16:16:34 UTC,Wiley: Advanced Energy Materials: Table of Contents,2026-08-19 16:16:34+00:00
Reciprocal Synergistic Evolution of Cu‐Co Sites Boosts Electrocatalytic Nitrate Reduction to Ammonia,https://advanced.onlinelibrary.wiley.com/doi/10.1002/aenm.71238?af=R,2026-08-19 16:16:34 UTC,Wiley: Advanced Energy Materials: Table of Contents,2026-08-19 16:16:34+00:00
Ordered Hydrogen Bond Network Regulates Synergistic H and OH Spillover to Promote Alkaline Hydrogen Evolution,https://advanced.onlinelibrary.wiley.com/doi/10.1002/aenm.71240?af=R,2026-08-19 16:16:34 UTC,Wiley: Advanced Energy Materials: Table of Contents,2026-08-19 16:16:34+00:00
Interface Engineering Triggered Electron Transfer Channels and Enhanced p–p Orbital Coupling: Boosting CO2 Electroreduction to Formate Over Heterostructured CuS@SnO2,https://advanced.onlinelibrary.wiley.com/doi/10.1002/aenm.71244?af=R,2026-08-19 16:16:34 UTC,Wiley: Advanced Energy Materials: Table of Contents,2026-08-19 16:16:34+00:00
Electrolyte Confinement Enables a Continuous Transition From Battery‐Like to Capacitor‐Like Na+ Storage via Solvent Co‐Intercalation,https://advanced.onlinelibrary.wiley.com/doi/10.1002/aenm.71245?af=R,2026-08-19 16:16:34 UTC,Wiley: Advanced Energy Materials: Table of Contents,2026-08-19 16:16:34+00:00
Boosting Oxygen Reduction via Nanotwinned High‐Entropy Aerogels With Deficient Pd Coordination and Multi‐d‐Orbital Hybridization for Zinc‐Air Battery Applications,https://advanced.onlinelibrary.wiley.com/doi/10.1002/aenm.71223?af=R,2026-08-19 16:16:34 UTC,Wiley: Advanced Energy Materials: Table of Contents,2026-08-19 16:16:34+00:00
Leveraging the Amorphous Nature of Sn–P Alloys for Improved Stability and Energy Density in Na‐Ion Batteries,https://advanced.onlinelibrary.wiley.com/doi/10.1002/aenm.71228?af=R,2026-08-19 16:16:34 UTC,Wiley: Advanced Energy Materials: Table of Contents,2026-08-19 16:16:34+00:00
Model‐Based Bayesian Optimization for Organic Photovoltaics: Combining Bayesian Optimization With Physical Domain Knowledge,https://advanced.onlinelibrary.wiley.com/doi/10.1002/aenm.71249?af=R,2026-08-19 16:16:34 UTC,Wiley: Advanced Energy Materials: Table of Contents,2026-08-19 16:16:34+00:00
Unlocking Concerted Proton‐Electron Transfer in Cobalt Oxyhydroxide for Industrial‐Current Biomass Upgrading and Integrated Hydrogen Production,https://advanced.onlinelibrary.wiley.com/doi/10.1002/aenm.71253?af=R,2026-08-19 16:16:34 UTC,Wiley: Advanced Energy Materials: Table of Contents,2026-08-19 16:16:34+00:00
Molecular Interfacial Regulators Enable Stable Sulfide Electrolytes for High‐Performance All‐Solid‐State Batteries,https://advanced.onlinelibrary.wiley.com/doi/10.1002/aenm.71258?af=R,2026-08-19 16:16:34 UTC,Wiley: Advanced Energy Materials: Table of Contents,2026-08-19 16:16:34+00:00
Pushing Energy Density Limits: Anode‐Less Solid‐State Battery Integrated With Amorphous Lithium Vanadium Oxide Thin‐Film Cathode (Adv. Energy Mater. 31/2026),https://advanced.onlinelibrary.wiley.com/doi/10.1002/aenm.71327?af=R,2026-08-19 16:16:34 UTC,Wiley: Advanced Energy Materials: Table of Contents,2026-08-19 16:16:34+00:00
Terminal Phenylation Suppresses Slow‐Drying‐Induced Over‐Aggregation for Efficient Green‐Solvent Printed Organic Solar Modules,https://advanced.onlinelibrary.wiley.com/doi/10.1002/aenm.71257?af=R,2026-08-19 16:16:34 UTC,Wiley: Advanced Energy Materials: Table of Contents,2026-08-19 16:16:34+00:00
"Anion‐Cation Co‐Tailored High‐Flash‐Point Phosphate‐based Electrolyte Enables High‐Voltage, Wide‐Temperature, Non‐Flammable Sodium Metal Batteries via an Inorganic‐Rich Solid Electrolyte Interphase",https://advanced.onlinelibrary.wiley.com/doi/10.1002/aenm.71255?af=R,2026-08-19 16:16:34 UTC,Wiley: Advanced Energy Materials: Table of Contents,2026-08-19 16:16:34+00:00
Surface Iridium Single‐Atom Engineering Enables a Highly Stable RuO2 Catalyst for Efficient Acidic Water Oxidation,https://advanced.onlinelibrary.wiley.com/doi/10.1002/aenm.71254?af=R,2026-08-19 16:16:34 UTC,Wiley: Advanced Energy Materials: Table of Contents,2026-08-19 16:16:34+00:00
"Polyrotaxane‐Based Polymer Electrolytes With Selective Na+ Channels for Stable, Long‐Cycling Sodium Metal Batteries",https://advanced.onlinelibrary.wiley.com/doi/10.1002/aenm.71251?af=R,2026-08-19 16:16:34 UTC,Wiley: Advanced Energy Materials: Table of Contents,2026-08-19 16:16:34+00:00
Fluorine‐Aligned Electrostatic Gatekeepers Regulating Polysulfide Migration for Stable Lithium–Sulfur Batteries (Adv. Energy Mater. 31/2026),https://advanced.onlinelibrary.wiley.com/doi/10.1002/aenm.71328?af=R,2026-08-19 16:16:34 UTC,Wiley: Advanced Energy Materials: Table of Contents,2026-08-19 16:16:34+00:00
Dynamic Dissolution‐Deposition of Stainless Steel Boosts Industrial‐Grade Overall Water Splitting,https://advanced.onlinelibrary.wiley.com/doi/10.1002/aenm.71250?af=R,2026-08-19 16:16:34 UTC,Wiley: Advanced Energy Materials: Table of Contents,2026-08-19 16:16:34+00:00
Abnormal Capacity Rise During Early Stage of Calendar and Cycling Aging for Li‐Ion Batteries: A Review,https://advanced.onlinelibrary.wiley.com/doi/10.1002/aenm.71268?af=R,2026-08-19 16:16:34 UTC,Wiley: Advanced Energy Materials: Table of Contents,2026-08-19 16:16:34+00:00
Toward Next Generation Lithium‐Ion Battery Recycling: From Metal Extraction to In Situ Cell Repair,https://advanced.onlinelibrary.wiley.com/doi/10.1002/aenm.71295?af=R,2026-08-19 16:16:34 UTC,Wiley: Advanced Energy Materials: Table of Contents,2026-08-19 16:16:34+00:00
Beyond Boundaries: Redox Mediators as Dynamic Charge Carriers and Catalytic Hubs for Efficient Sulfur Conversion in Solid‐State Lithium–Sulfur Batteries,https://advanced.onlinelibrary.wiley.com/doi/10.1002/aenm.71256?af=R,2026-08-19 16:16:34 UTC,Wiley: Advanced Energy Materials: Table of Contents,2026-08-19 16:16:34+00:00
Operando Full‐Field Strain Reconstruction Reveals Geometry‐Driven Kinetic Desynchronization in LiFePO4 Pouch Cells,https://advanced.onlinelibrary.wiley.com/doi/10.1002/aenm.71219?af=R,2026-08-19 16:16:34 UTC,Wiley: Advanced Energy Materials: Table of Contents,2026-08-19 16:16:34+00:00
Dehydrating A Borate Additive Unlocks Fast‐Charging Graphite,https://advanced.onlinelibrary.wiley.com/doi/10.1002/aenm.71230?af=R,2026-08-19 16:16:34 UTC,Wiley: Advanced Energy Materials: Table of Contents,2026-08-19 16:16:34+00:00
Cycling Performance of Sodium‐Metal Chloride Battery Cells and Modules Based on Iron and Zinc,https://advanced.onlinelibrary.wiley.com/doi/10.1002/aenm.71236?af=R,2026-08-19 16:16:34 UTC,Wiley: Advanced Energy Materials: Table of Contents,2026-08-19 16:16:34+00:00
Atomic‐Layer‐Deposited ZnF2 on Aluminum Enabling In Situ NaF/Na–Zn Interphase for Robust Anode‐Free Sodium Batteries,https://advanced.onlinelibrary.wiley.com/doi/10.1002/aenm.71248?af=R,2026-08-19 16:16:34 UTC,Wiley: Advanced Energy Materials: Table of Contents,2026-08-19 16:16:34+00:00
Surface Acidity Engineering: From Fundamental Insights to Universal Design Rules for Electrocatalytically and Electrically Active Oxides,https://advanced.onlinelibrary.wiley.com/doi/10.1002/aenm.71252?af=R,2026-08-19 16:16:34 UTC,Wiley: Advanced Energy Materials: Table of Contents,2026-08-19 16:16:34+00:00
New Greenly Platform Targets Expanding EU Product Traceability Rules,https://carbonherald.com/new-greenly-platform-targets-expanding-eu-product-traceability-rules/?utm_source=rss&utm_medium=rss&utm_campaign=new-greenly-platform-targets-expanding-eu-product-traceability-rules,2026-08-19 20:49:48 UTC,Carbon Herald,2026-08-19 20:49:48+00:00
A Tert‐Alkyl Terephthalate Derivative as a Universal Degradable Unit for Condensation Polymers,https://onlinelibrary.wiley.com/doi/10.1002/anie.4234620?af=R,2026-08-19 23:00:02 UTC,Wiley: Angewandte Chemie International Edition: Table of Contents,2026-08-19 23:00:02+00:00
Diversity of circular economies from Global South evidence,https://www.nature.com/articles/s41893-026-01901-z,2026-08-20 00:00:00 UTC,Nature Sustainability,2026-08-20 00:00:00+00:00
Dialkyl ether synthesis through heteroatom homolytic substitution,https://www.nature.com/articles/s41586-026-11043-z,2026-08-20 00:00:00 UTC,Nature,2026-08-20 00:00:00+00:00
Investors’ sneak peak: can this AI tool spot the science that will lead to patents?,https://www.nature.com/articles/d41586-026-02549-7,2026-08-20 00:00:00 UTC,Nature,2026-08-20 00:00:00+00:00
A minimal photoreactive metallocofactor for carbon–sulfur bond formation in small molecules and proteins,https://www.cell.com/chem/fulltext/S2451-9294(26)00271-8?rss=yes,2026-08-20 00:00:00 UTC,Chem,2026-08-20 00:00:00+00:00
Hidden volcanoes hint at Moon’s turbulent past,https://www.nature.com/articles/d41586-026-02555-9,2026-08-20 00:00:00 UTC,Nature,2026-08-20 00:00:00+00:00
"To shield the fetus, link a protein to these drugs",https://www.nature.com/articles/d41586-026-02553-x,2026-08-20 00:00:00 UTC,Nature,2026-08-20 00:00:00+00:00
Astronaut vest cuts radiation exposure in half,https://www.nature.com/articles/d41586-026-02556-8,2026-08-20 00:00:00 UTC,Nature,2026-08-20 00:00:00+00:00
These trees are making air quality in cities worse,https://www.nature.com/articles/d41586-026-02586-2,2026-08-20 00:00:00 UTC,Nature,2026-08-20 00:00:00+00:00
Exclusive: NSF set to issue lowest number of new grants in four decades,https://www.nature.com/articles/d41586-026-02574-6,2026-08-20 00:00:00 UTC,Nature,2026-08-20 00:00:00+00:00
Moderna cancer vaccine stops melanoma returning: what’s next for personalized treatments?,https://www.nature.com/articles/d41586-026-02612-3,2026-08-20 00:00:00 UTC,Nature,2026-08-20 00:00:00+00:00
Staggering 90% of biomedical papers now show signs of AI help,https://www.nature.com/articles/d41586-026-02551-z,2026-08-20 00:00:00 UTC,Nature,2026-08-20 00:00:00+00:00
"Researcher, heal thyself: meet the scientists studying their own diseases",https://www.nature.com/articles/d41586-026-02455-y,2026-08-20 00:00:00 UTC,Nature,2026-08-20 00:00:00+00:00
A hierarchical fibre to trap and sense microplastics,https://www.nature.com/articles/s41578-026-00956-w,2026-08-20 00:00:00 UTC,Nature Reviews Materials,2026-08-20 00:00:00+00:00
Engineered coacervates as emerging liquid biomaterials,https://www.nature.com/articles/s41578-026-00950-2,2026-08-20 00:00:00 UTC,Nature Reviews Materials,2026-08-20 00:00:00+00:00
"Climate–Health Warning Systems: Towards Multi-dimensionality, Precision, and Synergy",https://academic.oup.com/nsr/advance-article/doi/10.1093/nsr/nwag514/8766988?rss=1,2026-08-20 00:00:00 UTC,National Science Review Advance Access,2026-08-20 00:00:00+00:00
Permafrost thaw has enlarged the burned area proportion from naturally-ignited wildfires in arctic-boreal regions,https://academic.oup.com/nsr/advance-article/doi/10.1093/nsr/nwag515/8766991?rss=1,2026-08-20 00:00:00 UTC,National Science Review Advance Access,2026-08-20 00:00:00+00:00
When pathways trump orbitals in electrolyte design,https://www.nature.com/articles/s41557-026-02239-x,2026-08-20 00:00:00 UTC,Nature Chemistry,2026-08-20 00:00:00+00:00
Publisher Correction: How webby is the wood-wide web?,https://www.nature.com/articles/s41557-026-02250-2,2026-08-20 00:00:00 UTC,Nature Chemistry,2026-08-20 00:00:00+00:00
Understanding and suppressing gas evolution in lithium metal batteries with ether-based electrolytes,https://www.nature.com/articles/s41557-026-02219-1,2026-08-20 00:00:00 UTC,Nature Chemistry,2026-08-20 00:00:00+00:00
Scalable dual-step deposition of cascaded nickel oxide enables high-efficiency inverted perovskite solar cells and mini-modules,https://www.cell.com/joule/fulltext/S2542-4351(26)00319-3?rss=yes,2026-08-20 00:00:00 UTC,Joule,2026-08-20 00:00:00+00:00
Molecular charge-topology electrolytes enable >630 Wh kg−1 lithium-metal batteries,https://www.cell.com/joule/fulltext/S2542-4351(26)00318-1?rss=yes,2026-08-20 00:00:00 UTC,Joule,2026-08-20 00:00:00+00:00
AI chatbots are becoming experts at changing people's minds. What's their secret?,https://www.science.org/content/article/ai-chatbots-are-becoming-experts-changing-people-s-minds-what-s-their-secret,2026-08-20 02:00:00 UTC,Latest News from Science Magazine,2026-08-20 02:00:00+00:00
Giant whales move into Greenland waters as ice disappears,https://www.bbc.co.uk/news/articles/cq6dn9gj7eno?at_medium=RSS&at_campaign=rss,2026-08-20 02:05:20 UTC,BBC News,2026-08-20 02:05:20+00:00
Construction of Unsymmetrical B─B Bond via Carboranyl Radical,https://onlinelibrary.wiley.com/doi/10.1002/anie.5737313?af=R,2026-08-20 04:19:30 UTC,Wiley: Angewandte Chemie International Edition: Table of Contents,2026-08-20 04:19:30+00:00
"For investigators in NIH’s autism initiative, funding comes with a ‘big spotlight’",https://www.science.org/content/article/investigators-nih-s-autism-initiative-funding-comes-big-spotlight,2026-08-20 04:32:35 UTC,Latest News from Science Magazine,2026-08-20 04:32:35+00:00
Zoo boss calls pipeline plan on site 'unacceptable',https://www.bbc.co.uk/news/articles/c0rdl5zg208o?at_medium=RSS&at_campaign=rss,2026-08-20 05:21:20 UTC,BBC News,2026-08-20 05:21:20+00:00
Technology is not a replacement for democracy,https://www.science.org/doi/abs/10.1126/science.aej1046?af=R,2026-08-20 06:00:12 UTC,AAAS: Science: Table of Contents,2026-08-20 06:00:12+00:00
In Science Journals,https://www.science.org/doi/abs/10.1126/science.ael5804?af=R,2026-08-20 06:00:12 UTC,AAAS: Science: Table of Contents,2026-08-20 06:00:12+00:00
A Brussels Effect for battery sustainability,https://www.science.org/doi/abs/10.1126/science.aed8133?af=R,2026-08-20 06:00:12 UTC,AAAS: Science: Table of Contents,2026-08-20 06:00:12+00:00
Learning to love the machine,https://www.science.org/doi/abs/10.1126/science.aek5943?af=R,2026-08-20 06:00:12 UTC,AAAS: Science: Table of Contents,2026-08-20 06:00:12+00:00
The lab that learns,https://www.science.org/doi/abs/10.1126/science.aee2448?af=R,2026-08-20 06:00:12 UTC,AAAS: Science: Table of Contents,2026-08-20 06:00:12+00:00
Ultralong sheathed single-metal-atom chains synthesized under high pressure,https://www.science.org/doi/abs/10.1126/science.aeg0028?af=R,2026-08-20 06:00:12 UTC,AAAS: Science: Table of Contents,2026-08-20 06:00:12+00:00
Redirecting wet–interfacial redox pathways for efficient inverted perovskite solar cells,https://www.science.org/doi/abs/10.1126/science.aeg8415?af=R,2026-08-20 06:00:12 UTC,AAAS: Science: Table of Contents,2026-08-20 06:00:12+00:00
China’s solar expansion policy reduces bird diversity,https://www.science.org/doi/abs/10.1126/science.aee0747?af=R,2026-08-20 06:00:12 UTC,AAAS: Science: Table of Contents,2026-08-20 06:00:12+00:00
Laser Mössbauer spectroscopy of 229Th in CaF2,https://www.science.org/doi/abs/10.1126/science.aea7978?af=R,2026-08-20 06:00:12 UTC,AAAS: Science: Table of Contents,2026-08-20 06:00:12+00:00
In Other Journals,https://www.science.org/doi/abs/10.1126/science.ael5805?af=R,2026-08-20 06:00:12 UTC,AAAS: Science: Table of Contents,2026-08-20 06:00:12+00:00
Just say yes!,https://www.science.org/doi/abs/10.1126/science.ael5806?af=R,2026-08-20 06:00:12 UTC,AAAS: Science: Table of Contents,2026-08-20 06:00:12+00:00
Bonding carbons iteratively,https://www.science.org/doi/abs/10.1126/science.aeg5569?af=R,2026-08-20 06:00:12 UTC,AAAS: Science: Table of Contents,2026-08-20 06:00:12+00:00
Beyond carbon in renewable energy policy,https://www.science.org/doi/abs/10.1126/science.aek1460?af=R,2026-08-20 06:00:12 UTC,AAAS: Science: Table of Contents,2026-08-20 06:00:12+00:00
Touch and pain shape what brain imaging sees,https://www.science.org/doi/abs/10.1126/science.aek1809?af=R,2026-08-20 06:00:12 UTC,AAAS: Science: Table of Contents,2026-08-20 06:00:12+00:00
A serendipitous sunset on Mars,https://www.science.org/doi/abs/10.1126/science.aec4203?af=R,2026-08-20 06:00:12 UTC,AAAS: Science: Table of Contents,2026-08-20 06:00:12+00:00
Who checks what AI can do?,https://www.science.org/doi/abs/10.1126/science.ael2161?af=R,2026-08-20 06:00:12 UTC,AAAS: Science: Table of Contents,2026-08-20 06:00:12+00:00
Biodiversity monitoring misses behavior,https://www.science.org/doi/abs/10.1126/science.aej9284?af=R,2026-08-20 06:00:12 UTC,AAAS: Science: Table of Contents,2026-08-20 06:00:12+00:00
Justice Department calls three NSF diversity programs unconstitutional,https://www.science.org/doi/abs/10.1126/science.ael6245?af=R,2026-08-20 06:00:12 UTC,AAAS: Science: Table of Contents,2026-08-20 06:00:12+00:00
Scientists challenge unexpected finding of lymphatic vessels in bone,https://www.science.org/doi/abs/10.1126/science.ael6246?af=R,2026-08-20 06:00:12 UTC,AAAS: Science: Table of Contents,2026-08-20 06:00:12+00:00
Arson attack jolts Italy’s bid to host the Einstein Telescope,https://www.science.org/doi/abs/10.1126/science.ael6247?af=R,2026-08-20 06:00:12 UTC,AAAS: Science: Table of Contents,2026-08-20 06:00:12+00:00
China mission aims to probe the Moon’s hidden water,https://www.science.org/doi/abs/10.1126/science.ael6248?af=R,2026-08-20 06:00:12 UTC,AAAS: Science: Table of Contents,2026-08-20 06:00:12+00:00
Key animal and plant disease lab stalled by biosafety issues,https://www.science.org/doi/abs/10.1126/science.ael6250?af=R,2026-08-20 06:00:12 UTC,AAAS: Science: Table of Contents,2026-08-20 06:00:12+00:00
Powers of persuasion,https://www.science.org/doi/abs/10.1126/science.ael6251?af=R,2026-08-20 06:00:12 UTC,AAAS: Science: Table of Contents,2026-08-20 06:00:12+00:00
Hundreds of paper-mill papers peddled in ads were later published,https://www.science.org/doi/abs/10.1126/science.ael6249?af=R,2026-08-20 06:00:12 UTC,AAAS: Science: Table of Contents,2026-08-20 06:00:12+00:00
Dryland restoration needs shared evidence,https://www.science.org/doi/abs/10.1126/science.aek5595?af=R,2026-08-20 06:00:12 UTC,AAAS: Science: Table of Contents,2026-08-20 06:00:12+00:00
"A Fluorine‐Free, Low Ion Pair Electrolyte for Transition Metal‐Free and Halogen‐Free Sodium Batteries",https://advanced.onlinelibrary.wiley.com/doi/10.1002/aenm.71422?af=R,2026-08-20 06:04:17 UTC,Wiley: Advanced Energy Materials: Table of Contents,2026-08-20 06:04:17+00:00
Fluoride‐Driven Interfacial Engineering: Architecting Functional Layers for High‐Performance Dendrite‐Free Li Metal Batteries,https://advanced.onlinelibrary.wiley.com/doi/10.1002/aenm.71463?af=R,2026-08-20 06:05:46 UTC,Wiley: Advanced Energy Materials: Table of Contents,2026-08-20 06:05:46+00:00
Multi‐Selective Dominant Coordination in Multi‐Salt High‐Entropy Electrolytes Toward High‐Performance Silicon Anodes,https://advanced.onlinelibrary.wiley.com/doi/10.1002/aenm.71486?af=R,2026-08-20 06:06:57 UTC,Wiley: Advanced Energy Materials: Table of Contents,2026-08-20 06:06:57+00:00
Indoor NFA‐Organic Photovoltaic for Grid‐Free Water Electrolysis,https://advanced.onlinelibrary.wiley.com/doi/10.1002/aenm.71363?af=R,2026-08-20 06:35:48 UTC,Wiley: Advanced Energy Materials: Table of Contents,2026-08-20 06:35:48+00:00
Soft Yet Tough Tanglemers Through Rapid Photopolymerization for DLP 3D Printing,https://advanced.onlinelibrary.wiley.com/doi/10.1002/adma.74661?af=R,2026-08-20 06:39:40 UTC,Wiley: Advanced Materials: Table of Contents,2026-08-20 06:39:40+00:00
Defect‐Templated Phase Engineering in Atomically Thin Metals,https://advanced.onlinelibrary.wiley.com/doi/10.1002/adma.74689?af=R,2026-08-20 06:42:16 UTC,Wiley: Advanced Materials: Table of Contents,2026-08-20 06:42:16+00:00
Nitrogen‐Directed Diamond Nanothreads for Ultrahigh‐Sensitivity Humidity Sensing and Noncontact Human‐Machine Interfaces,https://advanced.onlinelibrary.wiley.com/doi/10.1002/adma.74718?af=R,2026-08-20 06:44:32 UTC,Wiley: Advanced Materials: Table of Contents,2026-08-20 06:44:32+00:00
Interlayer Water Activation Supplemented Dual Oxygen Evolution Reaction Channels in Layered Double Hydroxides for Efficient Seawater Electrolysis,https://advanced.onlinelibrary.wiley.com/doi/10.1002/adma.74631?af=R,2026-08-20 06:44:35 UTC,Wiley: Advanced Materials: Table of Contents,2026-08-20 06:44:35+00:00
Beyond Nanoporosity: A CO2‐Conditioned Glassy Matrix Contributes to the Brittle‐to‐Ductile Transition of Nanocellular Polyetherimide,https://advanced.onlinelibrary.wiley.com/doi/10.1002/adma.74680?af=R,2026-08-20 06:53:19 UTC,Wiley: Advanced Materials: Table of Contents,2026-08-20 06:53:19+00:00
EDF power solutions secures PPAs with NV Energy for 400 MW solar-plus-storage project,https://www.ess-news.com/2026/08/20/edf-power-solutions-secures-ppas-with-nv-energy-for-400-mw-solar-plus-storage-project/,2026-08-20 06:55:00 UTC,Latest news about ESS Projects & Applications | ESS News,2026-08-20 06:55:00+00:00
Genomes of Poaceae relatives reveal key metabolic innovations preceding the evolution of grasses,https://www.science.org/doi/abs/10.1126/science.adv0443?af=R,2026-08-20 07:00:00 UTC,AAAS: Science: Table of Contents,2026-08-20 07:00:00+00:00
TGW1a locus simultaneously shortens growth duration and boosts grain yield in rice,https://www.science.org/doi/abs/10.1126/science.ady1619?af=R,2026-08-20 07:00:00 UTC,AAAS: Science: Table of Contents,2026-08-20 07:00:00+00:00
Tracing the origins of de novo coronary collateral formation in cardiac repair,https://www.science.org/doi/abs/10.1126/science.ady3027?af=R,2026-08-20 07:00:00 UTC,AAAS: Science: Table of Contents,2026-08-20 07:00:00+00:00
Regulatory divergence of homoeologs underlies network optimization for fiber improvement in domesticated cotton,https://www.pnas.org/doi/abs/10.1073/pnas.2523784123?mi=eymic2&af=R&access=on&content=articlesChapters&publication=pnas&sortBy=Earliest&target=default,2026-08-20 07:00:00 UTC,Proceedings of the National Academy of Sciences: Keyword search for query,2026-08-20 07:00:00+00:00
Modality-specific neurovascular coupling via layer-segregated arteriole networks,https://www.science.org/doi/abs/10.1126/science.aeb5077?af=R,2026-08-20 07:00:00 UTC,AAAS: Science: Table of Contents,2026-08-20 07:00:00+00:00
Virome-wide ubiquitin ligase discovery reveals diverse mechanisms of immune evasion,https://www.science.org/doi/abs/10.1126/science.aec6299?af=R,2026-08-20 07:00:00 UTC,AAAS: Science: Table of Contents,2026-08-20 07:00:00+00:00
Experiences and economic decision-making,https://www.science.org/doi/abs/10.1126/science.aej2368?af=R,2026-08-20 07:00:00 UTC,AAAS: Science: Table of Contents,2026-08-20 07:00:00+00:00
"Tmem117, an oligodendrocyte-enriched regulator of NCX activity, links myelin homeostasis to counterregulation and metabolic health",https://www.pnas.org/doi/abs/10.1073/pnas.2530122123?mi=eymic2&af=R&access=on&content=articlesChapters&publication=pnas&sortBy=Earliest&target=default,2026-08-20 07:00:00 UTC,Proceedings of the National Academy of Sciences: Keyword search for query,2026-08-20 07:00:00+00:00
Stochastic theory for pattern formation and front propagation in transitional pipe turbulence,https://www.pnas.org/doi/abs/10.1073/pnas.2537018123?mi=eymic2&af=R&access=on&content=articlesChapters&publication=pnas&sortBy=Earliest&target=default,2026-08-20 07:00:00 UTC,Proceedings of the National Academy of Sciences: Keyword search for query,2026-08-20 07:00:00+00:00
An insoluble de novo protein enables survival of Escherichia coli by sequestering a gene repressor,https://www.pnas.org/doi/abs/10.1073/pnas.2601204123?mi=eymic2&af=R&access=on&content=articlesChapters&publication=pnas&sortBy=Earliest&target=default,2026-08-20 07:00:00 UTC,Proceedings of the National Academy of Sciences: Keyword search for query,2026-08-20 07:00:00+00:00
RAD51 stabilizes neutrophil extracellular traps to compartmentalize inflammation,https://www.science.org/doi/abs/10.1126/science.aed9286?af=R,2026-08-20 07:00:00 UTC,AAAS: Science: Table of Contents,2026-08-20 07:00:00+00:00
What controls the superconducting dome of electron-doped FeSe?,https://www.pnas.org/doi/abs/10.1073/pnas.2608091123?mi=eymic2&af=R&access=on&content=articlesChapters&publication=pnas&sortBy=Earliest&target=default,2026-08-20 07:00:00 UTC,Proceedings of the National Academy of Sciences: Keyword search for query,2026-08-20 07:00:00+00:00
Structural basis of ligand recognition and gating in a heteromeric Deg-3/Des-2 nicotinic acetylcholine receptor,https://www.pnas.org/doi/abs/10.1073/pnas.2608998123?mi=eymic2&af=R&access=on&content=articlesChapters&publication=pnas&sortBy=Earliest&target=default,2026-08-20 07:00:00 UTC,Proceedings of the National Academy of Sciences: Keyword search for query,2026-08-20 07:00:00+00:00
The TaLYK5–TaDSK2a module serves as a molecular switch between plant growth and immunity during fungal attack,https://www.pnas.org/doi/abs/10.1073/pnas.2612340123?mi=eymic2&af=R&access=on&content=articlesChapters&publication=pnas&sortBy=Earliest&target=default,2026-08-20 07:00:00 UTC,Proceedings of the National Academy of Sciences: Keyword search for query,2026-08-20 07:00:00+00:00
Primary amine–functionalized radially amphiphilic polypeptides target bacterial phospholipids in polyanionic matrices for biofilm therapy,https://www.pnas.org/doi/abs/10.1073/pnas.2616934123?mi=eymic2&af=R&access=on&content=articlesChapters&publication=pnas&sortBy=Earliest&target=default,2026-08-20 07:00:00 UTC,Proceedings of the National Academy of Sciences: Keyword search for query,2026-08-20 07:00:00+00:00
A hypersensitive neuromorphic airflow sensor inspired by vision-compensatory scorpion mechanoreceptors for respiratory pattern analysis,https://www.pnas.org/doi/abs/10.1073/pnas.2617376123?mi=eymic2&af=R&access=on&content=articlesChapters&publication=pnas&sortBy=Earliest&target=default,2026-08-20 07:00:00 UTC,Proceedings of the National Academy of Sciences: Keyword search for query,2026-08-20 07:00:00+00:00
Autonomous biomedical research with an artificial intelligence agent,https://www.science.org/doi/abs/10.1126/science.adz4351?af=R,2026-08-20 07:00:00 UTC,AAAS: Science: Table of Contents,2026-08-20 07:00:00+00:00
Erratum for the Report “Senolysis by glutaminolysis inhibition ameliorates various age-associated disorders”,https://www.science.org/doi/abs/10.1126/science.aek6651?af=R,2026-08-20 07:00:00 UTC,AAAS: Science: Table of Contents,2026-08-20 07:00:00+00:00
RFP alert: Appalachian Power seeks 800 MW of battery storage in Virginia,https://www.ess-news.com/2026/08/20/rfp-alert-appalachian-power-seeks-800-mw-of-battery-storage-in-virginia/,2026-08-20 07:46:02 UTC,Latest news about ESS Projects & Applications | ESS News,2026-08-20 07:46:02+00:00
Gold Standard And Verra Launch Tool To Simplify Article 6.2 Carbon Reporting,https://carbonherald.com/gold-standard-and-verra-launch-tool-to-simplify-article-6-2-carbon-reporting/?utm_source=rss&utm_medium=rss&utm_campaign=gold-standard-and-verra-launch-tool-to-simplify-article-6-2-carbon-reporting,2026-08-20 08:50:58 UTC,Carbon Herald,2026-08-20 08:50:58+00:00
Waldevar Energy wins EPC contract for GEN-I Group’s 220 MWh BESS project in Romania,https://www.ess-news.com/2026/08/20/waldevar-energy-wins-epc-contract-for-gen-i-groups-220-mwh-bess-project-in-romania/,2026-08-20 08:59:38 UTC,Latest news about ESS Projects & Applications | ESS News,2026-08-20 08:59:38+00:00
Support networks aim to help kids through the polycrisis,https://www.technologyreview.com/2026/08/20/1141686/support-networks-help-kids-polycrisis/,2026-08-20 09:00:00 UTC,Climate change and energy – MIT Technology Review,2026-08-20 09:00:00+00:00
Study: Straw Is Key To Healthier Soil And Longer Carbon Storage,https://carbonherald.com/study-straw-is-key-to-healthier-soil-and-longer-carbon-storage/?utm_source=rss&utm_medium=rss&utm_campaign=study-straw-is-key-to-healthier-soil-and-longer-carbon-storage,2026-08-20 09:06:05 UTC,Carbon Herald,2026-08-20 09:06:05+00:00
Canadian Oil Sands Producers Target Late 2027 Decision On Pathways CCS Project,https://carbonherald.com/canadian-oil-sands-producers-target-late-2027-decision-on-pathways-ccs-project/?utm_source=rss&utm_medium=rss&utm_campaign=canadian-oil-sands-producers-target-late-2027-decision-on-pathways-ccs-project,2026-08-20 09:44:16 UTC,Carbon Herald,2026-08-20 09:44:16+00:00
The next big thing in hydrogen could be underground,https://www.technologyreview.com/2026/08/20/1142512/geologic-hydrogen-hunt/,2026-08-20 10:00:00 UTC,Climate change and energy – MIT Technology Review,2026-08-20 10:00:00+00:00
Geely to trial solid-state batteries from 2027,https://www.electrive.com/2026/08/20/geely-to-trial-solid-state-batteries-from-2027/,2026-08-20 10:00:00 UTC,Battery – electrive.com,2026-08-20 10:00:00+00:00
Vattenfall and Terralayr debut ‘first-of-its-kind’ 55 MW virtual BESS portfolio,https://www.ess-news.com/2026/08/20/vattenfall-and-terralayr-debut-first-of-its-kind-55-mw-virtual-bess-portfolio/,2026-08-20 10:05:57 UTC,Latest news about ESS Projects & Applications | ESS News,2026-08-20 10:05:57+00:00
NASA abandons orbit-boosting rescue mission for space observatory,https://www.science.org/content/article/nasa-abandons-orbit-boosting-rescue-mission-space-observatory,2026-08-20 10:38:53 UTC,Latest News from Science Magazine,2026-08-20 10:38:53+00:00
Scientific spat erupts over claim that bones have key immune vessels,https://www.science.org/content/article/scientific-spat-erupts-over-claim-bones-have-key-immune-vessels,2026-08-20 11:00:00 UTC,Latest News from Science Magazine,2026-08-20 11:00:00+00:00
Northern Ireland farm profits topped £1bn in 2025,https://www.bbc.co.uk/news/articles/c0l5ddjyl5xo?at_medium=RSS&at_campaign=rss,2026-08-20 11:25:04 UTC,BBC News,2026-08-20 11:25:04+00:00
BeZero Offers A Unique Look Inside Microsoft’s CDR Risk Ratings,https://carbonherald.com/bezero-offers-a-unique-look-inside-microsofts-cdr-risk-ratings/?utm_source=rss&utm_medium=rss&utm_campaign=bezero-offers-a-unique-look-inside-microsofts-cdr-risk-ratings,2026-08-20 11:30:40 UTC,Carbon Herald,2026-08-20 11:30:40+00:00
HEROSE launches high-pressure globe valve for GH₂ transport,https://hydrogentechworld.com/herose-launches-high-pressure-globe-valve-for-gh%e2%82%82-transport,2026-08-20 12:01:46 UTC,Hydrogen Tech World.com,2026-08-20 12:01:46+00:00
Footprints may reveal biggest known mammal from age of the dinosaurs,https://www.science.org/content/article/footprints-may-reveal-biggest-known-mammal-age-dinosaurs,2026-08-20 12:15:00 UTC,Latest News from Science Magazine,2026-08-20 12:15:00+00:00
BNEF report details heavy falls in battery revenue in Australia,https://www.ess-news.com/2026/08/20/bnef-report-details-heavy-falls-in-battery-revenue-in-australia/,2026-08-20 12:22:01 UTC,Latest news about ESS Projects & Applications | ESS News,2026-08-20 12:22:01+00:00
Mafix To Commercialize CO2-Removing Silicon Fertilizers With New $5.4M Funding,https://carbonherald.com/mafix-to-commercialize-co2-removing-silicon-fertilizers-with-new-5-4m-funding/?utm_source=rss&utm_medium=rss&utm_campaign=mafix-to-commercialize-co2-removing-silicon-fertilizers-with-new-5-4m-funding,2026-08-20 12:46:45 UTC,Carbon Herald,2026-08-20 12:46:45+00:00
Weak Carbon Pricing Halts Heidelberg $1.36B Edmonton Carbon Capture Facility,https://carbonherald.com/weak-carbon-pricing-halts-heidelberg-1-36b-edmonton-carbon-capture-facility/?utm_source=rss&utm_medium=rss&utm_campaign=weak-carbon-pricing-halts-heidelberg-1-36b-edmonton-carbon-capture-facility,2026-08-20 13:23:46 UTC,Carbon Herald,2026-08-20 13:23:46+00:00
Schaeffler and CATL to deepen battery management collaboration,https://www.electrive.com/2026/08/20/schaeffler-and-catl-to-deepen-battery-management-collaboration/,2026-08-20 14:00:00 UTC,Battery – electrive.com,2026-08-20 14:00:00+00:00
Bangladesh Issues First Clean Cooking Authorization Under Article 6 To ATEC,https://carbonherald.com/bangladesh-issues-first-clean-cooking-authorization-under-article-6-to-atec/?utm_source=rss&utm_medium=rss&utm_campaign=bangladesh-issues-first-clean-cooking-authorization-under-article-6-to-atec,2026-08-20 14:50:59 UTC,Carbon Herald,2026-08-20 14:50:59+00:00
Flash flooding risk as heavy rain hits UK,https://www.bbc.co.uk/news/videos/c2lq4lwy0z0o?at_medium=RSS&at_campaign=rss,2026-08-20 14:54:55 UTC,BBC News,2026-08-20 14:54:55+00:00
Thunderstorm warnings expire but rain continues to bring risk of floods for UK,https://www.bbc.co.uk/weather/articles/cevm32j9pp3o?at_medium=RSS&at_campaign=rss,2026-08-20 15:02:16 UTC,BBC News,2026-08-20 15:02:16+00:00
Glass deposit operator confirmed after months of wrangling,https://www.bbc.co.uk/news/articles/crk5yk1rynro?at_medium=RSS&at_campaign=rss,2026-08-20 17:31:04 UTC,BBC News,2026-08-20 17:31:04+00:00
"Why tracing cyclosporiasis is so tough, and a digestible probe for the microbiome",https://www.science.org/doi/10.1126/science.z5ozpp4,2026-08-20 18:00:00 UTC,Science Magazine Podcast,2026-08-20 18:00:00+00:00
BBC Inside Science,https://www.bbc.co.uk/sounds/play/w3ct9781?at_medium=RSS&at_campaign=rss,2026-08-20 20:00:00 UTC,BBC News,2026-08-20 20:00:00+00:00
My family have fished this river for 300 years - now pollution has killed all the fish,https://www.bbc.co.uk/news/articles/cewr9evwdwko?at_medium=RSS&at_campaign=rss,2026-08-20 20:47:39 UTC,BBC News,2026-08-20 20:47:39+00:00
