title,link,source,published_str,pub_date,doi,last_author,abstract,abstract_source,must_have_abstract
Radial nanochannel-array carbon enables high-performance intermetallic fuel cell catalysts,https://www.nature.com/articles/s41565-026-02244-8,Nature Nanotechnology,2026-08-06 00:00:00 UTC,2026-08-06 00:00:00+00:00,10.1038/s41565-026-02244-8,Gang Wu,"The challenge of designing platinum-based intermetallic catalysts for oxygen-reduction cathodes in fuel cells is to synergistically integrate four critical merits into one catalyst, including fine metal nanoparticles, high ordering degree of intermetallic structure, high Pt content against support and mesopore-rich carbon supports for favourable ionomer dispersion and mass/charge transfers. Here we introduce a radial nanochannel-array carbon sphere (RNCS) support that contains open-through-grooved mesopores with sufficient volume and optimal size. PtCo intermetallic nanoparticles are uniformly assembled into the RNCS to achieve exceptional thermal and electrochemical stability. Annealing at desirable elevated temperatures (>1,000 °C) simultaneously yields highly ordered L10-PtCo intermetallic phases (>80%) and fine particle dispersion (−2 at 0.70 V under heavy-duty vehicle conditions and retained 82.5% performance after a rigorous accelerated stress test of 150,000-voltage cycles.",nature_html,0
Impacts of multitrophic biological loop on soil carbon sequestration,https://academic.oup.com/nsr/advance-article/doi/10.1093/nsr/nwag475/8753260?rss=1,National Science Review Advance Access,2026-08-06 00:00:00 UTC,2026-08-06 00:00:00+00:00,10.1093/nsr/nwag475,Jiabao Zhang,"Interactions among soil viruses, microbes and soil fauna form a unified soil biological loop that shapes microbial necromass and controls soil carbon storage. This work extends the microbial carbon pump theory by introducing the virus-mediated microbial carbon pump, offering a new framework to explain soil carbon sequestration under global change.",crossref,0
Intent-Driven Embodied Artificial Intelligence,https://academic.oup.com/nsr/advance-article/doi/10.1093/nsr/nwag476/8753686?rss=1,National Science Review Advance Access,2026-08-06 00:00:00 UTC,2026-08-06 00:00:00+00:00,10.1093/nsr/nwag476,Nanning Zheng,"Embodied Artificial Intelligence (Embodied AI) has emerged as a promising paradigm for developing more general and adaptive intelligent systems, emphasizing that intelligence emerges from continuous interaction among perception, cognition, and action in real-world environments. Recent advances increasingly integrate large language models and multimodal learning into embodied agents; however, most existing approaches remain correlation-driven, relying on implicit objectives, task-specific rewards, or prompt-level instructions. As a consequence, intent is rarely represented explicitly, limiting causal coherence, long-horizon consistency, and robust value alignment in open-world settings. In this Review, we synthesize recent progress in Embodied AI and articulate Intent-Driven Embodied Artificial Intelligence (IDEAI) as a system-level organizing framework in which intent functions as an explicit, revisable, and verifiable mediating construct between human goals, environmental constraints, and agent behavior. Building on this synthesis, we propose a four-layer conceptual organization-semantic grounding, concept generation and learning, intent modeling, and value alignment-that clarifies how explicit intent mediates perception, cognition, and action in embodied systems. We analyze how existing techniques address recurring failure modes along the intent-to-execution pipeline and highlight the limitations that arise when intent remains implicit. By making intent explicit, revisable, and value-constrained where such structure is needed, IDEAI supports interpretable decision-making, adaptive task decomposition, and value-consistent behavior in open-ended, human-interactive, and safety-critical embodied domains, providing a unifying perspective for advancing Embodied AI toward robust, socially deployable intelligent systems.",rss_oup,0
A global atlas of soil microbial genetic resources exposes protection shortfalls,https://www.nature.com/articles/s41893-026-01914-8,Nature Sustainability,2026-08-06 00:00:00 UTC,2026-08-06 00:00:00+00:00,10.1038/s41893-026-01914-8,Manuel Delgado-Baquerizo,"Soil-borne microbiomes harbour vital genetic resources, encompassing gene richness and dissimilarity, an indicator of the degree of diversity and distinctiveness exhibited by the gene repertoire of the soil microbiome. These genetic resources underlie key microbial traits and enzyme profiles that support terrestrial ecosystem functioning, including nutrient cycling, plant productivity and soil health. Despite their importance, global patterns and protection status of such resources remain poorly resolved. Here we compile 1,609 soil metagenomes to map global patterns of microbial functional gene richness and dissimilarity. Hotspots of gene dissimilarity concentrate in tropical regions, whereas gene richness hotspots are more widely distributed. Areas combining both high richness and dissimilarity are rare, covering only 5.5% of the terrestrial surface of the Earth, while drylands emerge as prominent hotspots for microbial traits and enzyme profiles. Fewer than 25% of hotspots for soil microbial genetic resources fall within designated protected areas. Notably, the global patterns of soil microbial functional profiles are largely decoupled from those of bacterial and fungal taxonomic diversity, suggesting that taxon-based conservation policies may not adequately safeguard belowground genetic resources. Our work provides an actionable baseline to integrate soil microbial genetic resources into global biodiversity targets and protected-area planning.",nature_html,0
Operational Tropical Cyclone Forecasting with AI,https://www.nature.com/articles/s41586-026-10953-2,Nature,2026-08-06 00:00:00 UTC,2026-08-06 00:00:00+00:00,10.1038/s41586-026-10953-2,Peter Battaglia,"Tropical cyclones are among the most dangerous and costly weather phenomena, yet forecasting them remains a profound scientific challenge. Here, we introduce WeatherNext Cyclones (WN-C), an AI operational weather model producing state-of-the-art ensemble forecasts for track, intensity, and size of tropical cyclones worldwide. Trained on a combination of global analysis data1 and a global database of historical tropical cyclones2,3, WN-C generates large ensembles of possible global weather and cyclone scenarios extending 15 days into the future. Evaluated on tropical cyclones from 2023–2025, the track, intensity and wind radii predictions from WN-C offer an average of a day or more of lead time advantage over leading operational models, an improvement in accuracy comparable to the progress seen over the last decade of operational development. We achieved these results using inputs orders of magnitude coarser than regional models, suggesting that high resolution is not a strict prerequisite for state-of-the-art intensity forecasting and that this coarser atmospheric data contains more intensity signal than previously recognised. Including predictions from WN-C in a weighted-average consensus ensemble substantially improves its skill. The scalability of WN-C enables up to 1,000-member ensembles which better capture rare events over conventional 50-member ensembles. By providing state-of-the-art operational ensemble guidance to human forecasters, this work represents a step-change towards more reliable and timely forecasts and warnings that can help protect lives and mitigate the devastating impacts of tropical cyclones.",nature_html,0
Decomposition and separation of vibration waves from blasting demolition of tall buildings and their component characteristics,https://www.nature.com/articles/s41467-026-76458-8,Nature Communications,2026-08-06 00:00:00 UTC,2026-08-06 00:00:00+00:00,10.1038/s41467-026-76458-8,Xianqi Xie,"Blasting demolition is widely used to remove large structures, but the resulting ground vibration can threaten nearby buildings and underground facilities. This vibration arises from explosive detonation and structural impact during collapse, giving it source mechanisms, wave components and attenuation behaviours that differ from those of underground blasting. Conventional peak and frequency indices cannot fully identify these contributions. In this study, a wave component characterisation method based on three dimensional polarisation states is developed to separate blast vibration waves from collapse vibration waves and analyse compressional, shear and Rayleigh waves during building blasting demolition. A normalised dominance factor is proposed to quantify wave type dominance and its transition during propagation. Here, we show that blast vibration waves exhibit staged changes in dominant wave components during initiation, whereas collapse vibration waves are controlled more strongly by shear and Rayleigh waves, supporting refined evaluation and control of blasting demolition vibration.",nature_html,0
Spectral biophysical cytometry with nanosensors reveals remodelling of immune cells in atherosclerosis,https://www.nature.com/articles/s41565-026-02236-8,Nature Nanotechnology,2026-08-06 00:00:00 UTC,2026-08-06 00:00:00+00:00,10.1038/s41565-026-02236-8,Erdinc Sezgin,"The biophysical properties of cells determine cellular physiology. Leveraging these properties for biomedical applications demands the ability to measure multiple parameters simultaneously across millions of cells and diverse cell types. However, current technologies are limited by throughput and low dimensionality. Here we introduce spectral biophysical cytometry (SBC), a high-throughput platform that integrates environment-sensitive nanosensors with spectral flow cytometry to resolve multiparametric biophysical properties of immune cells at single-cell resolution. By using fluorescent nanosensors that report membrane order, mitochondrial potential and membrane potential, SBC enables simultaneous quantification of key cellular physical states across diverse immune cell populations. When applied to peripheral blood mononuclear cells, SBC reveals cell-type-specific biophysical heterogeneity and identifies distinct remodelling signatures associated with atherosclerosis. In particular, T-cell subsets exhibit substantial alterations in membrane order and mitochondrial depolarization, reflecting coordinated changes in lipid composition and metabolic pathways. Integration with lipidomics and transcriptomics demonstrates that the nanosensors can detect biophysical shifts that correlate with dysregulated lipid metabolism and mitochondrial function, providing mechanistic insight into immune dysfunction in disease. Importantly, SBC achieves rapid, label-efficient profiling using commercially available instrumentation, enabling scalable biomarker discovery directly from blood samples and establishing a powerful strategy for linking biophysical phenotypes to immune cell function.",nature_html,0
Listening to storms as they shake Earth,https://www.science.org/doi/abs/10.1126/science.aek0553?af=R,AAAS: Science: Table of Contents,2026-08-06 06:00:12 UTC,2026-08-06 06:00:12+00:00,10.1126/science.aek0553,Ethan F. Williams,A network of seismometers measured atmospheric turbulence during Hurricane Isaac’s landfall,crossref,0
Change comes for science publishing paradigms,https://www.science.org/doi/abs/10.1126/science.aej0108?af=R,AAAS: Science: Table of Contents,2026-08-06 06:00:12 UTC,2026-08-06 06:00:12+00:00,10.1126/science.aej0108,Beth Montague-Hellen,"A pair of insiders cast recent efforts to increase access to research as problems, not progress",crossref,0
The climate benefits of retiring a fully operational internal combustion engine vehicle,https://www.science.org/doi/abs/10.1126/science.adv5441?af=R,AAAS: Science: Table of Contents,2026-08-06 06:00:12 UTC,2026-08-06 06:00:12+00:00,10.1126/science.adv5441,Roland Geyer,"Internal combustion engine (ICE) vehicles represent the single largest source of carbon dioxide emissions for most US households. Although battery electric vehicles (BEVs) considerably reduce use-phase emissions, the transition poses a fundamental life cycle optimization challenge: Is there a net climate benefit to retiring a functional ICE vehicle before its end of life? Retiring a functioning ICE vehicle incurs a fundamental trade-off between BEV manufacturing emissions and decreased vehicle operation emissions. In this study, we evaluated this trade-off across a comprehensive range of retirement scenarios and found that scrappage-and-replacement yields consistent emissions reductions across most contexts, including the retirement of new ICE vehicles. Although scrapping a functional asset remains economically prohibitive under current market conditions, these results demonstrate a major mitigation potential for policy interventions, such as enhanced scrappage subsidies, to address the emissions of an increasingly durable ICE fleet.",crossref,0
Levitated sensor for magnetometry in ambient environment,https://www.science.org/doi/abs/10.1126/science.adx1707?af=R,AAAS: Science: Table of Contents,2026-08-06 06:00:12 UTC,2026-08-06 06:00:12+00:00,10.1126/science.adx1707,Dmitry Budker,"Levitated particle systems have gained attention as a rapidly advancing platform for precision sensing, offering low-loss, highly isolated environments by eliminating mechanical contact and associated noise. Current room-temperature levitation techniques are primarily sensitive to acceleration, and it remains challenging to integrate them with high-sensitivity magnetic sensing. In this work, we demonstrate a diamagnetically stabilized magnetically levitated magnet magnetometer, where the motion of the magnet is detected optically. We achieved a sensitivity of 32 femtoteslas per square root of Hertz, which is adequate for a wide range of applications in biology, chemistry, and fundamental physics, matching the performance of superconducting quantum interference devices and atomic magnetometers, while offering the advantage of operating at room temperature and under Earth’s magnetic field.",crossref,0
Calcium tunes snail mucus–based materials to multiple functions,https://www.science.org/doi/abs/10.1126/science.adx7367?af=R,AAAS: Science: Table of Contents,2026-08-06 06:00:12 UTC,2026-08-06 06:00:12+00:00,10.1126/science.adx7367,Franziska Jehle,"Mucus is known as a viscous fluid; yet, snails manufacture various mucus-based materials with much higher cohesion and tailored to different and even antagonistic functions, including lubrication, adhesion, protection, and defense. To gain insight into this versatility, we use a multidisciplinary approach to investigate five different mucus-based materials produced by the snail
                    Cepaea nemoralis
                    . Our results demonstrate that snails use collagen VI as a main structural component and add amorphous calcium carbonate (ACC) during mucus secretion. ACC functions as an ion source in wet mucus types, most likely for cross-linking, or as a mineral precursor in dry mucus types. These findings shed light on the versatility of these viscoelastic materials, which are able to switch between very different properties on the basis of calcium and protein content.",crossref,0
Decadal doubling of Siberian methane emissions due to warming-induced fires and methanogenesis,https://www.science.org/doi/abs/10.1126/science.aea5828?af=R,AAAS: Science: Table of Contents,2026-08-06 06:00:12 UTC,2026-08-06 06:00:12+00:00,10.1126/science.aea5828,Stephen M. Platt,"The northern permafrost region, which stores double the amount of carbon in the atmosphere, is vulnerable to accelerated warming. Methane emissions from thawing permafrost may eventually result in a climate-carbon feedback. Our analysis of atmospheric methane data shows that Siberian growing-season methane emissions have increased by 12.0 ± 1.9 teragrams of methane (TgCH
                    4
                    ) (5% per year) over the period 2010–2023. We reveal contrasting Siberian hydrological trends linked to high-pressure systems and distinct air-sea-land interactions. Warmer, drier conditions over eastern Siberia enhance fire-related emissions (0.7 ± 0.1 TgCH
                    4
                    year
                    −2
                    ), and wetter conditions over western Siberia promote wetland-related emissions (0.4 ± 0.1 TgCH
                    4
                    year
                    −2
                    ). Weakly nonlinear relationships between temperature maxima and emissions suggest that by 2050, higher Siberian emissions could offset about 20% of the global methane reduction required for climate targets, with eastern Siberia dominating the projected increase.",crossref,0
Fossil evidence favors a role for vision in the modular evolution of the primate neocortex,https://www.science.org/doi/abs/10.1126/science.aee3541?af=R,AAAS: Science: Table of Contents,2026-08-06 06:00:12 UTC,2026-08-06 06:00:12+00:00,10.1126/science.aee3541,E. Christopher Kirk,"Neocortical expansion is a key innovation of crown primates, although fossil evidence for how the neocortex has evolved remains elusive. We studied neocortical evolution using virtual brain endocasts from extant and Eocene-Miocene fossil primates. We found that neocortex size increased in parallel across crown primate clades, with rapid increases in tarsiers and anthropoids. Although the frontal lobe is commonly described as having expanded disproportionately in primates, we show that it evolved gradually, following a common pattern for allometric scaling. By contrast, nonfrontal neocortical regions underwent rapid increases relative to brain size in haplorhines. Neocortical expansion occurred in concert with increases in optic foramen area, suggesting that visual sensory inputs are functionally tied to modular evolution of the primate neocortex.",crossref,0
"Heavily doped, highly compensated epitaxial ScN thin films exceed Boltzmann thermopower limits",https://www.science.org/doi/abs/10.1126/science.aef9458?af=R,AAAS: Science: Table of Contents,2026-08-06 06:00:12 UTC,2026-08-06 06:00:12+00:00,10.1126/science.aef9458,Bivas Saha,"The Seebeck effect converts a temperature gradient into an electric voltage. However, conventional transport theories constrain this thermopower to a few millivolts per Kelvin in crystalline materials. We present experimental evidence of a Seebeck coefficient exceeding –124 millivolts per Kelvin near room temperature in heavily doped, highly compensated (HDHC) epitaxial scandium nitride (ScN) thin films. Random distribution of charged dopants in HDHC ScN are known to generate potential fluctuations that distort the electronic bands and give rise to percolative transport, and our results further reveal a power-law scaling between thermopower and electrical conductivity. In ultrathin films, the Rytova-Keldysh modifications of the Coulomb potential further amplify the potential fluctuations and enhance the Seebeck response. Our findings reveal a solid-state analog of electrolyte-like thermopower in a crystalline semiconductor.",crossref,0
A molecular switch for coordinating kinesin and dynein transport of mitochondrial cargo,https://www.science.org/doi/abs/10.1126/science.aeh1475?af=R,AAAS: Science: Table of Contents,2026-08-06 06:00:12 UTC,2026-08-06 06:00:12+00:00,10.1126/science.aeh1475,Ronald D. Vale,"The cellular distribution of mitochondria in response to stress and local energy needs is governed by the relative activities of the microtubule-based molecular motors kinesin and dynein. The mechanism for switching between these two opposite-polarity microtubule motors remains unknown. In this study, we coupled a cellular synthetic cargo transport assay with AlphaFold2-guided mutagenesis to identify a regulatory helix in the mitochondrial adaptor protein [trafficking kinesin-binding protein (TRAK)] that mediates switching between kinesin- and dynein-driven transport. Differences in the helix sequence explained why two near-identical TRAK isoforms transported mitochondria in predominantly opposite directions. Phosphorylation of the regulatory helix by stress-activated kinases caused the activation of dynein and dissociation of kinesin. Our results reveal a molecular mechanism for coordinating the directional transport of mitochondria in response to intracellular signals.",crossref,0
Turbulent seismoacoustic imprints during a hurricane landfall,https://www.science.org/doi/abs/10.1126/science.adt7323?af=R,AAAS: Science: Table of Contents,2026-08-06 06:00:12 UTC,2026-08-06 06:00:12+00:00,10.1126/science.adt7323,Eric M. Dunham,"Hurricane evolution is affected by turbulence in the hurricane boundary layer (HBL), which is typically measured using aircraft flights and towers. Through a case study of a landfalling hurricane, we show that seismoacoustic data can also be used for HBL turbulence analysis. We identified contributions of HBL turbulence in infrasound pressure and seismic displacement, validating our interpretation by combining large-eddy simulation, calibrated with meteorological data, with quasi-static elastic deformation modeling. The convection velocity of the turbulent pressure field is key to this pressure–displacement coupling. For atmospheric studies, continuous infrasound pressure serves as a proxy for 10-meter wind speed, and the inertial subrange of pressure spectra provides an estimate of the turbulent dissipation rate near the top of the surface layer at ~100 to 200 meters, complementing portable tower data at ~10 meters.",crossref,0
A central role for dietary sugars in human evolution,https://www.science.org/doi/abs/10.1126/science.aed8437?af=R,AAAS: Science: Table of Contents,2026-08-06 06:00:12 UTC,2026-08-06 06:00:12+00:00,10.1126/science.aed8437,Les Copeland,"What did our ancestors eat? Current understanding of diet in human evolution is predicated on abundant animal foods and mastery of fire, both unlikely for early hominins. Using multiple lines of evidence, including the metabolic requirements of an enlarging brain and reproduction, we model macronutrient distribution across 4 million years of evolution. Before cooking made starch easily digestible, the sugars in fruit and honey provided glucose, the brain’s preferred fuel. Modeling suggests that sugars provided &gt;25% of dietary energy, fulfilling obligatory glucose demand. Pounding and cooking released glucose specifically, not merely energy. The evolution of a bigger brain is therefore a story of carbohydrate foods as much as animal foods: from sweet sugars to cooked starch, from chewing to processing, and from wadging to advanced nutrient extraction.",crossref,0
In Other Journals,https://www.science.org/doi/abs/10.1126/science.ael1781?af=R,AAAS: Science: Table of Contents,2026-08-06 06:00:12 UTC,2026-08-06 06:00:12+00:00,10.1126/science.ael1781,Jack Huang,Editors’ selections from the current scientific literature,crossref,0
A fungus makes itself at home on skin,https://www.science.org/doi/abs/10.1126/science.aek0194?af=R,AAAS: Science: Table of Contents,2026-08-06 06:00:12 UTC,2026-08-06 06:00:12+00:00,10.1126/science.aek0194,Julia A. Segre,"Candida auris
                    represses host antifungal defense to establish a favorable cutaneous niche",crossref,0
"Ebola raged below the radar for months, report says",https://www.science.org/doi/abs/10.1126/science.ael2153?af=R,AAAS: Science: Table of Contents,2026-08-06 06:00:12 UTC,2026-08-06 06:00:12+00:00,10.1126/science.ael2153,Kai Kupferschmidt,A Congolese mining town gripped by fear saw hundreds of deaths before the outbreak was declared on 15 May,crossref,0
AI-designed viral genomes,https://www.science.org/doi/abs/10.1126/science.aej8512?af=R,AAAS: Science: Table of Contents,2026-08-06 06:00:12 UTC,2026-08-06 06:00:12+00:00,10.1126/science.aej8512,Moritz S. Hanke,The generation of functional viral genomes has urgent biosafety and biosecurity implications,crossref,0
A harrowing tour of Earth’s sacrificial lands,https://www.science.org/doi/abs/10.1126/science.aei8513?af=R,AAAS: Science: Table of Contents,2026-08-06 06:00:12 UTC,2026-08-06 06:00:12+00:00,10.1126/science.aei8513,Rasoul Sorkhabi,Extreme examples of environmental harm feature prominently in a writer’s indictment of industrial extraction,crossref,0
NASA’s PUNCH punches up space weather forecasts,https://www.science.org/doi/abs/10.1126/science.ael2154?af=R,AAAS: Science: Table of Contents,2026-08-06 06:00:12 UTC,2026-08-06 06:00:12+00:00,10.1126/science.ael2154,Rachel Berkowitz,Satellite quartet demonstrates record-breaking ability to predict solar explosions’ arrivals at Earth,crossref,0
Weekly HIV pill moves closer but vaccine studies face new questions,https://www.science.org/doi/abs/10.1126/science.ael2155?af=R,AAAS: Science: Table of Contents,2026-08-06 06:00:12 UTC,2026-08-06 06:00:12+00:00,10.1126/science.ael2155,Jon Cohen,Potent antibodies that researchers hope vaccines can elicit didn’t prevent HIV in a major trial,crossref,0
What triggered the atmosphere’s great oxygen surge?,https://www.science.org/doi/abs/10.1126/science.ael2156?af=R,AAAS: Science: Table of Contents,2026-08-06 06:00:12 UTC,2026-08-06 06:00:12+00:00,10.1126/science.ael2156,Paul Voosen,Global ice or ocean changes may explain a mysterious lag in the gas’ rise,crossref,0
New rules on risky biology studies get mixed reviews,https://www.science.org/doi/abs/10.1126/science.ael2157?af=R,AAAS: Science: Table of Contents,2026-08-06 06:00:12 UTC,2026-08-06 06:00:12+00:00,10.1126/science.ael2157,Sara Reardon,Bans widen on “dangerous” gain-of-function studies for pathogens,crossref,0
Genes of an icon,https://www.science.org/doi/abs/10.1126/science.ael2158?af=R,AAAS: Science: Table of Contents,2026-08-06 06:00:12 UTC,2026-08-06 06:00:12+00:00,10.1126/science.ael2158,Michael Price,"In the DNA of bison, scientists find clues to the animals’ past—and keys to safeguarding their future",crossref,0
How should India approach AI?,https://www.science.org/doi/abs/10.1126/science.ael0463?af=R,AAAS: Science: Table of Contents,2026-08-06 06:00:12 UTC,2026-08-06 06:00:12+00:00,10.1126/science.ael0463,Arvind Narayanan,"In an unstable geopolitical environment, countries are looking to secure access to artificial intelligence (AI) capabilities, which are seen as essential to economic growth, scientific research, and national security. Few have placed sovereignty as squarely at the center of their AI strategy as India—and few are as well positioned to achieve it. But to do so, it needs to look beyond infrastructure—chips, data centers, and large language models—and pay more attention to the application layer above them: AI agents, the software and tools that accomplish real-world work. If the effort succeeds, India may pioneer a template for genuine AI sovereignty that other nations can follow.",crossref,0
The next Turing tests: Reimagining conceptions and measures of AI,https://www.science.org/doi/abs/10.1126/science.aee3176?af=R,AAAS: Science: Table of Contents,2026-08-06 06:00:12 UTC,2026-08-06 06:00:12+00:00,10.1126/science.aee3176,Stephen Cave,"New approaches to evaluating progress of AI should be built around diversity, partnership, and systemicity",crossref,0
In Science Journals,https://www.science.org/doi/abs/10.1126/science.ael1780?af=R,AAAS: Science: Table of Contents,2026-08-06 06:00:12 UTC,2026-08-06 06:00:12+00:00,10.1126/science.ael1780,David Cortez,"Highlights from the
                    Science
                    family of journals",crossref,0
The visual brain hypothesis,https://www.science.org/doi/abs/10.1126/science.aek0212?af=R,AAAS: Science: Table of Contents,2026-08-06 06:00:12 UTC,2026-08-06 06:00:12+00:00,10.1126/science.aek0212,Robert A. Barton,Virtual models of primate crania support visual system influence on brain size,crossref,0
Unconventional Superconductivity in ScIr2 Chiral Crystal With a Kagome Lattice,https://advanced.onlinelibrary.wiley.com/doi/10.1002/adma.74399?af=R,Wiley: Advanced Materials: Table of Contents,2026-08-06 06:04:48 UTC,2026-08-06 06:04:48+00:00,10.1002/adma.74399,Tian Shang,"ABSTRACT
                  Materials with a kagome lattice host exotic quantum phenomena driven by the interplay between band topology, spin–orbit coupling, magnetism, and electronic correlations. While the magnetism of kagome materials has been widely investigated, their unconventional superconductivity (SC) remains largely unexplored due to the limited availability of suitable materials. Here, we report evidence of unconventional SC in the  family by combining muon‐spin spectroscopy measurements with band‐structure calculations. The parent  undergoes a structural phase transition from a high‐ cubic‐ to a low‐ rhombohedral phase, while the Ir kagome layer remains, albeit slightly, distorted. Although the structural transition is suppressed by Si substitution, the superconducting pairing of  remains well described by a two‐gap model. Since at least one of the gaps exhibits nodes, this indicates an unconventional SC. Its unconventional nature can be explained by the distinct flat bands occurring near the Fermi level, leading to strong electronic correlations in the  family. Moreover, the low‐ phase of  exhibits an Ir chiral chain; therefore, it can be classified as a topological chiral crystal. Overall, the unusual properties of the  family make it an interesting, albeit rare, system for studying the interplay between unconventional SC, flat bands, and chirality.",crossref,0
All‐Polymer Semitransparent Organic Solar Cells With Excellent Performance and Enhanced Stability Using Narrow‐Bandgap Terpolymer Donors,https://advanced.onlinelibrary.wiley.com/doi/10.1002/aenm.71392?af=R,Wiley: Advanced Energy Materials: Table of Contents,2026-08-06 06:21:39 UTC,2026-08-06 06:21:39+00:00,10.1002/aenm.71392,Chenkai Sun,"ABSTRACT
                  All‐polymer semitransparent organic solar cells (ST‐OSCs), employing narrow‐bandgap (NBG) polymer donor and NBG polymer acceptor for wavelength‐selective light utilization, hold great potential for addressing the trade‐off between efficient light absorption and light transmittance, as well as the stability of devices. Nevertheless, its development has been hindered by the scarcity of high‐performance NBG polymer donors. In this work, through strategic incorporation of a benzodithiophenedione unit into the PCE10 backbone, two NBG terpolymer donors, PS1 and PS2, with deeper energy levels are developed. Importantly, PS2 demonstrates appropriate molecular stacking and crystallinity, and favorable miscibility with the acceptor PY‐IT. Benefiting from the reduced voltage loss due to significantly suppressed non‐radiative recombination loss and the optimal morphology, the opaque PS2:PY‐IT‐based all‐polymer solar cell demonstrates a power conversion efficiency (PCE) of 15.10%. Moreover, the PS2:PY‐IT‐based ST‐OSC achieves an excellent light utilization efficiency (LUE) of 4.19% with PCE of 10.26% and average visible transmittance of 40.84%, which is the highest LUE among all‐polymer ST‐OSCs. This device demonstrates enhanced stability under storage conditions, thermal stress, and light soaking. These results provide guidelines for designing novel NBG polymers and demonstrate that the design of NBG polymers holds immense promise for advancing high‐performance ST‐OSCs.",crossref,0
Suppressing Nonradiative Losses via Computation‐Guided Molecular Design of Self‐Assembled Interfacial Layers for High‐Performance Organic Solar Cells,https://advanced.onlinelibrary.wiley.com/doi/10.1002/adma.74526?af=R,Wiley: Advanced Materials: Table of Contents,2026-08-06 06:23:38 UTC,2026-08-06 06:23:38+00:00,10.1002/adma.74526,Zeyun Xiao,"ABSTRACT
                  
                    The rational design of efficient self‐assembled interlayers (SAIs) is pivotal for overcoming the efficiency bottleneck in organic solar cells (OSCs), in which substantial nonradiative energy losses limit further performance improvements. In this study, guided by theoretical calculations, we report a series of new SAI materials (
                    BT‐nBZCz
                    ;
                    n
                    = 2, 3, and 4) based on a benzocarbazole core functionalized with a benzo[b]thiophene (BT) unit, and systematically investigate their impact on nonradiative losses and OSC performance. Notably, binary OSCs incorporating
                    BT‐4BZCz
                    achieve a significantly higher power conversion efficiency (PCE) of 20.46% compared to 18.08% for BT‐free SAIs. Combined theoretical and experimental analyses reveal that BT functionalization improves energy level alignment, enhances dipole moment, and optimizes molecular packing, crystallization kinetics, and fibrillar network formation relative to BT‐free SAIs. These improvements promote more efficient exciton dissociation, reduce charge recombination, and in particular, suppress nonradiative energy losses (0.284 vs. 0.217 eV) in the corresponding OSCs. Furthermore,
                    BT‐4BZCz
                    exhibits excellent universality, maintaining high performance across various binary photoactive blends. This work presents a viable molecular engineering strategy for SAIs to suppress nonradiative losses and advance the development of high‐performance OSCs.",crossref,0
Direct Optical Visualization of Kinetic Homogenization in Al‑Doped LiCoO2 Cathodes,https://advanced.onlinelibrary.wiley.com/doi/10.1002/aenm.71404?af=R,Wiley: Advanced Energy Materials: Table of Contents,2026-08-06 06:25:48 UTC,2026-08-06 06:25:48+00:00,10.1002/aenm.71404,Xiangming He,"ABSTRACT
                  
                    Phase‐transformation dynamics govern the performance and degradation of layered oxide cathodes but remain difficult to observe at the single‐particle level under operating conditions. Here, we introduce optical scattering microscopy for real‐time visualization of phase‐transition pathways in individual LiCoO
                    2
                    (LCO) particles. By decoding optical signatures of the H1, H2, and H1–3 phases, we track phase‐boundary evolution during battery operation. Undoped LCO shows progressive kinetic destabilization under high‐voltage cycling: the H1→H2 transition evolves from symmetric shrinking‐core propagation to asymmetric motion, and interlayer kinetic asynchrony intensifies during the H3→H1–3 transition. In contrast, Al‐doped LCO exhibits highly homogeneous and reversible lithium (de)intercalation, suppressing phase separation and interlayer heterogeneity. Combined with in situ XRD, thermodynamic analysis, and phase‐field simulations, we demonstrate that Al doping smooths the free‐energy landscape and reduces the driving force for phase separation, shifting the reaction from abrupt two‐phase to solid‐solution‐like behavior. This kinetic homogenization promotes uniform structural evolution, alleviates stress accumulation, and enhances cycling stability. Our work resolves a long‐standing mechanistic question in high‐voltage LCO chemistry and establishes a generalizable optical methodology for probing phase transformations in energy materials.",crossref,0
Adaptive modulation of theta sweeps in the brain’s navigation circuit,https://www.science.org/doi/abs/10.1126/science.aef4184?af=R,AAAS: Science: Table of Contents,2026-08-06 07:00:00 UTC,2026-08-06 07:00:00+00:00,10.1126/science.aef4184,Edvard I. Moser,"Efficient navigation requires prioritizing information from behaviorally relevant locations. In rats, such selective sampling may arise from theta-paced sweeps in grid and place cell populations, which scan nearby space in a left-right alternating pattern coordinated by parasubicular direction signals. This alternation promotes uniform spatial coverage during exploration, but whether sweeps can be flexibly tuned to moment-to-moment demands remains unknown. Using large-scale Neuropixels recordings in freely behaving rats, we show that sweeps and direction signals are rapidly and dynamically modulated: They track moving targets during pursuit, precede orienting responses during immobility, and reverse during backward locomotion—all without prior spatial learning of goal locations. Comparable modulation occurs during rapid eye movement (REM) sleep. Together, these findings identify sweeps as a flexible, attention-like mechanism for selectively sampling allocentric cognitive maps.",crossref,0
Implicit biases change more slowly in larger cities,https://www.pnas.org/doi/abs/10.1073/pnas.2514189123?mi=eymic2&af=R&access=on&content=articlesChapters&publication=pnas&sortBy=Earliest&target=default,Proceedings of the National Academy of Sciences: Keyword search for query,2026-08-06 07:00:00 UTC,2026-08-06 07:00:00+00:00,10.1073/pnas.2514189123,Andrew J. Stier,"Implicit biases remain a contributor to discrimination despite widespread endorsement of equality. Although there has been a large-scale reduction in sexuality, race, and skin tone biases in the past two decades, there is a current shortage of quantitative theories that describe how and why biases change. Here, I present a theory of implicit bias change, which focuses on changes in exposure due to cultural information and how the speed of these changes varies geographically. This model makes counterintuitive predictions when compared with previous findings, including 1) that biases change more slowly in larger cities and 2) that one-off interventions are less effective in larger cities. I confirm these predictions using 14 million tests of implicit biases from U.S. residents over 14 y and experimental data from 1,150 individuals. Documenting the typical timescales and patterns that govern implicit bias change is an important step toward designing interventions that can facilitate further reductions in biases and prevent biases from increasing.",crossref,0
The fungal pathogen Candida auris exposes chitin to trigger IFNγ and persist in hair follicles,https://www.science.org/doi/abs/10.1126/science.adu6688?af=R,AAAS: Science: Table of Contents,2026-08-06 07:00:00 UTC,2026-08-06 07:00:00+00:00,10.1126/science.adu6688,Suzanne M. Noble,"Candida auris
                    is a multidrug-resistant fungus of major public health concern whose mechanisms for persistence on skin, a major risk factor for deadly outbreaks, remain unclear. In this study, we compared skin colonization by
                    C. auris
                    versus
                    C. albicans
                    to illuminate distinct fungal-immune interactions in mice.
                    C. auris
                    exhibited enhanced skin persistence, hair follicle tropism, and direct hair binding. Whereas
                    C. albicans
                    triggered a type 3/17–skewed sterilizing antifungal immune response,
                    C. auris
                    triggered a type 1 interferon-γ (IFNγ)–driven response directed toward hair follicles. IFNγ enhanced
                    C. auris
                    colonization by signaling to keratinocytes and repressing epithelial antifungal defense programs. Genetic and biochemical approaches demonstrated that, in response to cues associated with the skin,
                    C. auris
                    increases cell wall chitin exposure, triggering type 1 immunity and promoting fungal persistence.",crossref,0
A bacterial fatty acid enzyme hijacks nucleic acid–sensing Toll-like receptor signaling,https://www.pnas.org/doi/abs/10.1073/pnas.2620143123?mi=eymic2&af=R&access=on&content=articlesChapters&publication=pnas&sortBy=Earliest&target=default,Proceedings of the National Academy of Sciences: Keyword search for query,2026-08-06 07:00:00 UTC,2026-08-06 07:00:00+00:00,10.1073/pnas.2620143123,Christopher D. Radka,"Innate immune recognition shapes infection outcomes by linking microbial detection to host defense. Although pattern recognition receptors are classified by the ligands they detect (lipids, peptidoglycans, or nucleic acids) cross-talk between these pathways is increasingly recognized.
                    Staphylococcus aureus
                    , a major cause of skin and soft tissue infections, can persist intracellularly, evading immunity and antibiotics. Here, we describe a lipid-based immune evasion strategy in which the
                    S. aureus
                    enzyme oleate hydratase (OhyA) converts host fatty acids into hydroxylated lipids that antagonize TLR3–TRIF–IRF7 signaling, a pathway activated by double-stranded RNA. Deletion of
                    ohyA
                    unleashed this pathway, triggering rapid bacterial clearance, whereas loss of TLR3, TRIF, or IRF7 restored bacterial persistence, establishing a noncanonical antibacterial role for an antiviral signaling pathway. These findings identify a previously unrecognized interface between bacterial lipid metabolism and antiviral immune machinery, highlighting how pathogens manipulate cross-kingdom signaling to evade intracellular immunity.",crossref,0
Aggregation kinetics define the temporal window of IAPP proteotoxicity,https://www.pnas.org/doi/abs/10.1073/pnas.2615786123?mi=eymic2&af=R&access=on&content=articlesChapters&publication=pnas&sortBy=Earliest&target=default,Proceedings of the National Academy of Sciences: Keyword search for query,2026-08-06 07:00:00 UTC,2026-08-06 07:00:00+00:00,10.1073/pnas.2615786123,Andisheh Abedini,"Aggregation of islet amyloid polypeptide (IAPP) to form amyloid contributes to β-cell dysfunction in type 2 diabetes, yet the identity and temporal persistence of the toxic species is unresolved. Competing models attribute toxicity to mature fibrils, fibril growth, or transient prefibrillar intermediates formed during the lag phase or via secondary nucleation. Here, we directly test these models by combining time-resolved β-cell functional assays with concurrent biophysical measurements of IAPP aggregation across multiple perturbations and sequence variants. Across 22 independent experiments spanning more than a 450-fold range in lag times, we find that maximal toxicity occurs during the lag phase and declines as fibrils accumulate. The duration of β-cell dysfunction scales linearly with lag phase length, establishing aggregation kinetics as a quantitative predictor of the onset, peak, and termination of toxicity. Perturbations that alter aggregation kinetics, including concentration, temperature, and sequence, predictably shift the temporal window of toxicity. The diabetes-associated S20G variant produces higher peak toxicity over a compressed time window, whereas the slower-aggregating variants examined prolong toxicity without increasing its magnitude. These results resolve competing models by demonstrating that transient lag-phase intermediates, rather than growth phase processes or mature fibrils, dominate β-cell dysfunction, and establish aggregation kinetics as a predictor of the timing and duration of cellular exposure to toxic intermediates.",crossref,0
Multifunctional miniature robots: Harnessing the photothermal effect of magnetic microparticles for light and magnetic control,https://www.pnas.org/doi/abs/10.1073/pnas.2610882123?mi=eymic2&af=R&access=on&content=articlesChapters&publication=pnas&sortBy=Earliest&target=default,Proceedings of the National Academy of Sciences: Keyword search for query,2026-08-06 07:00:00 UTC,2026-08-06 07:00:00+00:00,10.1073/pnas.2610882123,Yubing Guo,"Developing miniature robots with multimodal mobility in complex environments remains challenging. This study developed miniature robots based on magnetic particle–doped liquid crystal elastomers (LCEs) that integrate multicomponent functional doped materials and LCE molecular orientation engineering. Thanks to the synergistic introduction of magnetic particles with photothermal effects and 5CB plasticizer, the robot exhibits fast photothermal response in both terrestrial and underwater environments. In the terrestrial environment, the designed photomagnetic dual-field coupling strategy reshapes the physical boundaries of robots, improving their obstacle-crossing ability and achieving asymmetric full-orientation dual-mode jumping. In the underwater environment, the robot utilizes frequency laser flapping to induce wake vortex rings to overcome moderate Reynolds number drag. Especially, by utilizing the spatial resolution of the local light field, it successfully achieves efficient directional propulsion and flexible steering control by switching the irradiation position to break fluid symmetry, substantially alleviating the spatial-control limitations of globally applied magnetic fields. Finally, we demonstrated potential applications of designed miniature robots on targeted photothermal therapy of cancer cells with high accuracy. We expect that the newly developed dual-responsive and multifunctional miniature robots will find broad medical applications, such as targeted drug delivery and minimally invasive surgery.",crossref,0
Generative design of bacteriophages with genome language models,https://www.science.org/doi/abs/10.1126/science.aec2657?af=R,AAAS: Science: Table of Contents,2026-08-06 07:00:00 UTC,2026-08-06 07:00:00+00:00,10.1126/science.aec2657,Brian L. Hie,"Many important biological functions arise not from single genes but from complex interactions encoded by entire genomes. We report the first generative design of complete bacteriophage genomes using genome language models. We generated viable bacteriophages with target host tropism, using the phage ΦX174 as our design template. Experimental testing yielded 16 phages with diverse fitness profiles in laboratory conditions. Cryo–electron microscopy confirmed that a generated phage utilizes an evolutionarily distant DNA packaging protein in its capsid. A cocktail of generated phages rapidly overcomes ΦX174-resistant
                    Escherichia coli
                    strains, demonstrating a path toward artificial intelligence–generated phage therapies against rapidly evolving bacterial pathogens. This work provides a blueprint for the design of diverse synthetic bacteriophages and useful biological systems at the genome scale.",crossref,0
Chemically induced skin tumors arise from long-lived stem cells of the upper hair follicle,https://www.science.org/doi/abs/10.1126/science.adv8291?af=R,AAAS: Science: Table of Contents,2026-08-06 07:00:00 UTC,2026-08-06 07:00:00+00:00,10.1126/science.adv8291,Allan Balmain,"The identification of the cancer cell of origin is a fundamental issue in cancer biology. We used fluorescent lineage tracing of independent mouse skin stem cell populations, single-cell transcriptomics, and duplex sequencing to identify the origin of chemically induced skin tumors. Tumors arose predominantly from
                    Lgr6
                    +
                    and/or
                    Lrig1
                    +
                    stem cells of the upper hair follicle but only very rarely from the
                    Lgr5
                    +
                    and
                    Krt19
                    +
                    hair follicle bulge.
                    Lgr6
                    +
                    stem cells initiated by dimethylbenzanthracene responded to tumor promoter treatment, resulting in clonal expansion of initiated cells carrying the canonical
                    Hras
                    Q61L mutation. Spontaneous mutations in
                    Kras
                    also clonally expanded but did not generate tumors unless the
                    Hras
                    gene was deleted, thus revealing a competitive interaction between the
                    Hras
                    and
                    Kras
                    pathways that influences clonal selection.",crossref,0
Vicinal disubstitution of alkyl C–X synthons via alkene radical cation generation,https://www.science.org/doi/abs/10.1126/science.aef0766?af=R,AAAS: Science: Table of Contents,2026-08-06 07:00:00 UTC,2026-08-06 07:00:00+00:00,10.1126/science.aef0766,Patricia Z. Musacchio,"In organic chemistry, functionalization of two adjacent carbons often starts from alkenes or already disubstituted precursors. Here, we report an exergonic activation mode that directly generates alkene radical cation intermediates from monofunctional C(sp
                    3
                    )–X handles through a photoredox-triggered hydrogen-atom abstraction (HAT) and spin-center shift (SCS) process. Computations show that electron delocalization and a network of hydrogen-bonding solvent molecules facilitate a concerted [HAT+SCS] mechanism. The catalytic platform was used to design a transfer of electrophilic reactivity (C–X) from one carbon to another, which we refer to as electrophilic shuttling. Thus, two nucleophiles can be used in the construction of 1,2-difunctionalization adducts from homobenzylic C–X synthons, delivering bisazole architectures and demonstrating compatibility with other nucleophile classes. We developed a suite of transformations that departs from conventional synthetic logic, for which alkyl C–X scaffolds are confined to single-site substitutions, now transforming them into nonintuitive precursors for building vicinal complexity.",crossref,0
Juvenile hormone receptor relies on conserved domain interfaces for dimerization-dependent activity,https://www.pnas.org/doi/abs/10.1073/pnas.2605755123?mi=eymic2&af=R&access=on&content=articlesChapters&publication=pnas&sortBy=Earliest&target=default,Proceedings of the National Academy of Sciences: Keyword search for query,2026-08-06 07:00:00 UTC,2026-08-06 07:00:00+00:00,10.1073/pnas.2605755123,Marek Jindra,"Juvenile hormone (JH) is vital to insects. In
                    Drosophila
                    , JH signals through a basic helix–loop–helix-PER-ARNT-SIM (bHLH-PAS) protein methoprene-tolerant (MET) and its paralog germ cell-expressed (GCE). Binding of JH to the PAS-B domain of MET or GCE triggers the assembly of a DNA-bound, transcriptionally active JH receptor (JHR) heterodimer comprising either MET or GCE and their partner taiman (TAI). Molecular mechanisms of the JHR complex activation remain unclear. Here, we use the
                    Drosophila
                    GCE protein to address the presumably critical but as yet unexplored function of the other PAS domain (PAS-A) in JHR signaling. We show that charged amino acid residues, highly conserved within the PAS-A domain across insect and mammalian bHLH-PAS proteins, are required for JHR signaling in vitro and in vivo. Mutations at these sites do not affect the ability of GCE to bind JH to its PAS-B domain. However, they compromise the JH-induced nuclear import of GCE, its dissociation from the chaperone heat-shock protein HSP83, and dimerization with TAI, consequently preventing the DNA binding and transcriptional JHR activities. Functionality of the mutated GCE variants in developing flies is also impaired. Molecular modeling suggests that mutations of the charged GCE PAS-A residues alter the natural salt bridges critical for intra- and interdomain interactions. This in turn causes non-native configurations of both GCE PAS domains, making them incompatible with TAI dimerization and possibly augmenting GCE attachment to HSP83. These results suggest that JHR signaling critically depends on interactions between PAS-A and PAS-B domains which are allosterically coupled.",crossref,0
Oxytocin increases trust in men low in dispositional trust,https://www.pnas.org/doi/abs/10.1073/pnas.2602655123?mi=eymic2&af=R&access=on&content=articlesChapters&publication=pnas&sortBy=Earliest&target=default,Proceedings of the National Academy of Sciences: Keyword search for query,2026-08-06 07:00:00 UTC,2026-08-06 07:00:00+00:00,10.1073/pnas.2602655123,Ernst Fehr,"In recent years, increasing skepticism regarding oxytocin’s (OT) influence on social behavior arose. Low power, HARKing (hypothesizing after the results are known), and replication failures have clouded the field. Here, we directly address these concerns with a high-powered, preregistered study that offers robust evidence for a causal effect of OT on trust among males with a low disposition to trust. We recruited 359 low-trusting men who participated in a trust game with complete anonymity. Results show that OT administration significantly increased trusting behavior by roughly 15%, with consistent effects across regression models with and without controls for personality traits. A pooled data analysis incorporating a previous sample (n = 219) of low-trusting individuals further strengthens this conclusion, yielding a statistically significant 16.9% increase in trust. No interaction effect was found between OT and the degree of dispositional trust, suggesting OT’s effect may be uniform across the low-trusting spectrum. These findings present a strong case for OT’s selective trust-enhancing role. By isolating OT’s impact within a well-defined subpopulation and experimental context, this study resolves a key question in the debate over neurobiological determinants of trust.",crossref,0
AI-driven PROTAC design overcomes oncogenic resilience by eliminating the CLIP1–LTK fusion protein,https://www.pnas.org/doi/abs/10.1073/pnas.2535979123?mi=eymic2&af=R&access=on&content=articlesChapters&publication=pnas&sortBy=Earliest&target=default,Proceedings of the National Academy of Sciences: Keyword search for query,2026-08-06 07:00:00 UTC,2026-08-06 07:00:00+00:00,10.1073/pnas.2535979123,Peichen Pan,"The discovery of CAP-Gly domain-containing linker protein 1(CLIP1)–Leukocyte tyrosine kinase (LTK) as an oncogenic fusion reveals a unique dependency not only on LTK kinase activity but also on CLIP1-mediated multimerization, a noncatalytic function that drives oncogenic signaling. While this fusion is currently targeted with anaplastic lymphoma kinase inhibitors, their exclusive focus on kinase inhibition leaves the scaffolding function intact, necessitating a complete protein clearance strategy. Here, we report the AI-guided development of a first-in-class proteolysis-targeting chimera (PROTAC) designed to selectively degrade the CLIP1–LTK fusion protein. By integrating deep learning models for ternary complex prediction with structure-based molecular optimization, we designed DCL05, an orally bioavailable degrader of CLIP1–LTK fusion protein, achieving picomolar degradation potency (DC
                    50
                    = 40 pM) and robust antitumor activity. DCL05 consistently outperformed existing kinase inhibitors across a broad spectrum of LTK resistance-associated mutations, both in vitro and in vivo. Collectively, our study explores resistance-associated contexts of LTK and establishes a structure-guided PROTAC development pipeline, providing a promising therapeutic strategy for overcoming acquired resistance in kinase-driven cancers.",crossref,0
Polymerase ι promotes C>T substitutions in smoking models and in the platinum chemotherapy–induced SBS31 mutation signature,https://www.pnas.org/doi/abs/10.1073/pnas.2526551123?mi=eymic2&af=R&access=on&content=articlesChapters&publication=pnas&sortBy=Earliest&target=default,Proceedings of the National Academy of Sciences: Keyword search for query,2026-08-06 07:00:00 UTC,2026-08-06 07:00:00+00:00,10.1073/pnas.2526551123,Eszter Németh,"DNA damage occasionally leads to mutations even in DNA repair–proficient cells via translesion synthesis (TLS), an efficient but error-prone DNA damage tolerance pathway. In the human genome, there are three closely related Y-family TLS polymerases (η, κ, and ι). Polymerase η is specialized for the error-free replication of UV adducts, while polymerase κ is known to replicate over various heterocyclic DNA adducts. The function of polymerase ι is less clear and this gene is missing from several vertebrate clades, yeast, most birds, and plants. Using wild-type and TLS polymerase (
                    POLH
                    ,
                    POLK
                    ,
                    POLI
                    ) knockout human TK6 and RPE-1 cell lines and whole genome sequencing, we associate these polymerases to mutagenesis induced by the common chemotherapy agent cisplatin and the smoke-mimicking compound 4-nitroquinoline-1-oxide (4-NQO). We found that polymerase ι specifically introduces C&gt;T mutations at both cisplatin and 4-NQO lesions, confirmed in two further cell lines. Using non-negative matrix factorization, we derived a polymerase ι–specific base substitution signature, which corresponds to COSMIC cancer mutational signature SBS31 with a cosine similarity of 0.97. By analyzing the mutational spectra in more than 3500 human metastatic tumors, we showed that SBS31 in platinum-treated samples and SBS92 in smoking-related cancers is associated with polymerase ι expression. Our study suggests an in vivo mutagenic function for polymerase ι and highlights its role in tissue-dependent chemotherapy–induced mutagenesis that may contribute to tumor heterogeneity.",crossref,0
Host inflammation–derived citrate enhances Salmonella Typhimurium pathogenesis by fueling growth and activating virulence,https://www.pnas.org/doi/abs/10.1073/pnas.2608715123?mi=eymic2&af=R&access=on&content=articlesChapters&publication=pnas&sortBy=Earliest&target=default,Proceedings of the National Academy of Sciences: Keyword search for query,2026-08-06 07:00:00 UTC,2026-08-06 07:00:00+00:00,10.1073/pnas.2608715123,Bin Yang,"Salmonella enterica
                    serovar Typhimurium (
                    S
                    Tm) infection triggers robust intestinal inflammatory responses during host colonization. Although host inflammatory responses typically function as defense mechanisms,
                    S
                    Tm subverts these processes by co-opting inflammation-derived metabolites to increase both bacterial proliferation and intestinal colonization. Here, we demonstrate that
                    S
                    Tm-induced intestinal inflammation results in the significant accumulation of luminal citrate, which plays dual roles in
                    S
                    Tm pathogenesis, serving as both an anaerobic fermentation substrate to support bacterial growth and a virulence-activating signaling molecule. Mechanistically, the CitAB two-component system detects elevated citrate concentrations in the inflamed intestine, initiating the transcriptional activation of citrate fermentation genes to facilitate
                    S
                    Tm luminal proliferation. Moreover, CitAB-mediated citrate sensing directly upregulates
                    hilD
                    , which encodes the master regulator of
                    Salmonella
                    Pathogenicity Island 1, thereby enhancing type III secretion system-dependent epithelial invasion. Genetic disruption of either citrate anaerobic fermentation pathway or citrate-mediated virulence-regulating pathway severely compromises both intestinal colonization and invasive capacity of
                    S
                    Tm. These findings underscore citrate-responsive pathways as promising therapeutic targets for simultaneously disrupting
                    S
                    Tm metabolic adaptability and virulence.",crossref,0
Atomically engineered hierarchical porous biomass carbon: from multiscale design to advanced energy storage and fundamentals,https://www.sciencedirect.com/science/article/pii/S0306261926012298?dgcid=rss_sd_all,ScienceDirect Publication: Applied Energy,2026-08-07 00:00:00 UTC,2026-08-07 00:00:00+00:00,,Xingye An,,,0
Key engineering innovations in industrial-scale cyclohexanone production via cyclohexene esterification–reduction,https://academic.oup.com/nsr/advance-article/doi/10.1093/nsr/nwag465/8754117?rss=1,National Science Review Advance Access,2026-08-07 00:00:00 UTC,2026-08-07 00:00:00+00:00,10.1093/nsr/nwag465,Minghua Qiao,"Conventional industrial technologies for cyclohexanone production, a key precursor to ε-caprolactam, primarily cyclohexane oxidation (CHA-Ox) and cyclohexene hydration (CHE-Hydr), are constrained by an inherent trade-off between conversion and selectivity. This leads to low carbon atom utilization or high energy intensity, together with substantial environmental burdens. The cyclohexene esterification–reduction (CHE-ER) route, first proposed by the Research Institute of Petroleum Processing (RIPP), delivers exceptional conversion and selectivity and therefore offers a promising platform for next-generation cyclohexanone production. However, the central challenge has been to translate the intrinsic advantages of this chemistry into a process that is simultaneously economically competitive and environmentally sustainable. Here we report a set of critical chemical engineering innovations that streamline process design and substantially reduce energy consumption. By leveraging the inertness of cyclohexane during cyclohexene esterification, we designed a new extraction system that selectively separates benzene from its partial hydrogenation products. We further implemented a hybrid reactor configuration integrating a fixed-bed reactor with a catalytic reactive distillation reactor for cyclohexene esterification with acetic acid. In addition, we identified and strategically harnessed the beneficial roles of cyclohexane in facilitating reaction heat dissipation and excess acetic acid separation. These innovations have been successfully deployed in a 400 kt yr–1-capacity industrial plant for cyclohexanone production via the CHE-ER route, affording nearly complete cyclohexene conversion and cyclohexyl acetate selectivity above 99.0%. This work establishes a new-generation of industrial technology for cyclohexanone production that maximizes economic benefit, while minimizes energy demand and environmental impacts associated with conventional processes.",rss_oup,0
Wafer-scale subwavelength excimer lithography enabled by dry-transferable photoresist,https://academic.oup.com/nsr/advance-article/doi/10.1093/nsr/nwag477/8754130?rss=1,National Science Review Advance Access,2026-08-07 00:00:00 UTC,2026-08-07 00:00:00+00:00,10.1093/nsr/nwag477,Huigao Duan,"The rapid development of micro- and nanoscale devices has driven demand for wafer-scale, high-resolution nanostructure fabrication, which remains challenging for current nanolithography technologies. Here, we develop a cost-effective and high-throughput lithographic strategy for patterning sub-wavelength nanostructures over wafer-scale areas. This strategy is based on perfect conformal contact lithography combined with vacuum ultraviolet excimer irradiation at 172 nm. Using specially modified, transferable polymethyl methacrylate as a photoresist, the resulting approach enables high-fidelity, wafer-scale (8 inch) replication and fabrication of nanoscale (100 nm) patterns on both rigid and flexible substrates. We further develop a physical pattern-transfer method enabling high-resolution, solvent-free lift-off over large areas with 100% yield. The applicability of the lithography and pattern transfer strategy is demonstrated by the fabrication of 6560 nano-gap electrode structures over an area of 4 cm2 for MoS₂ transistor fabrication. Together with the demonstration of 12 representative transistors exhibiting on/off ratios approximately 108 and a large-aperture (10 cm) metalens enabling high-quality long-distance imaging, these results confirm the applicability of the proposed lithography and pattern transfer strategy across both electronic and optical devices.",rss_oup,0
Electron delocalization in a fullerene-dumbbell triad: synergistically optimizing carrier dynamics for boosting photocatalytic hydrogen evolution,https://academic.oup.com/nsr/advance-article/doi/10.1093/nsr/nwag479/8754131?rss=1,National Science Review Advance Access,2026-08-07 00:00:00 UTC,2026-08-07 00:00:00+00:00,10.1093/nsr/nwag479,Chunli Bai,"Organic photocatalysts typically suffer from compromised carrier dynamics due to inherently low electron mobility and high exciton binding energy, limiting efficient photoconversion. Herein, we synergistically optimize carrier dynamics by modulating electron delocalization using a fullerene-based dumbbell-triad, B2, consisting of a dithienopyrrolobenzothiadiazole donor and two C60 acceptors. Steady-state and transient photoelectrochemical measurements confirm that, compared to the mono-fullerene-based B1 and the dodecyl-modified dumbbell-counterpart B3, B2 nanoparticles exhibit pronounced electron delocalization. This effect significantly reduces the exciton binding energy, enhances the electron mobility, prolongs the carrier lifetime and extends its intermolecular diffusion length, thereby synergistically optimizing charge-carrier generation, transport, and utilization. Consequently, B2 exhibits a markedly improved photocatalytic hydrogen evolution rate (136 mmol g−1 h−1), surpassing B1 by 17.4 times, positioning it competitively among high-performing single-component photocatalysts. This work provides a novel strategy for optimizing photogenerated carrier dynamics, and elucidates the critical role of electron delocalization in boosting photoconversion.",rss_oup,0
Atomic-scale engineering of Pt shells on chiral Au nanoparticles for enhanced oxygen reduction,https://www.nature.com/articles/s41467-026-76426-2,Nature Communications,2026-08-07 00:00:00 UTC,2026-08-07 00:00:00+00:00,10.1038/s41467-026-76426-2,Qingfeng Zhang,"Spin selection in chiral nanocatalysts enabled by the chiral-induced spin polarization (CISS) effect has emerged as a promising strategy for boosting the performance of the oxygen reduction reaction (ORR). However, achieving atomic-scale control of catalytically active surfaces on chiral nanostructures remains challenging. Herein, we demonstrate an approach for the atomic-level engineering of Pt shells on chiral substrates to enhance ORR performance. Pt shells with controlled thicknesses are deposited on chiral Au nanoparticles through a combined protocol of cyclic underpotential deposition and galvanic replacement reaction. This strategy not only maximizes the atomic utilization efficiency of Pt but also preserves the chiral geometry of the substrate and its chiroptical activity. For the chiral Au@Pt nanocatalysts, a volcano-type relationship is observed between the Pt shell thickness and ORR performance. The chiral Au@Pt nanoparticles exhibit a capability of spin polarization due to the CISS-like effect and competitive ORR activities. This work establishes a route for fabricating catalytically active chiral nanocatalysts with CISS-like effects, thereby laying a foundation for the development of advanced spin-selective electrocatalysts.",nature_html,0
Low curvature combined with high amorphization improves SERS sensitivity of semiconducting Rh–Se mesoporous nanospheres toward non-adsorbing resistant pollutants,https://www.nature.com/articles/s41467-026-75365-2,Nature Communications,2026-08-07 00:00:00 UTC,2026-08-07 00:00:00+00:00,10.1038/s41467-026-75365-2,Yusuke Yamauchi,"Amorphous metal–selenium (M–Se) alloys hold promise for applications such as catalysis, electronics, and surface-enhanced Raman spectroscopy (SERS) sensing due to their surface reactivity, isotropic properties, and tunable bandgap. However, controlling the synthesis of nanostructured noble-metal-based M–Se materials is difficult, as the strong metallic bonding and low chemical reactivity of noble metals hinder homogeneous selenization. Here we show a one-step micellar self-assembly reduction method to produce amorphous semiconducting Rh–Se mesoporous nanospheres (a-Rh–Se MNs). We systematically investigate how composition, surface curvature, and crystallinity affect SERS performance. a-Rh–Se MNs with low curvature and high amorphization achieve enhanced sensitivity toward typically non-adsorbing, low-polarizability analytes, including hexachlorobenzene, anthracene, and polytetrafluoroethylene microplastics (even in wastewater). Combined experimental and theoretical analyses reveal that co-modulating curvature and amorphization tunes key electronic descriptors (e.g., d-band center and work function), thereby promoting resonant charge transfer. This finding overturns the conventional paradigm that prioritizes high-surface-area substrates. Our work establishes mesostructured a-Rh–Se for SERS applications and provides insights into M–Se surface chemistry for designing advanced SERS materials.",nature_html,0
"Long-term deployment of marine current turbines: a review of biofouling effects on performance degradation, mitigation strategies and techno-economic impacts",https://www.sciencedirect.com/science/article/pii/S0306261926012304?dgcid=rss_sd_all,ScienceDirect Publication: Applied Energy,2026-08-07 00:00:00 UTC,2026-08-07 00:00:00+00:00,,Sergio Mario Camporeale,,,0
Cantilevered piezoelectric energy harvesting for road transportation energy systems: From vibration-structure coupling to circuit adaptation and field deployment,https://www.sciencedirect.com/science/article/pii/S0306261926011773?dgcid=rss_sd_all,ScienceDirect Publication: Applied Energy,2026-08-07 00:00:00 UTC,2026-08-07 00:00:00+00:00,,Zhenguo Ma,,,0
Risk-aware day-ahead baseline scheduling and real-time rolling correction for coupled EV charging and edge-service operation under distribution-network constraints,https://www.sciencedirect.com/science/article/pii/S0306261926012560?dgcid=rss_sd_all,ScienceDirect Publication: Applied Energy,2026-08-07 00:00:00 UTC,2026-08-07 00:00:00+00:00,,Jingao Liu,,,0
"Sustainable energy management for hybrid electric ships: Multi-energy architectures, lifecycle degradation, MVDC stability, and deployment pathways",https://www.sciencedirect.com/science/article/pii/S0306261926011591?dgcid=rss_sd_all,ScienceDirect Publication: Applied Energy,2026-08-07 00:00:00 UTC,2026-08-07 00:00:00+00:00,,Zhenyu Li,,,0
Vertical mounted bifacial PV deployment in cities to reduce supply-demand mismatch with increased revenue,https://www.sciencedirect.com/science/article/pii/S0306261926012572?dgcid=rss_sd_all,ScienceDirect Publication: Applied Energy,2026-08-07 00:00:00 UTC,2026-08-07 00:00:00+00:00,,Yingru Zhao,,,0
Lying mirror using structured surfaces,https://www.nature.com/articles/s41467-026-76488-2,Nature Communications,2026-08-07 00:00:00 UTC,2026-08-07 00:00:00+00:00,10.1038/s41467-026-76488-2,Aydogan Ozcan,"We introduce an all-optical system, termed the “lying mirror”, to hide input information by transforming it into misleading, ordinary-looking patterns that effectively camouflage the underlying image data and deceive the observers. This misleading transformation is achieved through passive light-matter interactions of the incident light with an optimized structured diffractive surface, enabling the optical concealment of any form of secret input data without any digital computing. These lying mirror designs were shown to camouflage different types of input image data, exhibiting robustness against a range of adversarial manipulations, including random image noise as well as unknown, random rotations, shifts, and scaling of the object features. The feasibility of the lying mirror concept was also validated experimentally using a structured micro-mirror array along with multi-wavelength illumination at 480, 550 and 600 nm"" role=""presentation"">nm{nm}, covering the blue, green and red image channels. Furthermore, we created a broadband lying mirror that operates across a continuous spectral range, enhancing its adaptability under diverse illumination conditions. This framework showcases the power of structured diffractive surfaces for visual information processing and might find various applications in defense, security and entertainment.",nature_html,0
Giant negative photomagnetism in an alterlattice,https://www.nature.com/articles/s41467-026-76523-2,Nature Communications,2026-08-07 00:00:00 UTC,2026-08-07 00:00:00+00:00,10.1038/s41467-026-76523-2,Guangshe Li,"Photomagnetism enables optical control of spin order for engineering non-equilibrium phases, yet studies remain largely confined to ferromagnetic systems. Here, we introduce the alterlattice, an emergent structural motif realized in the cation- and anion-deficient perovskite oxide La0.4Ca0.4TiO3–δ. The alterlattice is a three-dimensional alternately patterned superstructural network arising from structural competition, in which average lattice is described by Ibmm symmetry while local superstructure relaxes toward Cmmm symmetry. Within this motif, photo-induced antiferromagnetic correlations develop below 19 K. Under 473 nm illumination, the susceptibility of the alterlattice host decreases by 51.7% at 2 K and 1 T and rapidly recovers in the dark. The observed giant negative photomagnetism is associated with anisotropic strain fields that guide defect-mediated photocarrier transport, thereby driving the system from a spin-dilute paramagnetic state toward a short-range antiferromagnetic state with quasi-one-dimensional characteristics. The alterlattice opens a route to three-dimensional defect-topology engineering for non-equilibrium phases and antiferromagnetic spintronics.",nature_html,0
Evaluating technology upgrades as a complement to traditional bill assistance programs,https://www.nature.com/articles/s41467-026-76489-1,Nature Communications,2026-08-07 00:00:00 UTC,2026-08-07 00:00:00+00:00,10.1038/s41467-026-76489-1,Galen Barbose,"State programs to improve energy affordability and reduce energy burden (the share of income spent on energy) could mitigate concerns about rising electricity prices. Many states offer bill assistance and rebates for weatherization and rooftop solar to income-qualifying households. Here, we analyse how these approaches may complement one another to improve energy affordability. Results illustrate trade offs between program costs and energy burden reduction, as well as between a program’s upfront and ongoing costs. Generally, the three strategies complement one another to improve energy affordability at lower net present cost than bill assistance alone, with varying effects across regions. Weatherization can reduce the solar installation capacity needed, and both together can reduce or eliminate ongoing reliance on bill assistance. Under full uptake among cost-effective households, fully rebated weatherization and solar rebated at $0.48/Watt, combined with bill assistance, yield the same modelled net present cost as bill assistance alone while reducing the share of low-income owner-occupied households with high energy burdens from 66% to 19%, compared with 34% under bill assistance alone. Absent tax credits, weatherization still reduces energy burden and bill assistance program costs, whereas solar may not be cost-competitive.",nature_html,0
Selective and autonomous generation of singlet oxygen for synergistic heavy metal-organic removal without energy input,https://www.nature.com/articles/s41467-026-76402-w,Nature Communications,2026-08-07 00:00:00 UTC,2026-08-07 00:00:00+00:00,10.1038/s41467-026-76402-w,Zuoren Nie,"A fundamental challenge across environmental catalysis is the reliance on external energy or chemical inputs to drive detoxification reactions. Here, we transcend this limitation with a pollutant-driven framework, demonstrated by a variable-valent molybdenum oxide (MoOx). A vacancy-anchored dual-site polarization mechanism enables the selective conversion of adsorbed oxygen into singlet oxygen (1O2), bypassing radical intermediates, driven by the synergistic interaction between low-valent Mo and high-valent metal ions. This process achieves simultaneous heavy-metal reduction and organic degradation without the addition of molecular oxygen (O2) gas, external energy (e.g., light, electricity, or heat), or chemical oxidants (e.g., persulfate or peroxide). The MoOx material maintains robust performance in complex water and retains over 99% removal efficiency after closed-loop regeneration. This work establishes a general design principle for energy-autonomous catalysis, bridging environmental remediation with sustainable chemistry and suggesting a potential pathway for self-sustaining processes in wastewater and beyond.",nature_html,0
The critical challenges of energy diversification and environmental sustainability in the European Green Deal: Empirical evidence from European countries,https://www.sciencedirect.com/science/article/pii/S0301421526004519?dgcid=rss_sd_all,ScienceDirect Publication: Energy Policy,2026-08-07 00:00:00 UTC,2026-08-07 00:00:00+00:00,,Rana Umair Ashraf,,,0
When diversification fails: Geopolitical contagion and hidden vulnerabilities in Europe’s energy transition,https://www.sciencedirect.com/science/article/pii/S0301421526004544?dgcid=rss_sd_all,ScienceDirect Publication: Energy Policy,2026-08-07 00:00:00 UTC,2026-08-07 00:00:00+00:00,,Jules Sadefo Kamdem,,,0
Environmental taxation and biofuel production in the EU: Heterogeneous effects across producer scales,https://www.sciencedirect.com/science/article/pii/S0301421526004593?dgcid=rss_sd_all,ScienceDirect Publication: Energy Policy,2026-08-07 00:00:00 UTC,2026-08-07 00:00:00+00:00,,Monica Auteri,,,0
When do consumers lose from variable electricity pricing?,https://www.sciencedirect.com/science/article/pii/S0301421526004088?dgcid=rss_sd_all,ScienceDirect Publication: Energy Policy,2026-08-07 00:00:00 UTC,2026-08-07 00:00:00+00:00,,Saurabh Amin,,,0
Cooperative bid and operation strategy in two-settlement energy market through dual-agent imitation learning on joint optimized policy,https://www.sciencedirect.com/science/article/pii/S0306261926012365?dgcid=rss_sd_all,ScienceDirect Publication: Applied Energy,2026-08-07 00:00:00 UTC,2026-08-07 00:00:00+00:00,,Euncheol Kim,,,0
Planning highway charging networks for heavy-duty electric vehicles: From network design to station-level charging profiles,https://www.sciencedirect.com/science/article/pii/S0306261926012468?dgcid=rss_sd_all,ScienceDirect Publication: Applied Energy,2026-08-07 00:00:00 UTC,2026-08-07 00:00:00+00:00,,Gautham Ram Chandra Mouli,,,0
Reconfiguring flexibility in renewable power-to-ammonia systems using molten-salt thermal energy storage in the ammonia synthesis loop: A coordinated electro‑hydrogen-thermal scheduling approach,https://www.sciencedirect.com/science/article/pii/S0306261926012651?dgcid=rss_sd_all,ScienceDirect Publication: Applied Energy,2026-08-07 00:00:00 UTC,2026-08-07 00:00:00+00:00,,Kaigui Xie,,,0
ECLAR-Net: An expert-guided contrastive learning and adaptive reasoning network for robust electricity theft detection,https://www.sciencedirect.com/science/article/pii/S0306261926012559?dgcid=rss_sd_all,ScienceDirect Publication: Applied Energy,2026-08-07 00:00:00 UTC,2026-08-07 00:00:00+00:00,,Qiang Miao,,,0
Bi-timescale distributionally robust optimization for power-computing-carbon coordination in multi-microgrids with data centers,https://www.sciencedirect.com/science/article/pii/S0306261926012584?dgcid=rss_sd_all,ScienceDirect Publication: Applied Energy,2026-08-07 00:00:00 UTC,2026-08-07 00:00:00+00:00,,Dipti Srinivasan,,,0
Safe reinforcement learning-based robust scheduling for energy systems: Experimental validation and energy management insights,https://www.sciencedirect.com/science/article/pii/S0306261926012894?dgcid=rss_sd_all,ScienceDirect Publication: Applied Energy,2026-08-07 00:00:00 UTC,2026-08-07 00:00:00+00:00,,Xuan Song,,,0
EVaR-based risk-aware scheduling strategy for port integrated multi-energy systems under extreme weather conditions,https://www.sciencedirect.com/science/article/pii/S030626192601247X?dgcid=rss_sd_all,ScienceDirect Publication: Applied Energy,2026-08-07 00:00:00 UTC,2026-08-07 00:00:00+00:00,,Enrico Zio,,,0
Label-free conditional synthesis of load and renewable generation profiles via unsupervised latent disentanglement,https://www.sciencedirect.com/science/article/pii/S0306261926012730?dgcid=rss_sd_all,ScienceDirect Publication: Applied Energy,2026-08-07 00:00:00 UTC,2026-08-07 00:00:00+00:00,,Jinye Cao,,,0
Reframing Data Centers as Strategic Producers: Energy-Data Nexus,https://www.sciencedirect.com/science/article/pii/S0306261926012742?dgcid=rss_sd_all,ScienceDirect Publication: Applied Energy,2026-08-07 00:00:00 UTC,2026-08-07 00:00:00+00:00,,J. Yan,,,0
STD-MoE: Structured time-series decomposition with sparse mixture-of-experts for photovoltaic power uncertainty forecasting,https://www.sciencedirect.com/science/article/pii/S0306261926011992?dgcid=rss_sd_all,ScienceDirect Publication: Applied Energy,2026-08-07 00:00:00 UTC,2026-08-07 00:00:00+00:00,,Ke Yan,,,0
Benders-based solution strategies for stochastic capacity expansion models with loss of load probability constraints,https://www.sciencedirect.com/science/article/pii/S0306261926012717?dgcid=rss_sd_all,ScienceDirect Publication: Applied Energy,2026-08-07 00:00:00 UTC,2026-08-07 00:00:00+00:00,,Benjamin D. Leibowicz,,,0
Frost-suppression resilience of a novel unglazed solar-air dual-source heat pump system: a multi-climatic study,https://www.sciencedirect.com/science/article/pii/S0306261926012493?dgcid=rss_sd_all,ScienceDirect Publication: Applied Energy,2026-08-07 00:00:00 UTC,2026-08-07 00:00:00+00:00,,Wandong Zheng,,,0
Fault diagnosis of lithium-ion batteries using dynamic multi-time-scale decomposition of relaxation behavior,https://www.sciencedirect.com/science/article/pii/S0306261926012675?dgcid=rss_sd_all,ScienceDirect Publication: Applied Energy,2026-08-07 00:00:00 UTC,2026-08-07 00:00:00+00:00,,Byeongsu Kang,,,0
Agrivoltaics could increase global land use efficiency compared to bioenergy,https://www.sciencedirect.com/science/article/pii/S0306261926012845?dgcid=rss_sd_all,ScienceDirect Publication: Applied Energy,2026-08-07 00:00:00 UTC,2026-08-07 00:00:00+00:00,,Peter Alexander,,,0
"A unifying framework for the evolution of metazoa and social insects, two major evolutionary transitions",https://www.pnas.org/doi/abs/10.1073/pnas.2530125123?mi=eymic2&af=R&access=on&content=articlesChapters&publication=pnas&sortBy=Earliest&target=default,Proceedings of the National Academy of Sciences: Keyword search for query,2026-08-07 07:00:00 UTC,2026-08-07 07:00:00+00:00,10.1073/pnas.2530125123,Judith Korb,"The evolution of life is characterized by major transitions, i.e., the evolution of new targets of selection (e.g., prokaryotes, eukaryotes, multicellular organisms, social insect colonies). They arose when preexisting lower-level units cooperated and gave up the capability to reproduce so that reproductive success is now achieved at the new, joint, higher unit. Currently, increasing confusion exists about major transition in evolution (MTE) that hampers progress in this fundamental research field. Misconceptions partly arose due to inadequate evolutionary reasoning. In addition, pivotal recent work shows considerable diversity in organismality in metazoan and social insect systems that makes clear-cut distinctions of transitions more difficult and that challenges our classical understanding of MTEs. Applying evolutionary reasoning, we develop three categories that all metazoan and social insect systems can be grouped into. The categories are defined by the reproductive potential of altruistic level units and how they can realize it (i.e., via independent reproduction as dispersing propagules or only through reproduction within the higher-level unit). These categories capture the variation in diversity in organismality that is crucial when analyzing potential major transitions, but that was always hard to grasp. This unifying conceptual framework advances our understanding of MTEs. It will enable comparative analyses within as well as across MTEs, to answer fundamental questions about the evolution of life.",crossref,0
Eye movements reveal a dissociation between prediction and structural processing difficulty in language comprehension,https://www.pnas.org/doi/abs/10.1073/pnas.2532230123?mi=eymic2&af=R&access=on&content=articlesChapters&publication=pnas&sortBy=Earliest&target=default,Proceedings of the National Academy of Sciences: Keyword search for query,2026-08-07 07:00:00 UTC,2026-08-07 07:00:00+00:00,10.1073/pnas.2532230123,Brian Dillon,"In the process of extracting a meaning from a text, our eyes linger much more on some words than others, and we often reread earlier portions of the text. These disruptions to the reading process are particularly common in syntactically ambiguous sentences. What explains the difficulty presented by these sentences? One prominent hypothesis explains it as a special case of the impact of a word’s predictability (operationalized via surprisal) on the difficulty of processing the word. This contrasts with theories that attribute these disruptions to errors in the structure-building process. Earlier attempts to address this debate have been inconclusive because of small numbers of participants, coarse measurements of the reading process that are ill-suited to disentangling these competing views, and a limited range of surprisal estimates. Here, we conduct a large-scale study (
                    
                      
                        
                          n
                          =
                          368
                        
                      
                    
                    ) examining eye movements during the reading of syntactically challenging sentences, using 409 types of surprisal estimates from language models with multiple architectures and training settings. We find a stark dissociation: Early effects of syntactic disambiguation are well-approximated by language model surprisal, but syntactic disambiguation incurs a significant additional cost, reflected in an increase in rereading that is not explained by language model surprisal. We conclude that surprisal can capture routine structure-building, but not the cost of detecting or correcting errors in the structure-building process.",crossref,0
Protecting episodic memory after sleep loss: Similar benefits of exercise and naps via distinct neural contributions,https://www.pnas.org/doi/abs/10.1073/pnas.2528246123?mi=eymic2&af=R&access=on&content=articlesChapters&publication=pnas&sortBy=Earliest&target=default,Proceedings of the National Academy of Sciences: Keyword search for query,2026-08-07 07:00:00 UTC,2026-08-07 07:00:00+00:00,10.1073/pnas.2528246123,Marc Roig,"Sleep loss is a public health concern requiring widely accessible cost-effective interventions to counteract the cognitive and brain health impairments caused by it. Sleep loss impairs the brain’s capacity to form new episodic memories, which is critical for everyday cognition, future planning, and decision-making. In this study, we compared the protective effect of a 20-min exercise and a 90-min nap against a no-intervention control condition on the capacity to encode episodic memory after 30 h of uninterrupted wakefulness and examined underlying neural mechanisms using electroencephalography. Both exercise and nap preserved episodic memory after sleep loss, with an average of 22% higher memory performance than the control condition. Electroencephalography revealed distinct neural mechanisms within the intervention groups, which significantly contributed to memory performance. After napping, the brain-state markers of neural fatigue and sleep pressure determined memory performance more than episodic memory markers and after exercise, only episodic memory markers significantly contributed to memory performance. In contrast, in the control group, none of these markers explained memory performance. Instead, those markers were associated with fatigue, suggesting compensatory neural efforts. Consistent with the principle of neural degeneracy, in which different brain mechanisms can yield similar outcomes, after sleep loss exercise facilitates efficient neural processing while napping makes the brain state conducive to new learning. These results warrant implementation studies within safety-critical occupations such as healthcare, shiftwork, mining, and transportation, where implementing sleep hygiene recommendations to counteract sleep loss is not effective or practical, but preserving brain and cognitive health is of global importance.",crossref,0
T cell–intrinsic AIM2 exacerbates lung inflammation in OVA-LPS- and HDM-induced asthma models,https://www.pnas.org/doi/abs/10.1073/pnas.2520215123?mi=eymic2&af=R&access=on&content=articlesChapters&publication=pnas&sortBy=Earliest&target=default,Proceedings of the National Academy of Sciences: Keyword search for query,2026-08-07 07:00:00 UTC,2026-08-07 07:00:00+00:00,10.1073/pnas.2520215123,Jenny P.-Y. Ting,"Asthma is a heterogeneous inflammatory airway disease characterized by immune dysregulation, airway hyperresponsiveness (AHR), and excessive immune activation. Although NLRP3 (NOD-like receptor family pyrin domain-containing 3) has been extensively studied in asthma, its role remains controversial, and the contribution of DNA sensor AIM2 (Absent in Melanoma 2) is less well defined. To assess AIM2’s relevance in asthma, we analyzed public human datasets and found increased
                    AIM2
                    , but not
                    NLRP3
                    , expression in severe asthma and in neutrophilic compared with paucigranulocytic asthma. In allergic asthma models induced by ovalbumin (OVA)-lipopolysaccharide (LPS) or house dust mite (HDM), AIM2 expression was increased in lung homogenates and bronchoalveolar lavage fluid cells. Analysis of a published single-cell RNA-seq dataset from the HDM model further showed increased
                    Aim2
                    , but not
                    Nlrp3
                    , expression in T helper cells, with most
                    Aim2
                    -expressing cells coexpressing
                    Gata3
                    . In the OVA-LPS model, whole-body
                    Aim2
                    deficiency reduced AHR, inflammatory cytokine production, airway smooth muscle actin, and γH2A.X, consistent with decreased airway remodeling and tissue stress. Unexpectedly, CD4-specific, but not Treg- or myeloid-specific,
                    Aim2
                    deletion significantly attenuated disease, identifying AIM2 in CD4
                    +
                    T cells as a major driver of pathogenesis. In the HDM model,
                    Aim2
                    deficiency similarly reduced AHR. Cell-specific deletion showed that AIM2 in CD4
                    +
                    T cells promotes AHR and cytokine production, whereas AIM2 in myeloid cells modulates IgG1, IL-13-producing CD4
                    +
                    T cells, and alveolar macrophages. These findings identify AIM2 as a regulator of allergic asthma acting predominantly through T cells, with an additional context-dependent contribution from myeloid cells.",crossref,0
"Large-FOV, dual-region, two-photon fluorescence lifetime imaging microscopy (LD-2P-FLIM) for multiparameter and quantitative brain function imaging",https://www.pnas.org/doi/abs/10.1073/pnas.2536213123?mi=eymic2&af=R&access=on&content=articlesChapters&publication=pnas&sortBy=Earliest&target=default,Proceedings of the National Academy of Sciences: Keyword search for query,2026-08-07 07:00:00 UTC,2026-08-07 07:00:00+00:00,10.1073/pnas.2536213123,Wei Zheng,"Large-scale imaging of multiple dynamic behaviors and quantitative neurochemical concentrations with high spatiotemporal resolution is essential for understanding complex brain functions. Two-photon microscopy (TPM) is ideally suited for in vivo brain function imaging because of its high resolution and deep tissue penetration. However, conventional TPM is limited by a restricted field-of-view (FOV), an inherent trade-off between the imaging area and temporal resolution, and an insufficient amount of information obtained using only intensity recording. Here, we propose large-FOV, dual-region, two-photon fluorescence lifetime imaging microscopy (LD-2P-FLIM) for multiparameter and quantitative brain function imaging, with a 3 × 3 mm
                    2
                    FOV, a uniform lateral resolution of 0.7 μm, and a FLIM throughput of up to 15.73 megapixels/s (512 × 512 pixels, 30 Hz, two regions). We extend the FOV by breaking the limit of commercial objectives with an effective adaptive optics strategy. To alleviate the trade-off between the imaging area and temporal resolution, we use a temporal multiplexing system that enables simultaneous and flexible two-region imaging across the large FOV. Furthermore, we develop a field programmable gate array module to demultiplex fluorescence signals from different regions and perform high-throughput, two-region FLIM. We demonstrate the superior performance of LD-2P-FLIM by simultaneous monitoring of neural activities across multiple cortical areas, synchronous recording of neurovascular coupling under both physiological and pathological conditions, long-term observation of the microglial response to local neuron injury, and quantitative imaging of calcium concentrations across a large neuronal population in vivo.",crossref,0
Proof of the density threshold conjecture for pinwheel scheduling,https://www.pnas.org/doi/abs/10.1073/pnas.2530214123?mi=eymic2&af=R&access=on&content=articlesChapters&publication=pnas&sortBy=Earliest&target=default,Proceedings of the National Academy of Sciences: Keyword search for query,2026-08-07 07:00:00 UTC,2026-08-07 07:00:00+00:00,10.1073/pnas.2530214123,Akitoshi Kawamura,"In the pinwheel scheduling problem, each task
                    i
                    is associated with a positive integer
                    a
                    
                      i
                    
                    called its period, and we want to (perpetually) schedule one task per day so that each task
                    i
                    is performed at least once every
                    a
                    
                      i
                    
                    days. An obvious necessary condition for schedulability is that the density, defined as the sum of execution rates 1/
                    a
                    
                      i
                    
                    , does not exceed 1. We prove that all instances with density not exceeding 5/6 are schedulable, as was conjectured by Chan and Chin in 1993. Like some of the known partial progress toward the conjecture, our proof involves computer search for schedules for a large but finite set of instances. A key idea in our reduction to these finite cases is to generalize the problem to fractional (noninteger) periods in an appropriate way. As byproducts of our ideas, we obtain a simple proof that every instance with two distinct periods and density at most 1 is schedulable, as well as a fast algorithm for the bamboo garden trimming problem with approximation ratio 4/3.",crossref,0
Experience-dependent modulation of extracellular matrix integrity supports perceptual skill learning and memory,https://www.pnas.org/doi/abs/10.1073/pnas.2601801123?mi=eymic2&af=R&access=on&content=articlesChapters&publication=pnas&sortBy=Earliest&target=default,Proceedings of the National Academy of Sciences: Keyword search for query,2026-08-07 07:00:00 UTC,2026-08-07 07:00:00+00:00,10.1073/pnas.2601801123,Melissa L. Caras,"Perceptual learning refines sensory abilities but requires extensive training, limiting its real-world impact. Understanding its neural mechanisms could accelerate skill acquisition. The extracellular matrix (ECM) has been proposed to regulate learning by degrading to enable synaptic plasticity, and reaccumulating over several days to stabilize the changes. However, this time course does not align with the temporal dynamics of many forms of learning, including perceptual learning, which involves daily performance gains that consolidate between training sessions. To resolve this discrepancy, we tracked and manipulated auditory cortical ECM integrity in Mongolian gerbils during perceptual learning. We found that the ECM undergoes rapid training-induced changes, degrading and returning to baseline within 24 h of each session. The magnitude of this cycle diminished with continued training, and the cycle ultimately disappeared as performance plateaued. Enzymatic digestion of the ECM with chondroitinase ABC (chABC) impaired perceptual learning, and postlearning chABC treatment destabilized the acquired skill memory. These findings identify the ECM as a key regulator of perceptual learning and support a framework in which an experience-dependent decrease in ECM degradation constrains further plasticity, preserving learned representations against interference from new input.",crossref,0
"Submillennial timescales of eruptible rhyolite magma: Converging evidence from Aira Caldera, Japan",https://www.science.org/doi/abs/10.1126/sciadv.aea2075?af=R,AAAS: Science Advances: Table of Contents,2026-08-07 07:00:00 UTC,2026-08-07 07:00:00+00:00,10.1126/sciadv.aea2075,Nobuo Geshi,"Recent studies debate whether caldera-forming silicic magma is primarily stored in a crystal-poor, eruptible state for &gt;100,000 years (kyr) (“warm storage”) or exists as a crystal-rich “mush” with defrosting events causing brief periods (&lt;1 kyr) of eruptibility (“cold storage”). To address this, we examined Aira Caldera (Japan), where the 400–cubic kilometer Aira-Tanzawa (AT) eruption (30,000 years ago) was preceded by three smaller eruptions over 3.5 kyr. All eruptions consist of roughly similar high-silica rhyolite stored at comparable depths (75 to 175 megapascals). Diffusion modeling in quartz and plagioclase is consistent and gives short residence times (&lt;1 to 2.5 kyr) for all eruptions with no progressive increase up-section. The AT eruption also shows signs of hotter, less evolved magma and higher lithium concentrations, possibly indicating greater mush rejuvenation by a hotter fluid-rich recharge. We suggest that the 400–cubic kilometer AT magma was eruptible for less than 1 kyr, consistent with the hypothesis that silicic magmas are primarily held in cold storage with brief periods of eruptibility.",crossref,0
Gaseous liquid nitrogen–assisted cryo-printing strategies for challenging volumetric anisotropic tissues fabrication,https://www.science.org/doi/abs/10.1126/sciadv.adz1325?af=R,AAAS: Science Advances: Table of Contents,2026-08-07 07:00:00 UTC,2026-08-07 07:00:00+00:00,10.1126/sciadv.adz1325,Mian Wang,"Engineering physiologically relevant anisotropic tissues remains a major challenge due to limitations in replicating native structural cues across complex geometries. Here, we developed a cryogenic extrusion bioprinting platform by precisely guiding ice crystal growth to achieve centimeter-scale anisotropic constructs, even with ultrasoft, low-viscosity inks (2% weight/volume GelMA). This approach enables the fabrication of anatomically matched, patient-specific constructs with tunable anisotropy, including bone graft substitutes and osteoporotic disease models. To overcome the height constraints of cryo-printing, we further developed cryo-assembly and LEGO-assembly strategies that allow integration of anisotropic units while maintaining continuous internal alignment. In vivo studies across wound healing, cranial defect, and femoral defect models validated that these anisotropic cues drive spatially guided cell migration, extracellular matrix (ECM) remodeling, and tissue site-specific regeneration, as evidenced by the ECM deposition. Our platform offers a scalable, clinically adaptable solution for engineering structurally and functionally relevant tissues, redefining the boundaries of anisotropic soft tissue fabrication.",crossref,0
Global distribution and amplitudes of internal solitary waves revealed by SWOT,https://www.science.org/doi/abs/10.1126/sciadv.aee0923?af=R,AAAS: Science Advances: Table of Contents,2026-08-07 07:00:00 UTC,2026-08-07 07:00:00+00:00,10.1126/sciadv.aee0923,Xiaofeng Li,"Internal solitary waves (ISWs) are powerful underwater disturbances that can vertically displace water by more than 200 meters, driving ocean mixing and affecting offshore engineering. Yet, their global distributions and vertical imprints remain poorly characterized. Traditional satellite sensors are constrained by cloud cover or limited sampling. The Surface Water and Ocean Topography (SWOT) mission provides near-continuous, cloud-independent ocean observations at unprecedented resolution. Here, we develop an artificial intelligence framework to automatically detect ISWs worldwide. Using 29 SWOT orbital cycles (July 2023 to March 2025), this study reveals a global map of ISW distribution and amplitude variations, identifying energetic hot spots and distinct seasonal and tidal variations. These findings provide insights into ISW dynamics and offer a foundation for assessing their role in global energy redistribution and ocean-climate interactions.",crossref,0
Ferroelectric control of the Mott insulator–topological metal transition,https://www.science.org/doi/abs/10.1126/sciadv.aed6236?af=R,AAAS: Science Advances: Table of Contents,2026-08-07 07:00:00 UTC,2026-08-07 07:00:00+00:00,10.1126/sciadv.aed6236,Yeliang Wang,"Correlated and topological phases often coexist or compete in van der Waals materials, yet achieving an electrically switchable and reversible conversion between them remains a substantial challenge. Such control is crucial for understanding their interplay and enabling nonvolatile, low-power topological electronics. Here, we propose and demonstrate a polarization-controlled route to switch between Mott insulator and topological metal in ferroelectric-Mott heterostructures. In α-In
                    2
                    Se
                    3
                    /1T-NbSe
                    2
                    , polarization reversal modulates interlayer coupling through out-of-plane orbital alignment. Downward polarization stabilizes Mott-insulating states with type-I band alignment, whereas upward polarization enhances interfacial hybridization, forms interlayer covalent-like quasi-bonding, and drives Γ-point band inversions. The resulting spin-split hybridized valleys penetrate the valence band, inducing a nontrivial topological state with intrinsic anomalous Hall conductivity of ∼10
                    2
                     siemens per centimeter. The comparison with α-In
                    2
                    Se
                    3
                    /1T-TaSe
                    2
                    and α-In
                    2
                    Se
                    3
                    /1T-TaS
                    2
                    further identifies Γ-centered valleys and out-of-plane
                    
                      
                        
                          p
                          z
                        
                      
                    
                    -orbital coupling as key ingredients for polarization-switchable topology, providing a general design framework for electrically programmable correlated-topological integration in two-dimensional heterostructures.",crossref,0
"Start, speed, and direction of secondary forest succession",https://www.science.org/doi/abs/10.1126/sciadv.aed5470?af=R,AAAS: Science Advances: Table of Contents,2026-08-07 07:00:00 UTC,2026-08-07 07:00:00+00:00,10.1126/sciadv.aed5470,Lourens Poorter,"Succession is a foundational concept in ecology, describing changes in populations, communities, and ecosystems over time following a disturbance. Predicting successional pathways is challenging because of high spatiotemporal variability. Here, we present a unifying mechanistic framework that integrates three core components of succession (start, speed, and direction) that define successional pathways. We monitored the first 5 years of forest succession in recently abandoned agricultural fields in six tropical landscapes across three countries that differ in land-use intensity and between dry and wet forests. We found that (i) secondary succession typically started with woody legacies and progressed slowly but directionally toward structurally complex, biodiverse forests, and (ii) the start and speed were greater in areas with short-duration, low-intensity (nonmechanized) land use associated with more biological legacies. This framework advances mechanistic understanding of succession by disentangling the start, speed, and direction, and provides a tool for designing effective forest restoration strategies.",crossref,0
Periodic extreme rainfall in a warmer climate due to stronger convectively coupled waves,https://www.science.org/doi/abs/10.1126/sciadv.aed1634?af=R,AAAS: Science Advances: Table of Contents,2026-08-07 07:00:00 UTC,2026-08-07 07:00:00+00:00,10.1126/sciadv.aed1634,Stephan Fueglistaler,"Tropical regions may experience periodic extreme precipitation and suffer from associated periodic deluges in a warmer climate. Recent studies conducted small-domain (around 100 kilometers by 100 kilometers) atmospheric model simulations and found that precipitation transitions from a steady state to a periodic oscillation state in a hothouse climate when the sea surface temperature reaches 320 to 325 kelvin. Here, we conduct global-scale atmospheric model simulations with varying complexity. We find that tropical precipitation in convective regions already transitions to a
                    
                      
                        
                          O
                        
                      
                    
                    (10-day) periodic oscillation state with a
                    
                      
                        
                          O
                          
                            (
                            100
                             
                            mm
                             
                            
                              day
                              
                                −
                                1
                              
                            
                            )
                          
                        
                      
                    
                    amplitude at 305 to 310 kelvin, about 15 kelvin lower than previously reported and within reach in a century under a high–carbon emission scenario. Using a low-order analytical model, we attribute the onset of the periodic extreme precipitation to the intensification of convectively coupled waves that were not considered in the previous small-domain simulations. Our mechanism highlights the importance of the interaction between convection and atmospheric wave dynamics for climate change.",crossref,0
Transposable elements and homotypic niches drive immune dynamics and resistance in melanoma epigenetic-based immunotherapy,https://www.science.org/doi/abs/10.1126/sciadv.aed1318?af=R,AAAS: Science Advances: Table of Contents,2026-08-07 07:00:00 UTC,2026-08-07 07:00:00+00:00,10.1126/sciadv.aed1318,Michele Ceccarelli,"Melanoma plasticity drives immune evasion and therapy resistance through dynamic cell-state transitions beyond genetic alterations. Although epigenetic remodeling is central to this process, its impact under therapeutic pressure remains unclear. We profiled longitudinal biopsies from patients with melanoma treated in the phase 1b NIBIT-M4 epi-immunotherapy trial [NCT02608437, DNA (cytosine-5)-methyltransferase 1 inhibitor plus anti–CTLA-4] using single-cell multiome and spatial transcriptomics. Seven malignant meta-programs were identified, including a rare Wnt/β-Catenin melanocytic state and a dedifferentiated neural crest–like state enriched in nonresponders. Spatial analyses showed that homotypic clustering stabilizes resistant programs, with neural crest–like cells forming compact niches. Responders displayed enrichment of antigen presentation/interferon program and coordinated T and B cell expansion, whereas nonresponders retained stable neural crest–like clusters. Epigenetic therapy reactivated transposable elements, priming innate immunity and enhancing immunogenicity. Nuclear factor of activated T cells, cytoplasmic 2 (NFATC2) emerged as a master regulator of neural crest–like states and resistance; its perturbation promoted differentiation and immunogenicity. These findings define mechanisms of resistance and nominate β-Catenin and NFATC2 as therapeutic vulnerabilities.",crossref,0
Deep learning reveals a neurocomputational mechanism predicting depression risk in adolescents,https://www.science.org/doi/abs/10.1126/sciadv.aed0772?af=R,AAAS: Science Advances: Table of Contents,2026-08-07 07:00:00 UTC,2026-08-07 07:00:00+00:00,10.1126/sciadv.aed0772,IMAGEN Consortium,"Early detection and prevention of psychiatric disorders, particularly depression, remain as major global health challenges, yet reliable tools for identifying individuals before symptom onset are lacking. Here, we combine functional neuroimaging with computational modeling to identify a mechanistic biomarker of depression risk. In a population-based adolescent cohort (IMAGEN,
                    N
                     = 1332), we found that weakened neural representations of emotional signals were linked to depressive symptoms. Perturbation experiments in a brain-aligned deep learning model showed that this deficit reflects overregularized emotion perception, producing a negative perceptual bias. A neurocomputational signature of this mechanism predicted depression symptom onset up to 4 years later at the IMAGEN follow-up (
                    N
                     = 725), was associated with both a genetic-risk variant and polygenic risk for depression, and improved depression classification in a patient cohort (STRATIFY,
                    N
                     = 411). These findings suggest a possible mechanism linking genetic vulnerability to altered emotion perception and future depression, and propose a predictive computational marker with potential for early detection and prevention.",crossref,0
APOE+ macrophages and POSTN+CAFs form immune-exclusion niche driving immunotherapy resistance in clear-cell renal carcinoma,https://www.science.org/doi/abs/10.1126/sciadv.aed0733?af=R,AAAS: Science Advances: Table of Contents,2026-08-07 07:00:00 UTC,2026-08-07 07:00:00+00:00,10.1126/sciadv.aed0733,Wenhao Xu,"Tumor immune barriers (TIBs) are spatially organized stromal-immune niches that restrict lymphocyte entry. To explain persistent immune-checkpoint blockade (ICB) resistance in clear cell renal cell carcinoma (ccRCC), we mapped TIBs and defined a peritumoral variant built from POSTN
                    +
                    cancer-associated fibroblasts (CAFs) interlaced with APOE
                    +
                    tumor-associated macrophages (TAMs). This niche excluded CD8
                    +
                    T cells from tumor cores, and was enriched in poor-prognosis, ICB-refractory patients. Spatial transcriptomics and single-cell profiling showed TIB regions enriched for extracellular-matrix remodeling, immunosuppressive ligand-receptor circuits, and metabolic reprogramming. Mechanistically, tumor-derived TGF-β1 activated CAFs via SMAD signaling, inducing POSTN and recruiting APOE
                    +
                    TAMs through integrin and chemokine axes. TAMs secreted TGF-β1 and VEGFA, amplifying stromal programs and sustaining exclusion. Blocking POSTN reprogrammed macrophages, reduced matrix-mediated suppression, and restored CD8
                    +
                    infiltration. In vivo, POSTN inhibition combined with ICB boosted antitumor immunity, reduced tumor burden, and reversed immunosuppressive infiltration, nominating POSTN-directed strategies to potentiate ICB.",crossref,0
Tunable dislocations overcome mechano-functional tradeoff in perovskite oxides,https://www.science.org/doi/abs/10.1126/sciadv.aed0057?af=R,AAAS: Science Advances: Table of Contents,2026-08-07 07:00:00 UTC,2026-08-07 07:00:00+00:00,10.1126/sciadv.aed0057,Xufei Fang,"Recent advancements in dislocation engineering are reshaping the traditional view towards ceramics being brittle. Here, we use KTaO
                    3
                    (KTO), a perovskite oxide that is newly discovered with room-temperature bulk plasticity, and demonstrate that the seeded dislocations can effectively tune both mechanical and functional properties. We uncover a brittle-ductile-brittle (BDB) transition: low dislocation densities lead to brittle failure, intermediate densities (∼10
                    14
                    m
                    −2
                    ) enable superior compression plastic deformation capacity with strains over 20%, and high dislocation densities (∼10
                    15
                    m
                    −2
                    ) induce brittle fracture again. This dislocation density-dependent non-monotonic mechanical response challenges the traditional behavior of ceramics and offers design opportunities. Furthermore, dislocation densities can monotonically decrease thermal conductivity, revealing a tradeoff between mechanical strength and functionality. The findings reveal a critical threshold of dislocation density in optimizing the performance of functional oxides, and provide a framework for using dislocations to design advanced materials where mechanical durability and enhanced functionality are intertwined.",crossref,0
High-resolution mapping of embryonic genome activation unveils a decoupling of transcription activation from precocious H3K4me3 removal,https://www.science.org/doi/abs/10.1126/sciadv.aec9545?af=R,AAAS: Science Advances: Table of Contents,2026-08-07 07:00:00 UTC,2026-08-07 07:00:00+00:00,10.1126/sciadv.aec9545,Ana Boskovic,"The lack of temporal resolution in transcriptomic data during mammalian embryonic genome activation (EGA) has precluded the comprehensive understanding of the functional relationships between the various gene regulatory mechanisms governing this process. Here, we finely dissect the transcriptional dynamics of mouse EGA using precision in vitro fertilization (IVF) coupled with single-embryo RNA sequencing. Our highly temporally resolved dataset uncovers an extensive, step-wise remodeling of the embryonic messenger RNA landscape, affecting ∼30% of the total detectable transcripts over a 9-hour time frame. We capture the gradual shift from maternal to embryonic messenger RNAs, successfully identify ribosome biogenesis and translation as hallmarks of EGA, and find previously unidentified gene expression dynamics. We further uncover a set of eight histone demethylating enzymes among the earliest up-regulated EGA genes and leverage our precision-IVF to dissect the transcriptional versus developmental impact of histone H3 lysine-4 trimethylation (H3K4me3) remodeling after fertilization. Our results indicate that precocious removal of H3K4me3 from embryonic chromatin only modestly affects embryonic transcription without perturbing EGA timing, arguing against a major instructive role of precocious remodeling of maternally inherited H3K4me3 after fertilization on genome activation. High-resolution transcriptome mapping coupled with functional perturbations allows us to distinguish direct gene expression effects from general impacts on developmental timing, opening avenues for further quantitative characterization of the impact of epigenome remodeling on embryonic transcription.",crossref,0
Environmental tuning of thyroid hormone signaling drives developmental plasticity,https://www.science.org/doi/abs/10.1126/sciadv.aec5359?af=R,AAAS: Science Advances: Table of Contents,2026-08-07 07:00:00 UTC,2026-08-07 07:00:00+00:00,10.1126/sciadv.aec5359,Vincent Laudet,"Vertebrate developmental transitions unfold in environments increasingly altered by global change. Thyroid hormones, a deeply conserved endocrine axis, coordinate post-embryonic transformations, yet the effects of natural ecological variation on this signaling remain largely unexplored—despite their potential to shape developmental plasticity and acclimation to local environments. To address this, we investigated a common reef fish (
                    Acanthurus triostegus
                    ), which undergoes a thyroid-dependent metamorphosis during settlement into coastal nurseries. By combining transcriptomic, hormonal, and metabolic profiling across distinct natural habitats, we show that settlement triggers a profound reprogramming of energy metabolism, tightly coupled to thyroid signaling. Strikingly, the magnitude and direction of thyroid hormone regulation varied with habitat, producing divergent metabolic and physiological states. These results demonstrate that thyroid hormones act not only as a developmental timer but as a dynamic integrator of environment and physiology. More broadly, they reveal a conserved mechanism of vertebrate developmental plasticity, highlighting endocrine flexibility as a potential buffer of population resilience under rapid environmental change.",crossref,0
Monolithically integrating polarization-doped InGaN p-FET and GaN n-FET for complementary logic circuitry,https://www.science.org/doi/abs/10.1126/sciadv.aec4563?af=R,AAAS: Science Advances: Table of Contents,2026-08-07 07:00:00 UTC,2026-08-07 07:00:00+00:00,10.1126/sciadv.aec4563,Jin Wei,"Low-efficiency p-type impurity doping has long impeded the practical adoption of wide-bandgap semiconductors in integrated circuits (ICs). In wide-bandgap III-nitride semiconductors, the inherent polarization effects provide an alternative approach to engineering electrical properties. Here, we report the monolithic integration of polarization-doped InGaN p-channel FETs with polarization-doped GaN n-channel FETs for complementary logic (CL) circuitry. The enhancement-mode (E-mode) InGaN p-FET achieves a high current density exceeding 20 mA/mm. We construct a series of III-nitride CL building blocks, including inverter, ring oscillator (RO), NAND, NOR, RS latch, and 6T-SRAM. The inverter exhibits a high maximum voltage gain of 154.1 V/V, and the RO achieves a record short propagation delay per stage of 10.4 ns. Additionally, we demonstrate the monolithic integration of CL buffers with high-voltage GaN power transistors. These results establish the polarization-doped III-nitride CL platform as a promising solution for high-frequency power management ICs and harsh-environment electronics.",crossref,0
MBNL1 hijacks a structured single-stranded distal DNA element to sustain FLT3 expression in KMT2A-rearranged leukemias,https://www.science.org/doi/abs/10.1126/sciadv.aec2331?af=R,AAAS: Science Advances: Table of Contents,2026-08-07 07:00:00 UTC,2026-08-07 07:00:00+00:00,10.1126/sciadv.aec2331,Chunliang Li,"The molecular mechanisms by which KMT2A-rearranged (KMT2A-r) leukemias maintain the oncogenic
                    FLT3
                    expression remain largely unclear, limiting therapeutic opportunities. Here, we identify the RNA binding protein MBNL1 as an unexpected positive regulator of
                    FLT3
                    by DepMap dataset exploration and combinatorial CRISPR screens. MBNL1 promotes leukemia cell survival in cell lines and primary tumors by sustaining
                    FLT3
                    expression in a KMT2A-r context-dependent manner. Mechanistically, we discover that MBNL1 recognizes a structured single-stranded DNA (ssDNA) element containing five consecutive guanines within the
                    FLT3
                    enhancer, through MBNL1’s zinc finger domains and the carboxyl-terminal unstructured region. Such MBNL1 protein/ssDNA interaction was evident in KMT2A-r leukemia using ChIP-seq and KAS-seq. Mutations of key amino acids of MBNL1’s ssDNA binding surface or the critical guanines in ssDNA markedly abrogate the protein-ssDNA interactions. These findings implicate MBNL1 as a distinct
                    FLT3
                    activator by recognizing a structured enhancer ssDNA element, highlighting an unexpected role for RNA binding proteins in transcriptional regulation through direct ssDNA recognition.",crossref,0
Ly6d expression delineates two putative postnatal thymus epithelial progenitor cells that are differentially affected by aging,https://www.science.org/doi/abs/10.1126/sciadv.aec2253?af=R,AAAS: Science Advances: Table of Contents,2026-08-07 07:00:00 UTC,2026-08-07 07:00:00+00:00,10.1126/sciadv.aec2253,Michael D. Morgan,"To date, the identity and maintenance of postnatal thymic epithelial progenitor cells (TEPCs) remain unclear, as does the persistence of bipotent TEPCs after birth or whether lineage-restricted progenitors independently maintain separate TEC compartments. Using an inducible lineage-tracing system based on expression of the thymoproteasomal protein β5t, which is expressed in embryonic and a subset of postnatal TEPCs, we explored the early dynamics of the relationships between thymic epithelial cell (TEC) progenitors and their progeny. Our results identified two potential lineage-biased progenitor subpopulations, distinguished by
                    Ly6d
                    expression. Additionally, we observed that aging disproportionately affects
                    Ly6d
                    −
                    compared to
                    Ly6d
                    +
                     TEPCs, with implications for rejuvenation of aging thymic epithelia. This study provides insights into the developmental pathways of TEC lineages and their maintenance, contributing to strategies for enhancing thymic function in aging and disease.",crossref,0
TRIM29-dependent AKR1B10 degradation ameliorates MASH,https://www.science.org/doi/abs/10.1126/sciadv.aeb9309?af=R,AAAS: Science Advances: Table of Contents,2026-08-07 07:00:00 UTC,2026-08-07 07:00:00+00:00,10.1126/sciadv.aeb9309,Xiaoli Ye,"Metabolic dysfunction–associated steatohepatitis (MASH) is a prevalent and life-threatening liver disease with limited effective therapies, necessitating the urgent identification of previously unidentified molecular targets and effective pharmacologic agents. This study identifies aldo-keto reductase family 1 member B10 (AKR1B10) as the MASH hallmark, showing elevated expression in patient tissues and serum, correlating strongly with disease severity. Genetic ablation of
                    Akr1b10
                    in mice significantly attenuated high-fat/high-cholesterol (HFHC) diet–induced steatosis, inflammation, and fibrosis. Mechanistically, we found that tripartite motif protein 29 (TRIM29) functions as an E3 ubiquitin ligase that directly binds AKR1B10, promoting its ubiquitination and proteasomal degradation, which ameliorates MASH progressions. Furthermore, the natural compound coptisine (COP) allosterically facilitated TRIM29-AKR1B10 interaction, accelerating AKR1B10 degradation and showing improved efficacy in MASH mice. Moreover,
                    Trim29
                    overexpression enhances COP-mediated symptoms alleviation. Our findings delineate the TRIM29/AKR1B10 axis as a druggable signaling pathway and identify COP as a promising therapeutic candidate for MASH.",crossref,0
The microenvironment dictates glyco-immune surveillance via HSF1-mediated metabolism,https://www.science.org/doi/abs/10.1126/sciadv.aeb1136?af=R,AAAS: Science Advances: Table of Contents,2026-08-07 07:00:00 UTC,2026-08-07 07:00:00+00:00,10.1126/sciadv.aeb1136,Valerie M. Weaver,"Altered glucose metabolism is an auspicious feature of solid tumors, but is it an intrinsic property of tumor cells or a metabolic adaptation to the tumor microenvironment? Using normal epithelial cells cultured in a physiological culture medium under conditions that mimic the physical properties of healthy or cancerous tissues, we establish multiomics relationships between the biochemical and physical properties of the microenvironment and its impact on biosynthetic outputs of altered glucose metabolism. We find that microenvironmental properties, such as hyperglycemia, can affect the composition and thickness of the epithelial glycocalyx, in part through the activity of mechanosensitive stress responses associated with Heat Shock Factor 1 (HSF1). Because glycocalyx thickness alters immune surveillance of epithelial-origin tumor cells, we examined the relationship between the HSF1-hyperglycemia axis in human breast tumors and validate it as a druggable vulnerability to license natural killer cell lethality against cancer cells.",crossref,0
3D genome organization in tissue regeneration involves long-range chromatin loops,https://www.science.org/doi/abs/10.1126/sciadv.aea8281?af=R,AAAS: Science Advances: Table of Contents,2026-08-07 07:00:00 UTC,2026-08-07 07:00:00+00:00,10.1126/sciadv.aea8281,Montserrat Corominas,"The three-dimensional (3D) organization of the genome plays a fundamental role in gene expression regulation, yet how changes in genome architecture influence transcriptional responses during tissue regeneration remains poorly understood. Here, we used Hi-C to profile 3D chromatin conformation during
                    Drosophila
                    wing imaginal disc regeneration. We found that, although compartments and topologically associating domains (TADs) are largely maintained, regeneration is accompanied by reduced compartmentalization and decreased boundary insulation. We identified three long-range chromatin loops with increased contact frequency during regeneration. Targeted deletion of their anchors revealed that these loops are essential for proper disc regeneration but dispensable for normal wing development. Furthermore, disruption of any of these loops resulted in convergent changes in both gene expression and H3K4me1 3D environment, suggesting their coordinated activity during regeneration. These findings provide functional evidence that 3D genome architecture actively contributes to the regenerative process.",crossref,0
Language-like statistical structure arises in learned signaling: evidence from birdsong,https://www.science.org/doi/abs/10.1126/sciadv.aea3015?af=R,AAAS: Science Advances: Table of Contents,2026-08-07 07:00:00 UTC,2026-08-07 07:00:00+00:00,10.1126/sciadv.aea3015,Inbal Arnon,"All languages have statistically coherent subsequences (e.g., words) whose frequency distribution follows a power law. These properties facilitate language learning in humans, making them good candidates for arising through cultural transmission as a way to help faithful transmission across generations. Recently, both properties were found in whale song, which is also culturally transmitted, leading to the strong prediction that they should be found wherever complex sequential signaling is culturally transmitted. Here, we use the same tools used to analyze human data and whale song to reveal that culturally transmitted Bengalese finch song also has statistically coherent subsequences whose distribution follows a power law. We additionally show that statistical coherence increases over development, but the power law is present throughout, suggesting that it reflects a fundamental principle of learned representations. Finding these parallels between evolutionarily distant species illustrates the importance of cultural transmission in shaping communication and suggests that core properties of language arise through convergent evolution.",crossref,0
Metasurface-controlled high-speed tunable external cavity lasers,https://www.science.org/doi/abs/10.1126/sciadv.aee1791?af=R,AAAS: Science Advances: Table of Contents,2026-08-07 07:00:00 UTC,2026-08-07 07:00:00+00:00,10.1126/sciadv.aee1791,Ileana-Cristina Benea-Chelmus,"Tunable lasers are essential for optical communication, spectroscopy, and precision sensing, where fast and stable wavelength control is required. Conventional tuning approaches rely on either current or temperature tuning, mechanical actuation, or bulky external modulators, limiting speed, stability, or integration. Here, we introduce an external cavity semiconductor laser incorporating a resonant electro-optic metasurface as the external mirror, enabling ultrafast frequency and amplitude control within a compact, motion-free platform. The metasurface provides narrowband feedback that ensures single-mode operation and voltage-controlled tuning across a wide current range. We demonstrate mode-hop-free linear frequency tuning with rates up to 180 terahertz per second and frequency excursions reaching 110 megahertz under a 10-volt peak radio-frequency drive. By biasing the laser near threshold, we further achieve intensity modulation efficiencies exceeding 100% at 4 volts. These results establish electro-optic metasurfaces as a powerful route toward compact, high-speed, mode-hop-free tunable lasers for free-space communication, ranging, and high-resolution spectroscopy.",crossref,0
"Correction for Pranger et al., Five decades of seasonal phytoplankton succession examined with principal traits—An approach linking composition to function",https://www.pnas.org/doi/abs/10.1073/pnas.2624722123?mi=eymic2&af=R&access=on&content=articlesChapters&publication=pnas&sortBy=Earliest&target=default,Proceedings of the National Academy of Sciences: Keyword search for query,2026-08-07 07:00:00 UTC,2026-08-07 07:00:00+00:00,10.1073/pnas.2624722123,,,,0
Direct visualization of RNA virus and evaluation of drug effect in living cells by catalytically transformable DNA cube,https://www.science.org/doi/abs/10.1126/sciadv.aee2515?af=R,AAAS: Science Advances: Table of Contents,2026-08-07 07:00:00 UTC,2026-08-07 07:00:00+00:00,10.1126/sciadv.aee2515,Xin Su,"In situ visualization of viral RNA in living cells is critical for understanding infection dynamics and evaluating antiviral responses, yet offline methods such as polymerase chain reaction are incompatible with real-time analysis. Here, a CAtalytically Transformable DNA Cube (CAT-Cube) is presented as a structurally stable and autonomously cell-permeable DNA nanostructure for real-time viral RNA imaging in living cells. By spatially confining catalytic hairpins within a rigid scaffold, CAT-Cube increases the local reaction concentration and enhances sensitivity toward viral RNA while releasing the RNA after transformation rather than consuming it. The probe produces bright, photostable signals that support continuous tracking of transcription- and replication-competent severe acute respiratory syndrome coronavirus 2 virus-like particles at a multiplicity of infection as low as 0.1. This system also enables evaluation of antiviral agents, including angiotensin-converting enzyme 2 (ACE2) inhibitors, DNA aptamers, and the natural compound cepharanthine, and reveals mechanisms involving ACE2 and spike binding. CAT-Cube therefore provides a generalizable approach for real-time viral RNA imaging and dynamic assessment of antiviral effects in living cells.",crossref,0
Distributed burst firing mediates optimized cortical encoding of natural self-motion,https://www.science.org/doi/abs/10.1126/sciadv.aee8327?af=R,AAAS: Science Advances: Table of Contents,2026-08-07 07:00:00 UTC,2026-08-07 07:00:00+00:00,10.1126/sciadv.aee8327,Maurice J. Chacron,"Accurate perception of self-motion requires that vestibular input be transformed into neural representations suitable for integrating multisensory cues to guide action. Here, we demonstrate that vestibular cortical neurons represent the self-motion stimuli encountered during everyday activities in a fundamentally different manner than the artificial self-motion stimuli typically used. Using stimuli whose waveforms reproduce the head dynamics encountered in natural behavior, we found that neural activity no longer tracked stimulus velocity through graded firing-rate changes, as observed during artificial sinusoidal stimulation, but instead reliably encoded distinct motion features through burst firing. At the population level, these bursts formed a distributed code that enhanced information transmission by reducing redundancy. This transformation emerged only during natural stimulation and was absent in the vestibular thalamus. Together, our results demonstrate that the vestibular cortex constructs a distributed, feature-based representation of natural self-motion, fundamentally reshaping our understanding of how cortical circuits encode vestibular signals to mediate perception.",crossref,0
Experimental violation of a Bell-like causal inequality in a photonic quantum switch,https://www.science.org/doi/abs/10.1126/sciadv.aee9271?af=R,AAAS: Science Advances: Table of Contents,2026-08-07 07:00:00 UTC,2026-08-07 07:00:00+00:00,10.1126/sciadv.aee9271,Peng Xue,"Indefinite causal order can be realized by a quantum switch, yet its experimental certification has so far relied on assumptions about the devices. A device-independent verification of indefinite causal order would show, from the observed correlations alone and without relying on a detailed model of the devices, that they are incompatible with any classical description based on a fixed causal order. Here, we implement a photonic quantum switch in a device-independent scenario and test a Bell-like causal inequality using entangled photons. One photon serves as the control qubit of the quantum switch, while the other is measured by a distant party with rapidly and independently chosen settings. We observe a violation of the causal inequality by 24 standard deviations. These results provide experimental evidence for indefinite causal order, albeit in the presence of remaining loopholes, and mark an important step toward a fully loophole-free device-independent verification of causal indefiniteness in quantum processes.",crossref,0
T cell–nanodrug conjugates synchronize vascular normalization and immune activation for solid tumor therapy,https://www.science.org/doi/abs/10.1126/sciadv.adp2955?af=R,AAAS: Science Advances: Table of Contents,2026-08-07 07:00:00 UTC,2026-08-07 07:00:00+00:00,10.1126/sciadv.adp2955,Juan Liu,"Adoptive T cell therapy requires T cells to infiltrate vascular tissues and preserve immune function. In solid tumor treatment, however, the surrounding microenvironment produces abnormal vasculature that impedes T cell infiltration. An approach that enables vascular normalization and enhances adoptive T cell function in parallel is essential for effective therapy but has not been reported. Here, we report the use of lenvatinib (LEN) to induce transient vascular normalization, thereby facilitating T cell infiltration. Moreover, LEN enhances T cell persistence by promoting the differentiation of T cells toward a memory phenotype. Our results indicate that the differentiation is by suppressing the PI3K–AKT–mTOR pathway, which drives effector differentiation, and by activating FOXO1, a transcription factor that promotes memory formation. To coordinate the transient vascular normalization and T cell enhancement, we link LEN-loaded, PD-L1–blocking micelles to T cells through acid-labile click chemistry, forming pH-responsive T cell–nanodrug conjugates. The conjugates synchronize the intratumoral release of LEN and the PD-L1 antagonist peptide OPBP-1, thereby coordinating vascular normalization, T cell differentiation, and checkpoint blockade. In vivo, the conjugates increased intratumoral CD8
                    +
                    T cells and splenic memory T cells by over sixfold in B16-OVA tumors and achieved complete regression in a subset of MC38-OVA tumors without systemic toxicity, providing a promising strategy for solid tumor immunotherapy.",crossref,0
Continuous contributions of the dorsolateral striatum to movement initiation and execution,https://www.science.org/doi/abs/10.1126/sciadv.adt2097?af=R,AAAS: Science Advances: Table of Contents,2026-08-07 07:00:00 UTC,2026-08-07 07:00:00+00:00,10.1126/sciadv.adt2097,Jianing Yu,"Spikes in the dorsolateral striatum (DLS) of the basal ganglia (BG) correlate with forelimb and whole-body movements, but the extent to which they contribute to movement remains unclear. Using behavior-timed optogenetic inhibition in rats performing a lever-release reaction-time task, we found that DLS photoinhibition delayed the initiation of forelimb reaching and lever release; when delivered during ongoing reaching, it also interrupted execution. Inhibition during reward retrieval impaired locomotion, especially turning, reducing movement speed and resulting in less efficient trajectories. By contrast, inhibition before the reward-triggering nose poke had little effect despite substantial preceding DLS activity. These effects were accompanied by bidirectional changes in firing rates in the substantia nigra pars reticulata, a BG output nucleus, and were much weaker when the dorsomedial striatum was perturbed. Together, these findings suggest that execution of many, but not all, learned movement patterns depends continuously on DLS activity.",crossref,0
Erratum for the Research Article “Forecast attribution reveals enhanced heat mortality from climate change in British Columbia heatwave” by C.Y. Shapland et al.,https://www.science.org/doi/abs/10.1126/sciadv.aej3478?af=R,AAAS: Science Advances: Table of Contents,2026-08-07 07:00:00 UTC,2026-08-07 07:00:00+00:00,10.1126/sciadv.aej3478,,,,0
Neural competition between prefrontal and auditory cortex constrains novel sound strategy learning,https://www.science.org/doi/abs/10.1126/sciadv.aeb3005?af=R,AAAS: Science Advances: Table of Contents,2026-08-07 07:00:00 UTC,2026-08-07 07:00:00+00:00,10.1126/sciadv.aeb3005,Robert C. Liu,"In nature, animals learn to replace predisposed behaviors with new strategies, yet the neural constraints on these transitions are unclear. Using an ethological search task in mice, we reveal medial prefrontal cortical (mPFC) neural correlates of a predisposed win-stay strategy that decays as animals learn to follow a more reliable auditory cue. Auditory cortex (ACx) activity predicts correct trial-by-trial sound-guided search, even on day one of training. This prognostic coding strengthens with learning and emerges from suppressed spiking, most pronounced in neurons tuned laterally to the cue’s spectrum. Chemogenetic disruption reveals ACx contributions to improving performance. Unexpectedly, the global silencing of mPFC accelerates successful usage of sound-tracking, contrary to its canonical role in flexible or stimulus-dependent behavior. Instead, a decentralized multiexpert competition model best predicts behavior and causal perturbations. These findings suggest that mPFC implements a default strategy based on prior knowledge, which actively hinders the expression of more efficient strategies.",crossref,0
Interaction-driven flat band and charge order in Fe5GeTe2,https://www.science.org/doi/abs/10.1126/sciadv.aeg5930?af=R,AAAS: Science Advances: Table of Contents,2026-08-07 07:00:00 UTC,2026-08-07 07:00:00+00:00,10.1126/sciadv.aeg5930,Shuolong Yang,"Flat electronic bands enable fascinating emergent phenomena such as superconductivity and charge orders. A prevailing approach to realizing flat bands is to engineer lattice geometric constraints in twisted or kagome-like materials. An alternative approach is to utilize purely electronic-interaction-driven flat bands, yet a fundamental challenge is that extreme flatness requires ultrastrong interaction strength, which often leads to incoherent states. Here we demonstrate the concurrent formation of an interaction-driven flat band at the Fermi level and a
                    
                      
                        
                          
                            3
                          
                          ×
                          
                            3
                          
                          R
                          30
                          °
                        
                      
                    
                    charge order in a van der Waals magnet Fe
                    5
                    GeTe
                    2
                    using high-resolution angle-resolved photoemission spectroscopy. This charge order is manifested by band folding within 30 meV below the Fermi level, with its nesting driven by flat bands. The presence of this flat band throughout the Brillouin zone and the logarithmic temperature dependence of its spectral weight suggest a phenomenological Kondo-like, coherent Fermi liquid emerging from strong correlations. Our work establishes a paradigm where an interaction-driven flat band promotes large-scale electronic ordering.",crossref,0
Formation of tertiary lymphoid structures drives Parkin antitumor immunity,https://www.science.org/doi/abs/10.1126/sciadv.aef3194?af=R,AAAS: Science Advances: Table of Contents,2026-08-07 07:00:00 UTC,2026-08-07 07:00:00+00:00,10.1126/sciadv.aef3194,Dario C. Altieri,"Mitochondria activate immunity, but the role in cancer is unknown. Here, we report that transgenic expression of Parkin, a regulator of mitochondrial fitness, induces inflammation and interferon (IFN) gene signatures, suppresses prostate cancer formation and generates CD8
                    +
                    and CD20
                    +
                    intraprostatic immune aggregates. These had hallmarks of mature tertiary lymphoid structures (TLS), expressing markers of B cell maturation (CXCL13, CCL21), germinal center formation (BCL6, GL7), mature dendritic cells (MHC-II/CD208) and high endothelial venules (LYVE-1). Parkin TLS showed high Ig gene expression, recruitment of CXCR5
                    +
                    follicular T helper cells and expansion of CD69
                    +
                    /KLRG1
                    +
                    effector T cells. Conditioned medium from Parkin-positive cells expanded memory B and plasma cells, increased IgG1 production, and sustained B and T cell migration. Finally, conditional expression of Parkin induced TLS formation, upregulated Ig chains and inhibited prostate cancer growth, in vivo, whereas Parkin reconstitution in IFNAR1, CD8 or CD20 knockout mice had no effect. Therefore, mitochondrial immunity orchestrates antitumor responses, and TLS formation contributes to tumor suppression.",crossref,0
Higher-order trade-offs in hypergraph community detection,https://www.science.org/doi/abs/10.1126/sciadv.aef2184?af=R,AAAS: Science Advances: Table of Contents,2026-08-07 07:00:00 UTC,2026-08-07 07:00:00+00:00,10.1126/sciadv.aef2184,Leto Peel,"Extending community detection from pairwise networks to hypergraphs introduces fundamental theoretical challenges. Hypergraphs exhibit structural heterogeneity with no direct graph analog: Hyperedges of varying orders can connect nodes across communities in diverse configurations. Crucially, this means that any hypergraph community detection algorithm must make a choice regarding which order or balance of hyperedges it prefers to maintain or split during partitioning. We address these challenges by developing a unified framework for community detection in nonuniform hypergraphs under the hypergraph stochastic block model. We introduce a general signal-to-noise ratio that enables a quantitative analysis of trade-offs unique to higher-order networks, such as which hypergedges we choose to split across communities and how we choose to split them. Building on this framework, we derive a Bethe Hessian operator for nonuniform hypergraphs that provides efficient spectral clustering with principled model selection. We characterize the resulting spectral detectability threshold and compare it to belief propagation limits, showing the methods coincide for uniform hypergraphs but diverge in nonuniform settings. Synthetic experiments confirm our analytical predictions and reveal systematic biases toward preserving higher-order and balanced shape hyperedges. Application to empirical data demonstrates the practical relevance of these higher-order detectability trade-offs in real-world systems.",crossref,0
Two contrasting atmospheric circulation patterns linked to Kuroshio Extension variability,https://www.science.org/doi/abs/10.1126/sciadv.aee9489?af=R,AAAS: Science Advances: Table of Contents,2026-08-07 07:00:00 UTC,2026-08-07 07:00:00+00:00,10.1126/sciadv.aee9489,Youngji Joh,"The influence of Kuroshio Extension (KE) variability on North Pacific atmospheric circulation has been increasingly recognized in high-resolution observations and models. While the role of fine-scale air-sea interactions has been highlighted, the dynamics underlying KE atmospheric impacts remain elusive. Here, based on observational analyses and a suite of model simulations, we report two contrasting atmospheric circulation patterns that arise from temporal variations in KE boundary forcing on the atmosphere. During the late 20th century (1979–1999), the positive KE phase, along with a northward shifted Kuroshio SST front, anchors the Pacific storm track farther poleward accompanied by an anomalous anticyclonic circulation. In contrast, during the early 21st century (2000–2022), KE variability exhibits stronger linkages with central tropical Pacific SST that drives a southward shift of the storm track with an anomalous cyclonic circulation, further amplified by enhanced Kuroshio latent heat release. Our findings suggest that accounting for decadal shifts in KE SST boundary forcing is critical for accurately representing KE downstream impacts.",crossref,0
Emergent metabolic parasitism driven by organelle sequestration,https://www.science.org/doi/abs/10.1126/sciadv.adx9022?af=R,AAAS: Science Advances: Table of Contents,2026-08-07 07:00:00 UTC,2026-08-07 07:00:00+00:00,10.1126/sciadv.adx9022,Matthew D. Johnson,"Stable acquisitions of metabolism, such as the endosymbiotic incorporation of eukaryotic chloroplasts, are thought to proceed through mechanisms that increase the genetic repertoire of the host and allow for vertical integration of new metabolism. Here, we test these predictions using the chloroplast-stealing marine ciliate genus
                    Mesodinium
                    by comparing transcriptomes from species that represent a spectrum from full heterotrophy to nearly full phototrophy. We find a notable divestment in metabolic autonomy with increased reliance on acquired photosynthesis. The highly photosynthetic, red tide-forming
                    Mesodinium rubrum
                    appears to have lost the capacity to synthesize amino acids, metabolize fatty acids, and produce peroxisomes. Our results portray a metabolic parasite, masquerading as a free-living ciliate that is nonetheless incapable of satisfying most of its basic anabolic needs and which provides an alternate model for understanding evolutionary transitions from heterotrophy to phototrophy.",crossref,0
A comprehensive and accessible database of jawed-vertebrate ohnologs,https://www.science.org/doi/abs/10.1126/sciadv.adz8270?af=R,AAAS: Science Advances: Table of Contents,2026-08-07 07:00:00 UTC,2026-08-07 07:00:00+00:00,10.1126/sciadv.adz8270,Aoife McLysaght,"Whole-genome duplications (WGDs) profoundly shaped early vertebrate evolution. The set of paralogs retained from these events—“ohnologs”—has had lasting impacts on genome structure and function, including disease gene enrichment. Despite this, we still lack a gold standard ohnolog database. Here, we have harnessed ancestral genome reconstructions together with phylogenetic and synteny information to produce a robust ohnolog dataset that includes details on the nature and quality of evidence and a user-friendly interface. We have been able to resolve the 1R versus 2R origins of a large number of cases, as well as including previously hard-to-detect ohnologs. We find that 1R-retained ohnologs are involved in cellular transport, while those retained after both 1R and 2R are biased toward signaling functions, especially neuronal signaling. These findings suggest that after an initial adaptation to the cellular burden of polyploidy, WGD expanded the opportunities for intercellular communication.",crossref,0
Biomimetic hierarchical heterogeneity endows layered nanocomposite with excellent mechanical and electrical insulating properties,https://www.science.org/doi/abs/10.1126/sciadv.aec6963?af=R,AAAS: Science Advances: Table of Contents,2026-08-07 07:00:00 UTC,2026-08-07 07:00:00+00:00,10.1126/sciadv.aec6963,Shu-Hong Yu,"Aramid-based nanopapers with high mechanical and electrical insulating properties, together with high-temperature stability, are urgently desired for electrical safety but are challenging to be constructed. Notably, biological materials can adopt different nanoscale building blocks and regulate their spatial distribution to construct hierarchical heterostructure for overall performance optimization. Herein, inspired by biological hierarchical heterogeneity, integrating building blocks of two-dimensional rectorite nanosheet (RNS) and one-dimensional aramid nanofiber (ANF), we construct hierarchically heterostructured nanopapers with RNS-enriched bilateral sublayers and the ANF-enriched inner sublayer. The obtained 5-10-5 heterostructured nanopaper with 20-micrometer thickness through systematic regulation exhibits an impressive combination of breakdown strength (171 kilovolts per millimeter), corona resistance (18.3 hours), and mechanical properties, surpassing homostructured RNS-ANF nanopapers. The enhancement efficiency of corona resistance is orders of magnitude higher than that of reported insulating papers. The breakdown strength and corona resistance can be retained at high values in real-time temperature (up to 150°C). These properties make our biomimetic hierarchically heterostructured nanopaper highly competitive for applications.",crossref,0
Capsid stabilization reprograms the nuclear fate of the HIV genome,https://www.science.org/doi/abs/10.1126/sciadv.aef9469?af=R,AAAS: Science Advances: Table of Contents,2026-08-07 07:00:00 UTC,2026-08-07 07:00:00+00:00,10.1126/sciadv.aef9469,Francesca Di Nunzio,"Capsid stabilization, induced by low-nanomolar concentrations of Lenacapavir (LEN)—a first-in-class capsid inhibitor—impedes HIV-1 replication in macrophages without disrupting reverse transcription or nuclear import. In LEN-treated cells, ultrastructural analyses reveal preserved conical capsids persisting within nuclear CPSF6-enriched puncta—HIV-1–induced membraneless organelles (HIV-1–MLOs)—which remain spatially segregated from canonical integration hubs near nuclear speckles (NSs). Rather than fusing with NSs, HIV-1–MLOs are rerouted to chromatin-associated promyelocytic leukemia nuclear bodies (PML-NBs), where molecular exchange occurs without condensate fusion. This nuclear redirection correlates with the sequestration of the viral genome within stabilized capsids, reducing the pool of viral DNA available for integration and redirecting the few accessible genomes to atypical integration sites near PML-NBs. These findings uncover a previously unrecognized mechanism of LEN action, whereby capsid stabilization reprograms the nuclear fate of the HIV-1 genome in macrophages, limiting integration and redirecting viral DNA toward more repressive nuclear environments, likely shaping the transcriptional potential of newly integrated viral DNA.",crossref,0
Ribosomal protein bL27 protects translating ribosomes from tmRNA-SmpB,https://www.science.org/doi/abs/10.1126/sciadv.aef7696?af=R,AAAS: Science Advances: Table of Contents,2026-08-07 07:00:00 UTC,2026-08-07 07:00:00+00:00,10.1126/sciadv.aef7696,Kenneth C. Keiler,"Bacterial ribosomal protein bL27 is universally conserved, and its amino terminus is adjacent to the peptidyl transfer center, yet its roles in translation remain unclear. Combining genetics, biochemistry, and molecular dynamics, we show that bL27 has an unexpected role in preventing transfer-messenger RNA (tmRNA)-small protein B (SmpB), molecules involved in the trans-translation bacterial ribosome rescue mechanism, from interfering with protein synthesis. Deletion of the bL27 gene causes a 10,000-fold decrease in viability, and this defect is partially rescued by deletion of the gene encoding tmRNA. Addition of tmRNA-SmpB to in vitro translation reactions decreases the rate of protein synthesis by ribosomes lacking bL27 but has no effect on wild-type ribosomes. Molecular dynamics simulations also indicate that bL27 can slow the movement of tmRNA on the ribosome. These data link trans-translation and bL27 and support a model in which the amino terminus of bL27 acts as a gatekeeper to prevent tmRNA from sterically interfering with tRNA (transfer RNA) on the ribosome.",crossref,0
On-chip waveguide-integrated light sources using MoS2/WSe2 moiré superlattices on a silicon photonic platform,https://www.science.org/doi/abs/10.1126/sciadv.aef5518?af=R,AAAS: Science Advances: Table of Contents,2026-08-07 07:00:00 UTC,2026-08-07 07:00:00+00:00,10.1126/sciadv.aef5518,Sanshui Xiao,"Moiré superlattices have been widely explored as a unique platform for investigating exotic physics, but their potential applications in integrated photonics remain unexplored. In this work, we demonstrate a waveguide-integrated light source operating at telecom wavelengths with high temporal coherence, enabled by molybdenum disulfide (MoS
                    2
                    )/tungsten diselenide (WSe
                    2
                    ) moiré superlattices coupled to a silicon photonic nanobeam cavity. Our results reveal that, at room temperature, the moiré potential in MoS
                    2
                    /WSe
                    2
                    superlattices strongly boosts light-emission intensity, extends interlayer-exciton lifetime, and redshifts the emission wavelength. Our demonstrated device shows excellent coherence properties with near-unity interference visibility and a coherence length of about 3.8 millimeters, substantially exceeding the performance of previously reported two-dimensional–material light sources. Moreover, these devices exhibit stable performance under ambient conditions, operating within the fiber communication O-band. This work paves the way for leveraging moiré superlattices as a promising material for photonic integrated circuits, highlighting their potential to enhance light-matter interactions and expand the capabilities of on-chip photonic technologies.",crossref,0
Glacier retreat shapes organic nutrient availability across lake succession,https://www.science.org/doi/abs/10.1126/sciadv.aef3201?af=R,AAAS: Science Advances: Table of Contents,2026-08-07 07:00:00 UTC,2026-08-07 07:00:00+00:00,10.1126/sciadv.aef3201,Jakob Brodersen,"Glacier retreat is rapidly transforming landscapes, creating thousands of new lakes that act as natural laboratories of ecological succession. In these newly formed ecosystems, colonizing animals must meet their requirements for essential organic nutrients, such as long-chain polyunsaturated fatty acids (LC-PUFAs). Here, we combined compound-specific stable isotope analyses of amino acids with fatty acid analysis to trace the origins and transfer of organic nutrients to fish (Arctic char) across a glacial-to-lacustrine lake succession in southern Greenland. Through lake succession, primary sources of nutrients shifted, coinciding with a 60% increase in LC-PUFA concentration in individual fish. In early glacial stages, Arctic char appeared to compensate for low LC-PUFA availability through endogenous biosynthesis of docosahexaenoic acid and, when connected to the fjord, by assimilating marine-derived nutrients via egg cannibalism. Overall, our results demonstrate that glacier retreat reshapes not only physical landscapes but also organic nutrient availability, with cascading consequences for animal physiology, ecosystem connectivity, and potentially long-term evolutionary trajectories.",crossref,0
Optical isolation and circulation using quantum frequency conversion on a chip,https://www.science.org/doi/abs/10.1126/sciadv.aef0501?af=R,AAAS: Science Advances: Table of Contents,2026-08-07 07:00:00 UTC,2026-08-07 07:00:00+00:00,10.1126/sciadv.aef0501,Kejie Fang,"Breaking electromagnetic reciprocity enables directional control of light and is essential for both classical and quantum photonic systems. However, realizing integrated optical nonreciprocity that simultaneously combines low loss, broad bandwidth, and compatibility with quantum states of light remains a major challenge. Here, we demonstrate optical nonreciprocity based on quantum frequency conversion in an integrated
                    
                      
                        
                          
                            χ
                            
                              (
                              2
                              )
                            
                          
                        
                      
                    
                    nonlinear waveguide. Operating from classical power levels down to the single-photon level, the device preserves quantum coherence and entanglement of the input photons. We achieve an isolation of 34 decibels with a low on-chip insertion loss of 0.8 decibels and a broad isolation bandwidth, together with a four-port circulator exhibiting an operational fidelity of up to 0.97. Our results establish parametric frequency conversion as a scalable and quantum-compatible route toward integrated nonreciprocal photonic devices for applications in quantum communication and noise-resilient photonic networks.",crossref,0
Decoding the chemical space of fast-ion conductors via a descriptor-guided transfer learning framework,https://www.science.org/doi/abs/10.1126/sciadv.aee4959?af=R,AAAS: Science Advances: Table of Contents,2026-08-07 07:00:00 UTC,2026-08-07 07:00:00+00:00,10.1126/sciadv.aee4959,Fengqi You,"Fast-ion conductors (FICs) are key components for next-generation high-performance batteries, yet predicting ion mobility remains challenging because of the unclear transport mechanisms. This difficulty is further compounded by experimental datasets that lack precise crystal structures. Here, we present a descriptor-guided transfer learning framework, named IonNet, to predict ion mobility for compounds, regardless of structure accessibility. IonNet adopts a multichannel subnetwork architecture that captures universal representations by integrating static and statistical descriptors of compounds. We demonstrate the exceptional performance of IonNet in predicting ion mobility, consistently outperforming 16 ablation study combinations and previous deep learning models. Leveraging the universal adaptability of chemical representations, IonNet not only uncovers 87 FICs among ∼4500 stable perfectly stoichiometric compounds but also efficiently pinpoints ∼63,000 prospective FICs from ∼5 million substituted compounds. This study not only presents a full-chain artificial intelligence tool for identifying FICs but also offers compositional principles governing ion mobility, thereby accelerating the development of energy storage and conversion.",crossref,0
Structural insights into a substrate translocation pathway revealed by the RND efflux pump complex MexJK from Pseudomonas aeruginosa,https://www.science.org/doi/abs/10.1126/sciadv.aee7036?af=R,AAAS: Science Advances: Table of Contents,2026-08-07 07:00:00 UTC,2026-08-07 07:00:00+00:00,10.1126/sciadv.aee7036,Feng Long,"Resistance–nodulation–cell division (RND) efflux pumps are the major cause of multidrug resistance in
                    Pseudomonas aeruginosa
                    . The inner membrane protein MexK from
                    P. aeruginosa
                    is a narrow-spectrum RND transporter. It assembles with membrane fusion protein MexJ and outer membrane proteins to form a tripartite efflux complex that efficiently exports drugs like triclosan. Here, we resolve the cryo-EM structures of apo-MexK at 3.4-angstrom resolution and the triclosan-bound MexJK complex at 2.6-angstrom resolution. Besides the unique architectural features of MexK, our structural data reveal a triclosan-binding pocket within the transmembrane domain of MexK protomers, distinct from known substrate-binding sites in other RND transporters. Using molecular dynamics simulations and mutagenesis, we elucidate a previously uncharacterized triclosan transport tunnel across the inner membrane with cytosolic access. The key residues for triclosan efflux are further shown essential for two other potential substrates of MexK, chloramphenicol and pyrimethamine. Our results provide the molecular basis for an unusual drug trafficking pathway in RND efflux pumps.",crossref,0
