title,link,source,published_str,pub_date,doi,last_author,abstract,abstract_source,must_have_abstract
Hydration layer mediates near-frictionless sieving of monovalent ions,https://www.nature.com/articles/s41565-026-02245-7,Nature Nanotechnology,2026-08-17 00:00:00 UTC,2026-08-17 00:00:00+00:00,10.1038/s41565-026-02245-7,Zhiyong Tang,"Achieving simultaneous high selectivity and permeability for monovalent cation separation remains challenging due to energy-intensive dehydration requirements in current rigid nanopores. Here we develop a hydration-layer-mediated sieving strategy by anchoring hydrated ions at the pore rim of a covalent organic framework monolayer to form dynamic angstrom-scale hydrapores. Ion transport is regulated via attraction and repulsion between bound and migrating ions, arising from the merging and squeezing of hydration layers, enabling precise discrimination without full dehydration. Under a concentration gradient (∆C = 1 M), the membrane exhibits selectivity of 148 for K+/Li+ and 42 for Na+/Li+ with a K+ permeance of 2 × 104 mol m−2 h−1, three orders of magnitude higher than those of state-of-the-art membranes. A low activation energy of 5.5 kcal mol−1 indicates near-frictionless transport, offering a new paradigm for monovalent cation separation.",nature_html,0
A CLEAN framework of photothermal evaporation-coupled catalysis,https://www.cell.com/chem/fulltext/S2451-9294(26)00254-8?rss=yes,Chem,2026-08-17 00:00:00 UTC,2026-08-17 00:00:00+00:00,10.1016/j.chempr.2026.103188,Shaobin Wang,"In this perspective, we introduce a concept of photothermal evaporation-coupled catalysis (PECC) for simultaneous sunlight-driven water purification and chemical upgrading and propose the cost-effectiveness, life-cycle sustainability, emerging system integration, AI-assisted design, and near-zero compatibility (CLEAN) paradigm to leverage the microscale principles of PECC and macroscale technoeconomic feasibility toward scalable, sustainable solar water-chemical factories.",rss_cell,0
"Tuning the reactive species in oxidant activation by single-atom catalysts: Mechanisms, manipulations, and perspectives",https://www.cell.com/chem/fulltext/S2451-9294(26)00258-5?rss=yes,Chem,2026-08-17 00:00:00 UTC,2026-08-17 00:00:00+00:00,10.1016/j.chempr.2026.103192,Gangfeng Ouyang,"This review establishes a process-oriented framework linking single-atom catalyst structure to oxidant adsorption, electron-transfer behavior, intermediate evolution, and reactive-species selectivity. It further summarizes design strategies for selectively generating radicals in advanced oxidation systems.",rss_cell,0
Regulating transport processes in oxygen evolution catalyst layers for proton exchange membrane water electrolysis,https://www.cell.com/chem/fulltext/S2451-9294(26)00264-0?rss=yes,Chem,2026-08-17 00:00:00 UTC,2026-08-17 00:00:00+00:00,10.1016/j.chempr.2026.103198,Huabin Zhang,"Efficient proton exchange membrane water electrolysis requires more than highly active catalysts. It also depends on effective transport within the anode catalyst layer. This review highlights how catalyst architecture, ionomer engineering, hierarchical pore design, and interface engineering collectively regulate water delivery, oxygen removal, proton conduction, and electron transport, providing design principles for transport-efficient, ultralow-Ir oxygen evolution catalyst layers in acidic water electrolysis for sustainable hydrogen production.",rss_cell,0
An aberration-corrected bionic eye for full-colour vision and event-driven motion detection,https://www.nature.com/articles/s41563-026-02685-5,Nature Materials,2026-08-17 00:00:00 UTC,2026-08-17 00:00:00+00:00,10.1038/s41563-026-02685-5,Zhiyong Fan,"Vision sensors are central to machine vision and intelligence. However, conventional planar devices rely on multielement optics and external processors to correct optical aberrations. This approach constrains miniaturization, reduces power efficiency and generally limits the field of view. Curved sensors can provide compact, aberration-corrected imaging, but their resolution has been below practicable levels. Here we present a bioinspired bionic eye system based on a hemispherical tandem artificial retina. This high curvature image sensor achieves a pixel density of 1,905 ppi with 367,500 total pixels, providing full-colour imaging across 300–800 nm and an aberration-corrected field of view exceeding 160°. Furthermore, the tandem design enables in-sensor, event-driven motion detection. Compared with frame-based imaging, this approach reduces the demand for bandwidth by over 99.95% and achieves a motion recognition accuracy of 98.6%. This work addresses the resolution bottleneck of hemispherical sensors and highlights their promise as compact, multifunctional vision applications.",nature_html,0
Positional isomerisation of pyridine via nitrogen transposition,https://www.nature.com/articles/s41586-026-11006-4,Nature,2026-08-17 00:00:00 UTC,2026-08-17 00:00:00+00:00,10.1038/s41586-026-11006-4,Sungwoo Hong,"Positional isomers of pyridines often display distinct biological activities1,2 yet their direct interconversion remains largely inaccessible, so each isomer is typically prepared through an independent synthesis. Here we report a general strategy for pyridine positional isomerization enabled by controlled reorganization of the heteroaromatic core through sequential nitrogen insertion and deletion. N-atom transposition allows predictable translocation of preinstalled substituents without altering substituent identity. The method is broadly applicable to mono-, di-, and multisubstituted pyridines and operates across structurally complex molecular environments, providing direct access to positional isomers. This work establishes positional isomerization as a practical synthetic transformation, defining pyridine substitution patterns as mutable variables in retrosynthetic design.",nature_html,0
Programmable remodelling of carbon–nitrogen connectivity in amines,https://www.nature.com/articles/s41586-026-11009-1,Nature,2026-08-17 00:00:00 UTC,2026-08-17 00:00:00+00:00,10.1038/s41586-026-11009-1,Matthew J. Gaunt,"Tertiary amines are ubiquitous motifs in biologically active molecules, where they play central roles in molecular recognition and function1,2. Among these, tertiary benzylamines are particularly prominent in discovery chemistry as readily assembled starting points for lead generation from abundant building blocks3,4, with favourable physicochemical and binding properties. However, despite their accessibility, the core C–N connectivity of these frameworks remains effectively locked5,6, confining diversification to benzylamine derivatives and preventing direct access to structurally distinct aryl–alkylamine architectures. Overcoming this limitation requires direct and selective reconfiguration of C–N connectivity within fully elaborated amine scaffolds. Here we show that tertiary benzylamines can be transformed from static scaffolds into programmable platforms for molecular diversification through catalytic remodeling of their C–N bonds7-9. N-alkylation with a bifunctional electrophile generates a quaternary ammonium intermediate that encodes palladium-catalyzed disassembly and reconfiguration of C–N connectivity. This concept is first exemplified through one-carbon homologation of tertiary benzylamines and, more significantly, establishes a general strategy for programmable insertion of modular units—ranging from single carbon atoms to complex molecular fragments, including hydrocarbon chains, heterocycles and aryl groups—directly across the C–N bond on fully elaborated amine scaffolds. This capability opens a route to programmable diversification of amine frameworks, enabling systematic exploration of amine connectivity and molecular architecture.",nature_html,0
Defect passivation and optical management of triple-junction solar cells,https://www.nature.com/articles/s41586-026-11010-8,Nature,2026-08-17 00:00:00 UTC,2026-08-17 00:00:00+00:00,10.1038/s41586-026-11010-8,Yifeng Chen,"Perovskite/perovskite/silicon-based triple-junction solar cells are a promising low-cost route to surpass the Shockley–Queisser efficiency limit of single-junction photovoltaics, but their performance is constrained by non-radiative losses in wide-bandgap perovskites and sub-optimal light management across the multilayer stack1-3. Here, we introduce a passivating molecule, 4F-POEABr, which strongly suppresses surface-defect-mediated recombination of WBG perovskite films. The ammonium attached and electron-deficient structure of 4F-POEABr provides combined chemical and field-effect passivation, enabling a quasi-Fermi-level splitting of 1.53 eV and an open-circuit voltage of 1.413 V in the WBG sub-cell. In parallel, systematic interference management is used to optimize the current density of the current-limited middle sub-cell, yielding a gain of 0.5 mA cm⁻2 via a tailored tin oxide/indium zinc oxide bilayer structure. As a result, the triple-junction devices achieve certified steady-state power conversion efficiencies of 32.22% for a 1.046 cm2 aperture area and 26.97% for a 15.62 cm2 aperture area, with negligible hysteresis. Robust interconnection layers and engineered perovskite interfaces further enhance operational stability and reduce device-to-device variation. This work demonstrates a synergistic strategy for pushing perovskite/silicon triple-junction solar cells toward their theoretical efficiency limits, enabling scalable, high-performance photovoltaic technologies.",nature_html,0
WiFo-2: a generalist foundation model unifies heterogeneous wireless system design,https://academic.oup.com/nsr/advance-article/doi/10.1093/nsr/nwag500/8762894?rss=1,National Science Review Advance Access,2026-08-17 00:00:00 UTC,2026-08-17 00:00:00+00:00,10.1093/nsr/nwag500,Liuqing Yang,"Emerging sixth-generation wireless systems are increasingly heterogeneous, with compatibility across diverse configurations, ubiquitous coverage, and expanded functionalities. Although deep learning has substantially benefited wireless system design, existing approaches are typically trained for specific system settings and scenarios with limited generalizability. Here we present WiFo-2, a space-time-frequency foundation model for unified wireless communications and sensing system design. Pretrained on a heterogeneous dataset of 11.6 billion channel state information (CSI) points, WiFo-2 learns generalized wireless representations across scenarios, configurations, and tasks, and exhibits scaling-law behavior. WiFo-2 achieves reliable and accurate zero-shot channel reconstruction, outperforming fully supervised task-specific models. With only 1% of the training samples required by supervised AI models, WiFo-2 achieves state-of-the-art performance across 9 distinct wireless tasks. A functional hardware prototype further demonstrates its real-world deployability and superior capability across diverse wireless tasks. This work provides a versatile wireless design framework and advances understanding of wireless channels.",rss_oup,0
Revealing the kinetics characteristics of low-temperature electrocatalytic ammonia oxidation reaction,https://academic.oup.com/nsr/advance-article/doi/10.1093/nsr/nwag493/8762572?rss=1,National Science Review Advance Access,2026-08-17 00:00:00 UTC,2026-08-17 00:00:00+00:00,10.1093/nsr/nwag493,Kui Jiao,"Electrocatalytic ammonia oxidation reaction (AOR) serves as a critical pathway for the direct utilization of ammonia energy at low-temperature. However, its reaction kinetic mechanism is complicated, and quantitative characterization under multiple operating conditions remains insufficient. In this study, electrochemical tests combined with in situ surface-enhanced Raman spectroscopy (SERS) are first conducted to investigate the variation laws of AOR process and kinetic characteristics under multiple operating conditions. An extra nitrogen redox cycle pathway, distinct from the Gerischer-Mauerer mechanism, is identified during the PtIr-catalyzed AOR process, in which the intermediate N3− strongly adsorbs onto Pt, occupying active sites and thereby reducing the AOR rate. Key kinetic parameters including exchange current density and transfer coefficient, are derived from the comprehensive experimental data to elucidate their evolutionary trends under complex operating conditions. Furthermore, the functional relationship between onset potential, exchange current density, and operating parameters is analyzed, enabling the prediction of key kinetic parameters under specific operating condition, which could provide important theoretical support for understanding and improving the devices involving AOR such as direct ammonia fuel cell and ammonia electrolysis cell.",rss_oup,0
Unraveling the potential of urban greenery for extreme heat and ozone mitigation in Northern Hemisphere cities,https://academic.oup.com/nsr/advance-article/doi/10.1093/nsr/nwag494/8762571?rss=1,National Science Review Advance Access,2026-08-17 00:00:00 UTC,2026-08-17 00:00:00+00:00,10.1093/nsr/nwag494,Aijun Ding,"Escalating exposure to extreme heat and ozone (O3) pollution has emerged as a principal challenge for cities worldwide. While urban greening is widely advocated for mitigating extreme heat, its impacts on compound heat-O3 pollution remain poorly understood due to intricate urban meteorology-chemistry coupling. By integrating observations, reanalysis data, and urban-land-atmosphere modelling, we demonstrate that urban greenery provides a notable yet uneven cooling effect of − 0.26 to − 1.08 °C in Northern Hemisphere’s metropolises, shaped by greenery fractions and local climate. Furthermore, the nonlinearly weakened O3 photochemical production within a greenery-stabilized urban boundary layer is capable of decreasing O3 in populated city centers. Despite the dual positive effects in alleviating heat and O3 exposures meteorologically, greenery-boosted biogenic emissions could chemically raise urban O3 by over 7.6 µg/m3 via supplementing precursors. These findings underscore the need to incorporate fully coupled urban meteorology–chemistry interactions in urban greening strategies to achieve climatic and environmental co-benefits.",rss_oup,0
Daily briefing: Narcolepsy drug could kick off an Ozempic-style moment for the brain,https://www.nature.com/articles/d41586-026-02589-z,Nature,2026-08-17 00:00:00 UTC,2026-08-17 00:00:00+00:00,10.1038/d41586-026-02589-z,Flora Graham,,,0
Anthropogenic climate change is causing stronger and more extreme western pacific subtropical high,https://academic.oup.com/nsr/advance-article/doi/10.1093/nsr/nwag497/8762567?rss=1,National Science Review Advance Access,2026-08-17 00:00:00 UTC,2026-08-17 00:00:00+00:00,10.1093/nsr/nwag497,Banglin Zhang,"The western Pacific subtropical high (WPSH) is a crucial system controlling weather anomalies in East Asia. Early studies defined the WPSH using either thermodynamic or dynamic metrics, but these metrics yield inconsistent trends and coverages in WPSH under anthropogenic warming. Subsequently, consensus on the response of WPSH to climate change has not been reached. Here, we investigate the response of WPSH to past and future climate change by developing a novel WPSH definition based on thermodynamic-dynamic synergy, which provides higher trend consistency of WPSH and better spatiotemporal agreement with weather anomalies. Our results reveal robust increases in WPSH area (0.25∼1.03 × 105 km2/decade) and intensity (0.35∼1.98 × 105 km2·gpm/decade), as well as northwestward extension of WPSH boundary (-0.18∼-0.32 °E/decade), under a warmer climate, which are consistent across datasets and supported by a strong inter-model consensus. Particularly, climate models project an increased likelihood of record-breaking WPSH events on both seasonal and synoptic scales, with stronger intensity, longer durations, and higher occurrences under higher-emission scenarios. The findings indicate an increasing exposure of human societies to intense monsoon rainfall and heatwave risks associated with WPSH beyond historical records.",rss_oup,0
Muco-infiltrating prodrug coacervates with prolonged colonic retention enhance IBD-associated depression therapy,https://academic.oup.com/nsr/advance-article/doi/10.1093/nsr/nwag487/8762563?rss=1,National Science Review Advance Access,2026-08-17 00:00:00 UTC,2026-08-17 00:00:00+00:00,10.1093/nsr/nwag487,Liming Bian,"Oral delivery of small-molecule drugs to the distal intestine is often hindered by short colonic retention, a key requirement for ensuring sustained colonic drug availability. Herein, we developed a library of minimalist, muco-infiltrating prodrug coacervates by exploiting the interfacial physics of liquid–liquid phase separation (LLPS). By systematically tuning the length of poly(ethylene glycol) (PEG) spacer and the hydrophobicity of drug stickers in PEG–drug conjugates, we precisely modulated the molecular amphiphilicity to generate liquid coacervates with ultralow interfacial tension against water (in vitro. As a proof-of-concept, butyrate coacervate (P6-ButCoa) accumulated in the cecum and colon within 2 hours post-oral administration and persisted for over 18 hours. The prolonged colonic retention time facilitates sustained, enzyme-responsive drug release, which significantly ameliorates dextran sulfate sodium (DSS)-induced colitis and associated depressive behaviors by markedly enhancing drug availability primarily in the colon, with subsequent bioavailability in the brain. These findings demonstrate that leveraging interfacial physics to guide mucus infiltration of coacervates offers a versatile strategy for sustained oral drug delivery to the distal intestine.",rss_oup,0
Mid-infrared vision sensor based on Suspended Perovskite Oxides Down to Nanometer Scale,https://academic.oup.com/nsr/advance-article/doi/10.1093/nsr/nwag499/8762556?rss=1,National Science Review Advance Access,2026-08-17 00:00:00 UTC,2026-08-17 00:00:00+00:00,10.1093/nsr/nwag499,Shenghuang Lin,"Intelligent mid-infrared (MIR) imaging integrates in-sensor preprocessing of thermal information, thereby reducing data redundancy and improving target-recognition robustness under low-visibility conditions. However, unlike in the visible regime, photoconductive programmability in the MIR typically relies on narrow-bandgap materials, which inherently limit stable and reconfigurable operation. Here, we report a programmable photothermoelectric (PTE) detector based on a suspended nanometer-thick SrTiO3 membrane. Dimensional scaling of the thermoelectric channel enhances sensitivity and enables a response time of ∼10 μs, over 104 times faster than bulk SrTiO3. Through dual-gate electrostatic modulation of the Seebeck profile, the device exhibits bidirectionally tunable photothermoelectric responsivity up to 50 V W−1 and supports 40 experimentally observed programmable response states. By leveraging a 3 × 3 programmable device array with device-to-device consistent gate-programmable photoresponse and reproducible polarity switching, a recognition accuracy of 83% is achieved under visually degraded conditions. Furthermore, the programmable array enables attention-guided thermal image weighting by enhancing target thermal signatures while suppressing background interference. These results demonstrate the dimensional scaling of perovskite oxides as an effective route toward adaptive, low-power machine vision and neuromorphic infrared electronics.",rss_oup,0
A monolithic microwave integrated chip with hexagonal boron nitride switches,https://www.nature.com/articles/s41928-026-01696-z,Nature Electronics,2026-08-17 00:00:00 UTC,2026-08-17 00:00:00+00:00,10.1038/s41928-026-01696-z,Yan Huang,,,0
Direct HAT: a complementary paradigm for activating α-silyl alcohols in enantioconvergent radical-relay coupling,https://academic.oup.com/nsr/advance-article/doi/10.1093/nsr/nwag498/8762553?rss=1,National Science Review Advance Access,2026-08-17 00:00:00 UTC,2026-08-17 00:00:00+00:00,10.1093/nsr/nwag498,Xiao Shen,"The direct HAT activation of alcohols for alkoxy radical generation is impeded by high O–H bond strengths, and prevailing photochemical methods are limited by substrate redox potentials or metal-dependent activation requirements. Herein, we introduce a complementary paradigm leveraging the β-silicon effect in α-silyl alcohols to weaken the O–H bond, enabling its redox-neutral, photoinduced homolysis via thioxanthone. Subsequently, the generated alkoxy radicals undergo facile Brook rearrangement to produce carbon radicals, which are intercepted by a nickel catalyst in enantioconvergent cross-couplings with acyl chlorides and aryl bromides. This protocol provides diverse chiral acylons and alcohols with high enantioselectivity. It tolerates substrates that are inert under classical SET/PCET conditions and establishes direct HAT as a versatile platform for alkoxy radical chemistry of α-silyl alcohols.",rss_oup,0
Rapid consumption of H2 in the deep subsurface,https://academic.oup.com/nsr/advance-article/doi/10.1093/nsr/nwag496/8762552?rss=1,National Science Review Advance Access,2026-08-17 00:00:00 UTC,2026-08-17 00:00:00+00:00,10.1093/nsr/nwag496,Huiming Bao,"Subsurface natural hydrogen is an emerging clean energy resource, but its origins, loss mechanisms, and cycling timescales, particularly at greater depths, remain poorly constrained. Here, we report large disequilibrium in the clumped isotopes of H2 (2H2H) and hydrogen isotope fractionation between water and H2, measured in gas samples (containing 0.10–1.59% H2) collected from deep (3000–7,000 m) wells in the central Sichuan Basin. Because molecular hydrogen can equilibrate isotopes rapidly in the presence of water, such large disequilibrium indicates active kinetically controlled production and/or consumption. Analyses of geological and chemical evidence demonstrate that isotopic disequilibrium is driven by consumption by chemical reactions in host rocks coupled with partial hydrogen exchange with co-existing water. The results imply that measured compositions do not preserve the information on original sources and processes. More broadly, the dynamic cycling of hydrogen renders sediment-hosted deep gas reservoirs unfavorable for long-term or large-scale accumulation of natural hydrogen.",rss_oup,0
A protein–foldamer supramolecular synthon for self-assembled hybrid architectures,https://www.nature.com/articles/s41557-026-02222-6,Nature Chemistry,2026-08-17 00:00:00 UTC,2026-08-17 00:00:00+00:00,10.1038/s41557-026-02222-6,Ivan Huc,"Constructing artificial assemblies that combine proteins and synthetic ligands has been hampered by the lack of protein–ligand interfaces that are sufficiently large and organized to enable precise structural control. Here ribosome display selection is used to identify a protein that binds a helical aromatic foldamer both tightly and selectively through a sizeable surface area. We used this complex as a supramolecular synthon to create well-defined hybrid foldamer–protein architectures. Examples include foldamers that bind two proteins and hold them at a precise distance, proteins that bind two foldamers and crystals in which proteins and foldamers are connected in cyclic or infinite arrays. The modularity of aromatic foldamers brings a further dimension to protein-based assemblies.",nature_html,0
Economic and behavioural policy coupling has divergent effects on electric vehicle adoption at individual and system scales,https://www.nature.com/articles/s41560-026-02114-6,Nature Energy,2026-08-17 00:00:00 UTC,2026-08-17 00:00:00+00:00,10.1038/s41560-026-02114-6,Ulf J. J. Hahnel,"Policy mixes are key to accelerating low-carbon transitions. Yet, how combined policies impact electric vehicle (EV) adoption decisions and scale up to system-level diffusion remains unclear. Here we combine individual-level and system-level analyses to investigate how a carbon tax and information intervention, implemented individually and in combination, impact individual decision-making and system-wide EV diffusion. Across four countries (Mexico, South Africa, the USA and the UK; N = 1,589), we assessed attention towards EV information in EV choice experiments and integrated decision outcome data into a behavioural agent-based diffusion model (ABM). The policies competed for attention but had additive effects on individual EV adoption choices. When scaled through ABM, these behavioural effects produced sub- or superadditive diffusion outcomes depending on the diffusion stage and national context. Moreover, we endogenously coupled the ABM with policy support data. Our findings illustrate that combining policies can boost policy support relative to a tax alone, translating into sustained diffusion trajectories under different policy review scenarios.",nature_html,0
Electronic conductivity of solid electrolytes causes physical self-discharge in all-solid-state batteries,https://www.nature.com/articles/s41560-026-02090-x,Nature Energy,2026-08-17 00:00:00 UTC,2026-08-17 00:00:00+00:00,10.1038/s41560-026-02090-x,Xueliang Sun,"All-solid-state batteries (ASSBs) with inorganic solid-state electrolytes (SSEs) hold vast potential for next-generation electric vehicles (EVs) due to their high energy density and enhanced safety. However, their self-discharge behaviour, a critical factor for EVs, has not been adequately investigated so far. Here we reveal that the electronic conductivity of SSEs, typically in the range of 10−8–10−9 S cm−1, contributes to considerable physical self-discharge in ASSBs, particularly when the SSE thickness is on the order of tens of micrometres. To mitigate this physical self-discharge, the electronic conductivity of SSEs needs to be reduced to approximately 10−12 S cm−1. However, none of the prevalent SSEs meets this threshold. Therefore, reducing physical self-discharge in ASSBs will require the development of SSEs with lower electronic conductivity, alongside rational interface and full-cell designs in future research. This study provides critical insights into the self-discharge phenomenon of ASSBs, which may reshape their future design and development.",nature_html,0
High-spin active center enables magnetic-field-enhanced photocatalytic overall water splitting,https://academic.oup.com/nsr/advance-article/doi/10.1093/nsr/nwag495/8762568?rss=1,National Science Review Advance Access,2026-08-17 00:00:00 UTC,2026-08-17 00:00:00+00:00,10.1093/nsr/nwag495,Jinlong Gong,"Photocatalytic reaction efficiency is governed by the spin states of active center and reaction intermediates, as it allows selective formation of desired products through spin-dependent reaction pathways. As a representative process, photocatalytic overall water splitting remains limited by water oxidation reaction, where spin-dependent formation of triplet-state O2 is thermodynamically and kinetically unfavorable. This work describes an atom-specific spin modulation strategy by selectively substituting tetrahedral Co2+ with Ni2+ in spinel Co3O4 to form NiCo2O4, which reconstructs the local coordination environment and charge distribution of octahedral Co3+, constructing a high-spin configuration with increased eg occupancy. Under the constraint of external magnetic field, high-spin Co3+ atom generates aligned parallel ·OH radicals, favoring the formation of triplet-state O2 while suppressing singlet byproducts. Meanwhile, the enhanced eg occupancy weakens the adsorption of oxygenated intermediates, lowering the Gibbs free energy barrier of the rate-determining step and accelerating water oxidation. Hence, the NiCo2O4/BiVO4 photocatalyst achieves a water oxidation rate of 148.5 ± 3.7 μmol h−1, which is 5.6 times higher than the pristine BiVO4. Furthermore, it enables near-stoichiometric overall water splitting with a solar-to-hydrogen efficiency of up to 0.309 ± 0.003%. This work underscores the importance of atom-specific spin state regulation to promote spin-polarization-dependent photocatalytic water splitting.",rss_oup,0
A zero-degradation elastocaloric cooling device using fatigue-resistant refrigerant,https://www.cell.com/joule/fulltext/S2542-4351(26)00311-9?rss=yes,Joule,2026-08-17 00:00:00 UTC,2026-08-17 00:00:00+00:00,10.1016/j.joule.2026.102627,Qingping Sun,"A fatigue-resistant shape memory alloy was integrated into a carefully engineered elastocaloric device with high mechanical reliability. The device delivered 400 watts of cooling power and a 41 Kelvin temperature span over one million operation cycles, highlighting a promising route toward durable solid-state cooling.",rss_cell,0
"Insights into Neanderthal development, childbirth, and locomotion from the Palomas and Dederiyeh pelves",https://www.pnas.org/doi/abs/10.1073/pnas.2535303123?mi=eymic2&af=R&access=on&content=articlesChapters&publication=pnas&sortBy=Earliest&target=default,Proceedings of the National Academy of Sciences: Keyword search for query,2026-08-17 07:00:00 UTC,2026-08-17 07:00:00+00:00,10.1073/pnas.2535303123,Michael J. Walker,"The human pelvis reflects evolutionary compromises among childbirth, bipedal locomotion, and other factors such as pelvic floor stability and thermoregulation. However, limited fossil evidence has hindered understanding of how these factors shaped pelvic morphology in Neanderthals, our closest extinct relatives. Here, we present new virtual reconstructions and morphometric analyses of nearly complete Neanderthal pelves from Sima de las Palomas del Cabezo Gordo (Spain) and Dederiyeh Cave (Syria), comparing them with other Neanderthals and modern humans. We find that Neanderthal and human pelves differ in overall shape from an early age but share similar sexual dimorphism patterns with humans. Pelvic regions associated with childbirth exhibit comparable functional morphology, suggesting similar birth mechanisms. Conversely, locomotor-related features such as hip joint orientation and muscle moment arm geometry differ, indicating distinct stance and gait adaptations. Our findings are consistent with the hypothesis that evolutionary constraints traditionally framed as an “obstetrical dilemma” may have involved a trade-off between childbirth and pelvic floor stability, rather than between childbirth and locomotor performance.",crossref,0
Chronic psychosocial stress: A primary driver of sleep apnea onset in rats and humans,https://www.pnas.org/doi/abs/10.1073/pnas.2527702123?mi=eymic2&af=R&access=on&content=articlesChapters&publication=pnas&sortBy=Earliest&target=default,Proceedings of the National Academy of Sciences: Keyword search for query,2026-08-17 07:00:00 UTC,2026-08-17 07:00:00+00:00,10.1073/pnas.2527702123,Richard Kinkead,"Poor sleep quality and chronic psychosocial stress are interrelated risk factors for hypertension, metabolic disease, and neuropsychiatric disorders. Sleep apnea (SA) is a respiratory disorder that disrupts sleep, affecting ~1 billion adults worldwide. However, the origins of SA remain incompletely understood. Clinically, activation of the stress pathways is often considered a consequence of SA rather than a causal factor. Here, we combined preclinical experiments with Mendelian randomization (MR) analysis to show that chronic psychosocial stress is a primary driver of SA onset. In adult rats, 3 wk of social isolation (SI; single housing) activated the stress response, augmented apneas during natural sleep, and increased the ventilatory responses to O
                    2
                    and CO
                    2
                    challenges. In supine anesthetized rats, obstructive apneas with O
                    2
                    desaturations were 5 times more frequent in SI males than in controls, with no effect in females. SI-related anomalies in airway motor control contribute to the problem. SI also induced increased blood pressure and augmented fat gain, especially in males. In humans, MR analysis using genome-wide association studies of multiple stress-related neurological disorders from European cohorts (~100,000 to 1,096,458 participants) revealed significant effects of loneliness on the risk of SA, independent of adiposity. Together, these results challenge the conventional view of stress as merely a consequence of SA and instead position it as a possible cause. These results open the door to a paradigm shift, recognizing psychosocial stress as a risk factor paves the way for alternative avenues in basic mechanistic research, as well as in preventive and therapeutic strategies.",crossref,0
Brassinosteroid-regulated transcription factors confer epigenetic changes that repress plant immunity,https://www.pnas.org/doi/abs/10.1073/pnas.2532739123?mi=eymic2&af=R&access=on&content=articlesChapters&publication=pnas&sortBy=Earliest&target=default,Proceedings of the National Academy of Sciences: Keyword search for query,2026-08-17 07:00:00 UTC,2026-08-17 07:00:00+00:00,10.1073/pnas.2532739123,Brigitte Poppenberger,"When organisms encounter pathogens, they rapidly activate complex defense programs to ensure survival. While these immune responses are vital, they often also incur trade-offs, such as reduced growth and development and must therefore be tightly controlled. In this study, we reveal that the steroid hormones brassinosteroids (BRs) contribute to this control in
                    Arabidopsis thaliana
                    by repressing immunity-related genes. We provide evidence that the BR-regulated basic helix–loop–helix (bHLH) transcription factor CESTA (CES), along with its homologs BR ENHANCED EXPRESSION (BEE)1-3, mediate DNA methylation changes at transposable element (TE)-rich loci containing nucleotide-binding leucine-rich-repeat (NLR)-type receptor genes, including
                    SUPPRESSOR OF NPR1-1 CONSTITUTIVE 1
                    (
                    SNC1
                    ). These CES-induced methylation changes correlate with altered splicing of
                    SNC1
                    pre-mRNA, a process that requires the BR receptor BRASSINOSTEROID INSENSITIVE 1 (BRI1). In support, we show that CES associates with components of the chromatin remodeling and splicing machinery. Together, our findings reveal a previously unrecognized BR-induced mechanism that modulates the epigenetic and post transcriptional regulation of immune genes, enabling plants to prioritize growth over defense.",crossref,0
Exploiting the CXCR3/CXCL10 axis overrides tumor immune suppression by enhancing immune trafficking and effector cell priming in HNSCC,https://www.pnas.org/doi/abs/10.1073/pnas.2522360123?mi=eymic2&af=R&access=on&content=articlesChapters&publication=pnas&sortBy=Earliest&target=default,Proceedings of the National Academy of Sciences: Keyword search for query,2026-08-17 07:00:00 UTC,2026-08-17 07:00:00+00:00,10.1073/pnas.2522360123,Tracy M. Handel,"Immune-suppressive tumor microenvironments (TMEs) limit the impact of checkpoint blockade in many cancers by restricting the infiltration and activation of CD8
                    +
                    T, CD4
                    +
                    T, and NK cells. Utilizing murine models of head and neck squamous cell carcinoma, we demonstrated that intratumoral (IT) delivery of CXCL10 drives tumor elimination and inhibits recurrence not only by recruiting these cells but by enhancing their antitumoral functions and stunting angiogenesis. CD8
                    +
                    T cells also display enhanced activation, tumor-antigen specificity, and decreased T cell exhaustion. Despite administration of CXCL10 into tumors, CD8
                    +
                    and CD4
                    +
                    T cells show enhanced presence and proliferation in tumor-draining lymph nodes (TdLNs), consistent with T cell priming and trafficking between tumors and TdLNs. Together, the data suggest that CXCL10 promotes a mutually reinforcing feedback loop that reprograms the TME toward an immunologically responsive antitumoral state. Combining IT-CXCL10 and anti-PD-1 further increased tumor clearance, indicating that CXCL10-driven reprogramming of the TME lowers barriers to effective checkpoint blockade.",crossref,0
Association between precentral gyrus morphology and modality-specific intentional communication in chimpanzees (Pan troglodytes),https://www.pnas.org/doi/abs/10.1073/pnas.2419514123?mi=eymic2&af=R&access=on&content=articlesChapters&publication=pnas&sortBy=Earliest&target=default,Proceedings of the National Academy of Sciences: Keyword search for query,2026-08-17 07:00:00 UTC,2026-08-17 07:00:00+00:00,10.1073/pnas.2419514123,William D. Hopkins,"The precentral gyrus (preCG) is morphologically defined posteriorly by the central sulcus (CS) and anteriorly by the superior and inferior precentral sulci (preCS). Stimulation of the preCG along the dorsal–ventral plane elicits motor activation across the body in a topographic manner. In this study, we used postimage analyses to characterize the shape of the CS and preCS in a sample of 278 magnetic resonance image scans of chimpanzees. Using these data, we initially described the six most prominent preCG shapes variants, their asymmetries, and heritability. We also tested for their association with selective use of attention-getting communicative behaviors produced in the vocal and manual modalities. Associations were observed between preCG variants and vocal, but not manual, communication. Vocal communication was significantly associated with the inferior preCG shape in the left hemisphere. In contrast, no association was found in CS variants. We also found modest heritability in three of the preCG shape patterns but no significant genetic correlation with vocal intentional communication. Our results suggest that better selective use of a vocal attention-getting sound used for intentional communication is associated with a unique morphological landmark within the inferior preCG.",crossref,0
The distribution and origin of Mercury’s crustal magnetization,https://www.pnas.org/doi/abs/10.1073/pnas.2535723123?mi=eymic2&af=R&access=on&content=articlesChapters&publication=pnas&sortBy=Earliest&target=default,Proceedings of the National Academy of Sciences: Keyword search for query,2026-08-17 07:00:00 UTC,2026-08-17 07:00:00+00:00,10.1073/pnas.2535723123,Katarina Miljković,"Mercury is the only planet other than Earth to possess both a global magnetic field that arises from a core dynamo, and a crustal magnetic field that arises from magnetized rocks. Crustal fields provide unique records of a planet’s interior state and evolution because magnetizations depend on the magnetizing field and the magnetic minerals present. A major unresolved issue for Mercury is the relative contributions of present-day (induced) and ancient (remanent) magnetizations—both are expected but are difficult to separate. The former can elucidate variations in crustal iron content and/or magnetic mineral properties, the latter can constrain the dynamo history. Here, we use crustal field observations from the MErcury, Surface, Space ENvironment, GEochemistry and Ranging mission to develop a magnetization model for Mercury’s northern latitudes. We use constraints on crustal thickness, magnetic mineralogy, iron content, and the present-day core field to assess the expected magnitudes of induced magnetizations. We find that these can fully explain the observed crustal fields at most places, and at some more strongly magnetized craters through impact-delivered iron. The strongest crustal fields, especially at Caloris, require a contribution from remanent magnetization and/or unusual magnetic mineral properties. Our results provide constraints on lateral variations in crustal iron content of both exogenic and endogenic origin. They also highlight a knowledge gap regarding the magnetic properties of Mercury’s crust, specifically its magnetic susceptibility, that has critical implications for understanding whether even the strongest magnetizations can elucidate Mercury’s dynamo history.",crossref,0
A flat-band perspective on the boson peak in amorphous solids,https://www.pnas.org/doi/abs/10.1073/pnas.2534361123?mi=eymic2&af=R&access=on&content=articlesChapters&publication=pnas&sortBy=Earliest&target=default,Proceedings of the National Academy of Sciences: Keyword search for query,2026-08-17 07:00:00 UTC,2026-08-17 07:00:00+00:00,10.1073/pnas.2534361123,Matteo Baggioli,"The boson peak is a characteristic anomaly of amorphous solids broadly defined as a low-energy excess in the density of states and heat capacity compared to the textbook predictions of Debye theory. The origin of this anomaly has long been the subject of ongoing debate and remains a topic of active controversy. We propose that the boson peak may have a defining dynamical feature: the accumulation of vibrational spectral weight within a narrow frequency window that is only weakly dependent on wavevector. In this perspective, the boson peak reflects a flat or weakly dispersive band in the dynamical structure factor rather than a propagating excitation. We revisit both experimental and simulation data from the literature through this lens and conduct further simulations in 2D and 3D amorphous systems. Taken together, these analyses provide compelling converging evidence for this interpretation and sharply constrain the space of viable theoretical descriptions of the boson peak.",crossref,0
The 1820 Mallorca plague was not a classic bubonic outbreak,https://www.pnas.org/doi/abs/10.1073/pnas.2536892123?mi=eymic2&af=R&access=on&content=articlesChapters&publication=pnas&sortBy=Earliest&target=default,Proceedings of the National Academy of Sciences: Keyword search for query,2026-08-17 07:00:00 UTC,2026-08-17 07:00:00+00:00,10.1073/pnas.2536892123,Joana Maria Pujadas-Mora,"The 1820 plague outbreak in eastern Mallorca—long treated as a local episode and traditionally classified as a late bubonic manifestation of the Second Plague Pandemic—offers a unique opportunity to reassess transmission dynamics in a prebacteriological context. Using a previously unexamined primary source consisting of daily counts of deaths, we combine historical analysis with a Bayesian epidemiological model to estimate the basic reproduction number (
                    
                      
                        
                          R
                          0
                        
                      
                    
                    ), the mean infectious period, and the case-fatality ratio in the towns of Son Servera and Capdepera (Mallorca, Spain). Our results show stark contrasts between the two towns: Son Servera exhibited a higher transmission potential (
                    
                      
                        
                          
                            R
                            0
                          
                          ≈
                          1.3
                        
                      
                    
                    ) and longer infectious period (
                    
                      
                        ≈
                      
                    
                    2.8 d) than Capdepera (
                    
                      
                        
                          
                            R
                            0
                          
                          ≈
                          1.0
                        
                      
                    
                    ;
                    
                      
                        ≈
                      
                    
                    2.0 d). The overall case-fatality rate of 78%—together with short infectious periods and historical descriptions of rapid clinical decline—strongly suggests that pneumonic and septicemic forms contributed substantially to transmission, challenging earlier interpretations centered on bubonic plague and rodent-borne spread. Historical evidence also rules out an enzootic rat reservoir, pointing instead to human ectoparasites or direct human-to-human routes as the most likely drivers. Moreover, mortality among children increased significantly during the outbreak, indicating age-differentiated vulnerability. By integrating quantitative modeling with fine-grained archival records, this study reassesses the biological nature of one of the last major plagues in 19th-century western Europe and contributes to broader debates on plague ecology, transmission mechanisms, and the dynamics of late Second Pandemic outbreaks.",crossref,0
CXCR4-targeted dual softener for inducing senescence therapy in hepatic fibrosis,https://www.pnas.org/doi/abs/10.1073/pnas.2600215123?mi=eymic2&af=R&access=on&content=articlesChapters&publication=pnas&sortBy=Earliest&target=default,Proceedings of the National Academy of Sciences: Keyword search for query,2026-08-17 07:00:00 UTC,2026-08-17 07:00:00+00:00,10.1073/pnas.2600215123,Minjie Sun,"Hepatic fibrosis is a central pathological driver of chronic liver diseases, including metabolic dysfunction-associated steatotic liver disease and alcohol-related liver disease, which collectively impose a growing global health burden. Fibrosis is primarily mediated by persistent activation of hepatic stellate cells (aHSCs) and excessive deposition of stiff extracellular matrix (ECM). The dense and rigid ECM-aHSCs network severely hinders drug delivery and penetration, posing a major challenge for effective antifibrotic therapy. Here, we developed an aHSCs-targeted nanocomplex (AMD3100/MnO
                    2
                    @BSA nanoparticles, AMB NPs) to remodel this rigid fibrotic barrier. This platform inhibits the fibrotic process by inducing cellular senescence and activating endogenous immune surveillance. Upon liver accumulation, AMB NPs preferentially recognize CXCR4 on aHSCs and subsequently release Mn
                    2+
                    to engage the cyclic GMP-AMP synthase-stimulator of interferon genes (cGAS–STING) innate immune pathway, thereby robustly inducing cellular senescence, suppressing cell proliferation and reducing cellular stiffness. This process enhances the production of senescence-associated secretory phenotype factors, promotes collagen degradation and matrix loosening, and facilitates immune-mediated clearance of senescent aHSCs. These findings demonstrate the potent antifibrotic efficacy of AMB NPs and highlight a synergistic nanomedicine strategy that integrates aHSCs senescence induction, immune surveillance, and ECM remodeling, providing a rational therapeutic framework for hepatic fibrosis intervention.",crossref,0
Host DNA repair factors empower a mechanism of antiviral nucleoside analog resistance,https://www.pnas.org/doi/abs/10.1073/pnas.2618057123?mi=eymic2&af=R&access=on&content=articlesChapters&publication=pnas&sortBy=Earliest&target=default,Proceedings of the National Academy of Sciences: Keyword search for query,2026-08-17 07:00:00 UTC,2026-08-17 07:00:00+00:00,10.1073/pnas.2618057123,Donald M. Coen,"How host functions affect resistance to antiviral drugs is poorly understood. Ganciclovir, a chain-terminating nucleoside analog, is a first-line therapy against human cytomegalovirus, a widespread herpesvirus that causes life-threatening disease in immunocompromised individuals and newborns. Ganciclovir resistance, which is caused by mutations that affect the viral kinase, UL97, and/or the viral polymerase, UL54, can cause treatment failures. Among these mutations, those reducing the exonuclease activity of the viral DNA polymerase permit ganciclovir incorporation without chain termination. However, the fate of DNA strands containing the incorporated nucleotide analog is unknown. We show here that template DNA containing ganciclovir fails to support DNA synthesis of the complementary strand by exonuclease-mutant polymerase. Moreover, while DNA synthesis and ganciclovir incorporation are limited in drug-treated fibroblasts infected by virus with wild-type polymerase, an exonuclease-resistant mutant virus can better synthesize full-length genomes and incorporate substantially more ganciclovir into DNA. Notably, ganciclovir is lost from DNA when drug is removed, suggesting that ganciclovir-containing templates are repaired. We identify the host nucleotide excision repair component, xeroderma pigmentosum group A (XPA), and the repair enzyme, polymerase kappa, as each being necessary for mutant virus ganciclovir resistance and polymerase kappa as being required for the mutant’s cidofovir resistance, demonstrating a role for host DNA repair machinery in a mechanism of antiviral resistance. We propose a model for this mechanism, which has relevance for other antiviral drugs and other nucleoside analog therapeutics, that highlights the participation of host DNA repair machinery during human cytomegalovirus DNA replication.",crossref,0
Coreless exoplanets induced by metal–silicate miscibility,https://www.pnas.org/doi/abs/10.1073/pnas.2615884123?mi=eymic2&af=R&access=on&content=articlesChapters&publication=pnas&sortBy=Earliest&target=default,Proceedings of the National Academy of Sciences: Keyword search for query,2026-08-17 07:00:00 UTC,2026-08-17 07:00:00+00:00,10.1073/pnas.2615884123,Jie Deng,"The rocky interiors of exoplanets are generally expected to differentiate into a silicate mantle and a metallic core due to the immiscibility of metal and silicate under typical planetary formation conditions. Here, we use large-scale molecular dynamics simulations driven by machine-learning potentials of ab initio quality to explore the phase behavior of metallic liquids and silicate melts under the extreme pressure–temperature conditions of the exoplanetary interiors. The results map out the solvus closure curve, above which a single homogeneous liquid phase of the iron and silicate mixture is stable. Under the assumptions of our bulk Earth composition and interior models, the inferred solvus closure curve permits deep partially mixed or, in extreme cases, fully mixed metal–silicate interiors in some hot super-Earths and sub-Neptunes with thick gas envelopes. Compared with differentiated planets, coreless planets exhibit nearly identical mass–radius relationships but possess markedly less compressed interiors, with central pressures reduced by up to a factor of two. This reduction in internal compression may strongly influence their thermophysical properties and interior dynamics. Coreless planets also possess a larger fluid Love number, a quantity potentially observable and testable in future missions.",crossref,0
Ingested plastics reduce recruitment and survival of an Australian seabird,https://www.pnas.org/doi/abs/10.1073/pnas.2613782123?mi=eymic2&af=R&access=on&content=articlesChapters&publication=pnas&sortBy=Earliest&target=default,Proceedings of the National Academy of Sciences: Keyword search for query,2026-08-17 07:00:00 UTC,2026-08-17 07:00:00+00:00,10.1073/pnas.2613782123,Alexander L. Bond,"Plastics research lags 30 y behind many other environmental crises, with population-level impacts alluded to but not yet demonstrated for any wild species. Addressing this “Grand Challenge” requires robust data that span many years of variable exposure. Here, we use 15 y of mark-recapture data to estimate plastics’ impact on the demography of Sable Shearwaters (
                    Ardenna carneipes
                    ). We found that the ingestion of &gt;1 g of plastic is common and associated with at least an 11% reduction in the probability of birds surviving to return and breed at their natal island, with birds that ingested &gt;5 g of plastic almost never seen again. In a time of unprecedented planetary change and biodiversity collapse, these results provide much-needed insight into plastics’ role in potentially driving species decline.",crossref,0
Postglacial ecosystem development of a hydrothermal landscape in Yellowstone National Park,https://www.pnas.org/doi/abs/10.1073/pnas.2613422123?mi=eymic2&af=R&access=on&content=articlesChapters&publication=pnas&sortBy=Earliest&target=default,Proceedings of the National Academy of Sciences: Keyword search for query,2026-08-17 07:00:00 UTC,2026-08-17 07:00:00+00:00,10.1073/pnas.2613422123,David B. McWethy,"The Yellowstone geo-ecosystem has been the subject of much research, but the ecological history of the Yellowstone Plateau volcanic field and its iconic geyser basins is less known. In this investigation, paleoenvironmental analyses of sediment cores from lakes in Lower Geyser Basin were compared with regional records and paleoclimate model simulations to reconstruct the vegetation, wildfire, limnology, hydrothermal dynamics, and climate drivers since deglaciation, 15,000 to 14,000 years ago. Pollen data from Lower Geyser Basin lakes reveal the strong influence of infertile rhyolitic soils on vegetation history: an initial late-glacial steppe was replaced by lodgepole pine forest from 12.8 to 11.0 ka, with little change in forest composition or cover thereafter despite changing climate. This stability contrasts with the more dynamic vegetation response on nonrhyolite substrates in the Yellowstone region where nutrient and moisture availability is greater. Highest wildfire activity and low lake nutrient levels in Lower Geyser Basin occurred from 12 to 4 ka, when summers were substantially warmer and drier and fire-inducing vapor pressure deficits were 29 to 56% higher. The hydrothermal history, inferred from sedimentary arsenic and cesium abundances, was spatially and temporally variable but lake-forming hydrothermal events align with periods of abundant moisture. Thus, long-term changes in wildfire, limnology, and, to some extent, hydrothermal activity were governed by insolation-driven climate variations, whereas the vegetation response was muted and constrained by geologic processes. These findings suggest that warmer, drier conditions in the future could result in less hydrothermal activity yet little change in forest cover across the Yellowstone Plateau volcanic field despite more wildfires.",crossref,0
4000-year-old painted plaque from Southeast Indonesia reveals Austronesian Painting Tradition preceded Neolithic pottery,https://www.pnas.org/doi/abs/10.1073/pnas.2611580123?mi=eymic2&af=R&access=on&content=articlesChapters&publication=pnas&sortBy=Earliest&target=default,Proceedings of the National Academy of Sciences: Keyword search for query,2026-08-17 07:00:00 UTC,2026-08-17 07:00:00+00:00,10.1073/pnas.2611580123,Ceri Shipton,"The Austronesian dispersal is the largest such event in human history, with descendants of people from Taiwan colonizing islands from Rapa Nui to Madagascar. The extent to which this dispersal was facilitated by an economic package or a particular ideology is uncertain. The “Austronesian Painting Tradition” (APT) is a distinctive rock art style dominated by paintings of small human figures, boats, and geometric motifs found in eastern Wallacea and islands around New Guinea. The age of the APT is thus far poorly constrained, with uncertainty over whether it appeared endogenously through earlier Holocene interisland networks, if it arrived with the earliest Austronesian migrants, or if it appeared during the intensified interisland contact of the Indonesian Metal Age beginning ~2,500 y ago. Here we report the recovery of a painted stone plaque excavated in situ from archaeological excavation on Wetar Island, Maluku. The plaque occurs in a transitional layer between Paleolithic and Neolithic occupation. It bears a classic “Austronesian” red concentric circle and sun-ray motif and is dated to between 4090 and 3900 cal. BP, significantly earlier than the first pottery at the site and in this region. The early date for this plaque in a preceramic layer and its location in southeast Maluku supports the view that the APT had an early origin, and that the Austronesian diaspora was either propelled by or leveraged a compelling symbolic ideology.",crossref,0
"The ecology of Lyme disease: Long-term data, surprises, and a synthesis",https://www.pnas.org/doi/abs/10.1073/pnas.2610907123?mi=eymic2&af=R&access=on&content=articlesChapters&publication=pnas&sortBy=Earliest&target=default,Proceedings of the National Academy of Sciences: Keyword search for query,2026-08-17 07:00:00 UTC,2026-08-17 07:00:00+00:00,10.1073/pnas.2610907123,Felicia Keesing,"Risk of human exposure to Lyme disease and other tick-borne zoonoses is affected by interactions between ticks, pathogens, vertebrate hosts for ticks and pathogens, and abiotic conditions. Inherent complexities in these ecological systems present challenges to the development of a predictive understanding useful for reducing exposure risk. Here we evaluate a conceptual model of the Lyme disease system using long-term monitoring (&gt;30 y) at sites within an endemic region of New York State, United States. Contrary to conventional wisdom, we found that the abundance of nymphal black-legged ticks—a key risk factor for humans—was not correlated with the abundance of white-tailed deer, the prior abundance of larval ticks, or seasonal temperature extremes. Instead, the abundance of nymphal ticks was correlated with prior abundance of white-footed mice, which in turn was driven by production of acorns by red oak trees. Infection prevalence with zoonotic pathogens at our relatively intact forest sites was not associated with the abundance of white-footed mice, a species known to transmit infection with high efficiency, but instead appeared to arise from the distribution of larval ticks across the entire community of larval hosts. High densities of mice strongly reduced the tick burdens on individual mice and chipmunks, suggesting intraguild competition for parasites. Lyme disease risk arises from the dynamics of the ecological community, rather than from the dynamics of any single population of hosts or from extreme seasonal weather. These dynamics are complex but predictable, such that understanding them can facilitate improvements in management and education aimed at protecting public health.",crossref,0
Value misalignments in X’s feed algorithm is a reflection of value tensions in engagement,https://www.pnas.org/doi/abs/10.1073/pnas.2610388123?mi=eymic2&af=R&access=on&content=articlesChapters&publication=pnas&sortBy=Earliest&target=default,Proceedings of the National Academy of Sciences: Keyword search for query,2026-08-17 07:00:00 UTC,2026-08-17 07:00:00+00:00,10.1073/pnas.2610388123,Michael S. Bernstein,"Social media feed algorithms rank content that is purported to be preferred by users, but the engagement behaviors that drive these algorithms are (at best) indirect proxies for users’ explicitly self-stated values. Are the resulting feeds value aligned, and if not, why? We investigate this question by annotating the basic human values expressed in participants’ X (Twitter) feeds (N = 715 US users), analyzing the relationship between the posts’ value expressions and the posts’ amplification in the ranked “For You” Page feed, and then comparing the amplified values to users’ own values. We observe that the inventory of posts from followed accounts reflects users’ self-stated values—but that there is an overall negative correlation (misalignment) between users’ explicit values and the value expressions the algorithm is more likely to amplify. We turn to engagement behavior to understand this misalignment and observe that users’ engagement behaviors can be misaligned with their stated values—likely causing the algorithm to learn and reflect these misaligned values. We also detect partisan differences consistent with this theory: While the algorithm amplifies values negatively correlated with both Democrats’ and Republicans’ self-stated values, they are more misaligned for Democrats. And in fact replying, a heavily weighted form of engagement, is associated with values that are less aligned for both Democrats’ and Republicans’ self-stated values, and is even more misaligned for Democrats. Taken together, these findings offer a glimpse into the tensions between the values that people hold and those that provoke reactions, and how these value tensions can produce misaligned outcomes.",crossref,0
The role of small Heat Shock Proteins in Trypanosoma cruzi infection and intestinal homeostasis in a Chagas disease vector,https://www.pnas.org/doi/abs/10.1073/pnas.2600647123?mi=eymic2&af=R&access=on&content=articlesChapters&publication=pnas&sortBy=Earliest&target=default,Proceedings of the National Academy of Sciences: Keyword search for query,2026-08-17 07:00:00 UTC,2026-08-17 07:00:00+00:00,10.1073/pnas.2600647123,Pedro L. Oliveira,"Rhodnius prolixus
                    , an insect vector of Chagas disease, ingests blood meals several-fold its own body weight. This nutritional overload triggers specific adaptive responses that prevent or remediate damage from multiple stressors, including oxidative, osmotic, and microbial challenges. Transcriptomic analysis of first-instar nymph digestive apparatus revealed five members of the small Heat Shock Protein (sHSP) family that were highly expressed after blood meals but were downregulated upon
                    Trypanosoma cruzi
                    infection. sHSPs are proteins involved in cellular homeostasis and stress responses. Simultaneous knockdown of all five sHSPs profoundly disrupted insect physiology, causing decreased actin filament network formation, interrupted peristalsis, blocked endoplasmic reticulum (ER) expansion, and reduced ER–mitochondria association, while increasing reactive oxygen species generation and inducing premature epithelial cell mitosis. This apparent loss of digestive apparatus homeostasis was recapitulated by trypanosome infection and, conversely, sHSPs silencing in infected insects increased parasite numbers. Taken together, our data reveal a paramount role for sHSPs in midgut cell homeostasis following blood meals and support the hypothesis that sHSPs expression down regulation represents an adaptive manipulation of the insect host by the parasite.",crossref,0
"Direct dating of 3.5 Ga biogenic carbon in a microbial mat remnant, Singhbhum Craton, India",https://www.pnas.org/doi/abs/10.1073/pnas.2617912123?mi=eymic2&af=R&access=on&content=articlesChapters&publication=pnas&sortBy=Earliest&target=default,Proceedings of the National Academy of Sciences: Keyword search for query,2026-08-17 07:00:00 UTC,2026-08-17 07:00:00+00:00,10.1073/pnas.2617912123,Stefan V. Lalonde,"Zircons interpreted to be of syn-volcanic origin recovered from the lower greenschist “black and white banded” Bhitardari chert, Eastern Iron Ore greenstone belt, Singhbhum craton, India, yield a
                    207
                    Pb/
                    206
                    Pb zircon age of 3497 ± 5 Ma (
                    n
                    = 4; MSWD = 1.2). This chert contains abundant carbonaceous matter (CM) that occurs in two textural modes: 1) ultrafine laminae distributed within the matrix and 2) graphite flakes in late quartz veins. Bulk δ
                    13
                    C
                    CM
                    of both modes in the Bhitardari chert yield a value of −30.9‰, which we interpret as reflecting a biogenic origin. This represents the documentation of a directly dated, CM-bearing, Paleoarchean rock with δ
                    13
                    C
                    CM
                    diagnostic of biologic activity. The observed isotopic compositions are consistent with the rise of relatively sophisticated metabolic mechanisms (e.g., Calvin cycle) by 3.5 Ga.",crossref,0
Manipulation of localized excitons in CrPS4 by temperature and magnetic field,https://www.pnas.org/doi/abs/10.1073/pnas.2616584123?mi=eymic2&af=R&access=on&content=articlesChapters&publication=pnas&sortBy=Earliest&target=default,Proceedings of the National Academy of Sciences: Keyword search for query,2026-08-17 07:00:00 UTC,2026-08-17 07:00:00+00:00,10.1073/pnas.2616584123,Maciej Koperski,"Layered van der Waals magnetic semiconductors provide a versatile platform for exploring excitonic phenomena intertwined with spin and lattice degrees of freedom, enabling excitons to act as sensitive probes of magnetic order. CrPS
                    4
                    is a layered antiferromagnetic semiconductor that hosts rich excitonic features whose microscopic origin and connection to magnetic ordering remain incompletely understood. Here, we investigate the electronic and excitonic properties of bulk CrPS
                    4
                    using a combination of many-body perturbation theory, dynamical mean-field theory, and photoluminescence-based experiments. Our calculations establish CrPS
                    4
                    as a direct-gap semiconductor with a bandgap of 2.48 eV in the antiferromagnetic phase. Several subbandgap excitonic transitions are predicted by theory, comprising multiple spin-allowed excitons and an additional spin-flip excitation, predominantly localized on the Cr
                    3+
                    ions. Temperature- and magnetic-field-dependent optical measurements reveal thermally driven exciton redistribution among localized states and identify characteristic energy shifts that provide clear optical signatures of magnetic phase transitions in CrPS
                    4
                    . These results provide insights into the excitonic transitions of antiferromagnets and suggest potential routes for all-optical sensing and light-driven control of their magnetic order.",crossref,0
Three millennia of lizard and snake consumption by Natufian foragers,https://www.pnas.org/doi/abs/10.1073/pnas.2609354123?mi=eymic2&af=R&access=on&content=articlesChapters&publication=pnas&sortBy=Earliest&target=default,Proceedings of the National Academy of Sciences: Keyword search for query,2026-08-17 07:00:00 UTC,2026-08-17 07:00:00+00:00,10.1073/pnas.2609354123,Reuven Yeshurun,"Squamate (lizard and snake) exploitation provides a rarely documented window into human dietary flexibility at the end of the Pleistocene. This study analyzes over three millennia of squamate remains from el-Wad Terrace (Israel), revealing that large-bodied snakes and lizards formed a substantial and consistent part of Natufian subsistence. Repeated evidence of butchery on snake vertebrae indicates regular consumption across all occupation phases. Shifts in squamate abundance and bone modification patterns correspond to shifts in site-use intensity and the relative contribution of human and animal predators to archaeofaunal deposition. Species-based habitat weighting indicates a broadly stable Mediterranean maquis environment, where detected environmental shifts would not substantially alter local squamate abundance, demonstrating that variation in squamate use is unlikely to have resulted from environmental forcing. In the regional record, Natufian herpetofaunal assemblages cluster together, demonstrating human foraging choices and contrasting with those of older Paleolithic sites. In the latter, herpetofauna is far less abundant, taxonomically structured by geography, and includes more diverse and smaller-bodied taxa. Striving to understand the socioeconomic circumstances that contributed to relying on squamates for food, we assess their prey ranking by accounting for body size, agility, and the risks associated with handling different taxa. We found that high- and medium-ranked species were consistently targeted despite fluctuations in habitation intensity, suggesting squamate resilience. These results uncover the long-term role of reptiles in emerging sedentary lifeways and possibly early human impact on local reptile communities.",crossref,0
Architecture and mechanism of the human p24 cargo receptor,https://www.pnas.org/doi/abs/10.1073/pnas.2610235123?mi=eymic2&af=R&access=on&content=articlesChapters&publication=pnas&sortBy=Earliest&target=default,Proceedings of the National Academy of Sciences: Keyword search for query,2026-08-17 07:00:00 UTC,2026-08-17 07:00:00+00:00,10.1073/pnas.2610235123,Hongjun Yu,"The p24 transmembrane emp24 domain family of cargo receptors is central to secretory trafficking, yet its molecular organization and regulatory principles have remained elusive. Here, we present cryo–EM structures of human p24 complex in three pH states, integrated with systematic functional analyses focused on glycosylphosphatidylinositol-anchored protein (GPI-AP) cargo. We identify a tightly interlocked p24α2–p24β1–p24δ1–p24γ2 heterotetramer as the minimal unit for GPI-AP engagement, resolving long-standing uncertainties regarding p24 stoichiometry and higher-order assembly. We reveal functional redundancy between p24α2 and p24α3, alongside selective incorporation of p24γ2 required for cargo binding. Systematic screening identifies two stable subassemblies: p24β1–p24δ1 and p24α2–p24β1–p24δ1, suggesting a stepwise assembly pathway. Comparative structural analysis across multiple pH states uncovers a conserved proton-sensing network centered on Coiled-coil layers 0 and +1 that drives coordinated transmembrane rearrangements, underlying pH-dependent cargo release. Our findings establish an integrated framework linking p24 architecture, isoform diversity, and pH regulation, offering a basis for understanding p24 trafficking complexity.",crossref,0
A kinematic convergence in ape and monkey vertical climbing informs debates on early hominin arborealism,https://www.pnas.org/doi/abs/10.1073/pnas.2608183123?mi=eymic2&af=R&access=on&content=articlesChapters&publication=pnas&sortBy=Earliest&target=default,Proceedings of the National Academy of Sciences: Keyword search for query,2026-08-17 07:00:00 UTC,2026-08-17 07:00:00+00:00,10.1073/pnas.2608183123,W. Scott McGraw,"Recent debates on early hominin arborealism center around interpretations of fossilized foot bones as being either “African ape”- or “monkey”- like in their morphology. These dueling interpretations fuel competing locomotor reconstructions of the last common ancestor of chimpanzees and humans (LCA), including disagreements about the prevalence of vertical climbing behaviors. Yet it remains unclear if possessing an ape- or monkey-like foot impacts the safety and efficiency of climbing, in part because few kinematic data exist on cercopithecoid monkeys moving in their natural habitats. Here, we present detailed kinematic data on the feet of a prolific vertically-climbing cercopithecoid monkey (
                    Cercocebus atys
                    ; the sooty mangabey) in the wild. We show that sooty mangabeys exhibit an extraordinary degree of midfoot dorsiflexion (~46°) during vertical climbs, a value nearly indistinguishable in magnitude to the ankle dorsiflexion of chimpanzees and slightly larger than the ankle dorsiflexion of climbing rainforest hunter-gatherers. This result suggests that, regardless of overall pedal morphology, the fitness challenges posed by vertical movements produced a kinematic convergence in primate foot biomechanics to improve climbing safety. Even if the LCA retained a more monkey-like foot compared to later hominins, our findings suggest that vertical climbing would still be a plausible component of its locomotor repertoire.",crossref,0
A peripheral carboxysome component regulates cyanobacterial glycogen deposition,https://www.pnas.org/doi/abs/10.1073/pnas.2607702123?mi=eymic2&af=R&access=on&content=articlesChapters&publication=pnas&sortBy=Earliest&target=default,Proceedings of the National Academy of Sciences: Keyword search for query,2026-08-17 07:00:00 UTC,2026-08-17 07:00:00+00:00,10.1073/pnas.2607702123,Daniel C. Ducat,"In cyanobacteria, carbohydrate products of the Calvin cycle can be utilized as precursors for cellular biosynthesis or stored as glucose polymers in glycogen granules. Cyanobacterial carbon fixation occurs in the carboxysome, while glycogen is synthesized in the cytosol via GlgC to support respiration and survival in the dark. Here, we identify a carboxysome-associated protein,
                    C
                    arboxysome
                    I
                    nteracting
                    P
                    rotein G (CipG), that appears to physically link these processes. CipG coassociates in cyanobacterial genomes with peripheral carboxysome structural proteins and localizes to carboxysomes in vivo via a process that requires conserved tryptophan residues. CipG coprecipitates with GlgC and is required for the recruitment of a subpopulation of GlgC to the surface of the carboxysome. CipG mutants display a glycogen deficiency, while CipG overexpression increases glycogen accumulation ~sixfold compared to wild type. Taken together, our results highlight a role for CipG in cyanobacterial energy metabolism and suggest an additional capacity for the carboxysome to scaffold key enzymes related to carbon partitioning in cyanobacteria.",crossref,0
VIA1 is a conserved regulator of thylakoid membrane integrity that acts through VIPP1,https://www.pnas.org/doi/abs/10.1073/pnas.2605816123?mi=eymic2&af=R&access=on&content=articlesChapters&publication=pnas&sortBy=Earliest&target=default,Proceedings of the National Academy of Sciences: Keyword search for query,2026-08-17 07:00:00 UTC,2026-08-17 07:00:00+00:00,10.1073/pnas.2605816123,Silvia Ramundo,"Thylakoid membranes are indispensable for oxygenic photosynthesis, yet the mechanisms that protect these membranes from photooxidative damage remain poorly understood. By screening poorly characterized proteins induced during the chloroplast unfolded protein response, we identify VIA1 as an essential factor for preserving thylakoid integrity under high light in the model green alga
                    Chlamydomonas reinhardtii
                    . Loss of VIA1 causes hypersensitivity to photo-oxidative stress and rapid thylakoid swelling. VIA1 localizes to thylakoid membranes and directly binds Vesicle-Inducing Protein in Plastids 1 (VIPP1), an ESCRT-III-like protein essential for thylakoid biogenesis and remodeling. Structure-guided mutagenesis shows that this interaction is required for VIA1 function and is mediated by a winged-helix domain interface reminiscent of ESCRT-II/ESCRT-III binding mode. VIA1 orthologs from cyanobacteria and land plants rescue the Chlamydomonas
                    via1
                    mutant phenotype, and disruption of VIA1 in
                    Synechocystis sp
                    . PCC 6803 impairs growth, especially under light stress. Together, these findings establish VIA1 as an evolutionarily conserved protein that contributes to thylakoid membrane homeostasis via its interaction with VIPP1.",crossref,0
Selective saccular plasticity under microgravity links peripheral transcriptomic remodeling to postflight vestibular dysfunction,https://www.pnas.org/doi/abs/10.1073/pnas.2605593123?mi=eymic2&af=R&access=on&content=articlesChapters&publication=pnas&sortBy=Earliest&target=default,Proceedings of the National Academy of Sciences: Keyword search for query,2026-08-17 07:00:00 UTC,2026-08-17 07:00:00+00:00,10.1073/pnas.2605593123,Hironobu Morita,"Long-duration exposure to microgravity disrupts human balance and spatial orientation, yet the molecular mechanisms underlying vestibular adaptation to spaceflight remain poorly understood. Here, we tested the hypothesis that the saccule, the primary gravity-sensing otolith organ, undergoes selective remodeling during spaceflight and contributes to transient postflight postural instability. Using a cross-species approach, we combined transcriptomic analysis of mouse otolith organs with physiological assessments in astronauts. Laser microdissection–based RNA sequencing of mouse otolith sensory epithelia after a 35-d spaceflight revealed pronounced, organ-specific transcriptomic remodeling in the saccule, whereas the utricle remained stable. Principal component and clustering analyses demonstrated that the saccular transcriptome shifted toward an utricle-like profile under microgravity, accompanied by changes in genes related to synaptic and neuronal function. Promoter motif analysis identified NFAT-associated transcriptional networks, suggesting Ca
                    2+
                    -dependent regulation of synaptic plasticity as a potential molecular substrate of gravity-dependent adaptation. In parallel, vestibular testing in astronauts following long-duration missions (157 to 328 d) revealed selective attenuation of saccule-mediated cervical vestibular-evoked myogenic potentials and increased postural sway immediately after return to Earth, while utricle-mediated responses and semicircular canal function were preserved. Both saccular function and postural stability recovered within approximately 10 d. Notably, early postflight postural instability was partially mitigated by noisy galvanic vestibular stimulation, consistent with stochastic resonance–mediated sensory enhancement. Together, these findings identify the saccule as a plastic gravity sensor and establish a mechanistic link between peripheral molecular remodeling and functional balance deficits after spaceflight, providing a framework for developing countermeasures to facilitate vestibular readaptation during human space exploration.",crossref,0
Unitary currents through K+ selective channelrhodopsins reveal multiple conductance states within an activated state complex,https://www.pnas.org/doi/abs/10.1073/pnas.2604725123?mi=eymic2&af=R&access=on&content=articlesChapters&publication=pnas&sortBy=Earliest&target=default,Proceedings of the National Academy of Sciences: Keyword search for query,2026-08-17 07:00:00 UTC,2026-08-17 07:00:00+00:00,10.1073/pnas.2604725123,Peter Hegemann,"The analysis of how sensation, cognition, and behavior arise from neuronal activity has been enormously facilitated by optogenetics, using algae-derived light sensitive channelrhodopsins, ChRs, expressed in brain cells. To disclose the unitary conductance and the details of the gating mechanism, we recorded unitary currents of the potentially inhibitory K
                    +
                    selective ChRs HcKCR1 and WiChR1 at femtosiemens resolution. Both ChRs open in bursts with a large dominating conductance of 1.6 pS for KCR1 and 2.4 pS for WiChR1 but they are accompanied by widely distributed conductance levels covering a continuum of between 0.3 and 3.0 pS. In WiChR1, these bursts are approximately four times longer than in KCR1. The photocycle and the closed-open gating in an activated state complex seem to be two orthogonal processes. The single-channel currents of the two ChRs explain all characteristic features of the respective whole-cell currents. Our data provide insight into exceptionally small and heterogeneous conductance levels of single channelrhodopsin molecules and open the door to tailor specific tools for optogenetic control in neurons of brain networks.",crossref,0
Serum IgA proteomics reveals clonal composition and neutralization of dimeric and monomeric IgA repertoires against human norovirus,https://www.pnas.org/doi/abs/10.1073/pnas.2603905123?mi=eymic2&af=R&access=on&content=articlesChapters&publication=pnas&sortBy=Earliest&target=default,Proceedings of the National Academy of Sciences: Keyword search for query,2026-08-17 07:00:00 UTC,2026-08-17 07:00:00+00:00,10.1073/pnas.2603905123,George Georgiou,"Protection against human norovirus correlates with attachment ligand blockade antibody titers, fecal IgA titers, and serum IgA titers. IgA responses in serum comprise approximately 80 to 95% of monomeric IgA (mIgA) and 5 to 20% of dimeric IgA (dIgA). Using serum LC–MS/MS proteomics, we established clonal relationships between circulating IgG and IgA, as well as between dIgA and mIgA. We observed a modest degree of clonal overlap between circulating IgG and IgA at steady state and found that more than 80% of antigen-specific mIgA was also detectable as dIgA. We biochemically characterized neutralizing epitopes on norovirus GII.4 virus-like particles (VLPs) targeted by serum IgA clonotypes and demonstrated that dIgA markedly enhances neutralization potency relative to mIgA and IgG in an epitope-specific manner. Cryoelectron microscopy and cryoelectron tomography revealed that whether IgA dimerization enhances viral neutralization depends on epitope accessibility on the VLP and antibody binding orientation. Together, these findings provide molecular-level resolution of the serum IgA response and define the structural basis by which dIgA enhances neutralization potency in an epitope-specific manner.",crossref,0
Structural rearrangements of PDGFRβ in the membrane upon activation by the viral oncoprotein E5,https://www.pnas.org/doi/abs/10.1073/pnas.2603552123?mi=eymic2&af=R&access=on&content=articlesChapters&publication=pnas&sortBy=Earliest&target=default,Proceedings of the National Academy of Sciences: Keyword search for query,2026-08-17 07:00:00 UTC,2026-08-17 07:00:00+00:00,10.1073/pnas.2603552123,Anne S. Ulrich,"The transmembrane protein E5 from bovine papillomavirus is the shortest naturally occurring oncoprotein. As a dimer, it activates the platelet-derived growth factor receptor β (PDGFRβ) in a ligand-independent manner by specific helix–helix interactions within the lipid bilayer. For both proteins, we determined the detailed orientations of their transmembrane helices in aligned membrane samples. Solid-state
                    15
                    N-NMR was used to study either protein segment alone, as well as in the heterocomplex. Remarkably, the assembly of E5 with PDGFRβ led to structural rearrangements of both partners. Binding of E5 triggers a rotation of the PDGFRβ helices around their axes. At the same time, the E5 helices rotate in the membrane to expose Gln17 as well as Asp33, allowing their respective interaction with Thr513 and Lys499 on PDGFRβ. Based on these distinct membrane orientations, we present structural models of the heteromeric E5-PDGFRβ complex, and a mechanism for oncogenic receptor activation.",crossref,0
Neonatal diethylstilbestrol exposure disrupts uterine epithelial apical–basal polarity and partial EMT state,https://www.pnas.org/doi/abs/10.1073/pnas.2603458123?mi=eymic2&af=R&access=on&content=articlesChapters&publication=pnas&sortBy=Earliest&target=default,Proceedings of the National Academy of Sciences: Keyword search for query,2026-08-17 07:00:00 UTC,2026-08-17 07:00:00+00:00,10.1073/pnas.2603458123,Carmen J. Williams,"The developing female reproductive tract is highly sensitive to external hormonal stimulation, which can result in infertility and gynecologic diseases. To determine the underlying mechanisms, we used a mouse model to test the direct, cell type–specific effects of neonatal exposure to the estrogenic chemical, diethylstilbestrol (DES), on the developing uterus. We found that control uterine epithelium is in a partial epithelial–mesenchymal transition state that is lost following DES exposure. This is accompanied by evidence of premature differentiation including altered apical–basal cell polarity and absence of the
                    Lgr5
                    + epithelial stem cell population required for uterine gland formation. Cell–cell communication between epithelial and mesenchymal cells is restructured, and Wnt signaling is aberrantly activated in the epithelium. The DES-exposed uterine mesenchyme has early signs of fibrosis through increased deposition of extracellular matrix (ECM) collagen. Mechanistically, DES exposure causes cell type–specific changes in chromatin accessibility and gene expression, most prominently in epithelial cells. These changes can be explained in part by cell-specific alterations in chromatin looping at enhancer regions in concert with alterations in ERα binding. These findings suggest that reprogramming cell type–specific differentiation trajectories and ECM characteristics underlie the long-term phenotypic effects of developmental exposure to DES and possibly other estrogenic endocrine disrupting chemicals. These changes lead to functional impairment of adult tissues and increased cancer risk.",crossref,0
Autoantibodies neutralizing type I interferons underlie a third of cases of Chikungunya virus encephalitis or myelitis,https://www.pnas.org/doi/abs/10.1073/pnas.2616897123?mi=eymic2&af=R&access=on&content=articlesChapters&publication=pnas&sortBy=Earliest&target=default,Proceedings of the National Academy of Sciences: Keyword search for query,2026-08-17 07:00:00 UTC,2026-08-17 07:00:00+00:00,10.1073/pnas.2616897123,Jean-Laurent Casanova,"Chikungunya virus (CHIKV) infection is typically not life threatening but may, in rare cases, affect the central nervous system (CNS). In three cohorts of confirmed CHIKV cases from Martinique (French overseas territory) and Brazil (patients aged 0 to 89 y,
                    n
                    = 245), 20 patients had CNS infection (aged 17 to 87 y). Autoantibodies neutralizing type I interferons (AAN-I-IFN) were found in 35% of patients (4 male and 3 female, aged 17 to 87 y) with encephalitis (4/15), encephalomyelitis (1/2), or myelitis (2/3), but were absent in 225 patients without CNS infection. They neutralized high concentrations (10 to 1,000 ng/mL) of IFN-α2, IFN-α8, and IFN-ω, and the antibodies of one patient also neutralized IFN-β. All samples also neutralized the other 10 IFN-α subtypes (at least 100 pg/mL). This combination of blood autoantibodies occurs in ~0.02% and 0.6% of healthy individuals under and over 70 y of age, respectively. The presence of AAN-I-IFN before CHIKV infection therefore increased the risk of CNS disease ~850-fold relative to the general population.",crossref,0
Enthalpy‐Entropy Molecular Design of Gel Polymer Electrolytes for Regulating Solvation Chemistry in Lithium–Sulfur Batteries,https://onlinelibrary.wiley.com/doi/10.1002/anie.7695165?af=R,Wiley: Angewandte Chemie International Edition: Table of Contents,2026-08-17 08:06:47 UTC,2026-08-17 08:06:47+00:00,10.1002/anie.7695165,Fangyuan Hu,"ABSTRACT
                  
                    Gel polymer electrolytes (GPEs) show great promise in lithium–sulfur (Li–S) batteries, but their practical application is limited by the high enthalpy of Li
                    +
                    desolvation and the slow conversion rate of polysulfides, which disrupt the redox pathway and accelerate capacity decay. Here, we propose an enthalpy‐entropy molecular design strategy to integrate these processes into a unified electrolyte system. By regulating the solvation structures of Li
                    +
                    and polysulfides, we can both restrict available reaction pathways and control the coordination environment of polysulfides within the solvation structure. By modulating the solvation structure, we reduce the desolvation enthalpy of both Li
                    +
                    and polysulfides, thereby promoting uniform nucleation of Li
                    2
                    S. This pioneering design enables the resulting GPE with an ionic conductivity of up to 1.21 mS cm
                    −1
                    at 22°C and a Li
                    +
                    transference number of 0.82, the resulting Li||Li symmetric cell can cycle stably for over 2250 h. Consequently, the cell exhibits an ultralow capacity fading rate of 0.043% per cycle over 1000 cycles at 2C and remained functional when assembled into a 1.8 Ah pouch‐cell (403.7 Wh kg
                    −1
                    ). This study highlights the crucial role of enthalpy‐entropy molecular design strategies in GPEs.",crossref,0
Asymmetric Kinetic Resolution of 2‐Aryl Oxetanes by Dinuclear Titanium Radical Catalysis,https://onlinelibrary.wiley.com/doi/10.1002/anie.9795533?af=R,Wiley: Angewandte Chemie International Edition: Table of Contents,2026-08-17 08:11:17 UTC,2026-08-17 08:11:17+00:00,10.1002/anie.9795533,Yong‐Qiang Zhang,"ABSTRACT
                  
                    2‐Aryl oxetanes are valuable strained‐ring synthons, yet a broadly useful chemical kinetic resolution of this substrate class has remained largely unavailable. Here we report a dinuclear (salen)titanium‐catalyzed radical ring‐opening strategy for the kinetic resolution of 2‐aryl oxetanes under mild conditions. The reaction accommodates diverse aryl‐, heteroaryl‐, and drug‐conjugated substrates, delivering enantioenriched oxetanes with high regio‐ and enantioselectivity. The resulting oxetanes serve as versatile chiral platforms and enable concise, modular, and enantio‐retentive access to pharmaceutically relevant targets, including (
                    S
                    )‐Atomoxetine, (
                    S
                    )‐Nisoxetine, and (
                    S
                    )‐Fluoxetine. Mechanistic studies support a Curtin–Hammett‐type stereochemical model in which diastereomeric Ti–oxetane intermediates, differentiated by an unusual ligand–substrate C–H···π interaction, display distinct stability/reactivity relationships during C─O bond homolysis. Beyond establishing a broadly useful kinetic resolution of 2‐aryl oxetanes, this work reveals an unusual mode of attractive ligand–substrate recognition in salen–titanium radical catalysis.",crossref,0
Neuron‐Inspired Orbital‐Interface Engineering of FeS2 Anodes for Ultrafast and Durable Potassium Storage,https://advanced.onlinelibrary.wiley.com/doi/10.1002/adma.74460?af=R,Wiley: Advanced Materials: Table of Contents,2026-08-17 08:26:31 UTC,2026-08-17 08:26:31+00:00,10.1002/adma.74460,Wei Huang,"ABSTRACT
                  
                    The sluggish kinetics, severe structural degradation, and ambiguous reaction pathways of conversion‐type anodes remain formidable bottlenecks for potassium‐ion batteries. Herein, a neuron‐inspired orbital‐interface engineering strategy is proposed to construct a hierarchical Co‐FeS
                    2
                    /C@C composite via a novel in situ FeS
                    2
                    ‐to‐MOF reconstruction, where porous Co‐FeS
                    2
                    nanoparticles are intertwined with an internal carbon network and encapsulated within a robust carbon shell. Functionally, synergistic orbital (co‐doping) and interface (carbon network) engineering are rationally tailored to boost the intrinsic conductivity and promote ion diffusion of FeS
                    2
                    , while the hierarchical porosity and outer shell buffer volume fluctuations, thereby concurrently enhancing reaction kinetics and structural stability. To validate this, in situ XRD first demonstrates the highly reversible successive conversion mechanism of FeS
                    2
                    . Furthermore, comprehensive experimental and theoretical results verify optimized electronic states, lowered K
                    +
                    migration barriers, and robust structural integrity. Consequently, the Co‐FeS
                    2
                    /C@C anode delivers an exceptional rate capability (268 mA h g
                    −1
                    at 20 A g
                    −1
                    ) alongside long‐term cycling durability, outperforming most reported metal sulfide‐based anodes. Moreover, as‐assembled full cells exhibit outstanding battery performance even under severe mechanical deformation, reliably powering diverse high‐demand electronics and wearable sensor systems. Ultimately, this biomimetic paradigm offers a compelling strategy to develop high‐power and durable electrodes for next‐generation energy storage systems.",crossref,0
Tailoring a Solar‐Blind Ultraviolet Ferroelectric for Nonlinear Optics Through a Local Symmetry‐Breaking Cascaded Strategy,https://advanced.onlinelibrary.wiley.com/doi/10.1002/adma.74665?af=R,Wiley: Advanced Materials: Table of Contents,2026-08-17 08:29:05 UTC,2026-08-17 08:29:05+00:00,10.1002/adma.74665,Shilie Pan,"ABSTRACT
                  
                    Solar‐blind ultraviolet ferroelectrics are emerging as promising nonlinear optical candidates based on the quasi‐phase matching principle. However, their development is hindered by the stringent symmetry requirements and the intrinsic coupling between polarization mechanisms and electronic structures. In this study, we propose a local symmetry‐breaking cascaded strategy, in which molecular‐level asymmetry is transmitted and amplified within a coordination framework to generate macroscopic ferroelectric polarization. Guided by this strategy, a new ferroelectric crystal, NH
                    3
                    CH
                    2
                    COO∙Li
                    2
                    SeO
                    4
                    , is obtained with the intrinsic asymmetry of glycine transmitted and amplified by high‐symmetry tetrahedral groups and small‐radius cations. This crystal exhibits a short ultraviolet cutoff edge (216 nm) and typical ferroelectricity (remanent polarization ∼ 8.4 µC/cm
                    2
                    , coercive field ∼ 18.8 kV/cm). Importantly, it further achieves the 266 nm output, validating its potential for solar‐blind ultraviolet nonlinear optical applications. Structural analysis and ferroelectric characterization reveal that the macroscopic polarization originates from local symmetry breaking of glycine units, which is transmitted and amplified through the Li–SeO
                    4
                    coordination network. This mechanism provides a generalizable design principle for discovering ultraviolet ferroelectrics, opening a promising avenue toward high‐performance solar‐blind ultraviolet nonlinear optical materials.",crossref,0
Engineered Chiroplasmonic Nanointerfaces Enable High‐Dissymmetry Circularly Polarized Electrochemiluminescence From Achiral Luminophores,https://advanced.onlinelibrary.wiley.com/doi/10.1002/adma.74684?af=R,Wiley: Advanced Materials: Table of Contents,2026-08-17 08:29:53 UTC,2026-08-17 08:29:53+00:00,10.1002/adma.74684,Wenxin Niu,"ABSTRACT
                  
                    Circularly polarized electrochemiluminescence (CP‐ECL) provides an emerging route to encode chiral information into electrochemically generated light, but current strategies largely rely on intrinsically chiral luminophores, limiting molecular diversity, device integration, and dissymmetry‐factor amplification. Here, a strategy based on engineered chiroplasmonic nanointerfaces is developed for high‐dissymmetry CP‐ECL from achiral luminophores. In this design, luminophores are spatially confined around helicoid Au nanocrystals within a nanoscale plasmonic environment, and the resulting hybrid nanocrystals are assembled into monolayer films to couple chiroplasmonic near fields with electrochemically generated excited states. Using Ru(bpy)
                    3
                    2+
                    as a model achiral ECL luminophore, the helicoid Au@SiO
                    2
                    ‐Ru nanocrystal monolayer electrode produces mirror‐image CP‐ECL responses with a high dissymmetry factor of |g
                    CP‐ECL
                    | ≈ 1.1. Control experiments and electromagnetic simulations reveal a synergistic mechanism in which chiroplasmonic near‐field induction predominantly breaks the emission symmetry, whereas circular‐polarization‐dependent extinction further amplifies the far‐field circular polarization contrast. Extension to another achiral ECL luminophore suggests that this strategy may be applicable beyond the Ru(bpy)
                    3
                    2+
                    system. By enabling circular polarization without requiring intrinsically chiral luminophores, this approach can be readily integrated with established achiral ECL chemistries and devices, offering opportunities for chiral sensing, electrochemiluminescent photonics, and optical information encoding.",crossref,0
Bioinspired Hydrogen‐Bond Traps Enabling Ultrasensitive Temperature Sensing,https://advanced.onlinelibrary.wiley.com/doi/10.1002/adma.74571?af=R,Wiley: Advanced Materials: Table of Contents,2026-08-17 08:31:35 UTC,2026-08-17 08:31:35+00:00,10.1002/adma.74571,Jia Huang,"ABSTRACT
                  
                    The development of flexible temperature sensors is hindered by the intrinsically low thermal sensitivity of soft ionic conductors, which arises from averaged energy landscapes and competing transport mechanisms. Inspired by the gating mechanism of biological transient receptor potential (TRP) ion channels, we propose a hydrogen‐bond trap regulation strategy. By constructing localized hydrogen‐bond traps with heterogeneous energy distributions within a deep eutectic solvent (DES) gel network, continuous ion transport is transformed into a confined, thermally activated hopping process. This approach yields an ultrahigh temperature coefficient of resistance (TCR) of 178% °C
                    −1
                    and a high
                    B
                    value of 7880 K. A miniature flexible probe (Ø1.0 mm × 1.0 mm) demonstrates practical potential in organ temperature monitoring and wireless respiratory tracking. The tailored hydrogen‐bond traps also effectively suppress multimodal crosstalk, enabling the fabrication of a decoupled trimodal sensing system that independently resolves proximity, pressure, and temperature signals for human–robot interaction. This work establishes a versatile materials strategy for achieving thermal perception in soft electronics and provides a general platform for tuning ion transport in polymer networks.",crossref,0
Synergistic Molecular Modulation via Coordination and Hydrogen Bonding for Efficient Perovskite and Tandem Solar Cells,https://advanced.onlinelibrary.wiley.com/doi/10.1002/adma.74639?af=R,Wiley: Advanced Materials: Table of Contents,2026-08-17 08:33:21 UTC,2026-08-17 08:33:21+00:00,10.1002/adma.74639,Jun Pan,"ABSTRACT
                  
                    Molecular additives offer a powerful route to control crystallization kinetics and homogenize component distribution in perovskite semiconductors. However, additives that integrate Pb‐related coordination and hydrogen‐bonding functionalities within a single molecular framework to jointly regulate crystallization evolution and defect chemistry remain largely underexplored. Herein, we introduce 4,4’‐(phenylphosphoryl)dibenzoic acid (PPDBA) as a multifunctional molecular modulator that combines P═O and ─COOH groups within a single framework. Compared with P═O‐only reference molecule triphenylphosphine oxide (TPPO), PPDBA expands the interaction scope by coupling Pb‐related coordination involving P═O/─COOH functionalities with additional ─COOH‐assisted hydrogen bonding toward organic cations. These cooperative interactions facilitate intermediate‐phase evolution modulation, crystallization retardation, and the formation of uniform perovskite films with reduced residual PbI
                    2
                    . In addition, PPDBA preferentially enriches near the perovskite surface, where it contributes to defect passivation and improved carrier extraction. Consequently, PPDBA‐treated 1.55 eV PSCs achieve a power conversion efficiency of 26.31% with exceptional stability. The universality of the strategy is further demonstrated by high efficiencies of 23.50% and 19.13% PCEs for 1.68 and 1.84 eV wide‐bandgap PSCs, respectively. Beyond single‐junctions, PPDBA enables high‐performance tandems, delivering 33.05% (certified 32.65%) in perovskite/silicon and 26.11% in perovskite/organic architectures. This work provides a molecular design blueprint for high‐performance, durable perovskite‐based photovoltaics.",crossref,0
Lignin Mimicking Protein Methylation Augments the Efficacy of FOLFOX Chemotherapy by Anchoring Thymidylate Synthase,https://advanced.onlinelibrary.wiley.com/doi/10.1002/adma.202507040?af=R,Wiley: Advanced Materials: Table of Contents,2026-08-17 08:35:33 UTC,2026-08-17 08:35:33+00:00,10.1002/adma.202507040,Weiling He,"ABSTRACT
                  FOLFOX has served as the standard chemotherapy regimen for advanced stages, specifically in the treatment of pancreatic, colorectal, and bladder cancers. However, the issues of excessive toxicity and prolonged treatment cycles persist. To address this limitation, we developed a novel methylated amino acid‐modified lignin inspired by biological methylation, creating a pH‐responsive charge‐reversal drug delivery system for FOLFOX chemotherapy. This system stabilizes thymidylate synthase (TS) and combines with deoxyuridine monophosphate (dUMP) to demonstrate significantly improved therapeutic outcomes of FOLFOX against colorectal cancer (CRC). The FOLFOX‐loaded nanodrug showed targeted antitumor activity against CRC and induced tumor cell death through multiple mechanisms, including apoptosis, necrosis, cell cycle regulation, DNA damage, and reactive oxygen species generation. Furthermore, the nano‐formulation activated immune responses to enhance chemotherapeutic potency and effectively reducing renal toxicity associated with chemotherapy drugs. These findings suggest that protein methylation‐mimicked lignin could be a valuable addition to current first‐line chemotherapy options and holds promise for enhancing chemotherapy against solid tumors.",crossref,0
Yttrium‐Doped MoS2 With Optimized Interface Charge Injection and Hydrogen Binding for Efficient Hydrogen Evolution,https://advanced.onlinelibrary.wiley.com/doi/10.1002/adma.74673?af=R,Wiley: Advanced Materials: Table of Contents,2026-08-17 08:39:29 UTC,2026-08-17 08:39:29+00:00,10.1002/adma.74673,Junwei Fu,"ABSTRACT
                  
                    On‐chip electrocatalytic microdevices (OCEMs) are versatile platforms for probing the intrinsic kinetics of individual nanomaterials. However, their applications in evaluating 2D van der Waals materials often suffer from substantial interfacial contact resistance at the electrode/catalyst junction and sluggish catalytic reaction kinetics at the catalyst/electrolyte interface. Herein, we develop an yttrium‐doping strategy for monolayer MoS
                    2
                    (Y‐MoS
                    2
                    ) that simultaneously optimizes charge injection across the solid–solid (electrode/catalyst) interface and hydrogen binding on the basal plane of MoS
                    2
                    . The Y doping downshifts the conduction band minimum of MoS
                    2
                    , lowering the Schottky barrier from 0.47 to 0.23 eV and enhancing electron injection across the electrode/catalyst interface. The matching spatial orbital symmetry of Y and Mo 4
                    d
                    xz/yz
                    induces strong
                    d‐d
                    electronic coupling, driving the formation of a favorable bridge hydrogen intermediate () with an optimized binding energy of 0.36 eV for hydrogen evolution reaction (HER) at the catalyst/electrolyte interface. Benefiting from this synergistic optimization of band alignment and hydrogen binding, Y‐MoS
                    2
                    exhibits superior HER performance, delivering an overpotential of 187 mV at 10 mA cm
                    −2
                    , competitive with recent 2D MoS
                    2
                    ‐based electrocatalysts. This work establishes an optimized OCEM platform for decoupled mechanistic analysis and an orbital‐level tuning strategy for efficient electrocatalyst design.",crossref,0
Photothermal‐Photoelectric Synergistic Management in High‐Entropy Alloys for Full‐Spectrum Solar CO2‐to‐CH4 Conversion,https://advanced.onlinelibrary.wiley.com/doi/10.1002/adma.74690?af=R,Wiley: Advanced Materials: Table of Contents,2026-08-17 08:39:32 UTC,2026-08-17 08:39:32+00:00,10.1002/adma.74690,Shaohua Shen,"ABSTRACT
                  
                    Current photothermocatalysts, characterized by inadequate photogenerated electrons for accelerating reaction kinetics as well as excessive demand for high light intensity, face major obstacles to practical application. In this study, a heteroarchitectured photothermocatalyst is presented by integrating the FeCoNiCuCr (FCNCuCr) high‐entropy alloys (HEAs) photothermal layer, the Al doped ZnO (AZO) photoelectric layer, and the thermal radiation blocking component of chromium‐plated glass (Cg). The obtained Cg/FCNCuCr/AZO photothermocatalyst exhibits an unprecedented CO
                    2
                    ‐to‐CH
                    4
                    conversion performance, with CH
                    4
                    yield reaching 5082.9 µmol g
                    −1
                    h
                    −1
                    , which is 14 and 4 times that obtained from pristine FCNCuCr HEAs and Cg/FCNCuCr, respectively, surpassing the state‐of‐the‐art photothermocatalysts and photocatalysts for gas‐solid atmospheric pressure CO
                    2
                    conversion with H
                    2
                    O supplied as proton source. Thanks to effective photothermal management, the Cg/FCNCuCr/AZO heteroarchitectured photothermocatalyst achieves full‐spectrum solar absorption by minimizing thermal radiation, thereby realizing excellent photothermal conversion capability. Meanwhile, the sputtered AZO photoelectric layer is integrated to establish an interfacial Schottky barrier, harnessing the photoelectric synergy, and further reducing the reaction barrier for CO
                    2
                    ‐to‐CH
                    4
                    conversion. The present photothermal‐photoelectric synergistic management strategy enlightens the design of high‐performance photothermocatalysts for solar driven CO
                    2
                    conversion.",crossref,0
Efficient Hydroxyl Diffusion Triggers Surface Hydronium Enrichment and Bulk Proton Participation to Boost Alkaline Hydrogen‐Evolving Reaction,https://advanced.onlinelibrary.wiley.com/doi/10.1002/adma.74662?af=R,Wiley: Advanced Materials: Table of Contents,2026-08-17 08:41:22 UTC,2026-08-17 08:41:22+00:00,10.1002/adma.74662,Zongping Shao,"ABSTRACT
                  
                    Deciphering the diffusion, induction, and reaction processes of key chemical species in the catalyst lattice is critical for solution‐phase electrochemical applications, yet remains underexplored. Taking the alkaline hydrogen‐evolving reaction (HER) in an anion‐exchange‐membrane (AEM) electrolyzer as an example, prior efforts were devoted to optimizing water dissociation and proton recombination steps on catalyst surfaces, neglecting the important role of bulk electrochemistry induced by abundant OH
                    −
                    in the electrolyte. As a proof‐of‐concept, we design oxygen‐vacancy‐ordered and oxygen‐vacancy‐disordered model oxides to explore the bulk electrochemistry triggered by OH
                    −
                    diffusion. Combined systematic experiments and computations reveal that the ordered and high‐concentration features of oxygen vacancies improve the mobility and flux of OH
                    −
                    diffusion into the bulk lattice, respectively. Multiple operando characterizations demonstrate that efficient bulk OH
                    −
                    diffusion lowers surface OH
                    −
                    concentration and thus drives the water ionization equilibrium toward products (2H
                    2
                    O ↔ H
                    3
                    O
                    +
                    + OH
                    −
                    ) following Le Chatelier's principle, contributing to enriched surface H
                    3
                    O
                    +
                    and enhanced surface HER kinetics. Interestingly, due to the electrostatic interactions, bulk OH
                    −
                    diffusion behavior triggers surface‐to‐bulk proton migration and participation, extending HER regions from the surface to the bulk and thus boosting HER activity. The high OH
                    −
                    diffusion capability of the cathode also greatly improves the AEM‐electrolyzer performance. Our work offers new insights into the long‐overlooked bulk electrochemistry.",crossref,0
Suppressing Sodium Dendrites Through Protein‐Mediated Tip Adsorption Effect,https://advanced.onlinelibrary.wiley.com/doi/10.1002/adma.74672?af=R,Wiley: Advanced Materials: Table of Contents,2026-08-17 08:42:16 UTC,2026-08-17 08:42:16+00:00,10.1002/adma.74672,Yang Shen,"ABSTRACT
                  
                    Dendrite growth and interfacial side reactions severely limit the cycle life of sodium batteries. While electrolyte additives represent the simplest mitigation strategy, conventional additives rely on single chemical driving mechanisms, and pose environmental concerns. Here, we propose a bio‐adaptive approach based on the protein tip adsorption effect, demonstrating at the “amino acid–peptide–protein” scale that this mechanism regulates electric field distribution around sodium bud tips to induce uniform sodium deposition and stripping. Concurrently, it promotes formation of a robust solid electrolyte interphase, rearranging the sodium metal anode into a smoother surface. Electrolytes engineered via this tip adsorption effect deliver enhanced cycling and stripping performance in sodium symmetric cells across 1, 5, and 10 mA cm
                    −2
                    , with a maximum tolerable current density exceeding 25 mA cm
                    −
                    2
                    . Remarkably, NVP||Na cells achieve 20,000 cycles at 10 C and 16,000 cycles at an ultrahigh 50 C rate. The electrolyte also shows broad anode compatibility: NVP||Al@C cells with a high NVP loading of 10.32 mg cm
                    −
                    2
                    sustain 1,000 cycles at 5 C. Guided by sustainable development principles, this work may inspire exploration of natural, eco‐friendly materials for battery modification.",crossref,0
"A Low‐Cost, Scalable, and Integrated Hydrogen Electrode Toward Industrial‐Grade Hydrogen Batteries",https://advanced.onlinelibrary.wiley.com/doi/10.1002/adma.74499?af=R,Wiley: Advanced Materials: Table of Contents,2026-08-17 08:43:40 UTC,2026-08-17 08:43:40+00:00,10.1002/adma.74499,Wei Chen,"ABSTRACT
                  
                    Aqueous hydrogen batteries are promising candidates for large‐scale energy storage because of their high reliability and long lifespan. However, their practical application remains hindered by hydrogen electrodes that suffer from insufficient catalytic activity, high cost, and limited scalability. Here, we develop an integrated hydrogen electrode (iHE) by rationally integrating a catalyst with a meter‐scale, ultrathin hydrogen diffusion layer. A Ni‐based catalyst is incorporated as a representative into the hydrogen diffusion layer composed of an ultrathin, porous, and hydrophobic nickel‐plated membrane, yielding an electrode cost of only $3.6 m
                    −2
                    , approximately 5% that of a conventional hydrogen electrode based on Pt catalyst supported on a commercial gas diffusion layer (Pt@GDL). The iHE exhibits a low polarization of 26 mV at 5 mA cm
                    −2
                    and stable operation over 1600 h. The Ni‐H
                    2
                    (iHE) battery delivers a long cycle life of 3300 h with ~98% capacity retention and a negligible Coulombic efficiency decay rate of 0.033% h
                    −1
                    . Furthermore, the Ni‐H
                    2
                    (iHE) full cell achieves an energy cost of only one‐sixth that of the Ni‐H
                    2
                    (Pt@GDL) counterpart,   together with an energy density of 179.5 Wh kg
                    −1
                    . These results highlight the advantages of the iHE in activity, stability, scalability, and cost, demonstrating its potential for grid‐scale energy storage.",crossref,0
"Triboelectric Tactile Sensors for Embodied Intelligence: Design, Performances, and Applications",https://advanced.onlinelibrary.wiley.com/doi/10.1002/adma.74599?af=R,Wiley: Advanced Materials: Table of Contents,2026-08-17 08:43:43 UTC,2026-08-17 08:43:43+00:00,10.1002/adma.74599,Shuangxi Nie,"ABSTRACT
                  Embodied intelligence is driving artificial intelligence from digital reasoning toward real physical interaction, while tactile perception capabilities lag behind algorithmic advances and have become a critical bottleneck restricting the practical implementation of robotic closed‐loop interaction. We propose that triboelectric event‐driven tactile sensing can serve as a tactile information acquisition strategy for embodied intelligence. With its distinctive characteristics of mechanically triggered output and self‐powered operation, it provides a new route to overcoming the limitations of signal acquisition, transmission, and power supply in complex environments and under high‐density deployment. Based on this perspective, this review centers on triboelectric event‐driven tactile sensing and systematically discusses the implementation pathways of triboelectric tactile sensors for embodied intelligence from four aspects: the conversion mechanisms from tactile events to electrical signals, material and structural design, key deployment performance, and embodied interactive applications. Particular emphasis is placed on revealing the intrinsic relationships among design strategies, deployment capabilities, and scenario adaptability. Finally, this review further discusses the key challenges and future directions that must still be addressed for triboelectric event‐driven tactile sensing to advance from device‐level performance optimization toward an event‐driven system‐level perception paradigm.",crossref,0
Thermosensitive Liposome‐Loaded Hydrogels Enable Mechano‐Chemical Cascade Therapy for Promoting Angiogenesis,https://advanced.onlinelibrary.wiley.com/doi/10.1002/adma.74671?af=R,Wiley: Advanced Materials: Table of Contents,2026-08-17 08:45:07 UTC,2026-08-17 08:45:07+00:00,10.1002/adma.74671,Zhao Wei,"ABSTRACT
                  Pharmacological activation of selective biophysical or chemical signaling pathways is known to regulate angiogenesis; however, whether these cues can be modulated in a temporally coordinated, cascade‐like manner to generate stable and functional vascular networks remains unclear, particularly in the ischemic microenvironment. Here, we demonstrate a mechanochemical cascade in which TRPV4 (transient receptor potential vanilloid 4)‐mediated mechanosensing initiates endothelial activation, followed by platelet‐derived growth factor‐BB (PDGF‐BB) signaling that drives vascular formation and maturation. Specifically, we engineered a thermosensitive liposome‐loaded hydrogel that responds to endogenous temperature changes to achieve precise, temporally ordered release of angiogenic initiators and stabilizing factors. In a murine critical limb ischemia model, early release of the TRPV4 agonist GSK1016790A initiated angiogenic activation, accompanied by gradual local temperature recovery during ischemic repair, which provided the expected thermal window for delayed PDGF‐BB release to support nascent vessel maturation. The thermo‐adaptive cascade release achieved 91.5% restoration of limb perfusion, coupled with a substantial surge in mature vessel density, yielding superior functional recovery that outperforms simultaneous therapy. Our findings not only illuminate the transformative potential of mechano‐chemical synergistic therapies for ischemic diseases but also unveil the pivotal role of temporally orchestrated pro‐angiogenic and stabilizing signals in driving robust, self‐regulated vascular regeneration.",crossref,0
Data‐Driven Materials Science for Energy‐Sustainable Applications,https://advanced.onlinelibrary.wiley.com/doi/10.1002/adma.74491?af=R,Wiley: Advanced Materials: Table of Contents,2026-08-17 08:45:54 UTC,2026-08-17 08:45:54+00:00,10.1002/adma.74491,Jacqueline M. Cole,"ABSTRACT
                  Materials science is underpinned by structure‐property relationships that govern the function of a material. These relationships can be encoded into algorithms and integrated into machine‐learning models that enable the prediction of materials and their cognate properties. However, machine‐learning models are largely being trained on computed data owing to a worldwide shortage of real‐world (experimental) datasets. This review describes how to capture and collate experimental data from scientific literature using artificial‐intelligence (AI) methods to produce materials‐domain‐specific datasets or language models. Their application in AI‐driven enquiries that facilitate progress in energy‐sustainable materials science is then illustrated via six case studies that cover: training machine‐learning models, data‐driven materials discovery, optimizing manufacturing processes, mapping phases of materials, forecasting materials‐centric research trends, and classifying types of materials using automated prompt engineering. The future of materials‐domain‐specific datasets, language models, and decision‐making workflows using AI agents is then envisioned for the energy sector. The intrinsic challenges of accessing historical dark data in materials science are then described and contrasted with timely opportunities for leveraging massive amounts of experimental data from laboratories in going forwards; by exploiting electronic‐lab notebooks, high‐throughput experiments, and digital‐twin technologies. These opportunities are illustrated for energy‐sustainable materials science, especially the photovoltaic and battery industries.",crossref,0
Organic n‐Type Molecule Mediated Crystallization Regulation for Sn‐Pb Perovskite Solar Cells,https://advanced.onlinelibrary.wiley.com/doi/10.1002/adma.74623?af=R,Wiley: Advanced Materials: Table of Contents,2026-08-17 08:47:09 UTC,2026-08-17 08:47:09+00:00,10.1002/adma.74623,Alex K.‐Y. Jen,"ABSTRACT
                  
                    Narrow‐bandgap Sn‐Pb perovskites have showcased great potential for constructing tandem perovskite solar cells (PSCs). However, Sn
                    2
                    +
                    in Sn‐Pb PSCs is readily oxidized to Sn
                    4
                    +
                    , and such B‐site Sn
                    4
                    +
                    will introduce excess positive charge and causes severe p‐type self‐doping, which pins the Fermi level and aggravates non‐radiative recombination. Additionally, the Sn‐based component crystallizes far more rapidly than that of Pb, resulting in unbalanced Sn‐Pb crystallization. To address these challenges, we develop a novel n‐type molecule NDBH as perovskite additive. This molecule offers three key advantages: prevents the oxidation of Sn
                    2
                    +
                    through chelation and blocks oxygen ingress along grain boundaries; balances the crystallization rates of Sn‐Pb perovskite by selectively chelating Sn
                    2
                    +
                    ; modifies the perovskite surface to be more n‐type. With this organic n‐type molecule, the inverted Sn‐Pb PSCs achieve power conversion efficiency (PCE) of 24.11%. The devices also exhibited remarkable long‐term stability, retaining over 90% of their initial efficiency after 600 h of maximum power point (MPP) tracking. This approach of designing multifunctional n‐type molecules offers a new perspective for enhancing the efficiency and stability of Sn‐Pb PSCs.",crossref,0
Engineering Cartilage‐Like PVA Hydrogels: Dual‐Stage Crystallization Kinetics Regulations Overcome the Strength–Water Content Trade‐Off,https://advanced.onlinelibrary.wiley.com/doi/10.1002/adma.74656?af=R,Wiley: Advanced Materials: Table of Contents,2026-08-17 08:48:44 UTC,2026-08-17 08:48:44+00:00,10.1002/adma.74656,Di Huang,"ABSTRACT
                  The development of PVA hydrogels for cartilage repair is limited by the challenge of simultaneously combining high mechanical strength with high water content. To address this, a “Dual‐Stage Temperature‐Controlled Crystallization Quenching Method” is proposed. The approach precisely regulates crystallization kinetics, enabling meticulous control over the gel network topology. The obtained hydrogel achieves a water content of 83.41% ± 0.51%, a tensile strength of 2.68 ± 0.14 MPa, and a compressive modulus of 0.53 ± 0.02 MPa, exceeding machine learning‐predicted thresholds for each property by over 300%. This performance is attributed to a uniform, isotropic network of refined crystallites, as revealed by multiscale analysis, which facilitates homogeneous stress distribution and efficient energy dissipation. Furthermore, the hydrogel possesses a low friction coefficient, biomimetic porosity, and excellent chondrocyte compatibility. This work provides an advanced cartilage repair material and establishes a novel thermodynamic paradigm for polymer gel design through crystallization kinetics regulation.",crossref,0
Multiscale Ion Transport Optimization in High‐Mass‐Loading Cathodes for Aqueous Zinc‐Ion Batteries,https://advanced.onlinelibrary.wiley.com/doi/10.1002/adma.74658?af=R,Wiley: Advanced Materials: Table of Contents,2026-08-17 08:49:36 UTC,2026-08-17 08:49:36+00:00,10.1002/adma.74658,ZhengMing Sun,"ABSTRACT
                  
                    High‐mass‐loading cathodes are essential for translating aqueous zinc‐ion batteries (AZIBs) from laboratory demonstrations to practically relevant energy‐storage devices because they increase the fraction of electrochemically active materials and thereby improve device‐level energy density. However, increasing cathode loading and thickness simultaneously aggravates charge transport limitations, electrolyte infiltration insufficiency, and structural degradation, leading to severe polarization, poor active‐material utilization, and rapid performance decay. In this review, we present a multiscale framework for understanding and optimizing high‐mass‐loading AZIB cathodes, spanning the microscale, mesoscale, and macroscale. At the microscale, we discussed how doping, vacancy, and interlayer‐spacing modulation regulate electronic structure, Zn
                    2+
                    diffusion, and structural stability of active materials. At the mesoscale, we examine pore architecture, cathode components, and fabrication strategies, with emphasis on porosity, tortuosity, electrolyte accessibility, and integrated charge transport in thick cathodes. At the macroscale, we highlight the importance of electrode balancing and electrolyte management for translating material‐level advances into practical cell performance. We further outline emerging directions, including operando characterization, cross‐scale modeling, data‐driven materials discovery, and scalable manufacturing. By connecting material chemistry, electrode architecture, and device integration, this review provides a coherent roadmap for the rational design of high‐mass‐loading cathodes and the development of energy‐dense, commercially relevant AZIB systems.",crossref,0
Cisplatin‐Doped Black Phosphorus Nanomedicines Overcome Platinum‐Based Anticancer Drug Resistance via Piezoelectric‐Mediated Adaptive Homeostasis Disruption,https://advanced.onlinelibrary.wiley.com/doi/10.1002/adma.202523163?af=R,Wiley: Advanced Materials: Table of Contents,2026-08-17 08:51:10 UTC,2026-08-17 08:51:10+00:00,10.1002/adma.202523163,Dan Luo,"ABSTRACT
                  The clinical efficacy of platinum‐based chemotherapeutics is frequently diminished by the emergence of resistance during prolonged treatment. Cisplatin (DDP)‐resistant tumors adapt to chemotherapeutic stress by establishing a new state of adaptive homeostasis that sustains cellular survival under drug pressure, albeit at the expense of high metabolic burden and acquired vulnerability. Exploiting this intrinsic weakness, we designed a DDP‐doped black phosphorus (BP) nanomedicine protected by polydopamine coating (DDP‐BP@PDA) that synergistically delivered DDP and piezoelectric BP to precisely disrupt resistance homeostasis and thereby reverse DDP resistance. DDP‐BP@PDA altered the intracellular uptake pathway of DDP and disrupted the redox balance of resistant cells via piezocatalysis. Concurrently, piezoelectric polarization enhanced the peroxidase‐like activity via electron injection, leading to the generation of substantial reactive oxygen species (ROS). This ROS burst compromised the integrity of the endoplasmic reticulum (ER) membrane and exacerbated the protein‐folding burden, thereby amplifying ER stress. Mechanism study reveals that excessive ER stress downregulated the expression of DNA repair proteins, making resistant cells highly sensitive to DDP‐induced DNA damage. Through these synergistic effects, DDP‐BP@PDA disrupted the adaptive homeostasis of DDP‐resistant cells, thereby significantly inhibiting the progression of DDP‐resistant tumors. This study establishes a promising therapeutic strategy to combat DDP‐resistance via piezoelectric‐driven disruption of adaptive homeostasis.",crossref,0
Nonorthogonal Polarization‐Multiplexed and Detachable Diffractive Processors,https://advanced.onlinelibrary.wiley.com/doi/10.1002/adma.74700?af=R,Wiley: Advanced Materials: Table of Contents,2026-08-17 08:52:35 UTC,2026-08-17 08:52:35+00:00,10.1002/adma.74700,Songlin Zhuang,"ABSTRACT
                  Polarization multiplexing provides an elegant route for parallel all‐optical processing, yet its intrinsic orthogonality fundamentally limits channel capacity and interlayer interaction in diffractive systems. We present a detachable diffractive processor that leverages nonorthogonal polarization multiplexing to overcome these bottlenecks. The processor features a convolutional‐like architecture composed of detachable diffractive layers, enabling global and interlayer function multiplexing with accelerated training and expanded versatility. Experimentally, we realize 12 independent functions—4 classifiers and 8 holograms—across 4 polarization‐decoupled channels in a dual‐layer system and extend to 18 channels supporting 6 classifiers and 36 holograms using a triple‐layer configuration. Furthermore, we demonstrate a multi‐level optical encryption framework that combines image transformation and holographic generation. This work establishes a scalable framework for multifunctional diffractive computing, enabling compact processors, high‐capacity holography, and secure optical information technologies.",crossref,0
Janus Nanozyme With Programmable Catalytic Switching for Adaptive Therapy of Diabetic Wounds,https://advanced.onlinelibrary.wiley.com/doi/10.1002/adma.74674?af=R,Wiley: Advanced Materials: Table of Contents,2026-08-17 08:52:39 UTC,2026-08-17 08:52:39+00:00,10.1002/adma.74674,Kui Luo,"ABSTRACT
                  
                    Diabetic wound healing requires dynamic bidirectional regulation of reactive oxygen species (ROS). Herein, guided by density functional theory (DFT) calculations, we propose a programmable strategy to engineer catalytic pathways via an intimate heterointerface in Janus‐structured Cu‐Ag nanoparticles (CuAg‐J). Theoretical simulations reveal that the unique Cu‐Ag heterointerface induces a charge transfer to oxygen intermediates, enabling spontaneous formation of reactive species and pH‑switchable catalytic activity. Under acidic conditions, CuAg‐J exhibits peroxidase (POD)‐like activity (
                    K
                    m
                     = 0.19 mM,
                    V
                    max
                     = 0.38 µM/s) for antibacterial ROS generation. Under neutral conditions, it displays superoxide dismutase (SOD)‐like and catalase (CAT)‐like activities (
                    K
                    m
                     = 9.48 mM,
                    V
                    max
                     = 6.88 µM/s) for ROS scavenging and oxygen production. In an infected diabetic wound model, this bidirectional ROS regulation effectively breaks the oxidative stress–hypoxia–inflammation vicious cycle, significantly accelerating healing and achieving 92.04% wound closure by Day 14. This study not only presents a high‐performance nanozyme but also provides a new design rationale for engineering intelligent catalytic materials capable of autonomous function switching in response to dynamic microenvironmental conditions.",crossref,0
Skeletal‐Muscle‐Inspired Superstrong Dynamic Covalent Liquid‐Crystal Elastomers With Exceptional Actuation Performance,https://advanced.onlinelibrary.wiley.com/doi/10.1002/adma.74679?af=R,Wiley: Advanced Materials: Table of Contents,2026-08-17 08:56:57 UTC,2026-08-17 08:56:57+00:00,10.1002/adma.74679,Xiaokong Liu,"ABSTRACT
                  
                    As an emerging actuator material for artificial muscles and soft robotics, dynamic covalent liquid‐crystal elastomers (DCv‐LCEs) enable network reorganization through dynamic bond exchange, allowing actuator reprogramming, actuation‐mode tuning, and material recycling. Despite these distinctive advantages, existing DCv‐LCEs still suffer from limited actuation performance for practical applications. Inspired by the critical role of noncovalent interactions in natural skeletal‐muscle actuation, we develop a superstrong DCv‐LCE (SS‐DCv‐LCE) by deliberately engineering a dynamic covalent liquid‐crystal network that simultaneously incorporates hydrogen‐bonding and metal‐coordination crosslinks. The dual noncovalent crosslinks synergistically reinforce SS‐DCv‐LCE, giving rise to a remarkably high Young's modulus (∼27.6 MPa) and a superhigh strength (∼30.7 MPa) at room temperature, while also imparting significantly enhanced mechanical robustness at elevated temperatures. As a result, SS‐DCv‐LCE delivers an actuation stress of up to 1.6 MPa and a work capacity of up to 486.1 kJ m
                    −3
                    , which are ∼4.5‐ and ∼12.1‐fold higher than those of human skeletal muscle, respectively, and also far exceed those of existing state‐of‐the‐art elastomeric DCv‐LCEs. Moreover, SS‐DCv‐LCE exhibits reprogrammability and reprocessability, enabling reshaping and recycling into actuators with diverse geometries and actuation modes. This work establishes a new network‐architecture design for high‐actuation‐performance DCv‐LCEs, opening opportunities for practical applications in artificial muscles and soft robotics.",crossref,0
S‐Nitrosothiols as Thiol‐Protecting Groups for Controlled Thiol‐Maleimide Crosslinking of Homogeneous Soft Hydrogels,https://advanced.onlinelibrary.wiley.com/doi/10.1002/adma.74627?af=R,Wiley: Advanced Materials: Table of Contents,2026-08-17 08:59:44 UTC,2026-08-17 08:59:44+00:00,10.1002/adma.74627,Pavel A. Levkin,"ABSTRACT
                  The thiol‐maleimide Michael‐type addition is used in bioconjugation and hydrogel crosslinking for its chemoselectivity and rapid kinetics under physiological conditions. However, this same reactivity limits its use for soft hydrogels, as gelation often proceeds faster than precursor mixing, leading to spatially heterogeneous networks. Here, S‐nitrosothiols (RSNOs) are introduced as thiol‐protecting groups that suppress premature thiol‐maleimide coupling and enable homogeneous mixing of polymer precursors prior to on‐demand crosslinking. Despite common assumptions about RSNO instability, RSNO‐modified 4‐arm polyethylene glycol (PEGSNO) is stable in aqueous solution for months at 4°C protected from light. The nucleophiles sodium ascorbate or sodium thiosulfate (STS) trigger thiol regeneration and controlled crosslinking with maleimide‐modified PEG. The resulting hydrogels are homogeneous with Young's moduli tunable across a physiologically relevant range by independently varying nucleophile identity, concentration, or polymer content. In a cell‐adhesive system based on maleimide‐modified cold water fish skin gelatin, STS‐triggered gelation supports 3D cell encapsulation, with cytocompatibility depending on formulation and cell type, while matrix stiffness is tuned through polymer content and STS concentration. This work establishes RSNO chemistry as a previously unexplored strategy for controlled thiol‐maleimide crosslinking, enabling reproducible, homogeneous network formation, with potential for dual‐function materials coupling network formation with local reactive nitrogen species delivery.",crossref,0
Elastomeric 3D‐Printed Microenvironments Enable Nanonewton Force Measurements in Healthy and Diseased Human Pluripotent Stem Cell‐Derived Neuroepithelial Cells,https://advanced.onlinelibrary.wiley.com/doi/10.1002/adma.74596?af=R,Wiley: Advanced Materials: Table of Contents,2026-08-17 09:05:37 UTC,2026-08-17 09:05:37+00:00,10.1002/adma.74596,Angelo Accardo,"ABSTRACT
                  During neural development, cells generate and respond to mechanical forces within their microenvironment while they migrate and differentiate. These forces are central to the development of the human brain, as they are transduced into intracellular signals that regulate key neurobiological processes and may be involved in pathological processes. However, measurement of such forces in the nanonewton (nN) range within a three‐dimensional (3D) microenvironment remains technically challenging and computationally intensive. Here, we present a solution to this challenge, based on elastomeric 3D microstructures fabricated via two‐photon polymerization (2PP) and a tailored wet‐etching process. The resulting free‐standing beam architectures enable the quantification of nN forces exerted by pluripotent stem cell‐derived neuroepithelial progenitor cells. We characterized the morphology of the cells and the forces they exerted using live‐cell confocal imaging microscopy, scanning electron microscopy (SEM), supported by an in‐house routine for intensity‐based deflection measurements with sub‐pixel resolution, and atomic force microscopy (AFM). Using this platform, we precisely quantified neuronal traction forces down to 1.2 nN from both healthy neural cells and those carrying a TSC2 gene mutation linked to tuberous sclerosis complex (TSC). The proposed elastomeric microenvironment paves the way for investigating cytoskeletal mechanics, neuromechanobiology in 3D, and for developing in vitro disease treatment models.",crossref,0
Realization of Air‐Stable Two‐Dimensional Superconductor Nb2Pd3Te5 With Quasi‐One‐Dimensional Pair Density Modulation,https://advanced.onlinelibrary.wiley.com/doi/10.1002/adma.74711?af=R,Wiley: Advanced Materials: Table of Contents,2026-08-17 09:07:58 UTC,2026-08-17 09:07:58+00:00,10.1002/adma.74711,Hong‐Jun Gao,"ABSTRACT
                  
                    Two‐dimensional (2D) superconductors provide a fertile platform for exploring reduced‐dimensional superconductivity and emergent quantum phenomena. Incorporating quasi‐one‐dimensional (quasi‐1D) structural motifs into 2D superconductors offers a powerful route to engineer strong electronic anisotropy, enabling unconventional superconducting states and anisotropic superconducting transport functionalities. However, such systems remain rarely realized. Here we report the realization of a 2D superconductor Nb
                    2
                    Pd
                    3
                    Te
                    5
                    , exhibiting an intrinsic quasi‐1D pair density modulation. Monolayer and bilayer Nb
                    2
                    Pd
                    3
                    Te
                    5
                    is synthesized via van‐der‐Waals epitaxy. Using ultralow‐temperature scanning tunneling microscopy/spectroscopy, we observe the quasi‐1D crystal structure and superconductivity below ∼0.6 K with a pronounced quasi‐1D pair density modulation. Remarkably, both monolayer and bilayer Nb
                    2
                    Pd
                    3
                    Te
                    5
                    show strong air stability. Our findings establish atomically 2D Nb
                    2
                    Pd
                    3
                    Te
                    5
                    as a robust and promising platform for exploring novel low‐dimensional quantum phenomena and anisotropy‐enabled superconducting devices.",crossref,0
Structure‐Engineered Nanoporous Vanadium Oxide Memristors for Reconfigurable Synapse–Neuron Integration and Synergistic Robotic Motion,https://advanced.onlinelibrary.wiley.com/doi/10.1002/adma.74670?af=R,Wiley: Advanced Materials: Table of Contents,2026-08-17 10:15:23 UTC,2026-08-17 10:15:23+00:00,10.1002/adma.74670,Gunuk Wang,"ABSTRACT
                  
                    Neuromorphic sensory‐to‐motor interfaces require compact devices that can combine nonvolatile synaptic weight storage with volatile neuronal firing, yet these functions typically rely on distinct material and circuit mechanisms. Here, we report a structure‐engineered VO
                    y
                    /nanoporous VO
                    x
                    heterostructure that enables electrically selectable nonvolatile and volatile switching within a vanadium oxide memristor platform. Annealing‐induced interfacial diffusion and oxidation produce an asymmetric stack comprising a crystalline VO
                    y
                    layer that supports threshold insulator‐to‐metal transition dynamics and an oxygen‐vacancy‐rich nanoporous VO
                    x
                    region that promotes filamentary conductance modulation. In a 16 × 16 crossbar array, identically fabricated cells are reconfigured either as artificial synapses exhibiting multilevel retention and analog long‐term potentiation/depression or as artificial neurons producing relaxation‐oscillator spiking and diverse neuronal response features. By pairing two cells as a one‐synapse–one‐neuron unit, the programmed synaptic conductance modulates the neuronal firing frequency and measured current‐spike amplitude, thereby linking analog weight storage with spike‐based signal generation. Using measured device characteristics, a hardware‐informed spiking neural network recognizes rock–paper–scissors images with high accuracy, and its output commands are coupled to a memristive synergistic motor system that drives a robotic hand to generate counter‐gestures. These results suggest that structure‐engineered nanoporous vanadium oxide memristors can serve as reconfigurable building blocks for neuromorphic sensory‐to‐motor interfaces.",crossref,0
Synergistic Bidirectional Crystallization for High‐Performance Perovskite Solar Cells,https://advanced.onlinelibrary.wiley.com/doi/10.1002/adma.74653?af=R,Wiley: Advanced Materials: Table of Contents,2026-08-17 10:17:16 UTC,2026-08-17 10:17:16+00:00,10.1002/adma.74653,Jianpu Wang,"ABSTRACT
                  
                    Traditional n‐i‐p perovskite solar cells (PSCs) have achieved remarkable power conversion efficiencies exceeding 26%, yet their performance and stability remain critically bottlenecked by interfacial voids and detrimental trap states at the buried interface. These structural anomalies fundamentally originate from the conventional top‐down crystallization process, where a rapidly formed top crust induces a solvent blockade effect, trapping residual solvents that subsequently evaporate to leave detrimental buried voids. Here, we overcome this kinetic limitation via a synergistic bidirectional crystallization strategy, enabled by a dual‐functional molecular linker, diethyl phosphoramidate (DAPE). By strongly anchoring to the SnO
                    2
                    substrate and chemically bridging perovskite precursors, DAPE induces a synchronous bottom‐up growth front that complements the anti‐solvent‐induced top‐down crystallization. This kinetically reconstructed process maintains open solvent‐evasion channels, effectively eliminating the solvent blockade to yield a dense, void‐free interface. Consequently, the optimized devices exhibit relaxed residual stress and minimized non‐radiative recombination, achieving a champion power conversion efficiency of 26.25% with superior operational stability. Our work underscores the vital role of regulating crystallization kinetics to eliminate physical interfacial anomalies, offering useful insights for the further development of efficient n‐i‐p PSCs.",crossref,0
Ultrathin 2D Multivariate Hydrogen‐Bonded Organic Framework Nanosheets for Fluorescent DNA Sensing,https://advanced.onlinelibrary.wiley.com/doi/10.1002/adma.74657?af=R,Wiley: Advanced Materials: Table of Contents,2026-08-17 10:18:48 UTC,2026-08-17 10:18:48+00:00,10.1002/adma.74657,Zu‐Jin Lin,"ABSTRACT
                  The multivariate strategy is generally incompatible with densely packed structures, as this approach typically requires porous frameworks to manage the steric demands of incorporated functional groups. Without sufficient free volume, the frameworks are prone to structural transformations driven by steric hindrance. Here, we demonstrate that this limitation can be overcome by exploiting an interaction hierarchy in hydrogen‐bonded organic frameworks (HOFs), where strong directional charge‐assisted hydrogen bonds define the framework while weaker interactions accommodate steric perturbations. This enables the extension of the multivariate strategy to densely packed systems, yielding multivariate HOFs with well‐defined structures and tailored functionalities. Specifically, a carboxylate‐amidinium‐based layered HOF (HOF‐FAFU‐4) was synthesized as a prototype platform. It enables the integration of diverse building blocks and precise tuning of the spatial arrangement of functional groups. Benefiting from their layered structure, these materials can be further exfoliated into ultrathin 2D nanosheets, thereby enhancing the accessibility of functional sites. These ultrathin 2D nanosheets serve as fluorescent sensing platforms for DNA detection, achieving a limit of detection (LOD) of 8.1 pM and demonstrating broad generality for multiple DNA analytes. This work not only broadens the scope of the multivariate strategy but also expands the structural diversity and applicability of HOFs.",crossref,0
Stress Transfer Within Microphase‐Separated Structures: A Post‐Synthetic Strategy to Impart Mechanoresponsiveness to Block Copolymer Materials,https://advanced.onlinelibrary.wiley.com/doi/10.1002/adma.74610?af=R,Wiley: Advanced Materials: Table of Contents,2026-08-17 10:24:09 UTC,2026-08-17 10:24:09+00:00,10.1002/adma.74610,Hideyuki Otsuka,"ABSTRACT
                  Mechanoresponsive polymers, which exhibit changes in properties such as color in response to mechanical stimuli, have attracted increasing attention for smart materials. Among various design strategies, mechanophore‐incorporated systems are widely used approaches that enable precise molecular‐level design and control; however, this approach often suffers from complicated synthesis and limited applicability to existing materials such as block copolymers, which have found widespread industrial use as high‐performance materials. Here, we present a post‐synthetic strategy enabled by exploiting microphase‐separated structures to impart mechanochromism to existing polymer systems while retaining the advantages of mechanophore‐based approaches. By exploiting the microphase‐separated structure of styrene–butadiene–styrene (SBS) block copolymers, blending with polystyrene bearing a tetraarylsuccinonitrile (TASN) mechanophore enables domain‐selective localization of the mechanophore within the rigid domains without chemical modification of the host polymer. The resulting materials exhibit fluorescence upon tensile deformation originating from force‐induced TASN cleavage, demonstrating mechanoactivation even under minimal deformation of the hard domains. The mechanoresponse is governed by the molecular weight and content of the mechanophore‐containing polystyrene. Importantly, bulk mechanical properties are preserved and can even be enhanced. This strategy establishes a scalable platform for integrating mechanochemical functionality into existing polymer systems.",crossref,0
Closed‐Loop Recyclable Solid Polymer Electrolytes via Dynamic Lipoate Cross‐Linking,https://onlinelibrary.wiley.com/doi/10.1002/anie.3540036?af=R,Wiley: Angewandte Chemie International Edition: Table of Contents,2026-08-17 10:45:32 UTC,2026-08-17 10:45:32+00:00,10.1002/anie.3540036,Cyrille Boyer,"ABSTRACT
                  
                    Growing demand for electrochemical energy storage has intensified concerns over battery end‐of‐life disposal, driving an urgent need for recyclable electrolyte materials. Here, we report a photo‐curable, chemically recyclable solid polymer electrolyte platform built on a bio‐derived difunctional cross‐linker, poly(ethylene glycol) bis(lipoate) (PEG‐LP
                    2
                    ), prepared from naturally occurring α‐lipoic acid. Visible‐light‐driven copolymerization of PEG‐LP
                    2
                    with poly(ethylene glycol) methyl ether acrylate in the presence of an ionic liquid (BMITFSI, 45 wt%) yields flexible, ionically conductive membranes (1.30 mS cm
                    −1
                    at room temperature). The dynamic disulfide cross‐linked network imparts both solid‐like mechanical integrity and chemical recyclability. When assembled into symmetric supercapacitors, the optimized SPE‐65 formulation retains ∼70% of its initial specific capacitance after 6000 galvanostatic cycles at 100 mA g
                    −1
                    . Complete catalyst‐assisted depolymerization is achieved using 1,8‐diazabicyclo[5.4.0]undec‐7‐ene (DBU) under mild, ambient conditions, and subsequent repolymerization regenerates ionically conductive membranes retaining ∼70% of the original conductivity (0.86 mS cm
                    −1
                    ). Together, the bio‐derived lipoate cross‐linker, catalytically assisted depolymerization, and regenerated electrochemical performance constitute a sustainable and recyclable SPE manufacture platform for next‐generation supercapacitor applications.",crossref,0
"Cysteine Thioaldehydes: Photolytic Generation, Reactivity, and Biological Implications",https://onlinelibrary.wiley.com/doi/10.1002/anie.202526017?af=R,Wiley: Angewandte Chemie International Edition: Table of Contents,2026-08-17 10:48:18 UTC,2026-08-17 10:48:18+00:00,10.1002/anie.202526017,Eddie L. Myers,"ABSTRACT
                  Cysteine thioaldehydes are putative intermediates in sulfatase‐maturing enzyme catalysis and in the biosynthesis of penicillin, coenzyme A and families of ribosomally synthesized and posttranslationally modified peptides (RiPPs). Norrish type‐II photolysis of phenacylsulfides gives cysteine thioaldehydes but can be inefficient in aqueous solution owing to competing β‐scission. We show that irradiation of phenacylsulfides bearing non‐conjugating electron‐withdrawing substituents leads to efficient Norrish type‐II fragmentation. In aqueous buffer, photolysis of cysteine phenacylsulfides leads to high conversion into cysteine enethiolate and isothiazolone, which can be interconverted with an oxidant (Ellman's reagent) or reductant (phosphine). Cysteine enethiolates are relatively stable in aqueous buffer at neutral‐to‐high pH but undergo cyclocondensation to cysteine thiazole at low pH. Cysteine thioaldehydes undergo appreciable levels of hydrolysis to give formylglycine in the absence of buffer and for longer peptides that adopt enabling secondary structure. Nucleophilic (n → π*) participation of the proximal backbone carbonyl group on cysteine thioaldehydes can lead to peptide oxazoles. These results suggest viable oxidation‐before‐cyclocondensation biosynthetic pathways for peptide azoles and that the hydrolysis of cysteine thioaldehydes into formylglycine, as proposed for sulfatase activation, is not trivial and relies on a peptide environment that promotes the desired hydration at the expense of other similarly efficient thiocarbonyl‐quenching processes.",crossref,0
Heterobimetallic Janus Catalysts for the One‐Pot Synthesis of Polar‐Apolar Block Copolymers,https://onlinelibrary.wiley.com/doi/10.1002/anie.2602995?af=R,Wiley: Angewandte Chemie International Edition: Table of Contents,2026-08-17 10:49:42 UTC,2026-08-17 10:49:42+00:00,10.1002/anie.2602995,Jennifer A. Garden,"ABSTRACT
                  
                    The one‐pot synthesis of apolar‐polar block copolymers combining polyolefins with polyesters has been a long‐standing challenge in polymer chemistry. Despite broad‐reaching applications of apolar‐polar block copolymers in drug delivery, compatibilisation of polymer blends and biomedical materials, their synthesis often requires multi‐step protocols with multiple catalysts and several isolation and purification steps. This is a particular challenge when combining the polymerisation of non‐activated α‐olefins with lactones, as these two distinct polymerisation mechanisms are often incompatible. This work reports heterobimetallic Janus catalysts for orthogonal 1‐hexene and ε‐caprolactone polymerisation. Generated in situ, the active catalysts combine distinct Ti and Al metal centres connected by a Ti‐C(H)═C(R)CH
                    2
                    O‐Al linker (R = Me or Bn). This approach successfully delivered poly(1‐hexene)‐
                    block
                    ‐poly(ε‐caprolactone) copolymers with well‐controlled linear block copolymer architectures, targeted molar compositions and tuneable molar mass (
                    M
                    n
                    values &lt; 67.3 kDa,
                    Ð
                    = 1.47), in a one‐pot reaction, an approach that was successfully extended to poly(1‐octene)‐
                    block
                    ‐poly(ε‐caprolactone) and poly(1‐decene)‐
                    block
                    ‐poly(ε‐caprolactone) copolymers. Overall, this work is a notable addition to the toolbox for synthesising apolar‐polar block copolymers. This work demonstrates for the first time that titanium‐alkenyl complexes can efficiently initiate olefin polymerisations and that heterobimetallic complexes can act as efficient bifunctional initiators for distinct polymerisation mechanisms.",crossref,0
Nickel‐Catalyzed H2‐Enabled Asymmetric Olefin Isomerization: Direct Access to P‐Stereogenic Phospholenes With Adjacent Stereocenters,https://onlinelibrary.wiley.com/doi/10.1002/anie.6479535?af=R,Wiley: Angewandte Chemie International Edition: Table of Contents,2026-08-17 10:55:35 UTC,2026-08-17 10:55:35+00:00,10.1002/anie.6479535,Hui Lv,"ABSTRACT
                  
                    Asymmetric olefin isomerization capable of constructing consecutive or heteroatom stereocenters remains a long‐standing challenge in asymmetric synthesis. Here, we report a nickel‐catalyzed enantioselective isomerization of
                    syn
                    ‐substituted 2,5‐dihydrophosphole 1‐oxides. Under a hydrogen atmosphere, this reaction proceeds with high chemo‐ and stereoselectivity, affording 2,3‐dihydrophosphole 1‐oxides in up to 99% yield, &gt;20:1 dr, and 98% ee, without detectable hydrogenation byproducts. This reaction enables the simultaneous construction of two contiguous stereocenters, including a
                    P
                    ‐stereogenic center. Mechanistic studies and DFT calculations indicate that a kinetically favored
                    β
                    ‐hydride elimination pathway, stabilized by electronic and noncovalent interactions, accounts for the excellent chemoselectivity. The resulting chiral phospholene oxides serve as versatile intermediates for the synthesis of valuable phospholanes and phosphine ligands, demonstrating their synthetic utility.",crossref,0
Tuning Reaction Pathways by Controlling Atomic Assembly on Oxide Clusters,https://onlinelibrary.wiley.com/doi/10.1002/anie.4503768?af=R,Wiley: Angewandte Chemie International Edition: Table of Contents,2026-08-17 11:00:32 UTC,2026-08-17 11:00:32+00:00,10.1002/anie.4503768,Jin Wang,"ABSTRACT
                  
                    Precisely controlling the assembly of atomic sites on oxide clusters (&lt; 1 nm) represents an expanded yet challenging strategy for tuning catalytic performance. Here, we construct two well‐defined model catalysts, single‐atomic Pt on CuO
                    x
                    clusters (Pt
                    1
                    ‐CuO
                    x
                    /CN) and triple‐atomic Pt on CuO
                    x
                    clusters (Pt
                    3
                    ‐CuO
                    x
                    /CN), and employ methanol oxidation reaction (MOR) as a probe to unravel the role of atomic assembly in governing catalytic mechanisms. Pt
                    1
                    ‐CuO
                    x
                    /CN enables a CO‐free pathway, achieving an ultrahigh formate selectivity of 80%–99% over a wide potential window (0.6–1.0 V vs. RHE). In contrast, Pt
                    3
                    ‐CuO
                    x
                    /CN follows a hybrid pathway involving both formate and CO routes, delivering significantly higher mass activity than that of Pt
                    1
                    ‐CuO
                    x
                    /CN and the commercial Pt/C, alongside high resistance to CO poisoning. Isolated Pt sites in Pt
                    1
                    ‐CuO
                    x
                    /CN impose a prohibitively uphill free‐energy change for the key *COH intermediate (2.15 eV), effectively suppressing CO generation. Conversely, triangular Pt sites in Pt
                    3
                    ‐CuO
                    x
                    /CN form a robust electronic localization center via deep 5d orbital hybridization, facilitating d→π* electron back‐donation and stabilizing *COH adsorption in a triple hollow‐site configuration, lowering the limiting free‐energy requirement for the CO pathway. This work reveals the role of atomic‐scale assembly on oxide clusters in dictating catalytic mechanism and performance, opening new avenues for precise design of advanced electrocatalysts.",crossref,0
Bio‐Inspired Phase‐Transition Logic Gates for Autonomous Thermal Management,https://advanced.onlinelibrary.wiley.com/doi/10.1002/adma.74685?af=R,Wiley: Advanced Materials: Table of Contents,2026-08-17 12:02:42 UTC,2026-08-17 12:02:42+00:00,10.1002/adma.74685,Jinping Qu,"ABSTRACT
                  Conventional thermal management strategies rely predominantly on passive heat dissipation or open‐loop external control, struggling to address the transient and heterogeneous thermal loads of modern micro/nanodevices. Inspired by the sense‐perceive‐act closed‐loop feedback of biological perspiration, we propose an autonomous thermal management strategy that encodes a first‐order solid–liquid phase transition as a molecular logic gate. Within this phase‐change‐gated polymer network (Perspire X), the melting of polyethylene glycol (PEG) acts as a physical threshold. Surpassing this critical temperature triggers a macroscopic network arrangement, directly translating thermal sensing into an accelerated on‐demand water release. We define a logic‐gating figure of merit (LG‐FOM) of 2.62 to quantify this behavior, demonstrating the discretized and switchable regulation of coupled mass and heat transport channels. Consequently, the material exhibits non‐linear cooling amplification, achieving a 20.8‐fold extension in effective cooling duration and a 13.5°C temperature drop compared with traditional phase‐transition cooling materials. Furthermore, it demonstrates robust mechanical integrity alongside an exceptional thermal buffering capacity that effectively buffers the simulated pulsed thermal fluctuations under the tested conditions. Transcending traditional passive heat sinks, this phase‐transition‐gated transport mechanism outlines a scalable, materials‐level thermodynamic programming strategy for next‐generation electronics and intelligent energy systems.",crossref,0
Electron Lever‐Assisted d‐Band Center Engineering in Intermetallic Alloy Nanozymes for Efficient Marine Microbiologically Influenced Corrosion Inhibition,https://advanced.onlinelibrary.wiley.com/doi/10.1002/adma.74692?af=R,Wiley: Advanced Materials: Table of Contents,2026-08-17 12:04:35 UTC,2026-08-17 12:04:35+00:00,10.1002/adma.74692,Dake Xu,"ABSTRACT
                  
                    Microbiologically influenced corrosion (MIC) remains a persistent global challenge, with traditional inhibition strategies often constrained by limited efficiency, poor durability, and ecological toxicity. Herein, we propose a rational design that utilizes a heteroatom as an electronic lever to circumvent these constraints. By integrating heteroatom Ag into an FePt matrix, the d‐band center of the Pt active sites is upshifted, optimizing the adsorption energy of substrates and ensuring superior catalytic performance even in H
                    2
                    O
                    2
                    ‐limited marine environments. The resulting FePtAg (
                    L
                    ‐FPA) nanozymes exhibited enhanced triple‐enzyme activities (haloperoxidase, nicotinamide adenine dinucleotide oxidase, and peroxidase), triggering a localized burst of reactive chlorine and oxygen species. This synergistic action effectively disintegrated the extracellular polymeric substance barrier and induced metabolic disruption, achieving an exceptional 99.9% biofilm inhibition rate and 99.3% MIC inhibition efficiency against
                    Pseudomonas aeruginosa
                    . Furthermore, the intermetallic structure promoted by heteroatom Ag provided outstanding durability of nanozymes, with their antibiofilm efficiency decreasing by only 3% for over 120 days. This work not only elucidates the intrinsic correlation between electronic modulation and inhibition efficiency in MIC inhibitors but also offers a rational framework for designing nanozymes tailored to challenging and hostile environments.",crossref,0
"Entropy Modulation Boosted Ultra–Broadband Electromagnetic Wave Absorption of Si(Zr,Hf,Ta,Ti,Nb)BCN Ceramics",https://advanced.onlinelibrary.wiley.com/doi/10.1002/adma.74683?af=R,Wiley: Advanced Materials: Table of Contents,2026-08-17 12:05:27 UTC,2026-08-17 12:05:27+00:00,10.1002/adma.74683,Xiang Xiong,"ABSTRACT
                  
                    SiMBCN ceramics containing one or multiple metallic elements are synthesized via chemical modification of polyborosilazane using one to five metal alkylamino compounds with an equimolar ratio (i.e., M = Zr, Hf, Ta, Ti, and/or Nb). The effects of the number and types of metallic elements on the local lattice distortion, microstructure, dielectric properties, and electromagnetic wave absorption (EMA) performance are systematically investigated via experiments and ab initio calculations. These results show that increasing the number of metallic elements remarkably increases the local lattice distortion and suppresses the crystallization of the ceramics, which strongly affects the dielectric properties, showing a significant entropy effect. Particularly, the SiZrHfTaTiNbBCN ceramics remain in nearly amorphous state even after annealing at 1600°C for 5 h. Under the synergistic effect of annealing temperature and entropy engineering, the SiZrHfNbBCN ceramic develops a unique microstructure consisting of a ZrHfNbCN/Si
                    3
                    N
                    4
                    /C
                    free
                    core with abundant interfaces and a low‐dielectric β‐Si
                    3
                    N
                    4
                    ‐based shell. This microstructure balances the impedance matching and dielectric loss, resulting in an ultra‐broad effective absorption bandwidth at 1.90 mm (7.65 GHz), which is superior to all previously reported polymer‐derived ceramics (PDCs) at thickness &lt; 2 mm and therefore presents a significant advance in ceramic‐based EMA materials for high‐temperature applications.",crossref,0
A Wearable Electrochemical Patch for Sustained Local Oxygen Therapy of Chronic Wounds,https://advanced.onlinelibrary.wiley.com/doi/10.1002/adma.74636?af=R,Wiley: Advanced Materials: Table of Contents,2026-08-17 12:32:08 UTC,2026-08-17 12:32:08+00:00,10.1002/adma.74636,Yuen Wu,"ABSTRACT
                  
                    Wearable bioelectronics are dominated by low‐power sensing, whereas effective therapy requires sustained molecular fluxes that conventional soft devices rarely support. A central challenge is simultaneously maintaining solid–solid charge transport, hydration‐dependent ionic conduction, and biofluid resistance within a lightweight, fixture‐free architecture. Here, we report a vapor‐fed electrochemical materials architecture for skin‐conformal oxygen delivery. The system integrates a mechanically interlocking 3D current collector/catalyst interface to stabilize electronic transport, femtosecond‐laser‐defined microchannels to reconstruct vapor‐phase mass transport within an all‐solid‐state membrane electrode assembly, and a phase‐selective porous barrier blocking exudate intrusion while preserving gas diffusion. This hierarchical design enables an ultralight (&lt;4 g) patch to operate at high current densities (&gt;100 mA cm
                    −2
                    ), sustaining continuous operation for 735 h to deliver 16.8 L of high‐purity (&gt;99%) O
                    2
                    . The architecture remains stable for &gt;500 h in simulated exudates and supports efficient transdermal oxygen transport across porcine skin. In a rat pressure–ulcer model, short‐course treatment accelerates early wound closure 1.7‐fold at day 3, enhancing M2 macrophage polarization and vascular normalization. These results establish a materials framework for translating wearable bioelectronics from passive information interfaces to active molecular‐delivery systems.",crossref,0
Nuclear Pore Mechanotransduction in Oncology: A Structural Axis of Vulnerability for Targeted Intervention,https://advanced.onlinelibrary.wiley.com/doi/10.1002/adma.74655?af=R,Wiley: Advanced Materials: Table of Contents,2026-08-17 15:03:23 UTC,2026-08-17 15:03:23+00:00,10.1002/adma.74655,Victor Shahin,"ABSTRACT
                  Nuclear pore complexes (NPCs) are massive protein assemblies that gate the nuclear envelope to regulate nucleocytoplasmic transport. Beyond their canonical role as conduits, NPCs act as mechanosensitive regulators that translate cytoskeletal, extracellular, and lamina‐derived forces into transport decisions coupled to cellular state. In malignancy, NPCs undergo extensive remodeling—marked by protein overexpression, hyperpermeability, and compromised scaffold integrity. While these alterations drive invasion and transcriptional plasticity, they simultaneously expose a lethal mechanical vulnerability; transformed cells become critically dependent on this altered NPC state. We propose the “nuclear mechanostat” as a testable conceptual framework in which NPC barrier stringency and nuclear mechanics are reciprocally coupled. Through the lenses of dilation, elastic deformation, and structural memory, we synthesize existing evidence and develop the hypothesis that pharmacological disruption of the permeability barrier or scaffold architecture erodes nuclear resilience. Because cancer cells operate near a mechanical failure threshold, targeting these conserved mechanotransducers reveals a pan‐cancer axis of vulnerability, opening new frontiers for precision oncology.",crossref,0
Frontispiece: Probing Into Asymmetric Dearomatizing Photocycloadditions of 2‐Naphthalene Derivatives With Alkenes: [2 + 2] and [4 + 2] Pathways,https://onlinelibrary.wiley.com/doi/10.1002/anie.2026-m2607093700?af=R,Wiley: Angewandte Chemie International Edition: Table of Contents,2026-08-17 16:53:25 UTC,2026-08-17 16:53:25+00:00,10.1002/anie.2026-m2607093700,Xiaoming Feng,"Asymmetric dearomatizing [2 + 2] and [4 + 2] photocycloadditions of 2-naphthalene derivatives with terminal and internal olefins were accomplished by a synergistic chiral terbium(III)/N,N'-dioxide Lewis acid catalysis/photocatalysis. The selectivity between the two pathways is governed by reaction temperature, alkene stoichiometry, and reaction time. The reaction mechanism was elucidated by experimental studies and theoretical calculation. More in Research Article (e7800916), Xiaohua Liu, Shunxi Dong, Xiaoming Feng, and co-workers.",openalex,0
Frontispiece: Multicomponent Stapling of Glucagon‐Like Peptide‐1 Enables Receptor‐Guided PROTAC Delivery,https://onlinelibrary.wiley.com/doi/10.1002/anie.2026-m2607093600?af=R,Wiley: Angewandte Chemie International Edition: Table of Contents,2026-08-17 16:53:25 UTC,2026-08-17 16:53:25+00:00,10.1002/anie.2026-m2607093600,David R. Spring,,,0
How the Middle East can become a hub for sustainable aviation fuels,https://www.nature.com/articles/d41586-026-02531-3,Nature,2026-08-18 00:00:00 UTC,2026-08-18 00:00:00+00:00,10.1038/d41586-026-02531-3,Samuel S. Mao,,,0
Phased fuel transition for low-carbon shipping,https://www.nature.com/articles/s41893-026-01907-7,Nature Sustainability,2026-08-18 00:00:00 UTC,2026-08-18 00:00:00+00:00,10.1038/s41893-026-01907-7,Kuishang Feng,,,0
Europe must adapt to live with megafires,https://www.nature.com/articles/d41586-026-02578-2,Nature,2026-08-18 00:00:00 UTC,2026-08-18 00:00:00+00:00,10.1038/d41586-026-02578-2,Antoni Margalida,,,0
Five ways 3D printing is improving lab work,https://www.nature.com/articles/d41586-026-02535-z,Nature,2026-08-18 00:00:00 UTC,2026-08-18 00:00:00+00:00,10.1038/d41586-026-02535-z,Neil Savage,,,0
NIH proposes major revamp of how it scores research grant proposals,https://www.nature.com/articles/d41586-026-02584-4,Nature,2026-08-18 00:00:00 UTC,2026-08-18 00:00:00+00:00,10.1038/d41586-026-02584-4,Max Kozlov,,,0
Mathematics holds the secret to ‘ladder-proof’ knitting,https://www.nature.com/articles/d41586-026-02466-9,Nature,2026-08-18 00:00:00 UTC,2026-08-18 00:00:00+00:00,10.1038/d41586-026-02466-9,Vishal P. Patil,,,0
Will you be wearing an exoskeleton in ten years? The tech that could change how we move,https://www.nature.com/articles/d41586-026-02527-z,Nature,2026-08-18 00:00:00 UTC,2026-08-18 00:00:00+00:00,10.1038/d41586-026-02527-z,Chris Stokel-Walker,,,0
How to get the most out of an informational interview,https://www.nature.com/articles/d41586-026-01932-8,Nature,2026-08-18 00:00:00 UTC,2026-08-18 00:00:00+00:00,10.1038/d41586-026-01932-8,Alaina Levine,,,0
Asia’s longevity gains must be translated into better health,https://www.nature.com/articles/d41586-026-02576-4,Nature,2026-08-18 00:00:00 UTC,2026-08-18 00:00:00+00:00,10.1038/d41586-026-02576-4,Chiranjib Chakraborty,,,0
A revolutionary stem-cell therapy must proceed responsibly to achieve its full potential,https://www.nature.com/articles/d41586-026-02524-2,Nature,2026-08-18 00:00:00 UTC,2026-08-18 00:00:00+00:00,10.1038/d41586-026-02524-2,,,,0
"Treat biological databases as infrastructure, not projects",https://www.nature.com/articles/d41586-026-02575-5,Nature,2026-08-18 00:00:00 UTC,2026-08-18 00:00:00+00:00,10.1038/d41586-026-02575-5,Paul Nurse,,,0
Population aging and residents’ carbon emissions: Evidence from Chinese household surveys,https://www.sciencedirect.com/science/article/pii/S0301421526004775?dgcid=rss_sd_all,ScienceDirect Publication: Energy Policy,2026-08-18 00:00:00 UTC,2026-08-18 00:00:00+00:00,,Hongxun Liu,,,0
Heatwaves expose weak links in food systems,https://www.nature.com/articles/d41586-026-02577-3,Nature,2026-08-18 00:00:00 UTC,2026-08-18 00:00:00+00:00,10.1038/d41586-026-02577-3,Shuyu Yang,,,0
How the cell nucleus gets in shape,https://www.nature.com/articles/s44286-026-00430-y,Nature Chemical Engineering,2026-08-18 00:00:00 UTC,2026-08-18 00:00:00+00:00,10.1038/s44286-026-00430-y,Tanmay P. Lele,,,0
Renewable energy that weathers the storm,https://www.nature.com/articles/s44286-026-00435-7,Nature Chemical Engineering,2026-08-18 00:00:00 UTC,2026-08-18 00:00:00+00:00,10.1038/s44286-026-00435-7,Thomas Dursch,,,0
Transforming waste at droplet interfaces,https://www.nature.com/articles/s44286-026-00437-5,Nature Chemical Engineering,2026-08-18 00:00:00 UTC,2026-08-18 00:00:00+00:00,10.1038/s44286-026-00437-5,Alessio Lavino,,,0
Krypton-sputtered tantalum films for scalable high-performance quantum devices,https://www.nature.com/articles/s41563-026-02718-z,Nature Materials,2026-08-18 00:00:00 UTC,2026-08-18 00:00:00+00:00,10.1038/s41563-026-02718-z,Valla Fatemi,"Superconducting qubits and microwave resonators based on tantalum thin films have recently demonstrated large increases in performance. This makes Ta an attractive material for superconducting quantum computing applications, but so far direct deposition has largely relied on high substrate temperatures exceeding 400 °C to achieve the cubic (bcc) phase of tantalum. Here we show that changing the sputter gas from argon to krypton promotes synthesis of bcc tantalum films on silicon at temperatures as low as 200 °C. This provides a wide process window compatible with back-end-of-line fabrication standards. The microwave performance of coplanar-waveguide resonators fabricated from krypton-sputtered films shows an excellent tight performance distribution. Higher-temperature-grown films exhibit higher losses, in correlation with the degree of tantalum–silicon intermixing. Finally, we demonstrate with these films transmon qubits with a compact, 20-μm capacitor gap, achieving quality factors up to 16.9 million.",nature_html,0
Bridging ambient- and high-pressure superconductivity in La2LnNi2O7 films,https://www.nature.com/articles/s41563-026-02695-3,Nature Materials,2026-08-18 00:00:00 UTC,2026-08-18 00:00:00+00:00,10.1038/s41563-026-02695-3,Atsushi Tsukazaki,"The discovery of high-critical-temperature (high-Tc) superconductivity near 80 K in bilayer nickelates under high pressure has sparked extensive studies. Whereas superconductivity exceeding 40 K was subsequently discovered at ambient pressure in compressively strained films, the relationship between ambient- and high-pressure regimes remains an open question. Here we present a systematic investigation of superconductivity in compressively strained La2LnNi2O7 films (where Ln is a lanthanide) at ambient and high pressures. The normal-state resistivity at ambient pressure, revealed by suppressing the superconductivity with magnetic fields of 59 T, tends towards T2 behaviour. Under high pressure in a cubic anvil cell, Tc was enhanced from 41–42 K at ambient pressure to 67–73 K at 16 GPa. On the other hand, lattice compression induced by Ln substitution, which may mimic the effects of pressure, lowers Tc. In both cases, Tc correlates with the evolution of normal-state transport between T2 and T-linear behaviour, offering insight into the interplay between lattice structure and superconductivity in bilayer nickelates.",nature_html,0
Intranasal vaccines by precision printing,https://www.nature.com/articles/s41563-026-02696-2,Nature Materials,2026-08-18 00:00:00 UTC,2026-08-18 00:00:00+00:00,10.1038/s41563-026-02696-2,Xing Wang,,,0
Solution-mediated reversible anion storage enables high-power organic batteries,https://www.cell.com/joule/fulltext/S2542-4351(26)00317-X?rss=yes,Joule,2026-08-18 00:00:00 UTC,2026-08-18 00:00:00+00:00,10.1016/j.joule.2026.102633,Kisuk Kang,"Real-time observations reveal that p-type organic electrodes operate through a solution-mediated redox pathway rather than conventional solid-state ion transport. The reaction proceeds through transient solvated intermediates, followed by recrystallization into the charged phase. This mechanism explains exceptional rate capability and cycle life in p-type organic batteries.",rss_cell,0
Integrating shipping growth and ballast water management to assess invasive species risks,https://www.nature.com/articles/s41893-026-01891-y,Nature Sustainability,2026-08-18 00:00:00 UTC,2026-08-18 00:00:00+00:00,10.1038/s41893-026-01891-y,Sarah A. Bailey,"Maritime trade supports global economic development, but it also links distant marine ecosystems and can move organisms beyond their native ranges. A major pathway is ballast water, seawater carried by ships for stability and released during cargo operations. These discharges may contain viable organisms that can establish as non-indigenous species, with consequences for biodiversity, ecosystem services and coastal economies. International ballast water regulation has therefore required treatment systems that filter, disinfect or otherwise inactivate organisms before discharge. Yet the protection delivered by these systems may be challenged by future growth in shipping and by variation in treatment performance across vessel operations and environmental conditions. Here we assess whether ballast water management can keep pace with projected changes in maritime activity. We combine machine learning projections of shipping under Shared Socioeconomic Pathways with a global introduction-risk model that explicitly represents compliance and treatment efficacy. We show that, even with widespread ballast water treatment, projected shipping growth can substantially increase future introduction risk unless treatment systems achieve consistently high efficacy. Across Shared Socioeconomic Pathways, future risk ranges from 94% to 900% of the 2018 baseline, depending on shipping growth trajectories, ballast water management efficacy and compliance. These results indicate that technology adoption alone may be insufficient to counteract the ecological consequences of expanding maritime trade. More adaptive ballast water governance, improved compliance and sustained optimization of treatment performance will be needed to reduce future biological invasion risks in a rapidly intensifying global shipping system.",nature_html,0
Mapping hunting probability across the tropics in space and time,https://www.nature.com/articles/s41893-026-01924-6,Nature Sustainability,2026-08-18 00:00:00 UTC,2026-08-18 00:00:00+00:00,10.1038/s41893-026-01924-6,Ana Benítez-López,"Hunting is a major driver of global species extinctions, yet the spatial footprint and temporal trends of this threat are lacking at the global scale, limiting our ability to achieve international policy targets. Here we present standardized global maps of hunting probability across the tropics, based on a machine-learning algorithm trained on 2,463 hunted and non-hunted tropical sites, spatially and temporally matched to ecological and socioeconomic predictors. We estimate that the spatial footprint of hunting extends across the entire pantropical zone, with distinct hotspots of high predicted hunting occurrence probability in the Indomalayan realm (for example, China, Sri Lanka, western India), the Brazilian Atlantic Forest and parts of West Africa. Refuges from hunting persist in remote areas of interior Borneo, Papua New Guinea, Central Africa and the western Amazon. Enhanced human accessibility has facilitated the geographic expansion of hunting from 2000 to 2015, most notably in regions historically considered undisturbed and remote such as the Amazon basin, and in areas already facing high pressure such as China and Indonesia. Spatiotemporal dynamics also varied among realms. Our standardized spatiotemporal assessment provides a blueprint to inform conservation, supporting targeted management actions and informed policy interventions to mitigate hunting impacts.",nature_html,0
Scientific expedition makes the best of bad weather,https://www.nature.com/articles/d41586-026-02381-z,Nature,2026-08-18 00:00:00 UTC,2026-08-18 00:00:00+00:00,10.1038/d41586-026-02381-z,,,,0
Methanol-assisted electrochemical system for scalable and integrated flue-gas CO2 capture and utilization,https://www.cell.com/joule/fulltext/S2542-4351(26)00315-6?rss=yes,Joule,2026-08-18 00:00:00 UTC,2026-08-18 00:00:00+00:00,10.1016/j.joule.2026.102631,Bingjun Xu,"Mitigating emissions from point sources requires carbon-capture technologies that are efficient, scalable, and compatible with renewable electricity. This study reports a methanol-assisted electrochemical CO2 capture system based on a compact zero-gap electrolyzer, enabling flue-gas capture and direct integration with CO2 conversion. By coupling CO2 capture and utilization in one scalable platform, this work points toward lower-cost and modular flue-gas carbon management.",rss_cell,0
Assessment of development potential and comprehensive benefits of urban rooftop photovoltaics in China based on high-resolution data and physical model,https://www.sciencedirect.com/science/article/pii/S0306261926013565?dgcid=rss_sd_all,ScienceDirect Publication: Applied Energy,2026-08-18 00:00:00 UTC,2026-08-18 00:00:00+00:00,,Wenwen Wang,,,0
Multiscale design principles for ultrafast ion-electron synergy in electrochemical filter capacitors,https://www.cell.com/joule/fulltext/S2542-4351(26)00306-5?rss=yes,Joule,2026-08-18 00:00:00 UTC,2026-08-18 00:00:00+00:00,10.1016/j.joule.2026.102622,Liangti Qu,"Electrochemical filter capacitors (EFCs) offer compact energy-buffering components for dynamic power conditioning, but their performance is limited by coupled ion- and electron transport losses. This review establishes a multiscale impedance-decoupling framework and standardized 120 Hz benchmarking to connect materials, electrodes, devices, and modules with practical filtering metrics, guiding EFC development from chip-level integration to renewable-energy interfaces.",rss_cell,0
"Energy poverty: Seasonal variations, socioeconomic disparities and cumulative inequality",https://www.sciencedirect.com/science/article/pii/S0301421526004842?dgcid=rss_sd_all,ScienceDirect Publication: Energy Policy,2026-08-18 00:00:00 UTC,2026-08-18 00:00:00+00:00,,Tadj Oreszczyn,,,0
The moderating role of geopolitical fragmentation in energy transition-energy poverty: A cross distribution evidence from Europe,https://www.sciencedirect.com/science/article/pii/S0301421526004787?dgcid=rss_sd_all,ScienceDirect Publication: Energy Policy,2026-08-18 00:00:00 UTC,2026-08-18 00:00:00+00:00,,Muhammad Shahbaz,,,0
"The pulse of energy poverty in Greece: The role of financial stress, uncertainty, and institutional resilience",https://www.sciencedirect.com/science/article/pii/S0301421526004817?dgcid=rss_sd_all,ScienceDirect Publication: Energy Policy,2026-08-18 00:00:00 UTC,2026-08-18 00:00:00+00:00,,Kafait Ullah,,,0
Regiospecific α-arylation of diverse carbonyl compounds using an organobismuth transporter,https://www.nature.com/articles/s41557-026-02231-5,Nature Chemistry,2026-08-18 00:00:00 UTC,2026-08-18 00:00:00+00:00,10.1038/s41557-026-02231-5,Viresh H. Rawal,"The α-arylation of carbonyl compounds is a cornerstone transformation in the synthesis of pharmaceuticals and natural products. Despite decades of efforts using transition metal, main-group and photoredox strategies, a general and practical α-arylation method with broad substrate scope has remained elusive. Here we show that 9-bismatriptycene (BisTrip), a rigid, shackled form of triphenylbismuth, functions as a universal aryl group transporter, enabling controlled and regiospecific α-arylation of diverse ketones, allowing the formation of sterically demanding quaternary centres and incorporation of iodoaryl units. BisTrip is readily loaded with aryl groups by a one-pot procedure using arylboronic acids to give Aryl-BisTrip and, after transferring the aryl to the enolate, is recovered quantitatively. Arylation of lithium enolates proceeds within seconds even at −78 °C and shows high fidelity in a memory-of-chirality experiment. Computations support a low barrier for C−C bond formation and account for the observed axial selectivity, establishing BisTrip as a practical platform for α-arylation.",nature_html,0
Nitrene generation and transfer for unnatural biosynthesis in living cells,https://www.nature.com/articles/s41557-026-02224-4,Nature Chemistry,2026-08-18 00:00:00 UTC,2026-08-18 00:00:00+00:00,10.1038/s41557-026-02224-4,Jay D. Keasling,"Synthetic biology has enabled the production of natural and unnatural products from inexpensive sustainable feedstocks. Yet, the scope of available products has been limited largely to compounds accessible from nature’s chemical reactions. Evolved enzymes can catalyse reactions of unnatural substrates or reactions not found in nature but often require the addition of synthetic reagents to purified enzymes or to resting cells containing those enzymes. Here we show that chemical reactions of metabolic intermediates produced intracellularly in living cells can include intermolecular nitrene transfers. The biosynthesis of N-acetoxyanilines, in combination with the generation and transfer of N-aryl nitrene intermediates from them catalysed by a cytochrome P450, generates amino alcohols, diamines, diarylamines and aminoalkyl arenes from simple carbon feedstocks. These products—common substructures of pharmaceuticals and agrochemicals—are challenging to synthesize by standard organic chemistry and were produced from inexpensive, renewable feedstocks. Evolution of the enzymes in this pathway showed that titres can be increased by engineering and that the products can be synthesized with high enantioselectivity.",nature_html,0
Modulating endergonic triplet photosensitization for cycloadditions between bicyclo[1.1.0]butanes and alkenes,https://www.nature.com/articles/s41557-026-02233-3,Nature Chemistry,2026-08-18 00:00:00 UTC,2026-08-18 00:00:00+00:00,10.1038/s41557-026-02233-3,Jian He,"While energy transfer photocatalysis has recently been used in the synthesis of multisubstituted polycyclic alkanes as benzene bioisosteres, the use of highly reactive noble-metal and organo-photocatalysts often leads to rapid generation of diradical intermediates, triggering polymerization side reactions and limiting functional-group tolerance. Here we show that heteroleptic copper(I)–BINAP complexes containing bidentate (pyrazolyl)pyridine ligands act as effective triplet photosensitizers for cycloadditions between bicyclo[1.1.0]butanes and alkenes. These copper catalysts, with their extended excited-state lifetimes, enable endergonic photosensitization for substrate activation, thereby moderating radical generation, suppressing alkene polymerization and broadening the substrate scope to include electron-deficient alkenes, enynes, dienes and even aliphatic alkenes. Bicyclo[2.1.1]hexanes with an aryl substituent at either the 3- or 2-position can be synthesized by activating either styrenes or bicyclo[1.1.0]butanes. These findings suggest that copper photocatalysis holds promise for enhancing the synthetic versatility of visible-light-driven energy transfer processes.",nature_html,0
Signal-induced recruitment and dispatchment in reconfigurable phase-separated protocell networks,https://www.nature.com/articles/s41557-026-02225-3,Nature Chemistry,2026-08-18 00:00:00 UTC,2026-08-18 00:00:00+00:00,10.1038/s41557-026-02225-3,Stephen Mann,"The construction of protocell networks with self-regulated spatial dynamics and functions is an important challenge in the emerging field of colloidal systems chemistry. Existing strategies predominantly produce protocell networks with fixed or randomly distributed spatial organization, relying on direct surface interactions or externally imposed conditions, while largely overlooking dynamic interactions with the surrounding environment, thereby limiting the emergence of reconfigurable network behaviours. Here we demonstrate chemical strategies for implementing the spontaneous segregation and selective translocation of binary/ternary populations of enzyme-containing proteinosomes in dextran droplet/polyethylene glycol aqueous phase-separated media. The segregated proteinosomes exhibit tunable membrane wettability, engage in cross-community chemical signalling and undergo signal-induced reversals in phase compatibility to produce reconfigurable networks capable of protocell-mediated recruitment and dispatchment. We exploit the protocell phase dynamics to spatiotemporally modulate DNase I activity in a subpopulation of translocating proteinosomes. Our methodology provides a platform for developing protocell communities with self-regulated spatiotemporal order and offers opportunities in cytomimetic modelling and colloidal systems chemistry.",nature_html,0
Tradition of wrapping grains in funerary rituals 2200 years ago,https://academic.oup.com/nsr/advance-article/doi/10.1093/nsr/nwag504/8763717?rss=1,National Science Review Advance Access,2026-08-18 00:00:00 UTC,2026-08-18 00:00:00+00:00,10.1093/nsr/nwag504,Zhiguo Zhang,,,0
Unlocking high-sulfur-content cathodes by an all-in-one high-entropy sulfide catalyst for all-solid-state Li-S batteries,https://academic.oup.com/nsr/advance-article/doi/10.1093/nsr/nwag501/8763720?rss=1,National Science Review Advance Access,2026-08-18 00:00:00 UTC,2026-08-18 00:00:00+00:00,10.1093/nsr/nwag501,Yong Yang,"Transition-metal sulfide (TMS) catalysis is a promising strategy for accelerating sulfur redox kinetics, yet its catalytic mechanisms in all-solid-state lithium-sulfur batteries (ASSLSBs) remain poorly understood. Here, two distinct catalytic failure modes are identified in conversion-type and intercalation-type TMS catalysts, namely phase-separation-driven catalyst self-poisoning and transition-metal-migration-induced electrolyte degradation, respectively. Guided by these insights, we develop an all-in-one high-entropy sulfide (HES) catalyst that undergoes a solid-solution reaction to form a stable LixHES phase. This LixHES functions as both a dual ion-electron conductor, expanding the electrochemically active reaction zone, and an interfacial redox mediator, driving spontaneous Li2S oxidation, thereby promoting extensive and rapid S↔Li2S conversion. With only 3 wt% HES, the S@HES cathode (40 wt% S) achieves 93.4% sulfur utilization and 93.0% conversion efficiency. Even at 50 wt% sulfur, the cell retains a capacity of 900 mAh g−1 at 5 mA cm−2 (2C) over 250 cycles. Furthermore, a high areal capacity of 9.68 mAh cm−2 is delivered under demanding conditions (8.5 mg cm−2, 30 °C), highlighting the great promise of the HES catalytic strategy for energy-dense ASSLSBs.",rss_oup,0
Product ammonia accumulation limits electrocatalytic nitric oxide reduction,https://academic.oup.com/nsr/advance-article/doi/10.1093/nsr/nwag507/8763721?rss=1,National Science Review Advance Access,2026-08-18 00:00:00 UTC,2026-08-18 00:00:00+00:00,10.1093/nsr/nwag507,Jingshan Luo,"The electrocatalytic nitric oxide reduction reaction (eNORR) has emerged as a promising route for sustainable ammonia synthesis under ambient conditions. However, its practical efficiency and long-term stability are often constrained by the dynamic reaction microenvironment at the electrode-electrolyte interface. A critical yet frequently overlooked factor in real operating systems is the local accumulation of the ammonia and its adverse interfacial effects. Here, we use in situ Raman spectroscopy and attenuated total reflection Fourier transform infrared spectroscopy (ATR-FTIR) to directly probe the dynamic evolution of the interfacial structure during eNORR. We demonstrate that accumulated ammonia elevates the local pH, occupies active catalytic sites, impedes reactant adsorption, and rigidifies the interfacial hydrogen-bonding network. These coupled effects collectively lead to a pronounced decline in catalytic activity and operational stability. To address this challenge, we further propose a proton-management strategy based on buffered electrolytes to promote ammonia desorption from the cathode surface, thereby effectively mitigating performance degradation. This work provides fundamental insights into interfacial processes governing nitrogen oxide electroreduction and offers a practical design principle for developing high-performance electrocatalytic systems with enhanced stability and product concentration.",rss_oup,0
Engineered limestone: closing the carbon loop through geo- and bio-inspired mineralization,https://academic.oup.com/nsr/advance-article/doi/10.1093/nsr/nwag485/8763723?rss=1,National Science Review Advance Access,2026-08-18 00:00:00 UTC,2026-08-18 00:00:00+00:00,10.1093/nsr/nwag485,Fazhou Wang,"This Perspective introduces engineered limestone, a geo- and bio-inspired strategy that uses industrial carbon dioxide to harden reactive minerals and wastes into durable construction products, helping close the carbon loop.",crossref,0
Distributed flexible dispatch of heterogeneous thermostatically controlled loads with physically consistent neural ODEs,https://www.sciencedirect.com/science/article/pii/S0306261926012523?dgcid=rss_sd_all,ScienceDirect Publication: Applied Energy,2026-08-18 00:00:00 UTC,2026-08-18 00:00:00+00:00,,Yi Wang,,,0
High-resolution simulation and modeling of tropical-cyclone induced power outages in the United States,https://www.sciencedirect.com/science/article/pii/S0306261926011670?dgcid=rss_sd_all,ScienceDirect Publication: Applied Energy,2026-08-18 00:00:00 UTC,2026-08-18 00:00:00+00:00,,Ning Lin,,,0
Multi-objective dynamic reconfiguration of active distribution networks via spatio-temporal flexible interaction of SOPs and ESSs against critical DG disconnections,https://www.sciencedirect.com/science/article/pii/S0306261926012900?dgcid=rss_sd_all,ScienceDirect Publication: Applied Energy,2026-08-18 00:00:00 UTC,2026-08-18 00:00:00+00:00,,Mengran Zhou,,,0
Research on the technical potential and complementary development pattern of offshore wind and photovoltaics in China's coastal regions under climate change,https://www.sciencedirect.com/science/article/pii/S0306261926013073?dgcid=rss_sd_all,ScienceDirect Publication: Applied Energy,2026-08-18 00:00:00 UTC,2026-08-18 00:00:00+00:00,,Xin Wang,,,0
Coordinating electricity and computility in economic dispatch by embedding quantile convex latency surrogates,https://www.sciencedirect.com/science/article/pii/S0306261926013346?dgcid=rss_sd_all,ScienceDirect Publication: Applied Energy,2026-08-18 00:00:00 UTC,2026-08-18 00:00:00+00:00,,Zaijun Wu,,,0
Ms-MOARO: a novel multi-strategy optimizer for multi-objective optimal power flow with wind-solar-tidal energy integration,https://www.sciencedirect.com/science/article/pii/S0306261926013309?dgcid=rss_sd_all,ScienceDirect Publication: Applied Energy,2026-08-18 00:00:00 UTC,2026-08-18 00:00:00+00:00,,Hüseyin Bakır,,,0
Gradient thermodynamic potential driven reaction homogenization in thick electrodes of lithium-ion batteries,https://www.sciencedirect.com/science/article/pii/S0306261926012511?dgcid=rss_sd_all,ScienceDirect Publication: Applied Energy,2026-08-18 00:00:00 UTC,2026-08-18 00:00:00+00:00,,Huamin Zhou,,,0
Distributed adversarial learning for parallel computational strategies in intelligent power system control optimization,https://www.sciencedirect.com/science/article/pii/S0306261926013267?dgcid=rss_sd_all,ScienceDirect Publication: Applied Energy,2026-08-18 00:00:00 UTC,2026-08-18 00:00:00+00:00,,Huinan Yang,,,0
Black carbon emissions and climate impacts of cost-saving Arctic transit shipping through 2050,https://www.nature.com/articles/s41893-026-01877-w,Nature Sustainability,2026-08-18 00:00:00 UTC,2026-08-18 00:00:00+00:00,10.1038/s41893-026-01877-w,Huan Liu,"As climate change accelerates, emerging Arctic routes offer economic gains by shortening voyages but pose climate risks through black carbon deposition on snow and ice. Here we assess Arctic transit shipping at the global scale. Among 295 port pairs with reduced distance, only 249 achieve positive net economic benefits when accounting for fuel, transit, insurance, capital costs and turnover profits. By 2050, Arctic transit shipping could generate up to US$2.3 billion annually. Black carbon emissions are expected to reach 2,200 tons, with a regional maximum temperature response of 2.0–2.9 mK per US$1 billion of economic benefit. Rising fuel prices are expected to increase the economic attractiveness of Arctic transit shipping. Faster energy transitions could enable earlier decoupling of economic benefits from climate impacts, whereas slower transitions may require adjustments such as transit fees and insurance premiums to limit climate risks.",nature_html,0
Battery-assisted machine tool for peak power control,https://www.sciencedirect.com/science/article/pii/S0306261926013449?dgcid=rss_sd_all,ScienceDirect Publication: Applied Energy,2026-08-18 00:00:00 UTC,2026-08-18 00:00:00+00:00,,Byung-Kwon Min,,,0
Carbon accounting and weather-adaptive electrification dispatch for demand-responsive transit under carbon neutrality,https://www.sciencedirect.com/science/article/pii/S0306261926013504?dgcid=rss_sd_all,ScienceDirect Publication: Applied Energy,2026-08-18 00:00:00 UTC,2026-08-18 00:00:00+00:00,,Salvatore Antonio Biancardo,,,0
Privacy-preserving federated reinforcement learning for BESS coordination in distribution networks with voltage regulation,https://www.sciencedirect.com/science/article/pii/S0306261926013371?dgcid=rss_sd_all,ScienceDirect Publication: Applied Energy,2026-08-18 00:00:00 UTC,2026-08-18 00:00:00+00:00,,Scott Dick,,,0
Electrolyte-mediated interfacial engineering for silicon-based anodes in lithium-ion batteries: From liquid to quasi-solid and all-solid-state systems,https://www.sciencedirect.com/science/article/pii/S0306261926013103?dgcid=rss_sd_all,ScienceDirect Publication: Applied Energy,2026-08-18 00:00:00 UTC,2026-08-18 00:00:00+00:00,,Chenguang Liu,,,0
Encounter of silicon and carbon: thorns and rebirth of silicon-carbon anodes in lithium-ion batteries,https://www.sciencedirect.com/science/article/pii/S0306261926013462?dgcid=rss_sd_all,ScienceDirect Publication: Applied Energy,2026-08-18 00:00:00 UTC,2026-08-18 00:00:00+00:00,,Lan Xu,,,0
Progress in optimizing cleaning frequency for photovoltaic modules: a review of the coupled effects of dust formation mechanisms and cleaning strategies,https://www.sciencedirect.com/science/article/pii/S0306261926013322?dgcid=rss_sd_all,ScienceDirect Publication: Applied Energy,2026-08-18 00:00:00 UTC,2026-08-18 00:00:00+00:00,,Jiazhou Huang,,,0
Best practices for measuring the performance and stability of indoor photovoltaic devices,https://www.nature.com/articles/s41560-026-02101-x,Nature Energy,2026-08-18 00:00:00 UTC,2026-08-18 00:00:00+00:00,10.1038/s41560-026-02101-x,Thomas M. Brown,"Indoor photovoltaics harvests energy from light available inside homes and buildings for powering the Internet of Things, wireless sensors and consumer and medical electronics. A major challenge in this field is a lack of standardized testing conditions. Here a team from more than 60 research institutions and companies proposes best practices for evaluating indoor photovoltaic performance and establishing baseline stability tests. We base these recommendations on recent experimental data, published literature, practices used in academic and industrial settings, technical specifications from standards organizations, lighting databases and existing regulations. We outline procedures that begin with the recommendation of a single artificial light source, followed by guidance on setting up measurement systems and a step-by-step guide for conducting measurements and tests. These procedures are consolidated into three checklists. Our aim is to promote accurate measurement of laboratory and commercial solar cells and modules under indoor lighting, facilitating comparability across academia and industry worldwide.",nature_html,0
Atomically thin amorphous carbon with an ultralow dielectric constant,https://www.nature.com/articles/s41928-026-01685-2,Nature Electronics,2026-08-18 00:00:00 UTC,2026-08-18 00:00:00+00:00,10.1038/s41928-026-01685-2,Barbaros Ӧzyilmaz,"Two-dimensional (2D) materials could replace conventional electronic components. Key advances have already been made in applying 2D materials to integrated circuits, but a robust, atomically thin ultralow-k dielectric remains crucial for further circuit scaling. Minimizing parasitic capacitances, in particular, will be needed as conductor spacing shrinks below 10 nm. However, conventional amorphous or porous low-k dielectrics become unstable at nanometre thicknesses. Here we show that atomically thin amorphous carbon films can function as mechanically robust ultralow-k dielectrics with a dielectric constant of 1.35 and a dielectric strength of 28–31 MV cm−1. The films are also an effective barrier to metal-ion diffusion, with a time to failure of 1010 s at 0.8-nm thickness. Our approach relies on a low-temperature, direct and conformal growth process, which makes it promising for practical implementation in complementary metal–oxide–semiconductor technology.",nature_html,0
Beyond the engine room,https://www.nature.com/articles/s41893-026-01919-3,Nature Sustainability,2026-08-18 00:00:00 UTC,2026-08-18 00:00:00+00:00,10.1038/s41893-026-01919-3,,,,0
Dual-functional materials and pilot demonstration of integrated CO2 capture and conversion,https://www.cell.com/joule/fulltext/S2542-4351(26)00312-0?rss=yes,Joule,2026-08-18 00:00:00 UTC,2026-08-18 00:00:00+00:00,10.1016/j.joule.2026.102628,Nannan Sun,"This work reports an oxygen-resistant Ni-based dual-functional material for integrated CO2 capture and conversion to CH4 (ICCCCH4) and demonstrates stable pilot-scale operation (25 Nm3/h), achieving near-complete CO2 capture and conversion efficiency. Verification of the process on such a scale, together with techno-economic analysis based on practical operation data, fully showcases the promising potential of ICCCCH4 in practical applications.",rss_cell,0
Phased fuel transitions for decarbonizing the Asia–Europe Green Shipping Corridor,https://www.nature.com/articles/s41893-026-01878-9,Nature Sustainability,2026-08-18 00:00:00 UTC,2026-08-18 00:00:00+00:00,10.1038/s41893-026-01878-9,Kuishuang Feng,"International shipping stands at a pivotal juncture in its decarbonization efforts, yet a comprehensive assessment of viable fuel transition pathways remains scarce. Here we develop a dynamic life cycle assessment framework integrated with system dynamics to evaluate 13 alternative marine fuels (for example, ammonia, methanol, hydrogen and soybean-based biodiesel) for the Asia–Europe Green Shipping Corridor through 2050. The framework incorporates climate impacts, environmental sustainability, energy efficiency and economic feasibility. Under three scenarios (Business as Usual, Most Economical and Maximum Carbon Reduction), this study accounts for key dynamic parameters, including technology learning curves. Results indicate a phased transition: soybean-based biodiesel offers a near-term solution, while electrofuels dominate after 2040. The International Maritime Organization’s Net-Zero Framework progressively narrows regional cost–emission gaps, whereas the European Union’s FuelEU Maritime regulation introduces a cost premium of up to 7.6%. These results indicate that policy design and regulatory stringency substantially shape fuel transition trajectories for maritime decarbonization.",nature_html,0
"Retraction for Knyazeva et al., A chemical inhibitor of IST1-CHMP1B interaction impairs endosomal recycling and induces noncanonical LC3 lipidation",https://www.pnas.org/doi/abs/10.1073/pnas.2627721123?mi=eymic2&af=R&access=on&content=articlesChapters&publication=pnas&sortBy=Earliest&target=default,Proceedings of the National Academy of Sciences: Keyword search for query,2026-08-18 07:00:00 UTC,2026-08-18 07:00:00+00:00,10.1073/pnas.2627721123,,,,0
Select intratumoral riboflavin-auxotrophic Enterococcus species enhance cell surface MR1 expression and MAIT TCR activation in lung cancer,https://www.pnas.org/doi/abs/10.1073/pnas.2617943123?mi=eymic2&af=R&access=on&content=articlesChapters&publication=pnas&sortBy=Earliest&target=default,Proceedings of the National Academy of Sciences: Keyword search for query,2026-08-18 07:00:00 UTC,2026-08-18 07:00:00+00:00,10.1073/pnas.2617943123,Franck Housseau,"Mucosal-associated invariant T (MAIT) cells are innate-like T cells capable of MR1-dependent immune surveillance, but how intratumoral bacteria modulate MR1 expression in human lung tumors remains unclear. We studied intratumoral MAIT cells from paired single-cell RNA and TCR sequencing datasets of tumor-infiltrating CD3 T cells isolated from non-small cell lung cancer tumors in patients receiving neoadjuvant PD-1 blockade therapy. MAIT cells were subclustered to identify conventional MAIT-associated TCR clonotypes, which were then used to examine how bacterial exposure impacts cell-surface MR1 expression and downstream MAIT TCR activation. We found that select intratumoral
                    Enterococcus
                    species (spp.) did not directly activate MAIT cells but enhanced MR1-dependent MAIT activation in the presence of exogenous 5-OP-RU by increasing cell-surface MR1 expression on antigen-presenting cells including dendritic cells, B cells, and mononuclear phagocytes. This increase in MR1 cell surface expression is modulated through a posttranscriptional mechanism consistent with altered intracellular processing and trafficking of MR1. These findings reveal a role for tumor-associated bacteria in modulating MR1-dependent innate-like T cell activation and provide a basis for future studies examining whether this process influences response to immune checkpoint blockade.",crossref,0
In This Issue,https://www.pnas.org/doi/abs/10.1073/iti3326123?mi=eymic2&af=R&access=on&content=articlesChapters&publication=pnas&sortBy=Earliest&target=default,Proceedings of the National Academy of Sciences: Keyword search for query,2026-08-18 07:00:00 UTC,2026-08-18 07:00:00+00:00,10.1073/iti3326123,,,,0
Urbanization weakens the global latitudinal diversity gradient in birds,https://www.pnas.org/doi/abs/10.1073/pnas.2527860123?mi=eymic2&af=R&access=on&content=articlesChapters&publication=pnas&sortBy=Earliest&target=default,Proceedings of the National Academy of Sciences: Keyword search for query,2026-08-18 07:00:00 UTC,2026-08-18 07:00:00+00:00,10.1073/pnas.2527860123,Anna L. Hargreaves,"The striking increase in species richness toward the tropics is perhaps Earth’s most ubiquitous macroecological pattern, but even such fundamental patterns can be vulnerable to anthropogenic change. Urbanization is a particularly severe and globally distributed change that often reduces local diversity; whether such local effects scale up to alter global biodiversity patterns is unclear. We present three hypotheses for how urbanization might affect latitudinal gradients in diversity, and test them using community science observations of &gt;10,000 bird species on five continents. We find that the avian latitudinal diversity gradient is 3× weaker in urban areas compared to natural areas. Urbanization reduced bird diversity across latitudes (by 32% on average), but tropical cities lost a higher proportion of species, an effect that was consistent across hemispheres, seasons, and methodological choices. This disproportionate diversity loss from tropical cities seems driven partly by latitudinal gradients in specialization, as tropical bird assemblages contained more specialists and specialists were disproportionately excluded by urbanization, and partly by more intense urbanization toward lower latitudes. Our results show that urbanization is disrupting macroecological patterns that have defined global biodiversity for millennia, and suggest that both community traits and urban planning mediate urbanization’s local and global impacts.",crossref,0
Initiation of rotational collective migration in Drosophila through tissue geometry and mechanochemical feedback,https://www.pnas.org/doi/abs/10.1073/pnas.2528342123?mi=eymic2&af=R&access=on&content=articlesChapters&publication=pnas&sortBy=Earliest&target=default,Proceedings of the National Academy of Sciences: Keyword search for query,2026-08-18 07:00:00 UTC,2026-08-18 07:00:00+00:00,10.1073/pnas.2528342123,Sally Horne-Badovinac,"Collective migration of epithelial cells drives diverse tissue remodeling processes. In many cases, a free tissue edge works alone or in combination with other external cues to align the cells for collective movement, but how edge-free or closed epithelia become polarized for directed migration without these cues is unclear. Here, we use the rotational migration of the follicular epithelial cells in the
                    Drosophila
                    egg chamber to explore how cells in an edgeless epithelium initiate rotational collective migration, and how the rotational axis is specified. By employing methods for long-term live imaging and delaying the onset of rotation, we show that symmetry breaking can occur at multiple developmental stages and that the atypical cadherin Fat2 promotes local motility at the basal epithelial surface before rotation begins. We then combine experiments with theoretical modeling to identify a positive feedback loop in which planar polarization of Fat2 aligns the front–rear axes of the individual cells in a common direction and the resulting tissue motion leads to the planar polarization of Fat2. This mechanosensitive feedback, coupled with rigid-body dynamics of the egg chamber, can break chiral symmetry and produce sustained rotation in silico. We further propose that mechanical constraints arising from intertissue interactions and tissue geometry ensure that rotation occurs around the anterior–posterior axis. Our findings suggest a biophysical mechanism—combining Fat2-mediated velocity–polarity alignment, rigid-body dynamics, and tissue geometry—by which a closed epithelial tissue can self-organize into persistent, large-scale rotational migration in vivo, expanding current flocking theories.",crossref,0
Marine heatwaves and undernutrition in low- and middle-income countries,https://www.pnas.org/doi/abs/10.1073/pnas.2528506123?mi=eymic2&af=R&access=on&content=articlesChapters&publication=pnas&sortBy=Earliest&target=default,Proceedings of the National Academy of Sciences: Keyword search for query,2026-08-18 07:00:00 UTC,2026-08-18 07:00:00+00:00,10.1073/pnas.2528506123,Janet A. Nye,"Marine heatwaves are accelerating under climate change and increasingly threaten the lives and livelihoods of coastal populations, particularly in low- and middle-income countries where many households directly depend on local marine fisheries for protein, micronutrients, and income. To quantify this threat, we link individual-level data on child and maternal health from 9,813 coastal sites in 36 low- or middle-income countries to heatwave exposures in the nearby ocean, and use this linked dataset to estimate fixed-effects logistic regression models that test for heatwave effects on child mortality, wasting, and stunting, as well as adult underweight. We find that a 1 SD increase in the number of heatwaves over a 24-mo period increases the odds of child mortality by 5.4%, child wasting by 6.5% and child stunting by 8.8%, and that these effects also extend to other dimensions of heatwaves such as maximum sea surface temperature and cumulative intensity. Urban locations and countries more dependent on small-scale fishing are most strongly affected, and the majority of these results remain significant when we account for correlated atmospheric heatwaves. Taken together, these results document that marine heatwaves undermine human health and emphasize the need for additional research on the mechanisms connecting oceanic conditions to human health.",crossref,0
Group size effects and collective misalignment in LLM multi-agent systems,https://www.pnas.org/doi/abs/10.1073/pnas.2531697123?mi=eymic2&af=R&access=on&content=articlesChapters&publication=pnas&sortBy=Earliest&target=default,Proceedings of the National Academy of Sciences: Keyword search for query,2026-08-18 07:00:00 UTC,2026-08-18 07:00:00+00:00,10.1073/pnas.2531697123,Andrea Baronchelli,"Multi-agent systems of large language models (LLMs) are rapidly expanding across domains, introducing dynamics not captured by single-agent evaluations. Yet, existing work has mostly contrasted the behavior of a single agent with that of a collective of fixed size, leaving open a central question: How does group size shape dynamics? Here, we move beyond this dichotomy and systematically explore outcomes across the full range of group sizes. We focus on multi-agent misalignment, building on recent evidence that interacting LLMs playing a simple coordination game can generate collective biases absent in individual models. First, we show that collective bias is a deeper phenomenon than previously assessed: Interaction can amplify individual biases, introduce new ones, or override model-level preferences. Second, we demonstrate that group size affects the dynamics in a nonlinear way, revealing model-dependent dynamical regimes. Finally, we develop a mean-field analytical approach and show that, above a critical population size, simulations converge to deterministic predictions that expose the basins of attraction of competing equilibria. These findings establish group size as a key driver of multi-agent dynamics and highlight the need to consider population-level effects when deploying LLM-based systems at scale.",crossref,0
The KAT2/HDACⅡa–PGK–ALDO axis constitutes a dual degradation inhibition cascade links energy stress to glycolytic amplification,https://www.pnas.org/doi/abs/10.1073/pnas.2533429123?mi=eymic2&af=R&access=on&content=articlesChapters&publication=pnas&sortBy=Earliest&target=default,Proceedings of the National Academy of Sciences: Keyword search for query,2026-08-18 07:00:00 UTC,2026-08-18 07:00:00+00:00,10.1073/pnas.2533429123,Li Li,"Cells reprogram glycolysis pathway to cope with energy deficiency, in which the catalytic activity, stability, and noncanonical functions of glycolytic enzymes are finely regulated by posttranslational modifications (PTMs). Here, we report a metazoan-conserved dual degradation inhibition cascade whereby energy stress coordinates acetylation-phosphorylation crosstalk that simultaneously enhances glycolytic output and suppresses two protein degradation systems. Specifically, KAT2 (KAT2A)/HDACIIa (HDAC5)-mediated acetylation of PGK at K73 (PGK1; K75) antagonizes its ubiquitin–proteasomal degradation while strengthening its interaction with ALDO (ALDOA). Then, PGK exerts noncanonical kinase activity to phosphorylate ALDO at S272, thereby enhancing ALDO’s substrate affinity and suppressing its chaperone-mediated autophagic–lysosomal degradation by inhibiting the interaction with HSC70 to simultaneously stabilize and activate ALDO to amplify glycolytic flux. This ancient survival axis underlies thermotolerance divergence in oysters and is hijacked in human lung adenocarcinoma to drive malignant proliferation. Our study integrates environmental adaptation and tumorigenesis through a unified metabolic signaling axis, broadening our understanding of PTM crosstalk in evolution and disease.",crossref,0
Characterizing the impact of incorporating spatially aggregated human mobility data into infectious disease models,https://www.pnas.org/doi/abs/10.1073/pnas.2533465123?mi=eymic2&af=R&access=on&content=articlesChapters&publication=pnas&sortBy=Earliest&target=default,Proceedings of the National Academy of Sciences: Keyword search for query,2026-08-18 07:00:00 UTC,2026-08-18 07:00:00+00:00,10.1073/pnas.2533465123,Amy Wesolowski,"Models of infectious disease dynamics should align the spatial scale of mobility data to the scale of travel relevant to inferring disease introduction events and subsequent local transmission. Despite this, the biases of spatially aggregating mobility data on model inferences are rarely explored. Here, we examine the sensitivity of infectious disease modeling results to different spatial scales of human mobility by integrating multiscale mobility data from Sri Lanka into Susceptible, Exposed, Infected, Recovered (SEIR) metapopulation models. Aggregated mobility data were obtained from mobile phone records at three increasingly coarser spatial scales to simulate epidemic spread of an emerging acute respiratory infection. We found that travel was not evenly distributed among nested spatial scales when data were disaggregated, with subunits close to borders exhibiting higher levels of travel relative to the unit. In simulations of disease transmission, these different scales of mobility aggregation had potential to yield wide variations in the estimated spatial invasion timing but not in final epidemic size. Modeled differences in spatial invasion time depended on disease transmission intensity and exogenous factors like the initial seeding location. Our results carry implications for infectious disease modeling best practices and public health response, particularly the policy decisions made from model inferences that were or were not informed by the relevant spatial scale of mobility data such as intervention timing, risk communication, and resource allocation.",crossref,0
Human Hsp70 paralogs display selective J-domain interactions tuning proteostasis under stress,https://www.pnas.org/doi/abs/10.1073/pnas.2534903123?mi=eymic2&af=R&access=on&content=articlesChapters&publication=pnas&sortBy=Earliest&target=default,Proceedings of the National Academy of Sciences: Keyword search for query,2026-08-18 07:00:00 UTC,2026-08-18 07:00:00+00:00,10.1073/pnas.2534903123,Rina Rosenzweig,"Hsp70 chaperones are central regulators of proteostasis, mediating folding, refolding, degradation, and aggregation-prevention. Their activity is tuned by the diverse J-domain proteins (JDPs), which both recruit client proteins and stimulate Hsp70 ATP hydrolysis via interaction with a conserved J-domain. The cytosol contains four Hsp70 paralogs—the stress-inducible HSPA1A/B and HSPA6, and the constitutively expressed HSPA8. Whether these act redundantly or carry distinct cellular functions has remained unresolved. Here, we systematically map the interactions of cytosolic Hsp70s with broad-specificity JDPs to elucidate how paralog identity shapes cellular function. We found that despite the high conservation of the JDP–Hsp70 interaction sites, the affinities of these interactions and their functionality varied greatly. HSPA8 behaves as a generalist, engaging all JDP classes with comparable affinity, consistent with its housekeeping role. By contrast, HSPA1 preferentially binds canonical Class A and B JDPs, while showing only weak binding to Class B′. Therefore, under stress, HSPA1 pairs only with Class A/B JDPs to support robust protein refolding, while freeing Class B′ to suppress protein aggregation in an Hsp70-independent manner. Most unexpectedly, HSPA6, the most stress-inducible paralog, binds selectivity to Class B JDPs, losing interactions with both Class A and B′. Thus, under severe stress, HSPA6 works exclusively with Class B JDPs to ensure ATP-dependent protein repair, while freeing Class A and B′ JDPs to act independently of Hsp70 to protect damaged/misfolded proteins. Our findings reveal an evolved hierarchy of paralog-specific JDP couplings that dynamically rewires the Hsp70 network from active repair to protection during stress.",crossref,0
Morphogenesis of bacterial colonies in liquid crystalline environments,https://www.pnas.org/doi/abs/10.1073/pnas.2536343123?mi=eymic2&af=R&access=on&content=articlesChapters&publication=pnas&sortBy=Earliest&target=default,Proceedings of the National Academy of Sciences: Keyword search for query,2026-08-18 07:00:00 UTC,2026-08-18 07:00:00+00:00,10.1073/pnas.2536343123,Sujit S. Datta,"Natural bacterial habitats are often complex fluids with viscoelastic and anisotropic responses to stress; for example, they can take the form of liquid crystals (LCs), with elongated microscopic constituents that collectively align while still retaining the ability to flow. However, laboratory studies typically focus on cells in simple liquids or complex fluids with randomly oriented constituents. Here, we show how interactions with LCs shape bacterial proliferation in multicellular colonies. Using experiments, we find that in a nematic LC, cells of the multiple species we tested all form aligned single-cell-wide “chains” as they reproduce. As these chains lengthen, they eventually buckle in a highly localized manner. By combining our measurements with a continuum mechanical theory, we demonstrate that this distinctive morphogenetic program emerges because cells are kept in alignment due to the LC’s elasticity; as each chain lengthens, growth-induced viscous stresses along its contour eventually overcome the elasticity of the surrounding nematic, leading to buckling. Our work thus reveals and provides mechanistic insight into the previously overlooked role of LCs in sculpting bacterial life in complex environments.",crossref,0
FEMA phase-out? Catastrophic extremes challenge decentralization of US flood insurance,https://www.pnas.org/doi/abs/10.1073/pnas.2537388123?mi=eymic2&af=R&access=on&content=articlesChapters&publication=pnas&sortBy=Earliest&target=default,Proceedings of the National Academy of Sciences: Keyword search for query,2026-08-18 07:00:00 UTC,2026-08-18 07:00:00+00:00,10.1073/pnas.2537388123,Upmanu Lall,"The U.S. National Flood Insurance Program (NFIP) faces growing solvency and affordability challenges amid proposals to decentralize the Federal Emergency Management Agency (FEMA) and shift disaster management to states. Catastrophic floods often span state boundaries, exposing multiple decentralized insurance pools simultaneously. Using a path-independent simulation framework that integrates risk-based premiums, hydrometeorologically clustered flood losses, and 2025 reinsurance contracts, we evaluate the stability of national and state-level pooling using historical data. National pooling markedly reduces systemic insolvency through cross-regional diversification, while many state pools exhibit structural fragility. State-level deficits are dominated by hyperclusters—coherent spatiotemporal losses induced by common atmospheric drivers—indicating that clustered loss governs failure. Since states must balance budgets and face borrowing restrictions to cover large losses, pool liquidity constrains decentralized systems. Existing reinsurance (including insurance-linked securities) does not always cover these clustered losses due to its misalignment with the clustered, spatiotemporal nature of hydroclimatic risk, covering only single flood events in traditional contracts and individual named storms in FloodSmart catastrophe bonds. A resilient and affordable NFIP will require hybrid financial design aligning risk-based premiums and reinsurance to balance chronic and catastrophic risk.",crossref,0
NatA complex is a leaf-intrinsic brake on systemic responses induced by root endophytic fungi,https://www.pnas.org/doi/abs/10.1073/pnas.2536998123?mi=eymic2&af=R&access=on&content=articlesChapters&publication=pnas&sortBy=Earliest&target=default,Proceedings of the National Academy of Sciences: Keyword search for query,2026-08-18 07:00:00 UTC,2026-08-18 07:00:00+00:00,10.1073/pnas.2536998123,Jia-Jia Han,"Root-associated beneficial microbes prime host plants for induced systemic resistance (ISR) in leaves. Although continuous immune activation triggered by root endophytic fungi would impair leaf growth, how host plants avoid autoimmunity during endophytic fungi-mediated ISR priming is unknown. Here, we show that the
                    Arabidopsis
                    NatA N-terminal–acetyltransferase complex acts as a leaf-intrinsic brake on these root-to-leaf systemic responses. Impairment of the NatA subunit SUF1 (also named HYPK) or NAA15 unleashed chronic N-hydroxy-pipecolic-acid (NHP)/salicylic-acid (SA) signaling activation, converting beneficial ISR priming into growth-inhibitory leaf senescence. Transcriptome and quantitative proteomic analysis revealed the selective activation of defense and SA signaling pathways in the leaves of NatA mutants. Crossing
                    suf1
                    or
                    naa15
                    with
                    fmo1
                    and
                    eds5
                    abolished autoimmunity, confirming that the phenotype requires FMO1-dependent NHP and downstream SA synthesis and signaling activation. Thus, by destabilizing defense proteins, NatA enables plants to sustain lifelong ISR priming without growth penalty, guiding breeders to consider ISR control traits.",crossref,0
Structural rearrangements underlying the activation of STIM1 by ER calcium depletion,https://www.pnas.org/doi/abs/10.1073/pnas.2602410123?mi=eymic2&af=R&access=on&content=articlesChapters&publication=pnas&sortBy=Earliest&target=default,Proceedings of the National Academy of Sciences: Keyword search for query,2026-08-18 07:00:00 UTC,2026-08-18 07:00:00+00:00,10.1073/pnas.2602410123,Richard S. Lewis,"In resting cells, STIM1, the dimeric endoplasmic reticulum (ER) Ca
                    2+
                    sensor that controls store-operated Ca
                    2+
                    entry (SOCE), is held in a Ca
                    2+
                    -bound inactive state by multiple intramolecular restraints, or brakes. Receptor-evoked release of Ca
                    2+
                    from the ER causes a large conformational change in STIM1 that releases the brakes and exposes the CRAC activation domain (CAD), enabling it to bind and open store-operated Orai1 channels in the plasma membrane. We performed single-molecule Förster resonance energy transfer (smFRET) measurements with purified STIM1 to better understand how Ca
                    2+
                    release from the luminal domain of STIM1 drives the conformational changes in the cytosolic domain that underlie CAD release. We find that Ca
                    2+
                    removal releases the CAD from CC1α1 (the “CC1 clamp”) without obligatory formation of the CC1 coiled-coil that has been associated with CAD release in cells. Surprisingly, the CAD rearranges dramatically during release, as the two hairpin protomers that create its characteristic V-shaped structure are spread apart. Locking the two protomers together by cysteine crosslinking prevents CAD release, suggesting that the CAD must rearrange to escape the CC1 clamp. Our data support a model in which ER depletion-induced dimerization of the luminal SAM domains drives the cytosolic domain into multiple intermediate states including a 3-helix bundle of CC1α1/2/3, releasing the CC1 clamp and allowing the CAD to escape through a “fold-out” mechanism. Subsequent formation of the CC1 coiled-coil enables the CAD to revert to its original shape and extends it toward the plasma membrane to activate Orai1.",crossref,0
A nose-to-brain circuit underlies anxiety regulation by nasal afferent frequency in mice,https://www.pnas.org/doi/abs/10.1073/pnas.2603853123?mi=eymic2&af=R&access=on&content=articlesChapters&publication=pnas&sortBy=Earliest&target=default,Proceedings of the National Academy of Sciences: Keyword search for query,2026-08-18 07:00:00 UTC,2026-08-18 07:00:00+00:00,10.1073/pnas.2603853123,Ruiqi Wu,"Slow nasal breathing alleviates negative moods, but the precise nose-to-limbic pathways and their causal contributions remain unclear. Here, we identify a pathway in mice from olfactory sensory neurons (OSNs) in the nasal cavity to mitral cells in the olfactory bulb (OB), then to parvalbumin-positive (PV
                    +
                    ) long-projecting interneurons in the perirhinal cortex (PRC), and subsequently to glutamatergic neurons in the posterior basolateral amygdala (pBLA), through which nasal afferent activity bidirectionally regulates anxiety in a frequency-dependent manner. Low-frequency nasal airflow or optogenetic OSN stimulation induced anxiolysis and increased PRC high-gamma power by activating PV
                    +
                    neurons, whereas high-frequency had opposite effects. Chemogenetic silencing of the OB
                    →
                    PRC
                    PV
                    pathway eliminated the frequency-dependent regulation of anxiety-like behaviors driven by OSN stimulation. Selective activation or inhibition of the identified circuit generated opposing behavioral effects (anxiolytic vs. anxiogenic, respectively), paralleling the results of low- and high-frequency OSN stimulations. Strikingly, a 2-wk low-frequency nasal airflow/optogenetic OSN stimulation regimen ameliorated anxiety-like behaviors and restored PRC high-gamma activity in an anxiety model. This study reveals a nose–brain axis bidirectionally modulating anxiety via nasal afferent frequency, providing potential interventional strategies and targets for anxiety disorders.",crossref,0
An ER retention motif controls the heteromeric stoichiometry of hERG1a/1b channels,https://www.pnas.org/doi/abs/10.1073/pnas.2605305123?mi=eymic2&af=R&access=on&content=articlesChapters&publication=pnas&sortBy=Earliest&target=default,Proceedings of the National Academy of Sciences: Keyword search for query,2026-08-18 07:00:00 UTC,2026-08-18 07:00:00+00:00,10.1073/pnas.2605305123,Gail A. Robertson,"The
                    human ether-à-go-go related gene
                    (
                    hERG
                    ) encodes a potassium channel essential for cardiac repolarization and neuronal excitability. In the heart, heteromeric assemblies of hERG1a and hERG1b subunits produce cardiac I
                    Kr
                    , and mutations in either subunit are associated with long QT syndrome. Although hERG1a and 1b contain identical transmembrane and C-terminal cytosolic domains, they differ in N-terminal cytosolic domains, with hERG1b harboring an arginine-based endoplasmic reticulum (ER) retention/retrieval motif that limits its surface expression in the absence of hERG1a. While the association of hERG1a and 1b subunits is known to influence channel function, the stoichiometry of heteromeric hERG channels and mechanisms that regulate it have remained unresolved. Here, using single molecule photobleaching step analysis in HeLa cells, we show that heteromeric hERG1a/1b channels assemble predominantly with a fixed 2:2 stoichiometry. Mutation of the hERG1b ER retention motif disrupts this bias, resulting in a broader, near-random distribution of subunit compositions. Independent functional assays using dominant-negative pore mutants in Xenopus oocytes yielded quantitative current suppression consistent with a 2:2 assembly and similarly revealed loss of stoichiometric bias upon RXR mutation. Together, these results establish the oligomeric composition of hERG1a/1b channels and identify ER retention as a previously unrecognized determinant of heteromeric stoichiometry.",crossref,0
Proliferation as a natural strategy to suppress neoplasia,https://www.pnas.org/doi/abs/10.1073/pnas.2605763123?mi=eymic2&af=R&access=on&content=articlesChapters&publication=pnas&sortBy=Earliest&target=default,Proceedings of the National Academy of Sciences: Keyword search for query,2026-08-18 07:00:00 UTC,2026-08-18 07:00:00+00:00,10.1073/pnas.2605763123,John Doyle,"Cell proliferation is necessary to maintain tissue homeostasis, but proliferation carries with it a risk of cancer. To understand how some organisms suppress cancer while maintaining homeostasis, we developed a dynamical model of cell populations. The model identifies two regimes. In one regime, as expected, proliferation drives accumulation of neoplastic cells. In another regime, unexpectedly, increasing proliferation suppresses accumulation of neoplastic cells. In this regime, as more cells proliferate, more cells also die as a consequence of homeostatic feedback. As long as neoplastic cells are targeted preferentially, the high flux effectively acts as a proofreader. High-flux proofreading works even when the system lacks a highly specific detector of neoplastic cells. As a first experimental test, we examined the jellyfish. Neoplasms are rarely observed in cnidarians, yet simply inhibiting proliferation promotes neoplasms. The quantitative framework developed here offers experimentally testable predictions to assess high-flux proofreading in other systems.",crossref,0
TaIAA25 negatively regulates wheat alkaline tolerance by inhibiting plasma membrane H+-ATPase activity,https://www.pnas.org/doi/abs/10.1073/pnas.2607117123?mi=eymic2&af=R&access=on&content=articlesChapters&publication=pnas&sortBy=Earliest&target=default,Proceedings of the National Academy of Sciences: Keyword search for query,2026-08-18 07:00:00 UTC,2026-08-18 07:00:00+00:00,10.1073/pnas.2607117123,Shuwei Liu,"Soil salinization/alkalization represents a universal challenge that severely constrains crop productivity. Elucidating the molecular mechanisms underpinning saline/alkaline tolerance of wheat (
                    Triticum aestivum
                    ) holds profound significance for global food security and sustainable agriculture. In this study, we functionally characterized a wheat alkaline sensitive locus designated
                    Wheat Alkaline Sensitive 1
                    (
                    WAS1
                    ), through whole exome-capture sequencing-based bulked segregant analysis and fine mapping of
                    was1
                    mutant populations. This locus encodes TaIAA25, a canonical member of the Auxin/Indole-3-Acetic Acid (Aux/IAA) protein family. A C to T transition in
                    TaIAA25
                    leads to a Pro-to-Ser substitution within its Aux/IAA degron motif. This amino acid substitution enhances the stability of TaIAA25 protein, thereby rendering wheat hypersensitive to alkaline stress. The overexpression of
                    TaIAA25
                    significantly increased sensitivity of wheat to alkaline treatment, whereas
                    iaa25
                    knockout mutants displayed enhanced tolerance to alkaline stress. Consistent with established auxin signaling transduction, TaIAA25 interacts with auxin response factor 16 (TaARF16) to repress the TaARF16-mediated transcriptional activation of small auxin-up RNA gene
                    TaSAUR215
                    . This cascade potentiates the inhibitory effect of D-clade type 2C protein phosphatase (TaPP2C.D) on plasma membrane (PM) H
                    +
                    -ATPase activity. Notably, TaIAA25 also directly interacts with the phosphorylation (P) domain in central loop of PM H
                    +
                    -ATPase 2 (TaHA2) and represses its binding with the actuator (A) domain, thereby blocking TaHA2-driven proton efflux. Collectively, our findings clarified the crucial role of the classical auxin signaling pathway in plant responses to alkaline stress. Furthermore, we revealed a mechanism wherein an Aux/IAA protein directly modulates PM H
                    +
                    -ATPase activity to orchestrate auxin-mediated alkaline stress response.",crossref,0
The genetic architecture of tomato flavor variation through crop domestication and improvement,https://www.pnas.org/doi/abs/10.1073/pnas.2610136123?mi=eymic2&af=R&access=on&content=articlesChapters&publication=pnas&sortBy=Earliest&target=default,Proceedings of the National Academy of Sciences: Keyword search for query,2026-08-18 07:00:00 UTC,2026-08-18 07:00:00+00:00,10.1073/pnas.2610136123,Harry J. Klee,"Extensive selection for yield and disease resistance during tomato crop improvement has led to flavor loss in modern commercial tomatoes in comparison with heirloom varieties. To investigate the chemical and genetic architecture of tomato flavor through both domestication and improvement, we analyzed flavor-related chemicals across 558 globally collected accessions comprising wild relatives, semidomesticated and domesticated populations, including uncharacterized Latin American accessions. Key flavor volatiles exhibit major differences across accessions. A genome-wide association study was used to detect associations between genetic loci and flavor-related chemical contents, including sugars, acids, and volatiles. Multiple genetic loci linked to known genes encoding flavor metabolism enzymes, as well as many new loci, were identified. Among the newly identified loci, a gene encoding a previously uncharacterized lipase (
                    Sl-LIP100
                    ) was experimentally proven to have an important role in synthesis of lipid-derived flavor volatiles. This enzyme is responsible for synthesis of several important five- and six-carbon flavor volatiles. In sum, this study provides chemical and genetic insights into the evolution of tomato flavor during domestication and subsequent improvement, identifying the complexity of genetic control of fruit flavor chemicals as well as a number of new alleles that can be used to improve the contents of flavor-linked chemicals.",crossref,0
An upstream open reading frame represses translation of the neuronal potassium channel KCNQ2,https://www.pnas.org/doi/abs/10.1073/pnas.2610782123?mi=eymic2&af=R&access=on&content=articlesChapters&publication=pnas&sortBy=Earliest&target=default,Proceedings of the National Academy of Sciences: Keyword search for query,2026-08-18 07:00:00 UTC,2026-08-18 07:00:00+00:00,10.1073/pnas.2610782123,Alfred L. George,"Upstream open reading frames (uORFs) within the 5’-untranslated region (5’-UTR) of messenger RNA transcripts can regulate protein translation. Despite widespread prevalence within the human genome, they remain unidentified for many clinically relevant genes. A gene frequently associated with neonatal-onset epilepsy is
                    KCNQ2
                    , which encodes a neuronal voltage-gated potassium channel subunit that functions to dampen neuronal excitability. Heterozygous loss-of-function pathogenic
                    KCNQ2
                    variants are known to cause a range of neurodevelopmental disorders and epileptic encephalopathies, but there remains an unmet clinical need for patients harboring these variants. We identified a single uORF in
                    KCNQ2
                    that is highly repressive of protein translation and demonstrated that mutations disabling the uORF start codon enhance synthesis of encoded potassium channels. Additionally, we show that adenine base editing of the uORF start codon can weaken ribosome engagement at the uORF and enhance translation of the protein in a neuron-like cell line. This study establishes a previously underexplored regulatory feature for
                    KCNQ2
                    and highlights the importance of understanding uORFs for clinically relevant genes, both for assessing disease risk and therapeutic potential.",crossref,0
Myoglianin coordinates hormonal and nutrient signaling to control metamorphosis and tissue growth in the fall armyworm,https://www.pnas.org/doi/abs/10.1073/pnas.2612072123?mi=eymic2&af=R&access=on&content=articlesChapters&publication=pnas&sortBy=Earliest&target=default,Proceedings of the National Academy of Sciences: Keyword search for query,2026-08-18 07:00:00 UTC,2026-08-18 07:00:00+00:00,10.1073/pnas.2612072123,Subba Reddy Palli,"The transition from larval to pupal stage in holometabolous insects is a critical developmental decision regulated by hormonal and nutritional cues. The studies reported here revealed a central role for the TGF-β ligand Myoglianin (Myo) in integrating these signals in a major lepidopteran pest, the fall armyworm,
                    Spodoptera frugiperda
                    . We found that CRISPR/Cas9-mediated
                    Myo
                    knockout (KO) resulted in supernumerary larval molts and an impairment of the larval–pupal transition. Myo-KO larvae exhibited a disrupted hormone milieu, characterized by elevated juvenile hormone (JH) levels and reduced ecdysone levels. The elevated JH titer was associated with reduced degradation by JH esterase, whereas the decrease in ecdysteroid levels was attributable to suppressed synthesis, driven by downregulation of the PTTH signaling axis in the head and of ecdysteroid biosynthesis genes in the prothoracic glands. Furthermore,
                    Myo
                    KO led to disproportionate growth, with oversized larvae harboring undersized tissues (e.g., wing disc and testes). This was associated with reduced expression of genes in the insulin/TOR signaling pathway and nutrient transporters, indicating impaired nutrient allocation. Our results establish Myo as a master regulator that synchronizes systemic endocrine signals with tissue-specific nutrient responses to coordinate metamorphosis and balance growth.",crossref,0
Expulsion of nuclear DNA to the cytoplasm after viral entry: A mechanism for activation of the cGAS pathway,https://www.pnas.org/doi/abs/10.1073/pnas.2614472123?mi=eymic2&af=R&access=on&content=articlesChapters&publication=pnas&sortBy=Earliest&target=default,Proceedings of the National Academy of Sciences: Keyword search for query,2026-08-18 07:00:00 UTC,2026-08-18 07:00:00+00:00,10.1073/pnas.2614472123,David M. Knipe,"Cells respond to viral infection by induction of numerous innate and other host responses to block infection in that cell and surrounding cells. The mechanism(s) by which nuclear replicating DNA viruses and certain RNA viruses elicit responses through the cyclic guanosine monophosphate-adenosine monophosphate synthase (cGAS) cytoplasmic DNA sensor has been elusive. We report here that early events during herpes simplex virus 1 infection induce blebbing of nuclear DNA into the cytoplasm, recruitment of cGAS colocalization with the cytoplasmic DNA, activation of interferon regulatory factor 3, and induction of type 1 human interferon in normal human fibroblasts and keratinocytes. With HSV-1, this is dependent on viral binding and fusion with the surface membrane but independent of transport of the input viral DNA to the nucleus. Infections by herpes simplex virus 2, human cytomegalovirus, or human parainfluenza virus 3 also induce nuclear DNA blebbing, consistent with entry by surface fusion inducing this effect. Extrusion of nuclear DNA through nuclear envelope breaks upon viral entry by fusion represents a mechanism for cells to respond to the physical and/or molecular changes in the infected cell during infection.",crossref,0
The immunophenotype and proviral landscape of HIV-infected CD4 T cells during antiretroviral therapy,https://www.pnas.org/doi/abs/10.1073/pnas.2600891123?mi=eymic2&af=R&access=on&content=articlesChapters&publication=pnas&sortBy=Earliest&target=default,Proceedings of the National Academy of Sciences: Keyword search for query,2026-08-18 07:00:00 UTC,2026-08-18 07:00:00+00:00,10.1073/pnas.2600891123,Iain C. Clark,"In individuals on effective antiretroviral therapy (ART), integrated HIV proviruses persist within CD4 T cells, forming a viral reservoir that rebounds if treatment is stopped. Identifying and targeting these rare, infected cells is critical for advancing therapies, but methods to study reservoir cells are limited, and their unique properties remain largely unknown. We applied DAb-seq, a high-throughput method that combines single-cell DNA and surface protein sequencing, to profile ~527,000 CD4 T cells from the blood of six individuals on ART. Infected cells were distributed across all CD4 T cell subsets but were enriched in central memory subsets and in a CD4 subset with Th17-like signatures expressing high levels of integrin β7. Attempts to identify surface markers distinguishing infected from uninfected cells revealed epitopes that largely reflected the subsets most enriched for infection. However, while central memory T cells harbored the majority of HIV, proviruses with a greater number of genomic regions were enriched relative to their more defective counterparts in the CD4 Naïve, transitional memory (Ttm), and regulatory (Treg) subsets, suggesting that these subsets differentially maintain more complete proviral genomes. In summary, we developed DAb-seq as an open-source platform to link proviral sequences to cellular phenotypes, revealing heterogeneity in surface protein expression and proviral fate across infected subsets.",crossref,0
Directed Regulation of Intermolecular Excitonic Couplings to Minimize Non‐Radiative Recombination of Excited States in NIR‐Absorbing Non‐Fullerene Acceptors,https://advanced.onlinelibrary.wiley.com/doi/10.1002/adma.74699?af=R,Wiley: Advanced Materials: Table of Contents,2026-08-18 07:35:56 UTC,2026-08-18 07:35:56+00:00,10.1002/adma.74699,Xian‐Kai Chen,"ABSTRACT
                  
                    Suppression of excited‐state non‐radiative recombination is pivotal for overcoming efficiency bottleneck in organic optoelectronics. However, in film, mechanism of aggregates’ excited‐state non‐radiative recombination and how to suppress its rate (
                    k
                    nr
                    ) remain unclear. Here, taking classical Y6‐type acceptors as an example, we investigate how change in their molecular packing modes impacts aggregates’ excited‐state properties and
                    k
                    nr
                    . We find that
                    k
                    nr
                    decreases with an increased population of the compact EECC (end‐end and core‐core) packing mode. Our results reveal that the EECC mode enhances the electronic coupling between intermolecular charge‐transfer (iCT) and locally excited (LE) exciton states, facilitating aggregates’ excited‐state wavefunction delocalization and lowering the aggregates’ exciton‐phonon coupling, which compensates for the energy‐gap‐law effect. This intermolecular excitonic‐coupling regulation strategy is further supported in the L8BO series through an increased population of the EE packing mode and enhanced LE–LE excitonic coupling. The corresponding D18:L8BO:HDL8 ternary OPV devices achieved a high efficiency of 20.63% (certified as 20.40%) with reduced non‐radiative voltage loss (Δ
                    V
                    nr
                    ). Our work has not only uncovered the underlying mechanism of how molecular packing mode impacts aggregates’ electronic structures and
                    k
                    nr
                    , but also provided a molecule‐design strategy for improving NIR luminescent efficiencies/exciton lifetimes of films and OPV device efficiencies with reduced Δ
                    V
                    nr
                    .",crossref,0
Mitochondria‐Targeted Pyroptosis Orchestrated by Photodynamic Microneedle Patches Potentiates Melanoma Immunoradiotherapy,https://advanced.onlinelibrary.wiley.com/doi/10.1002/adma.74638?af=R,Wiley: Advanced Materials: Table of Contents,2026-08-18 07:38:56 UTC,2026-08-18 07:38:56+00:00,10.1002/adma.74638,Zhengqing Guo,"ABSTRACT
                  
                    The lethality of melanoma stems from its high metastatic propensity, intrinsic apoptosis resistance, and a profoundly immunosuppressive microenvironment, which collectively undermine conventional radiotherapy and immunotherapy. Here, we develop a spatiotemporally precise therapeutic strategy using mitochondria‐targeted photodynamic microneedles (
                    mito
                    TPS‐MNs) to orchestrate GSDME‐mediated pyroptosis and potentiate systemic immunoradiotherapy. Upon transdermal photoactivation,
                    mito
                    TPS induces intense, mitochondria‐confined reactive oxygen species (ROS) bursts, triggering a caspase‐3/GSDME‐dependent pyroptotic cascade while simultaneously disrupting mitochondrial respiration to alleviate tumor hypoxia. This dual‐action mechanism sensitizes melanoma to x‐ray irradiation, achieving near‐complete regression of primary tumors and remodeling “cold” tumor microenvironments into immunologically “hot” niches. The explosive release of damage‐associated molecular patterns (DAMPs) from pyroptotic cells functions as an in situ cancer vaccine, promoting dendritic cell maturation, the systemic recruitment of CD8
                    +
                    cytotoxic T lymphocytes, and potent abscopal responses against untreated distant metastases. Our work establishes mitochondria‐directed pyroptosis as a mechanistic switch to bypass the inherent apoptotic resistance of melanoma, providing a clinically translatable strategy to convert localized interventions into systemic immunity against advanced melanoma.",crossref,0
Hollow Nanoreactors Modulate Mass Transfer and Dual‐Species Spillover to Boost Nitrate‐to‐Ammonia Reduction in Real Wastewater,https://advanced.onlinelibrary.wiley.com/doi/10.1002/adma.74714?af=R,Wiley: Advanced Materials: Table of Contents,2026-08-18 08:06:16 UTC,2026-08-18 08:06:16+00:00,10.1002/adma.74714,Feilong Gong,"ABSTRACT
                  
                    Copper‐based materials are promising catalysts for electrocatalytic nitrate reduction to ammonia (NH
                    3
                    ), while their use in real wastewater with low nitrate concentrations is hindered by poor mass transfer and high energy barrier. To overcome these limitations, we design a hollow Cu/MoS
                    2
                    ‐550 nanoreactor, consisting of hollow MoS
                    2
                    support loaded with Cu single atoms and clusters. At the mesoscale, the hollow MoS
                    2
                    support features a heat‐exchanger‐fin‐like structure that accelerates mass transfer, thereby promoting local enrichment of NO
                    3
                    −
                    . At the microscale, precise modulation of sulfur vacancy concentration in MoS
                    2
                    triggers dual‐species spillover, namely reverse hydrogen spillover and *NO spillover from Cu single atoms to Cu clusters, which lowers the energy barrier of deep hydrogenation step. As a result, the Cu/MoS
                    2
                    ‐550 nanoreactor achieves an NH
                    3
                    Faradaic efficiency (FE) of 98.14% and a yield rate of 27.46 mg h
                    −1
                    mg
                    cat
                    −1
                    . Furthermore, when assembled into an Al‐NO
                    3
                    −
                    battery operating in real wastewater containing only ∼ 0.76 mM NO
                    3
                    −
                    , the battery runs stably for 120 h, delivers an NH
                    3
                    FE of 53.20%, and maintains a nitrate removal rate of 91.17%. This work provides cross‐scale modulation strategies to overcome mass‐transfer bottlenecks and energy barriers in multi‐electron transfer reactions, offering a potential pathway for environmental applications.",crossref,0
Atomic‐Scale Detection of Néel Vector Switching in the Single‐Layer A‐Type Antiferromagnet Cr2S3‐2D,https://advanced.onlinelibrary.wiley.com/doi/10.1002/adma.74637?af=R,Wiley: Advanced Materials: Table of Contents,2026-08-18 08:08:49 UTC,2026-08-18 08:08:49+00:00,10.1002/adma.74637,Jeison Fischer,"ABSTRACT
                  The detection of Néel vector switching in a single‐layer A‐type antiferromagnet marks an important step toward functional two‐dimensional spintronics. Here, ‐2D, grown on graphene on Ir(110), is established as a first single‐layer A‐type antiferromagnet. Spin‐polarized scanning tunneling microscopy reveals hysteresis loops with a large switching field and a pronounced dependence on island size. X‐ray magnetic circular dichroism at the Cr  edges exhibits a tiny signal with a linear magnetic field dependence, consistent with an antiferromagnetic ground state with an estimated net moment below  per Cr and a Néel temperature of about 160 K. Quantitative analysis of the island‐size dependence of the switching field, together with first‐principles calculations, indicates a slight imbalance between the magnetic moments of the two Cr planes of ‐2D when supported on a substrate. This imbalance results in a net magnetization for the A‐type antiferromagnet, which enables the 180 rotation of the Néel vector. Moreover, ‐2D retains its magnetic properties after several days of exposure to air.",crossref,0
