title,link,source,published_str,pub_date,doi,last_author,abstract,abstract_source,must_have_abstract
Neural dynamics for working memory and evidence integration during olfactory navigation in Drosophila,https://www.nature.com/articles/s41467-026-75945-2,Nature Communications,2026-07-25 00:00:00 UTC,2026-07-25 00:00:00+00:00,10.1038/s41467-026-75945-2,Katherine I. Nagel,"Working memory and evidence integration are fundamental components of cognition. Theoretical and behavioral studies argue that both processes are required for plume navigation, a behavior in which animals use stochastic sensory cues to navigate towards an odor source. Here we identify a small population of local neurons in the navigation center of Drosophila that exhibits both theorized processes. During virtual plume navigation, a bump of activity in this population ramps up with successive odor encounters, and can persist for variable intervals after odor loss. While the bump persists, the fly maintains the goal heading it adopted during odor. Silencing these neurons impairs this persistence. Simulations show that the time constant of persistence observed in these neurons optimizes navigation in a turbulent boundary layer plume. Our work localizes working memory and evidence integration to a specific group of neurons, which will facilitate the mechanistic dissection of these building blocks of cognition.",nature_html,0
Scaling and Population Loss in Mexican Urban Centres,https://www.nature.com/articles/s41467-026-75780-5,Nature Communications,2026-07-25 00:00:00 UTC,2026-07-25 00:00:00+00:00,10.1038/s41467-026-75780-5,Roberto Ponce-Lopez,"Despite its pervasive implications, many cities worldwide continue to expand in a fragmented, horizontal manner. We analyse urban growth dynamics in 69 Mexican metropolitan areas from 1990 to 2020 using census data, developing a model of urban form change based on population size, density, and spatial configuration. We employ a radial probability density function and the urban expansion factor to create a framework for comparing urban expansion over time and across different regions. Over the past three decades, Mexico’s urban population has nearly doubled. However, populations have shifted outward, resulting in a decline of 2.5 million residents in central areas. Our analysis shows that distances from the city centre have increased by 28% on average, driven by population losses in central zones combined with growth in peripheral regions.",nature_html,0
Retarding moisture-induced chemical degradation of Yttrium Tellurides by tailoring grain boundary chemistry,https://www.nature.com/articles/s41467-026-76056-8,Nature Communications,2026-07-25 00:00:00 UTC,2026-07-25 00:00:00+00:00,10.1038/s41467-026-76056-8,Siyuan Zhang,"Grain boundary engineering has been extensively applied to improve thermoelectric performance, but its potential to enhance chemical stability remains underexplored. Here, we demonstrate that modifying grain boundary chemistry can effectively suppress the chemical degradation of Y2Te3 under ambient conditions. Scanning transmission electron microscopy and atom probe tomography reveal that H2O preferentially infiltrates along grain boundaries, initiating oxidation of Y2Te3 into Y–O–H phases and causing chemo-mechanical breakdown of the matrix. This process, remarkably, can be retarded by just 1 at.% of Bi incorporation due to its segregation along grain boundaries. Density functional theory calculations reveal the thermodynamic and kinetic origins of Bi segregation, and show how segregated Bi modifies the local electronic and chemical environment of grain boundaries, thereby linking GB chemistry to both chemical stability and thermoelectric performance. These findings establish multifunctional grain boundary engineering as a generalizable strategy for the design of next-generation thermoelectric materials.",nature_html,0
Scalable high resolution ancestry deconvolution for genomic data,https://www.nature.com/articles/s41467-026-75391-0,Nature Communications,2026-07-25 00:00:00 UTC,2026-07-25 00:00:00+00:00,10.1038/s41467-026-75391-0,Alexander G. Ioannidis,"As genome-wide association studies and genetic risk prediction models extend to globally diverse and admixed biobanks, accurate, scalable ancestry deconvolution, also called local ancestry inference (LAI), has become crucial. LAI assigns ancestry to each genomic segment within an individual, enabling studies of population history and ancestry-associated haplotypic effects. Existing LAI methods scale poorly to biobank-scale data, to the distant past, and to large numbers of ancestries. Here, we introduce several independent LAI methods implemented in the Gnomix software suite, achieving higher accuracy and faster computational performance than all existing approaches and with portable models that can be shared without exposing individual-level training data. Gnomix is paired with Gnofix, a swift, scalable phase correction counterpart. We demonstrate performance on worldwide whole-genome data from humans and canids, leveraging high-resolution accuracy to localise ancient New World haplotypes in the Xoloitzcuintli, dating back over 100 generations. Code is available at https://github.com/AI-sandbox/gnomix.",nature_html,0
Finding the perfect promoter for Cas9 in homing gene drives using single cell transcriptome data,https://www.nature.com/articles/s41467-026-76107-0,Nature Communications,2026-07-25 00:00:00 UTC,2026-07-25 00:00:00+00:00,10.1038/s41467-026-76107-0,Jackson Champer,"Gene drive can modify or suppress vector populations by spreading drive alleles. In CRISPR homing drives, regulating Cas9 expression has been effective for improving drive performance, but selecting suitable promoters is often a major challenge. Here, we evaluate 35 Cas9 constructs with distinct promoters in Drosophila melanogaster and identify associations between drive performance and single-cell RNA expression patterns of the promoter-associated genes. Our results indicate that higher drive conversion is associated with elevated expression of the promoter-associated gene in reproductive cells, but embryo resistance allele formation correlates with excessive female germline expression. For males, early germline expression produces superior performance. Thus, optimal drive performance requires restricting Cas9 expression to a tight quantitative and spatiotemporal window. Additionally, we find that an in situ construct significantly reduces potentially harmful somatic expression. Based on these results, we propose criteria for selecting promoters, providing a rationale and guidance for optimization of homing gene drives.",nature_html,0
Electrically driven inverse metamagnetic transition in Sm1-xSrxMnO₃,https://www.nature.com/articles/s41467-026-75886-w,Nature Communications,2026-07-25 00:00:00 UTC,2026-07-25 00:00:00+00:00,10.1038/s41467-026-75886-w,Bhagwati Prasad,"Electrical control of magnetic order remains one of the fundamental pursuits in condensed matter physics and spintronics, offering transformative potential for energy-efficient, high-density information technologies. While current-induced switching via spin-transfer and spin-orbit torques is well established in ferromagnets, electrically driving a transition between distinct magnetic phases, specifically from a ferromagnetic to an antiferromagnetic state, remains largely unexplored experimentally. Here, we demonstrate a reversible, electrically-driven inverse metamagnetic transition in an epitaxial thin film of the correlated manganite Sm1-xSrxMnO₃. Above a critical current threshold, the system abruptly switches from a low-resistance ferromagnetic state to a high-resistance antiferromagnetic-like phase. We exploit this phenomenon in nanoscale (250 × 250 nm²) spin-filter tunnel junctions based on LaNiO₃/Sm₀.₇₅Sr₀.₂₅MnO₃/ SrTiO₃/La₀.₇Sr₀.₃MnO₃ heterostructures, realizing robust, bistable resistance switching with unconventional magnetoresistance exceeding 200 %, tunable by current, temperature, and magnetic field. These findings open a phase-transition-based route for electrically driven spintronic devices beyond conventional torque-based strategies.",nature_html,0
DICER1-related tumour predisposition mutations increase 3p-miRNA function and HERVH activity,https://www.nature.com/articles/s41467-026-76094-2,Nature Communications,2026-07-25 00:00:00 UTC,2026-07-25 00:00:00+00:00,10.1038/s41467-026-76094-2,Sara Macias,"The DICER1 gene is mutated in cancer, including in DICER1-related tumour predisposition. Cancer-associated hotspot mutations have been reported in both catalytic domains of DICER and are predicted to disrupt miRNA biogenesis. To understand how these hotspot mutations contribute to cancer development, we generate cell lines harbouring single amino acid substitutions within the catalytic RNase IIIa (S1344L) or RNase IIIb (D1709N) domains of the endogenous DICER1 gene. Here we show that both mutations result in a widespread loss of 5p miRNAs, and an increase in 3p passenger strands loading into AGO2. The shared similarities between both mutants can be attributed to the structural proximity of the S1344 residue to the RNase IIIb catalytic centre. Functionally, we find that changes in the repertoire of miRNAs loaded into AGO2 result in altered gene expression, impacting critical pathways for cancer development. Additionally, our results indicate that inactivating the processing activity of DICER does not result in genomic instability. Instead, mutations cause upregulation of transposable elements, including the human endogenous retrovirus H through miRNA-independent mechanisms. This suggests that both canonical and non-canonical DICER functions are important to understand DICER1-related tumour predisposition.",nature_html,0
Force‐Induced Control of Circularly Polarized Luminescence With Rotaxane Architecture,https://onlinelibrary.wiley.com/doi/10.1002/anie.9590374?af=R,Wiley: Angewandte Chemie International Edition: Table of Contents,2026-07-25 03:51:45 UTC,2026-07-25 03:51:45+00:00,10.1002/anie.9590374,Yoshimitsu Sagara,"ABSTRACT
                  The reversible molecular motions of mechanically interlocked molecules (MIMs) have played a crucial role in realizing stimuli‐responsive functions. While the reversible switching of circularly polarized luminescence (CPL) properties has been achieved using MIMs through pH change and/or addition of chemicals, the mechanically controlled CPL utilizing the interlocked architecture has not yet been demonstrated. Here, we introduce a rotaxane‐based mechanophore designed for force‐induced CPL on/off switching. The mechanophore consists of a ring featuring a CPL‐active helicene luminophore and an axle with a matching quencher. The rotaxane mechanophores covalently introduced at the cross‐linking points of a double‐network (DN) gel are reversibly activated and deactivated in response to changes in applied force transduced through the polymer chains during the macroscopic swelling and shrinking of the DN gel. The isotropic swelling of the DN gel effectively suppresses artifacts arising from macroscopic sample orientation, enabling accurate detection of reciprocal CPL derived from a single chiral emitter. This work establishes the first example of mechanical control of CPL at the single‐molecule level and provides a robust measurement methodology for force‐induced CPL switching in soft materials.",crossref,0
A High‐Voltage Membrane‐Free Li–Organic Hybrid Flow Battery Using Eutectic Lithium Chemistry,https://onlinelibrary.wiley.com/doi/10.1002/anie.8407735?af=R,Wiley: Angewandte Chemie International Edition: Table of Contents,2026-07-25 04:03:34 UTC,2026-07-25 04:03:34+00:00,10.1002/anie.8407735,Jianbing “Jimmy” Jiang,"ABSTRACT
                  
                    Membrane‐free redox flow batteries offer simplified design and reduced cost, but their electrochemical performance remains limited. Here, a high‐voltage nonaqueous membrane‐free Li–organic hybrid flow battery was constructed using a biphasic electrolyte. The bottom‐phase anolyte is a deep eutectic solvent formed by lithium hexafluorophosphate and 2,2,2‐trifluoroacetamide, which provides a wide electrochemical stability window of 4.81 V, low viscosity of 13.8 cP, high ionic conductivity of 8.59 mS·cm
                    −1
                    , and stable compatibility with lithium metal. The top‐phase catholyte is dichloromethane containing a long‐alkyl‐chain phenothiazine derivative, which exhibits excellent redox reversibility and strict confinement in the upper phase. The biphasic system achieved an open‐circuit voltage of approximately 3.6 V and stable operation at 0.5 M concentration, retaining 85.6% of theoretical capacity with a Coulombic efficiency of 97.6% after 100 cycles. In flow configuration, the 0.5 M battery maintained over 92% capacity after 10 days of continuous cycling with minimal self‐discharge. A preliminary cost estimation yielded $134.8 kWh
                    −1
                    , which is lower than vanadium redox flow batteries, and both electrolyte phases displayed strong flame resistance. This study provides a viable design strategy to enable membrane‐free nonaqueous Li–organic hybrid flow battery by leveraging eutectic lithium chemistry and immiscible solvent interfaces.",crossref,0
Acceptor‐Doped Cerium Oxides Enabling Metallic Nanocatalyst Exsolution for Hydrogen Production From Ammonia,https://onlinelibrary.wiley.com/doi/10.1002/anie.6182981?af=R,Wiley: Angewandte Chemie International Edition: Table of Contents,2026-07-25 04:05:23 UTC,2026-07-25 04:05:23+00:00,10.1002/anie.6182981,José Manuel Serra,"ABSTRACT
                  
                    The development of advanced catalysts with enhanced activity and durability is essential for driving sustainable hydrogen production through ammonia cracking. In this sense, exsolution has gained prominence for generating stable and active nanoparticles socketed into the oxide support with high resistance to sintering. However, challenges remain in expanding these methods to CeO
                    2
                    ‐based systems due to the limited solubility of transition metals in fluorite oxides. Here, it is demonstrated that incorporating Gd into the CeO
                    2
                    lattice enhances the successful dissolution of Ru and Rh, promoting the exsolution of highly dispersed metallic nanoparticles (∼3 nm), including RuRh alloys. The resulting Ru‐exsolved@Ce
                    0.8
                    Gd
                    0.2
                    O
                    2‐δ
                    catalyst exhibits remarkable catalytic activity and long‐term stability in ammonia decomposition for 260 h, outperforming Ru‐impregnated catalysts. In addition, benchmarking against literature values demonstrates that the Ru‐exsolved@Ce
                    0.8
                    Gd
                    0.2
                    O
                    2‐δ
                    are among the most active catalysts at 400 °C. This work highlights the potential of lattice modification of CeO
                    2
                    ‐based catalytic supports via acceptor doping, resulting in significant metal‐exsolution dispersion and remarkably active catalysts for hydrogen generation via ammonia decomposition, with potential applications that can be expanded to other (electro)catalytic systems.",crossref,0
Hierarchical Ordering Decouples the SHG–Birefringence–LIDT Trade‐Off in a Single‐Phase Mid‐Infrared Nonlinear Optical Crystal,https://onlinelibrary.wiley.com/doi/10.1002/anie.7178987?af=R,Wiley: Angewandte Chemie International Edition: Table of Contents,2026-07-25 04:06:45 UTC,2026-07-25 04:06:45+00:00,10.1002/anie.7178987,Guo‐Cong Guo,"ABSTRACT
                  
                    The pursuit of high‐performance infrared nonlinear optical crystals is perpetually constrained by the inherent trade‐offs among second‐harmonic generation (SHG) efficiency, laser‐induced damage threshold (LIDT), and birefringence for phase‐matching (PM). Traditional compositional engineering, which seeks new formulas, is fundamentally limited by a compound's intrinsic electronic structure. Here, we introduce a paradigm shift of performance optimization through hierarchical order editing within a fixed chemical composition. In the model compound [Hg
                    3
                    Se
                    2
                    ][ZnCl
                    4
                    ], we demonstrate tuning of its hierarchical order encompassing both rotational twinning and superstructure by adjusting synthetic conditions, which yields three distinct variants (
                    1
                    –
                    3
                    ) from a single formula. Their optical properties evolve progressively from negligible SHG (
                    1
                    ), to weak non‐PM SHG (
                    2
                    ), and finally to strong PM SHG alongside the highest LIDT (
                    3
                    ). We reveal that this tunability stems from the decoupled roles of different ordering parameters, twinning primarily governs the SHG coefficient and birefringence, while superstructural modulation dominantly influences the LIDT. This work establishes hierarchical order editing​ as a powerful and general strategy for property optimization, transcending the limitations of compositional design.",crossref,0
Unperturbed π‐Methyl Electrostatic Interactions Enable Efficient Toluene Adsorption on Graphdiyne Under High Humidity,https://onlinelibrary.wiley.com/doi/10.1002/anie.9905607?af=R,Wiley: Angewandte Chemie International Edition: Table of Contents,2026-07-25 04:08:09 UTC,2026-07-25 04:08:09+00:00,10.1002/anie.9905607,Yanbing Guo,"ABSTRACT
                  The efficiency of volatile organic compounds (VOCs) abatement in humid industrial streams is critically hindered by competitive moisture adsorption and the structural vulnerability of conventional adsorbents. Here, we show that a highly hydrophobic graphdiyne (GDY) framework provides a robust platform for sustained VOC capture under highly humid conditions. Dynamic breakthrough measurements demonstrate that GDY maintains &gt; 98% of its toluene uptake (102.5 mg/g) at 50% relative humidity (RH) with excellent cyclic stability, whereas conventional carbonaceous adsorbents usually undergo severe capacity loss. Combined experimental characterization and molecular simulations reveal that the sp‐C linkages induce electron density redistribution, fostering π‐methyl electrostatic interactions that stabilize toluene adsorption. Meanwhile, the highly delocalized π‐electron structure of sp‐hybridized carbon suppresses dipole interactions with water molecules and hinders hydrogen bond formation at the adsorbent surface, thereby suppressing competitive adsorption of water. Our study sheds light on the origin of GDY's moisture tolerance and offers practical guidance for the rational design of hydrophobic adsorbents for industrial gas purification.",crossref,0
Multipronged Protein Engagement by a Ruthenium(II) Sunitinib Hydrazide Complex Elicits ROS‐Independent Immunogenic Cell Death,https://onlinelibrary.wiley.com/doi/10.1002/anie.1497931?af=R,Wiley: Angewandte Chemie International Edition: Table of Contents,2026-07-25 04:12:26 UTC,2026-07-25 04:12:26+00:00,10.1002/anie.1497931,Arindam Mukherjee,"ABSTRACT
                  
                    Metal‐based immunogenic cell death (ICD) inducers commonly rely on elevated reactive oxygen species (ROS) to trigger endoplasmic reticulum (ER) stress. The central regulator of inflammatory signaling, NF‐κB, can amplify oxidative stress responses and promote pro‐tumorigenic signaling. Thus, strategies that induce ICD independently of ROS may represent a conceptual shift from ROS‐driven paradigms. Here we show that using a hydrazide derivative of a clinical angiogenesis inhibitor sunitinib to form a Ru(II)–sunitinib hydrazide complex (
                    5
                    ) inhibits NF‐κB signaling (reduced p65 phosphorylation and blocked p50–p65 nuclear translocation), suppresses VEGFR2 phosphorylation, and decreases telomerase activity (cell‐free TRAP assay), thereby redirecting cellular responses toward apoptotic ICD. The sunitinib hydrazide provides the VEGFR2 and telomerase inhibition properties but it also promotes NF‐κB (p50–p65) nuclear translocation and ROS generation. In contrast, the intracellular ROS levels remain largely unchanged with
                    5
                    which inhibits the NF‐κB pathway. Simultaneous inhibition of VEGFR2, NF‐κB, and telomerase enforces sustained non‐oxidative ER–mitochondrial stress, triggering DAMP release and apoptotic immunogenic cell death. Folate‐targeted PEG–PCL micellar delivery (
                    5@PFC
                    ) improves tumor selectivity fourfold and suppresses tumor growth in immunocompetent 4T1 mice, accompanied by an increased intratumoral CD4:CD8 ratio, indicating enhanced immune activation.",crossref,0
"Correction to “Low‐Temperature Synthesis of Battery Grade Graphite: Mechanistic Insights, Electrochemical Performance, and Techno‐Economic Prospects”",https://advanced.onlinelibrary.wiley.com/doi/10.1002/aenm.71339?af=R,Wiley: Advanced Energy Materials: Table of Contents,2026-07-25 14:20:37 UTC,2026-07-25 14:20:37+00:00,10.1002/aenm.71339,,,,0
"Dual‐Anion‐Vacancy Engineering in MXene: Unlocking Quantum Confinement, Charge Compensation and Shielding Effects for Ultra‐Stable Mg2+/Li+ Ions Storage",https://advanced.onlinelibrary.wiley.com/doi/10.1002/aenm.71354?af=R,Wiley: Advanced Energy Materials: Table of Contents,2026-07-25 14:21:53 UTC,2026-07-25 14:21:53+00:00,10.1002/aenm.71354,Junhua Hu,"ABSTRACT
                  
                    Designing cathode materials that can synergistically store ions with significantly different charge densities and ionic radii poses a critical challenge in the ongoing development of Mg
                    2+
                    /Li
                    +
                    hybrid batteries (MLHBs). MXene‐based materials with vacancy defects offer promise, yet conventional monovacancy strategies cannot balance capacity and reaction kinetics. Herein, an innovative dual‐anion (Se, O) vacancy engineering strategy is proposed and constructed a quantum dot (QD) Ti
                    3
                    C
                    2
                    MXene heterostructure (QD@V
                    Se,O
                    ‐Ti
                    3
                    C
                    2
                    ). Benefiting from (i) the quantum confinement effect induced by QD TiO
                    2
                    , which modifies the electronic band structure and improves interfacial charge transfer, (ii) dual‐anion vacancies that establish a complementary charge environment, providing electrostatic shielding to lower Mg
                    2+
                    diffusion barriers and facilitate charge compensation, and (iii) in situ formed TiSe
                    2
                    layers combined with strong Se─C bonds, which ensure rapid ion/electron transport and maintain structural integrity. The QD@V
                    Se,O
                    ‐Ti
                    3
                    C
                    2
                    cathode delivers an ultra‐high capacity (705 mAh g
                    −1
                    at 50 mA g
                    −1
                    ) and outstanding cycling stability with 70% capacity retention after 2300 cycles at 1000 mA g
                    −1
                    . The synergy among quantum‐confined, charge compensation and shielding effects, and interfacial electronic structure achieved unprecedented Mg
                    2+
                    /Li
                    +
                    co‐adsorption stability and rapid kinetics. This work establishes a new paradigm of QD‐enhanced multi‐anion vacancy engineering for next‐generation multivalent‐ion batteries.",crossref,0
Inducing CO2 Partial Reduction Enables Operation of Li‐CO2 Battery Cathode Longer than One Year,https://advanced.onlinelibrary.wiley.com/doi/10.1002/aenm.71355?af=R,Wiley: Advanced Energy Materials: Table of Contents,2026-07-25 14:23:31 UTC,2026-07-25 14:23:31+00:00,10.1002/aenm.71355,Jun‐Tao Li,"ABSTRACT
                  
                    When CO
                    2
                    undergoes a two‐electron partial reduction during the discharging process of Li‐CO
                    2
                    batteries, it produces thermodynamically active Li
                    2
                    C
                    2
                    O
                    4
                    , which readily decomposes during subsequent charging. This offers a promising opportunity to mitigate the large charging overpotential and enhance the battery's cycling stability. However, as an intermediate, Li
                    2
                    C
                    2
                    O
                    4
                    tends to transform to the inert Li
                    2
                    CO
                    3
                    readily. In this work, we report a high‐performance cathode catalyst featuring ultrasmall RuO
                    2
                    and BiOCl uniformly co‐decorated on an MXene substrate (RuO
                    2
                    ‐BiOCl). It effectively stabilizes Li
                    2
                    C
                    2
                    O
                    4
                    during discharge, facilitating the two‐electron partial reduction of CO
                    2
                    ; meanwhile, it can also modulate the morphology of discharge products, resulting in an intimate and extensive solid–solid interface between the insulating discharging product and the electrocatalyst. This together avoids accumulation of bulky, highly inertial and insulating Li
                    2
                    CO
                    3
                    in the cathode during cycling, which decreases the charging polarization and prolongs the Li‐CO
                    2
                    battery life span. The optimal Li‐CO
                    2
                    battery delivers a high discharge capacity of 10.33 mAh cm
                    −2
                    during the first full cycle, and extraordinary durability, sustaining over 10 000 h of operation with a fixed areal capacity of 0.10 mAh cm
                    −2
                    at 0.02 mA cm
                    −2
                    . By tuning the CO
                    2
                    reduction path, this work offers a novel approach for building high‐performance, practically workable Li‐CO
                    2
                    batteries.",crossref,0
Pulsed Electrosynthesis of Cyclohexanone Oxime From Nitrate and Cyclohexanol,https://advanced.onlinelibrary.wiley.com/doi/10.1002/aenm.71356?af=R,Wiley: Advanced Energy Materials: Table of Contents,2026-07-25 14:28:10 UTC,2026-07-25 14:28:10+00:00,10.1002/aenm.71356,Ke Chu,"ABSTRACT
                  
                    Electrocatalytic C─N coupling offers a promising route for sustainable oxime synthesis, yet it suffers from mismatched reaction kinetics and mass transport limitations. Herein, we report a pulsed electrolysis strategy for cyclohexanone oxime (CHOX) synthesis from nitrate (NO
                    3
                    −
                    ) and cyclohexanol (C
                    6
                    H
                    12
                    O). CuCe‐cMOF is designed and used as a model catalyst. Mechanistic investigations unravel that pulsed electrolysis synergizes with CuCe‐cMOF to enrich NO
                    3
                    −
                    /C
                    6
                    H
                    12
                    O reactants and facilitate key
                    *
                    NH
                    2
                    OH/
                    *
                    C
                    6
                    H
                    10
                    O intermediate formation and stabilization, thus offering a favorable microenvironment to enhance C─N coupling for CHOX synthesis. Under the optimum pulsed electrolysis conditions, we achieve the record‐high CHOX yield rate of 2.8 mmol cm
                    −2
                     h
                    −1
                    and Faradaic efficiency of 82.2%. Moreover, scaling up system to a 50 cm
                    2
                    electrolyzer leads to an output of 274.1 g CHOX/day with a minimum CHOX selling price of US$2.06 kg
                    −1
                    , demonstrating a scalable and economically viable paradigm for industrial oxime synthesis.",crossref,0
Open Scaffolded Triple‐Phase Interface for Alleviating Pt Poisoning and Boosting Mass Transport in PEMFCs,https://advanced.onlinelibrary.wiley.com/doi/10.1002/aenm.71353?af=R,Wiley: Advanced Energy Materials: Table of Contents,2026-07-25 14:30:50 UTC,2026-07-25 14:30:50+00:00,10.1002/aenm.71353,Zhenbo Wang,"ABSTRACT
                  
                    The conventional triple‐phase interface (TPI) in proton exchange membrane fuel cells (PEMFCs) relies on dense ionomer encapsulation to conduct protons, but this inevitably poisons platinum (Pt) catalysts and blocks oxygen transport. Here, we replace this closed architecture with an open, scaffolded TPI constructed by introducing sulfonated covalent organic framework (SCOF) nanosheets as a rigid, porous scaffold within the Pt‐ionomer matrix. Unlike the conventional ionomer film that intimately coats Pt, the SCOF scaffold acts as a physical spacer that suppresses direct ionomer adsorption, while its ordered nanochannels serve as dedicated proton highways and its intrinsic porosity facilitates oxygen diffusion. This open architecture decouples the competing requirements of proton conduction and catalyst accessibility, concurrently mitigating Pt poisoning and enhancing mass transport. Accordingly, the engineered cathode exhibits substantially reduced sulfonate‐group coverage and improved proton conduction, alongside a significantly decreased pressure‐independent oxygen transport resistance. At an ultralow Pt loading of 0.05 mg
                    Pt
                    cm
                    −2
                    , the system delivers a peak power density of 0.86 W cm
                    −2
                    under H
                    2
                    /air, representing a 24% improvement over the conventional counterpart. This work establishes an open‐scaffold design paradigm that fundamentally breaks away from the traditional ionomer‐encapsulated TPI, offering a generalizable route to high‐performance, low‐Pt‐loading PEMFCs.",crossref,0
Wide‐Temperature Full‐Color Electrophoretic Colloidal Crystal Displays With High Color Saturation,https://advanced.onlinelibrary.wiley.com/doi/10.1002/adma.74318?af=R,Wiley: Advanced Materials: Table of Contents,2026-07-25 14:53:18 UTC,2026-07-25 14:53:18+00:00,10.1002/adma.74318,Mingzhu Li,"ABSTRACT
                  
                    Electrophoretic colloidal crystal displays (ECCDs) hold great potential in next‐generation sustainable, low‐energy full‐color reflective displays, yet their practical development has been hindered by sluggish switching dynamics and poor operability at low temperatures. Here, we report a wide‐temperature, low‐power electrophoretic color display based on tailored carbon shell‐coated polystyrene nanospheres (PS@C) in a modified deep‐eutectic‐solvent (MDES) dielectric medium. Under an applied electric field, PS@C nanospheres form highly ordered 3D colloidal crystals with ideal stopbands due to their narrow size distribution and high effective refractive index (∼1.67). Mimicking melanin‐based photonic structures in peacock feathers, the PS@C nanospheres enable vivid structural colors with high purity and brightness. The system exhibits dynamic color switching from a dark‐brown off‐state to full‐color states. It also enables reversible red‐to‐blue color modulation over a spectral range of 160 nm, with a fast tuning rate of ∼267 nm s
                    −1
                    . The MDES‐mediated ECCD demonstrates reliable device operation over a wide temperature range from 45°C down to −20°C. This presents unique application prospects in fields such as cold‐chain logistics displays and outdoor electronic tags in cold regions.",crossref,0
A Vertically Bandgap‐Cascaded Perovskite Single‐Crystal Film Heterojunction for On‐Chip Spectral Imaging,https://advanced.onlinelibrary.wiley.com/doi/10.1002/adma.74281?af=R,Wiley: Advanced Materials: Table of Contents,2026-07-25 14:55:21 UTC,2026-07-25 14:55:21+00:00,10.1002/adma.74281,Xiaobao Xu,"ABSTRACT
                  
                    On‐chip spectral imaging is highly attractive for portable sensing, precision inspection, biomedical analysis, and intelligent vision systems, yet it remains challenging to simultaneously achieve fast response and accurate spectral decoding within a compact device architecture. Here, we develop a vertically bandgap‐cascaded perovskite single‐crystal film heterojunction for computational spectral imaging. The monolithic MAPbCl
                    3
                    /MAPbBr
                    3
                    /MAPbI
                    3
                    single‐crystal film heterojunction (∼200 µm), fabricated by sequential solution epitaxy, integrates wavelength‐dependent absorption depth with staircase type‐I band alignment, enabling bias‐polarity‐switchable and depth‐selective carrier collection across the device thickness. This design produces electrically programmable spectral response codes while preserving high quantum efficiency and rapid photoresponse. The device exhibits a maximum external quantum efficiency (EQE) of ∼82%, a rise time as short as 8 µs, a peak‐wavelength accuracy of ∼1.4 nm, a spectral resolution of ∼2.7 nm, and broadband operation spanning ∼400–820 nm. Integration on a thin‐film transistor substrate further enables hyperspectral imaging and accurate spectral/color reconstruction, highlighting vertically engineered perovskite heterojunctions as a promising platform for compact, high‐performance spectral imaging.",crossref,0
High‐Entropy Ceramic‐Enhanced Deformable Triboelectric Nanogenerator for Noncontact Biomechanical and Raindrop Energy Harvesting,https://advanced.onlinelibrary.wiley.com/doi/10.1002/adma.74157?af=R,Wiley: Advanced Materials: Table of Contents,2026-07-25 14:56:48 UTC,2026-07-25 14:56:48+00:00,10.1002/adma.74157,Ying‐Chih Lai,"ABSTRACT
                  
                    To address interfacial friction losses associated with physical contact separation in triboelectric nanogenerators (TENGs), noncontact or liquid‐solid‐contact TENGs have recently been developed. However, the limited performance of noncontact TENGs has hindered their further advancement. This study proposed a large‐area deformable high‐entropy ceramic (HEC)‐enhanced noncontact TENG (HEC‐TENG) by integrating an HEC‐doped silicone triboelectric layer with a charge‐storage graphitic textile and a stretchable carbon black electrode. This strategy establishes a comprehensive tribo‐charge regulation mechanism, including charge generation, capture, transport, and retention, resulting in a noncontact output of 90 V and 450 µA m
                    −2
                    at a separation distance of 1 mm, while maintaining a stretchability exceeding 230%. Notably, by leveraging the synergistic effects of HEC doping and the trilayer composite configuration, the HEC‐TENG achieved a maximum voltage of 466 V for droplet‐based energy harvesting. Furthermore, wearable power sources and large‐area rainwater‐harvesting systems enabled by HEC‐TENGs were demonstrated. Overall, this work validates the universal enhancement effect of HECs when employed as triboelectric layers in both noncontact and liquid‐solid contact TENGs, establishing a representative paradigm for the development of wearable HEC‐based TENGs. These findings provide new insights into future wearable self‐powered electronics and distributed energy‐harvesting systems.",crossref,0
Biointegrated Battery‐Based Electroceuticals,https://advanced.onlinelibrary.wiley.com/doi/10.1002/adma.74265?af=R,Wiley: Advanced Materials: Table of Contents,2026-07-25 14:58:55 UTC,2026-07-25 14:58:55+00:00,10.1002/adma.74265,Caiyun Wang,"ABSTRACT
                  Biointegrated batteries offer innovative technological platforms for tissue regeneration and disease treatment. Beyond serving as a power source for medical devices, they actively contribute to therapy by generating localized electric fields (EFs) and releasing therapeutically beneficial products. Accordingly, biointegrated batteries support a wide range of biomedical applications, including tissue regeneration, cancer therapy, cardiac pacing, and drug delivery. This review offers an overview of the recent advances in biointegrated battery‐based electroceuticals, emphasizing their applications in electrostimulation, electrochemical product‐mediated therapy, and drug delivery. This review provides a brief overview of the working principles of battery‐based electrocatalysts, focusing on their therapeutic mechanisms and highlighting their unique contributions in advancing disease treatment strategies. Finally, we discuss the future directions and provide insights into the broad adoption of battery‐based electroceutical technologies in next‐generation biomedical therapeutics.",crossref,0
CVD Grown Hybrid MoSe2–WSe2 Lateral/Vertical Heterostructures With Strong Interlayer Exciton Emission,https://advanced.onlinelibrary.wiley.com/doi/10.1002/adma.74172?af=R,Wiley: Advanced Materials: Table of Contents,2026-07-25 14:59:39 UTC,2026-07-25 14:59:39+00:00,10.1002/adma.74172,Andrey Turchanin,"ABSTRACT
                  
                    Lateral heterostructures (LHSs) of 2D transition metal dichalcogenides (TMDs) offer a powerful platform to investigate photonic and electronic phenomena at atomically sharp interfaces. However, their controlled engineering, including tuning lateral domain size and integration into vertical van der Waals heterostructures with other 2D materials, remains challenging. Here, we present a facile route for the synthesis of two types of heterostructures (HSs), consisting of monolayers (MLs) of MoSe
                    2
                    and WSe
                    2
                    —purely lateral (HS I) and hybrid lateral/vertical (HS II)—using liquid precursors of transition metal salts and chemical vapor deposition (CVD). Depending on the growth parameters, the heterostructure type and its lateral dimensions can be adjusted. We characterized properties of the HS I and HS II by complementary spectroscopic and microscopic techniques, including Raman and photoluminescence (PL) spectroscopy, optical and atomic force microscopy (AFM), and scanning and transmission electron microscopy (TEM). The PL measurements reveal strong interlayer exciton (IE) emission in the MoSe
                    2
                    /WSe
                    2
                    region of HS II, which dominates the spectrum at 4 K and persists up to room temperature (RT). These results demonstrate high optical quality of the grown HSs, which in combination with the scalability of the developed approach, pave the way for fundamental studies and device applications based on these unique 2D quantum materials.",crossref,0
Solvation Reprogramming With Dual Cations Enables Catalytic Polysulfide Conversion and Stable Sodium Metal for Long‐Life Na‐S Batteries,https://advanced.onlinelibrary.wiley.com/doi/10.1002/adma.74296?af=R,Wiley: Advanced Materials: Table of Contents,2026-07-25 15:02:28 UTC,2026-07-25 15:02:28+00:00,10.1002/adma.74296,Zhenhai Wen,"ABSTRACT
                  
                    The practical development of room‐temperature sodium‐sulfur batteries faces significant challenges, primarily stemming from the polysulfide shuttle effect and the instability of the sodium anode. In this study, we propose a dual‐cation electrolyte engineering strategy that simultaneously addresses both bottlenecks by introducing K
                    +
                    into the conventional NaPF
                    6
                    /1‐ethoxy‐2‐(2‐methoxyethoxy)ethane electrolyte. The larger ionic radius and lower Lewis acidity of K
                    +
                    competitively modified the Na
                    +
                    solvation structure, weakening Na−Solvent interactions and reorganizing the solvation shell into contact ion pairs (CIPs), thus promoting the formation of inorganic‐rich solid electrolyte interphase. Theoretical calculations reveal that dominant NaKS
                    x
                    intermediates adsorbed via Na sites weaken S─S and Na─S bonds with dual‐cation induced charge delocalization, establishing catalytic cycle that lowers the kinetic barrier and relieves polysulfide shuttling. Meanwhile, the dendrite growth and parasitic side reactions are further suppressed within electrostatic shielding evoked by introduced K
                    +
                    . Consequently, a symmetric full cell architecture, with concave hollow mesoporous carbon nanospheres as both sulfur cathode matrix and sodiophilic anode coating, achieves a record lifespan of 10,000 cycles and a high‐capacity retention of 95.3% at 10 A g
                    −1
                    and high energy density of 223 Wh kg
                    −1
                    for pouch cell. This work offers a comprehensive design strategy, advancing practical metal‐sulfur batteries through electrolyte solvation and electrode interface engineering.",crossref,0
Chirality‐Encoded Biomaterials Regulate Local and Systemic Immune Responses in Transplantation,https://advanced.onlinelibrary.wiley.com/doi/10.1002/adma.74185?af=R,Wiley: Advanced Materials: Table of Contents,2026-07-25 15:03:09 UTC,2026-07-25 15:03:09+00:00,10.1002/adma.74185,Tatiana Segura,"ABSTRACT
                  Biomaterial‐based immune modulation offers an opportunity to achieve localized graft acceptance without systemic immunosuppression. Here, we demonstrate that molecular chirality within microporous annealed particle (MAP) hydrogels governs innate and adaptive immune responses in skin transplantation and is associated with modulation of alloimmune outcomes. By engineering injectable MAP scaffolds composed of microgels crosslinked with L‐ or D‐peptides, we show that chirality directs early antigen‐presenting cell (APC) activation and trafficking in draining lymph nodes, leading to distinct T cell polarization profiles. A mixed‐chirality formulation (R‐MAP) composed of L‐ and D‐microgels is associated with reduced APC co‐stimulatory signaling (MHC II, CD80, CD86) and preserves graft architecture and tissue integration in syngeneic transplants. In fully allogeneic skin grafts, local mixed‐chirality MAP implantation is associated with reduced donor‐specific antibody (DSA) formation and attenuated antimaterial and antidonor IgG responses, achieving sustained attenuation of humoral alloimmunity within the experimental conditions studied. These findings establish stereochemical control of biomaterial composition as a design principle for modulating APC‐T‐B cell crosstalk, linking local material cues to systemic immune outcomes. Mixed‐chirality MAP scaffolds thus provide a versatile platform for spatially confined, chirality‐guided immunomodulation, with implications for transplantation, regenerative medicine, and biomaterial‐driven tolerance strategies.",crossref,0
"Strain‐Driven In Situ Ni Exsolution on (Sr,Ca)(Ti,Ni)O3 (100) Facets Boosts Hydrogen Spillover and Selective CO2‐to‐C2+ Photoreduction",https://advanced.onlinelibrary.wiley.com/doi/10.1002/adma.74331?af=R,Wiley: Advanced Materials: Table of Contents,2026-07-25 15:03:56 UTC,2026-07-25 15:03:56+00:00,10.1002/adma.74331,Xuanhua Li,"ABSTRACT
                  
                    Photocatalytic CO
                    2
                    reduction offers a sustainable route to value‐added chemicals, yet conventional systems suffer from limited efficiency and hydrocarbon selectivity due to the spatial mismatch between CO
                    2
                    adsorption and proton sources, delaying proton‐coupled electron transfer (PCET). Here, we construct a Ni/(Sr,Ca)(Ti,Ni)O
                    3
                    heterostructure (Ni/SCTNO) via molten salt exsolution and aluminothermic reduction. Ca
                    2+
                    doping introduces lattice strain, which drives the in situ exsolution of Ni nanoparticles on the (100) facet, while oxygen vacancies create a positive space charge layer. These effects synergistically form Schottky junctions that act as hydrogen spillover centers, enabling directional H* migration to CO
                    2
                    sites and spatiotemporally coordinating proton–electron transport. Under simulated sunlight, CH
                    4
                    , C
                    2
                    H
                    4
                    , and C
                    2
                    H
                    6
                    yields reach 41.89, 18.01, and 16.53 µmol·g
                    −
                    1
                    ·h
                    −
                    1
                    , respectively, with a total hydrocarbon selectivity of 55.03%, surpassing most reported perovskite‐based photocatalysts. This work presents an integrated strategy combining heterointerface engineering, strain regulation, and surface modification for efficient CO
                    2
                    ‐to‐multicarbon fuel conversion.",crossref,0
Metal‐Organic Framework Electrolytes for Sub‐ –60°C Solid‐State Lithium Batteries,https://advanced.onlinelibrary.wiley.com/doi/10.1002/adma.74299?af=R,Wiley: Advanced Materials: Table of Contents,2026-07-25 15:04:47 UTC,2026-07-25 15:04:47+00:00,10.1002/adma.74299,Zhongyi Jiang,"ABSTRACT
                  
                    Solid‐state lithium battery (SSLB) operating at ultralow temperatures (&lt; −60°C) poses a formidable challenge for conventional solid‐state electrolytes (SSEs), including polymeric and inorganic materials. Herein, we report the design and fabrication of electron‐cloud‐homodistributed metal‐organic framework (ECH–MOF) with weakly temperature‐dependent Li
                    +
                    transport as SSE materials for SSLB operation at ultralow temperatures. To be specific, the metal nodes anchor electron‐rich ClO
                    4
                    −
                    anions as Li
                    +
                    conducting sites, and organic ligands with strong electron‐withdrawing groups contribute to electron cloud homodistribution along Li
                    +
                    transport path, affording a spatially uniform, ultralow‐energy‐barrier landscape for ultralow‐temperature Li
                    +
                    transport. We reveal that Li
                    +
                    in ECH–MOF SSE migrates via a quantum‐tunneling‐like slipping manner, rather than the classical thermally activated hopping manner. The ECH‐MOF SSE yields the ultralow
                    
                      E
                      a
                    
                    of 0.045 eV and single Li
                    +
                    conductivity of 1.2 × 10
                    −5
                     S cm
                    −1
                    at −60°C—a temperature where most SSEs are essentially insulators. The assembled high‐voltage NCM 811||Li half‐cell delivers high discharge capacity of 109.2 mAh g
                    −1
                    with high‐capacity retention of 62% after 1000 cycles at −60°C and 1C, extending the operational envelope of SSLBs into the ultralow‐temperature regime. The electron‐cloud homogenization strategy presents a universal platform for developing next‐generation low‐temperature ionic conductors (H
                    +
                    , Li
                    +
                    , Na
                    +
                    , Zn
                    2+
                    , etc.).",crossref,0
Topological Crosslinker Design Regulates Interfacial and Active Species Transport in Zinc‐Iodine Batteries,https://advanced.onlinelibrary.wiley.com/doi/10.1002/adma.74282?af=R,Wiley: Advanced Materials: Table of Contents,2026-07-25 15:06:28 UTC,2026-07-25 15:06:28+00:00,10.1002/adma.74282,Ning Zhang,"ABSTRACT
                  
                    Aqueous zinc‐ion batteries (ZIBs) are limited by interfacial instability and an intrinsic trade‐off between mechanical strength and ionic conductivity in polymer gel electrolytes (PGEs), restricting their cycling durability and practical application. Here, we report a topology‐regulated crosslinker strategy that redefines crosslinkers from passive structural components to active regulators of ion transport and interfacial chemistry. A tetra‐armed poly(2‐ethyl‐2‐oxazoline) (4‐PEtOx) crosslinker is integrated into a zwitterionic network to construct a hydrogel electrolyte (4‐PVEX). The unique molecular topology establishes a dense yet dynamic hydrogen‐bonding framework, enabling continuous Zn
                    2+
                    transport pathways while maintaining high mechanical strength. As a result, 4‐PVEX stabilizes the Zn/electrolyte interface, promotes uniform dendrite‐free Zn deposition, suppresses parasitic reactions, and effectively immobilizes polyiodide species while accelerating iodine redox kinetics. Zn||Zn symmetric cell exhibits stable cycling for over 2700 h, and Zn||Cu cell delivers an average Coulombic efficiency of 99.7% over 1000 cycles. Moreover, Zn||I
                    2
                    full cell retains 90% of its initial capacity after 10 000 cycles at 10 C. This work demonstrates molecular topology as a powerful design dimension for advanced gel electrolytes and provides new insights into interfacial and transport regulation in aqueous metal batteries.",crossref,0
Universal Strategy for Phase‐Selective Synthesis of Monolayer TMDs via Colloidal Chemistry,https://advanced.onlinelibrary.wiley.com/doi/10.1002/adma.74335?af=R,Wiley: Advanced Materials: Table of Contents,2026-07-25 15:08:55 UTC,2026-07-25 15:08:55+00:00,10.1002/adma.74335,Hyeon Suk Shin,"ABSTRACT
                  
                    Colloidal synthesis of monolayer transition metal dichalcogenides (TMDs) remains challenging regarding uniform size, thickness, and crystalline phase. While significant progress has been made in phase engineering, a unified chemical strategy for on‐demand selection of both 2H and 1T′ phases across multiple TMD systems within a single chemical synthesis strategy has remained elusive. Here, we report a universal colloidal strategy for selective synthesis of both 2H and 1T′ phases across four representative TMDs — MoS
                    2
                    , MoSe
                    2
                    , WS
                    2
                    , and WSe
                    2
                    — by tuning the metal‐to‐chalcogen precursor ratio ([M]:[X]) and ligand composition. We demonstrate that phase selection in W‐based TMDs is governed primarily by precursor stoichiometry: relatively lower chalcogen ratios favor the metastable 1T′ phase, while higher ratios stabilize the thermodynamic 2H phase. In contrast, Mo‐based TMDs remain locked in the 2H phase regardless of precursor ratios; however, the introduction of oleic acid into an oleylamine‐based ligand environment induces successful synthesis of 1T′ phase. This work represents, for the first time, a general approach for phase‐selective synthesis of all four TMD analogues using common precursors and ligands. These results establish a generalized design principle for phase‐selective colloidal synthesis of TMDs and provide a foundation for exploring phase‐dependent quantum phenomena and functional properties.",crossref,0
Activation‐Free Liquid‐Metal Composite Elastomers via Ultrasonic‐Enabled Interface Welding for Strain‐Insensitive Electronics,https://advanced.onlinelibrary.wiley.com/doi/10.1002/adma.74044?af=R,Wiley: Advanced Materials: Table of Contents,2026-07-25 15:10:26 UTC,2026-07-25 15:10:26+00:00,10.1002/adma.74044,Jun Wu,"ABSTRACT
                  
                    Liquid metal (LM)‐based stretchable electronics are often limited by their native insulating oxide shell, typically necessitating destructive post‐activation or resulting in blends with limited extreme‐strain capabilities. Herein, we report an activation‐free LM composite elastomer (ALCE) featuring a robust metallurgical interface between LM nanoparticles and silver nanowires (Ag NWs). Unlike conventional physical mixing, we harness acoustic cavitation to facilitate in situ alloying. As the solvent subsequently evaporates, the welded components preferentially sediment to yield a macroscopic gradient architecture. This establishes a continuous conductive bottom network protected by a polymer‐rich upper layer, delivering a conductivity of 2.4 × 10
                    6
                    S/m. Benefiting from these robust welded junctions, the ALCE exhibits a distinctive initial decrease in resistance up to 400% strain, compensating for deformation‐induced resistance increases to achieve exceptional strain insensitivity (
                    R/R
                    0
                    = 1.8 at 1200% strain). Finally, we demonstrate its practical performance with robust stretchable sensors and a skin‐conformable human‐animal interactive system, establishing a scalable strategy toward high‐performance bioelectronics.",crossref,0
Anion‐Polarity‐Induced Interfacial Reconstruction Directs Crystallographic Texture for Highly Reversible Sn Anodes,https://advanced.onlinelibrary.wiley.com/doi/10.1002/adma.74286?af=R,Wiley: Advanced Materials: Table of Contents,2026-07-25 21:21:39 UTC,2026-07-25 21:21:39+00:00,10.1002/adma.74286,Yan Yu,"ABSTRACT
                  
                    Controllable Sn electrodeposition is crucial for achieving highly reversible Sn metal batteries, but remains a significant challenge. Here, preferential exposure of Sn(211) planes with a uniform and compact morphology is achieved via an anion‐polarity‐driven interfacial regulation strategy during plating and stripping. Strong and crystallographically selective adsorption of CF
                    3
                    SO
                    3
                    −
                    on Sn effectively modulates deposition behavior. Owing to its large intrinsic dipole, CF
                    3
                    SO
                    3
                    −
                    establishes a pronounced surface‐normal interfacial dipole field on Sn(211), which suppresses growth along this plane while accelerating deposition on competing orientations, thereby driving the gradual evolution toward dominant Sn(211) exposure. Consequently, the reconstructed Sn anode delivers outstanding performance, including 99.88% Coulombic efficiency over 10,200 cycles at 10 mA cm
                    −2
                    in Sn//Cu cells, ultralong cycling stability of 3456 h (∼4.8 months) in Sn//Sn symmetric cells, and 71% capacity retention after 20,000 cycles in full cells. The dipole‐based interfacial descriptor proposed in this work correlates anion polarity with crystallographic texture evolution in metal electrodeposition, providing a rational route toward controllable electrochemical reconstruction for high‐performance metal batteries.",crossref,0
Sub‐Nanometer Curvature Unlocks Quantum Orbital Flexoelectricity in Graphene,https://advanced.onlinelibrary.wiley.com/doi/10.1002/adma.202518224?af=R,Wiley: Advanced Materials: Table of Contents,2026-07-25 21:23:14 UTC,2026-07-25 21:23:14+00:00,10.1002/adma.202518224,Vincent Meunier,"ABSTRACT
                  
                    Flexoelectricity, defined as polarization induced by strain gradients, is especially pronounced in two‐dimensional (2D) materials due to their mechanical flexibility and sensitivity to deformation. In nanostructures with nanometer‐scale curvature, bending can perturb out‐of‐plane π orbitals and generate quantum‐mechanical polarization and electrostatic modulation beyond classical lattice distortion alone. Here, we combine scanning probe measurements and first‐principles calculations to provide experimental and theoretical evidence for large intrinsic quantum orbital flexoelectricity in graphene nanowrinkles (GNWrs) with estimated polarization densities of P
                    th
                    ∼ 4 C m
                    −2
                    and P
                    exp
                    ∼ 1 C m
                    −2
                    , exceeding those of mesoscale systems by 5 to 7 orders of magnitude. These GNWrs exhibit high apex curvature, undergo atomic‐level buckling, and produce localized strain fields, as supported by atomic force microscopy analysis and Raman spectroscopy. Kelvin probe force microscopy reveals curvature‐dependent work‐function shifts, while conductive atomic force microscopy detects reproducible GNWr‐associated currents with a threshold voltage (
                    Φ
                    th
                    ∼ 1 V) comparable to the band offset predicted by ab initio calculations (∼ 1.2 V). These results support an interpretation in which curvature‐induced flexoelectric dipoles reshape the local electronic potential. GNWrs therefore provide a structurally simple carbon‐based platform for probing quantum‐mechanical flexoelectricity.",crossref,0
TRPV1 Activation via a Three‐Stage Adaptive Heat‐Absorbing Hydrogel Drives Neurovascular–Immune Coupling,https://advanced.onlinelibrary.wiley.com/doi/10.1002/adma.74307?af=R,Wiley: Advanced Materials: Table of Contents,2026-07-25 21:25:21 UTC,2026-07-25 21:25:21+00:00,10.1002/adma.74307,Wenguo Cui,"ABSTRACT
                  
                    Impaired neurovascular–immune coupling severely hampers chronic wound healing. Although the transient receptor potential vanilloid 1 (TRPV1) channel represents a promising therapeutic target, its therapeutic application remains limited by imprecise activation. Here, we developed a three‐stage adaptive and heat‐absorbing hydrogel (termed HMCG) that enables programmable and localized TRPV1 activation under near‐infrared (NIR) irradiation. HMCG forms reversible boronate ester bonds between PVA and TSPBA, enabling a sol–aerosol–gel adaptive with sprayable handling, self‐adaptation, and conformal coverage of complex wound topologies. This dynamic behavior ensures close biointerface contact and controlled thermal regulation during stimulation. Embedded Ca‐gallic acid metal–organic frameworks (MOFs) act as photon‐thermal converters, where ligand‐metal charge transfer and π–π stacking drive rapid nonradiative relaxation, leading to efficient and controllable heat absorption. Brief NIR exposure triggers the sustained release of capsaicin and Ca
                    2+
                    , elevating the local temperature to 43°C, within the TRPV1 activation window and with a reduced risk of nonspecific thermal overstimulation. Together, the tri‐stage adaptive design helps buffer heat, maintains topological adaptability, and synchronizes mild photothermal and biochemical cues. This controlled light‐heat‐chemical coupling supports the restoration of neurovascular–immune coupling and promotes tissue regeneration in diabetic skin lesion models, establishing a controlled, programmable platform for TRPV1‐targeted regenerative therapy.",crossref,0
Integration of High‐κ and Ultrawide Bandgap Single‐Crystalline Beryllium Borate Dielectric for 2D Electronics,https://advanced.onlinelibrary.wiley.com/doi/10.1002/adma.74329?af=R,Wiley: Advanced Materials: Table of Contents,2026-07-25 21:26:29 UTC,2026-07-25 21:26:29+00:00,10.1002/adma.74329,Tianyou Zhai,"ABSTRACT
                  
                    The development of van der Waals (vdW) dielectric materials with high dielectric constants and wide bandgaps is crucial for advancing the practical application of two‐dimensional (2D) transistors. However, current dielectrics often exhibit advantages in only one of these two aspects, which limits the further improvement of transistor performance. This study demonstrates an ideal dielectric NH
                    4
                    Be
                    2
                    BO
                    3
                    F
                    2
                    (ABBF) for 2D electronic devices, which exhibit a high dielectric constant up to 39 and a wide bandgap of 8.1 eV. Dielectric performance tests show that it has an ultralow leakage current density (≈ 10
                    −8
                    A cm
                    −2
                    ) and a robust breakdown field (12.6 MV cm
                    −1
                    ). The MoS
                    2
                    field‐effect transistors (FETs) gated by ABBF achieve a high on/off ratio of 2 × 10
                    9
                    , near‐Boltzmann‐limit subthreshold swing (60 mV dec
                    −1
                    ), and negligible hysteresis of 2.7 mV. Benefiting from its inert vdW surface, ABBF forms a high‐quality MoS
                    2
                    /ABBF interface with an extremely low density of trap states (
                    D
                    it
                    ≈ 4.6 × 10
                    10
                    cm
                    −2
                    eV
                    −1
                    ). In addition, high‐κ ABBF dielectrics were also applied for fabricating short‐channel MoS
                    2
                    FETs and high‐gain logic inverters. This research enlarges the pool of dielectric candidates and unlocks new possibilities for advancing low‐power electronics and integrated circuits.",crossref,0
Selective Electrochemical NOx Reduction to N2 for Sustainable Ammonia Energy Systems,https://advanced.onlinelibrary.wiley.com/doi/10.1002/adma.74253?af=R,Wiley: Advanced Materials: Table of Contents,2026-07-25 21:27:08 UTC,2026-07-25 21:27:08+00:00,10.1002/adma.74253,Xianbiao Fu,"ABSTRACT
                  
                    Ammonia‐based energy systems offer a pathway toward carbon‐free energy, yet NO
                    x
                    emissions from ammonia combustion hinder the realization of a sustainable closed‐loop. Electrochemical NO
                    x
                    reduction reaction (eNO
                    x
                    RR) provides a promising route to convert NO
                    x
                    to benign N
                    2
                    under mild conditions. However, under the low NO
                    x
                    concentrations typical of practical exhaust streams, N
                    2
                    selectivity is limited by competing hydrogenation, hydrogen evolution, and inefficient intermediate utilization. Here, we present a mechanistic perspective on selective NO
                    x
                    ‐to‐N
                    2
                    conversion, highlighting that eNO
                    x
                    RR proceeds through *NO‐mediated pathways with N
                    2
                    O as a key intermediate, while low surface coverage restricts N–N coupling. We propose that integrating tandem catalysis with interfacial microenvironment regulation offers a unified strategy to enhance N
                    2
                    selectivity. Finally, we outline key challenges for practical implementation under gas‐phase and dilute conditions, providing design principles for efficient electrochemical denitrification. This framework has the potential to enable scalable NO
                    x
                    removal and support a closed‐loop ammonia energy system.",crossref,0
A Chemical Framework for Engineering Extracellular Vesicles’ Biointerface to Advance Precision Therapeutics,https://advanced.onlinelibrary.wiley.com/doi/10.1002/adma.74203?af=R,Wiley: Advanced Materials: Table of Contents,2026-07-25 21:27:44 UTC,2026-07-25 21:27:44+00:00,10.1002/adma.74203,Gregor Fuhrmann,"ABSTRACT
                  Extracellular vesicles (EVs) are membrane‐bound nanoparticles ubiquitously secreted by all cell types and serve diverse physiological and pathological functions. Due to their pivotal roles in pathophysiological processes and their inherent biomimetic properties, EVs have attracted significant attention as biomarkers, as well as for tissue engineering and drug delivery. The surface chemistry of EVs dictates their interactions with their environment. Great strides have been made to tailor this biochemical interface with the aim of enhancing cargo delivery, target specificity, immune evasion, and tracking capabilities, while preserving EVs’ stability and functional integrity. Approaches to surface modification primarily encompass genetic and metabolic manipulation of parent cells, application of physical forces, and chemical reactions. In this manuscript, we introduce a comprehensive chemistry‐centric framework for EV surface engineering that integrates demonstrated EV modification strategies with protein‐ and cell‐surface chemistries not yet applied to EVs, delineating their functional scope and translational potential for advancing EV‐based therapeutics.",crossref,0
From Solution to Stretched Film: Probing and Controlling Microstructure in Conjugated Polymer Systems for Emerging Stretchable Organic Photovoltaics,https://advanced.onlinelibrary.wiley.com/doi/10.1002/adma.74273?af=R,Wiley: Advanced Materials: Table of Contents,2026-07-25 21:29:49 UTC,2026-07-25 21:29:49+00:00,10.1002/adma.74273,Long Ye,"ABSTRACT
                  The advancement of stretchable organic photovoltaics is hindered by a fundamental trade‐off between high optoelectronic performance and mechanical durability, in particular, a challenge rooted in the complex microstructure of conjugated polymers and their blends. This review addresses a critical literature gap on the microstructure of various conjugated polymer systems by systematically examining how multiscale microstructural evolution, from solution‐state aggregation to solid‐state morphology and dynamic response under strain, can be characterized, understood, and rationally controlled. Analysis begins with how advanced X‐ray and neutron scattering techniques elucidate the formative solution‐aggregation structures that dictate the final solid‐state morphology. Subsequently, multiscale characterization methods for thin films are reviewed, alongside material design strategies, such as elastomeric modifiers, engineered to optimize phase‐separated morphologies for simultaneous conductivity and mechanical flexibility. A key focus is the transition beyond static X‐ray scattering analysis to explore the dynamic evolution of microstructure under mechanical stretching, thereby underscoring the pivotal role of in situ and operando characterization in revealing deformation and failure mechanisms. By integrating insights across these scales, this review aims to distill rational design principles, offer a coherent processing‐structure‐performance framework, and provide a complete picture for the predictive design of next‐generation intrinsically robust stretchable photovoltaics and related electronics.",crossref,0
Circularly Polarized Lasing and Ultrafast Optical Helicity Switching in Chiral Perovskite Microcavities,https://advanced.onlinelibrary.wiley.com/doi/10.1002/adma.74308?af=R,Wiley: Advanced Materials: Table of Contents,2026-07-25 21:31:37 UTC,2026-07-25 21:31:37+00:00,10.1002/adma.74308,Xiaoqin Shen,"ABSTRACT
                  
                    Robust helicity that can be generated intrinsically and controlled on ultrafast timescales would open attractive opportunities for terahertz photonic switching and chirality‐sensitive quantum devices. Yet such control remains challenging because the intrinsic chiral perturbation of molecular emitters is usually too small to establish a robust helicity bias that can break symmetry and sustain the ultrafast emergence and switching of a helicity‐selected optical state. In this study, we address this challenge by engineering chiral R/S quasi‐2D perovskite microcavities (R/S‐2DPMs) and establishing a hierarchical framework for chirality amplification in this platform. The resulting R/S 2DPMs support single‐mode lasing with quality factors on the order of 10
                    3
                    . Polarization‐resolved measurements show pronounced dissymmetry amplification from molecule dissymmetry of
                    
                      g
                      mol
                    
                    ∼ 10
                    −4
                    to spontaneous emission dissymmetry of
                    
                      g
                      sp
                    
                    ∼ 10
                    −2
                    and then through stimulated emission dissymmetry of
                    g
                    laser
                    ∼ 0.78. Time‐resolved spectroscopy further reveals opposite ultrafast helicity switching on 1 ∼ 3 ps timescales in R/S‐enantiomeric microcavities. These results establish chiral quasi‐2D perovskite microcavities as a compact platform that converts weak microscopic chirality into robust circularly polarized lasing and ultrafast helicity switching, opening new opportunities for chiral photonics and helicity‐programmable coherent light sources.",crossref,0
Turritopsis nutricula‐Inspired Engineered Biomimetic Skin Promoting Aged Wound Repair via DAZAP1 Phase Separation‐Related Mitochondrial Metabolism Reprogramming,https://advanced.onlinelibrary.wiley.com/doi/10.1002/adma.74352?af=R,Wiley: Advanced Materials: Table of Contents,2026-07-25 21:32:53 UTC,2026-07-25 21:32:53+00:00,10.1002/adma.74352,Chen Wang,"ABSTRACT
                  
                    Aging‐associated wound healing deficiency causes a variety of health complications and makes both economic and psychological burdens on patients greatly, with current therapies failing to address underlying pathophysiology and aging‐related impairments. Inspired by
                    Turritopsis nutricula
                    , we directly fabricated biomimetic skin matrix (BSM) from human adipose tissue (AT) by decellularization, then incorporated with amino‐functionalized apoptotic bodies (FABs) to construct a biomimetic skin (BSM@FABs). BSM@FABs effectively displayed high fibroblast affinity while reversing cellular senescence, accelerating migration, and stimulating neovascularization in aged wounds. Mechanistically, we identified a pioneering DAZAP1 liquid‐liquid phase separation (LLPS) triggered by BSM@FABs. These biomolecular condensates in the LLPS process enhanced tricarboxylic acid (TCA) cycle flux and oxidative phosphorylation (OXPHOS), concomitant with suppressed glycolysis and reduced mitochondrial reactive oxygen species, thereby resolving aging‐impaired mitochondrial dysfunction. Our work introduces a novel LLPS‐targeted strategy for aged wound treatment by reprogramming mitochondrial energy metabolism.",crossref,0
"An Ultrathin, Permeable, and Battery‐Free Monolithically Integrated System for Emotion Sensing and Interaction",https://advanced.onlinelibrary.wiley.com/doi/10.1002/adma.74311?af=R,Wiley: Advanced Materials: Table of Contents,2026-07-25 21:33:39 UTC,2026-07-25 21:33:39+00:00,10.1002/adma.74311,Yuanjing Lin,"ABSTRACT
                  
                    Emotion regulation is critical for mental and physical health. Biomarkers such as dopamine and cortisol in body fluids are relevant to emotional status, while there is a lack of feasible devices to achieve personalized emotion management with minimized interferences. This study presents an ultrathin and battery‐free monolithically integrated sensing system for wireless tracking of stress‐related biomarkers with human–machine interaction. The system can be printed on a flexible and porous thermoplastic polyurethane (TPU) membrane with a thickness of around 36 µm, exhibiting remarkable air/moisture permeability of 162 mm/s and 1230 g/m
                    2
                    /day. It achieves dopamine and cortisol analysis with detection limits down to 0.25 µM and 1.65 nM. An integrated near‐field communication module enables wireless power harvesting and data transmission for continuous stress monitoring during daily activities, accompanied by emotion‐interactive feedback. The proposed printable method enables monolithic integration of multifunctional devices on ultrathin and permeable platforms toward mental health management in a wearable fashion.",crossref,0
Fundamentals to Prospects: Synthetic Tuning of Covalent Organic Frameworks for Solid‐State Hydrogen Storage,https://advanced.onlinelibrary.wiley.com/doi/10.1002/adma.74347?af=R,Wiley: Advanced Materials: Table of Contents,2026-07-25 21:36:35 UTC,2026-07-25 21:36:35+00:00,10.1002/adma.74347,Yingtang Zhou,"ABSTRACT
                  Achieving optimal hydrogen storage performance in covalent organic frameworks (COFs) requires precise synthetic tuning to balance pore architecture, functionalization, and structural stability while ensuring scalability. However, significant challenges remain in translating laboratory‐scale advancements into practical applications. This review critically examines the key challenges in COF synthesis, including the trade‐off between porosity and functionalization, the need for precise control over hierarchical pore structures, and limitations in reproducibility and large‐scale fabrication. We highlight the bottlenecks in current synthetic strategies, such as the difficulty in maintaining crystallinity while achieving high hydrogen binding affinity, and the challenges of integrating scalable synthesis techniques without compromising material performance. We explore emerging scalable synthesis approaches, including microwave‐assisted, mechanochemical, and interfacial synthesis, which offer pathways toward industrial feasibility. Additionally, we discuss the future prospects of COF design, emphasizing the role of machine learning, high‐throughput screening, and predictive modeling in accelerating material discovery and optimization. By integrating computational and experimental insights, we propose a data‐driven roadmap for guiding the rational design of COFs, aiming to bridge the gap between fundamental research and practical hydrogen storage applications.",crossref,0
Pollen‐Based Artificial Enzyme With Efficient Biocatalysis and Immune‐Priming to Prevent Primary and Secondary Wound Infection,https://advanced.onlinelibrary.wiley.com/doi/10.1002/adma.74304?af=R,Wiley: Advanced Materials: Table of Contents,2026-07-25 21:38:18 UTC,2026-07-25 21:38:18+00:00,10.1002/adma.74304,Changsheng Zhao,"ABSTRACT
                  
                    Bacterial infection poses a significant threat to clinical treatment due to the emergence of drug resistance and the high risk of recurrence. Here, we report the de novo design of a spiky pollen‐based vanadium artificial enzyme particle (VAE‐Pollen) that integrates potent reactive oxygen species (ROS)‐catalytic activity with immune priming to prevent both primary and secondary bacterial infections. Experimental and theoretical analyses confirm that bacteria are efficiently captured by the micro‐structured surface of VAE‐Pollen, and the introduction of oxygen vacancies modulates the electronic configuration of vanadium catalytic sites, significantly enhancing their versatile ROS‐catalytic performance. Meanwhile, VAE‐Pollen enhances bacterial capture and ROS‐triggered release of bacterial antigens, which mimics the sustained allergen exposure characteristic of natural pollen, thereby potently activating systemic defensive responses and providing sustained anti‐infective surveillance to prevent secondary wound infection. Notably, the VAE‐Pollen demonstrates significant efficacy in treating methicillin‐resistant
                    Staphylococcus aureus
                    (
                    MRSA
                    ) and preventing its recurrence, offering a potent and intelligent antibacterial alternative that may circumvent the limitations of conventional antibiotics.",crossref,0
Healable and Post‐Programmable Metal–Organic Framework—Vitrimer Composites,https://advanced.onlinelibrary.wiley.com/doi/10.1002/adma.74248?af=R,Wiley: Advanced Materials: Table of Contents,2026-07-25 21:38:24 UTC,2026-07-25 21:38:24+00:00,10.1002/adma.74248,Shermin S. Goh,"ABSTRACT
                  
                    Metal–organic framework (MOF) particles are commonly incorporated into polymer composites to impart porosity or functionality, but they often remain as fillers rather than defining the polymer network architecture. Here, we report a new design principle in which UiO‐66‐NH
                    2
                    nanoparticles are used as dynamic covalent crosslinkers for a linear polyimines to form MOF–vitrimer composites. Through imine bond formation between MOF‐bound amines and polymer aldehydes, the MOF becomes an integral network node, yielding free‐standing MOF–vitrimer composite films with high solvent resistance, while the MOF retains crystallinity. This architecture gives rise to properties beyond conventional MOF–polymer composites: dynamic imine exchange enables thermal healing, mechanical reprocessing, and chemical recycling. Furthermore, post‐synthetic tempering redistributes network connectivity and reprograms the mechanical properties from soft and extensible to stiff and strong, enabling material
                    pluripotency
                    and tunability to suit different applications. Unlike conventional organic crosslinkers, the MOF nodes also retain their intrinsic functions, allowing the composites to perform aqueous dye adsorption and organophosphate simulant hydrolysis while remaining easy to handle and recover. This work establishes MOFs as multifunctional dynamic crosslinkers for healable, recyclable, and post‐programmable hybrid materials, expanding MOF–polymer composites beyond passive filler architectures.",crossref,0
Mechanical‐Electrochemical Coupling Enables Pressure‐Informed Diagnosis and Interfacial Self‐Leveling in Sodium‐Ion Batteries,https://advanced.onlinelibrary.wiley.com/doi/10.1002/adma.74334?af=R,Wiley: Advanced Materials: Table of Contents,2026-07-25 21:39:31 UTC,2026-07-25 21:39:31+00:00,10.1002/adma.74334,Huilin Pan,"ABSTRACT
                  Sodium (Na)‐ion batteries (NIBs) are attractive for sustainable energy storage because of the abundance and low cost of Na resources. However, their practical fast‐charging operation is severely challenged by metallic Na plating, continuous interfacial degradation, and the associated safety risks. Here we establish a quantitative mechanical‐electrochemical coupling framework that links macroscopic pressure signals with microscopic electrode reactions, enabling real‐time and nondestructive diagnosis of Na plating in NIBs. On this basis, we develop an integrated diagnose‐repair‐utilize management strategy (DRUMS) that shifts battery management from passive warning to active intervention. Beyond early identification of hazardous metallic Na plating, DRUMS further induces dual‐interfacial self‐leveling by redirecting plated Na at the anode into an in situ Na source for reconstruction of the cathode interphase, while simultaneously eliminating unsafe metallic Na accumulation on the anode. This coupling‐enabled strategy mitigates interfacial deterioration and markedly enhances the cycling stability of fast‐charging NIBs. More broadly, this work provides a mechanistically guided strategy for dynamic interface management and offers a practical route toward safer and more durable fast‐charging batteries.",crossref,0
Multicomponent Nanowire Aerogels With Tailored Adsorption Equilibrium for the Upcycling of Polyethylene Terephthalate,https://advanced.onlinelibrary.wiley.com/doi/10.1002/adma.74280?af=R,Wiley: Advanced Materials: Table of Contents,2026-07-25 21:40:49 UTC,2026-07-25 21:40:49+00:00,10.1002/adma.74280,Tianxi Liu,"ABSTRACT
                  
                    Multicomponent nanowire aerogels (MNWAs) integrate 1D anisotropy with 3D porous frameworks, yet their synthesis remains challenging due to incompatible reduction kinetics and immiscibility of multicomponent systems. Herein, we develop a “confined topological transformation” strategy to directly fabricate MNWAs. We uncover the critical role of “confined interfacial bonding evolution competition mechanism” in governing noble metal interactions with Te templates during transformation. The MNWAs enable efficient value‐added conversion of polyethylene terephthalate (PET), demonstrating their practical potential. Specifically, the PdPtRuRhIrTe MNWAs/C exhibit remarkably high Faraday efficiency of 91.7% and yield rate of 12.05 mmol h
                    −1
                    mg
                    −1
                    for glycolic acid in electrocatalytic PET‐derived ethylene glycol oxidation reaction (EGOR), which is higher than that of multicomponent nanopartical aerogels and PdTe/PtTe/PdPtTe nanowire aerogels. Notably, the PdPtRuRhIrTe MNWAs/C maintain stable operation for over 1000 h in cyclic tests at an industrial‐level current density of 100 mA cm
                    −2
                    in a membrane electrode assembly, with electrolyte replacement every 24 h. Further analysis and theoretical calculations reveal that the multicomponent nature synergistic effect of PdPtRuRhIrTe MNWAs promote the electronic and mass transmission, modulate the adsorption of surface‐adsorbed *OH and EG, thereby lowering the energy barrier of the potential determining step (the formation of *HOCH
                    2
                    CHOHOH) and ultimately enhancing the electrocatalytic performance.",crossref,0
Synergistic Design Strategies Breaking the Energy Storage Trade‐Off in Lead‐Free Dielectrics,https://advanced.onlinelibrary.wiley.com/doi/10.1002/adma.74343?af=R,Wiley: Advanced Materials: Table of Contents,2026-07-25 21:42:01 UTC,2026-07-25 21:42:01+00:00,10.1002/adma.74343,Li Jin,"ABSTRACT
                  
                    Development of lead‐free dielectric capacitors with simultaneously high recoverable energy‐storage (ES) density (
                    W
                    rec
                    ) and breakdown strength (
                    E
                    b
                    ) is hindered by a fundamental constraint; although high
                    E
                    b
                    permits large electric fields, conventional ferroelectrics suffer from premature polarization saturation, limiting further enhancement of
                    W
                    rec
                    . We demonstrate a mechanism‐guided strategy for Bi
                    0.5
                    Na
                    0.5
                    TiO
                    3
                    (BNT)‐based relaxor ferroelectric ceramics, centered on optimized polar nanoregion (PNR) responses and delayed polarization saturation. Phase‐field simulations show that interconnected rhombohedral/tetragonal (R/T)‐related PNRs with appropriate size and dynamic responsiveness can be progressively activated under electric fields, enabling delayed polarization saturation, sustained Δ
                    P
                    growth, and low hysteresis loss. Guided by this mechanism, compositional disorder, R/T phase coexistence are integrated in the BNT‐based system to construct an optimized PNR landscape. The optimized multilayer ceramic capacitors deliver a record ES potential (
                    ξ
                    =
                    W
                    rec
                    /
                    E
                    b
                    ) of 278 J kV
                    −1
                    m
                    −2
                    , together with a high
                    W
                    rec
                    of 26.4 J cm
                    −3
                    at 950 kV cm
                    −1
                    and 89% ES efficiency. Atomic‐resolution microscopy confirms pronounced local chemical heterogeneity and coexisting R/T‐related PNRs, consistent with the optimized PNR response predicted by phase‐field simulations. These results establish a generalizable framework for overcoming the intrinsic
                    ξ
                    –
                    E
                    b
                    trade‐off and advancing next‐generation high‐
                    W
                    rec
                    dielectric capacitors for ES and pulsed‐power applications.",crossref,0
Pathology‐Responsive Self‐Assembling Hydrogel Enabling Spatiotemporally Controlled Exosome Release and Redox Regulation for Intervertebral Disc Regeneration,https://advanced.onlinelibrary.wiley.com/doi/10.1002/adma.74189?af=R,Wiley: Advanced Materials: Table of Contents,2026-07-25 21:44:04 UTC,2026-07-25 21:44:04+00:00,10.1002/adma.74189,Xiangyang Wang,"ABSTRACT
                  Intervertebral disc degeneration (IVDD) arises from disrupted metabolism and redox imbalance, severely impairing nucleus pulposus (NP) cells’ ability to repair the extracellular matrix (ECM). The early stage of IVDD is marked by excessive oxidative stress, lipid peroxidation, iron dysregulation and sustained catabolic enzyme activity, while late‐stage cellular aging ultimately renders NP cells highly susceptible to iron‐dependent cell death. To address these stage‐specific challenges, we developed a pathology‐adaptive self‐assembling hydrogel that exploits dynamically varying catabolic enzyme activity to trigger on‐demand delivery of antioxidant molecules and bioactive extracellular vesicles. Upon recognition of pathologically elevated MMP13, the hydrogel undergoes site‐specific structural disruption, thereby enabling spatiotemporally controlled exosome release. The hydrogel complex stabilizes redox balance by boosting intracellular glutathione, mitigating lipid peroxidation and restoring iron homeostasis. Furthermore, it activates PI3K‐Akt signaling and reinstates key anti‐ferroptosis proteins. Simultaneously, it promotes the synthesis of proteoglycans and type II collagen, collectively rebuilding the ECM niche. The combined effect of restored redox balance and regenerative signaling leads to significant structural and functional recovery of the damaged disc, as strongly evidenced in vivo animal studies. Overall, this spatiotemporal‐adaptive platform establishes a multifaceted strategy for regenerative engineering, offering a promising option for complex degenerative diseases.",crossref,0
De Novo‐Designed Peptide‐Engineered Multimodal Platform for Post‐Ischemic Stroke Tissue Repair,https://advanced.onlinelibrary.wiley.com/doi/10.1002/adma.74330?af=R,Wiley: Advanced Materials: Table of Contents,2026-07-25 21:44:42 UTC,2026-07-25 21:44:42+00:00,10.1002/adma.74330,Yunbing Wang,"ABSTRACT
                  Orchestrating tissue regeneration in complex pathologies like post‐ischemic stroke requires materials that can precisely regulate multiple signaling pathways. A central challenge is engineering a single platform integrating mechanical, electrical, and biochemical cues to redirect these pathological networks. Here, we present a computation‐driven, multimodal hydrogel engineered to function as a programmable regulatory node. The system integrates a computationally screened de novo vasculogenic peptide scaffold and surface‐engineered, inflammation‐responsive conductive MXene nanosheets. This rational surface engineering solves the critical bottleneck of MXene instability, preserving colloidal stability for over 2 months and maintaining high conductivity (1.2 mS/cm) within the injectable system. In a mouse model of ischemic stroke, this targeted modulation reconstructed the neurovascular unit integrity, suppressed glial scarring, and promoted remyelination and synaptic repair. Crucially, the platform re‐established neural electrical signal transmission, leading to the recovery of neural function. Mechanistically, machine learning‐driven transcriptomics highlighted Akt2 as a candidate regulatory hub, while untargeted metabolomics, prompted by a striking hair yellowing phenotype, suggested metabolic remodeling involving the phospholipase D signaling pathway. Our findings demonstrate a promising data‐driven, bottom‐up rational design paradigm for advanced bioelectronic tissue repair materials.",crossref,0
A physics-guided semi-empirical degradation model for lifetime prediction of proton exchange membrane fuel cells,https://www.sciencedirect.com/science/article/pii/S0306261926011657?dgcid=rss_sd_all,ScienceDirect Publication: Applied Energy,2026-07-26 00:00:00 UTC,2026-07-26 00:00:00+00:00,,Jianqiu Li,,,0
SOC-agnostic rapid state-of-health estimation of lithium-ion batteries,https://www.sciencedirect.com/science/article/pii/S0306261926011074?dgcid=rss_sd_all,ScienceDirect Publication: Applied Energy,2026-07-26 00:00:00 UTC,2026-07-26 00:00:00+00:00,,Chao Hu,,,0
Optimising national energy systems integrating heat pumps: Effects of rising cooling demand and heating demand-side management strategies,https://www.sciencedirect.com/science/article/pii/S0306261926011645?dgcid=rss_sd_all,ScienceDirect Publication: Applied Energy,2026-07-26 00:00:00 UTC,2026-07-26 00:00:00+00:00,,Martin K. Patel,,,0
Cold-start of high-power PEMFC stacks: inhomogeneity control and edge cell performance enhancement,https://www.sciencedirect.com/science/article/pii/S0306261926010494?dgcid=rss_sd_all,ScienceDirect Publication: Applied Energy,2026-07-26 00:00:00 UTC,2026-07-26 00:00:00+00:00,,Qing Du,,,0
The climate-electricity nexus in the GCC: How rising temperatures drive electricity demand across Gulf states,https://www.sciencedirect.com/science/article/pii/S0301421526004246?dgcid=rss_sd_all,ScienceDirect Publication: Energy Policy,2026-07-26 00:00:00 UTC,2026-07-26 00:00:00+00:00,,Shahriyar Mukhtarov,,,0
"Geopolitical fragmentation, energy vulnerability, and national ESG trajectories after Russia's invasion of Ukraine",https://www.sciencedirect.com/science/article/pii/S0301421526004234?dgcid=rss_sd_all,ScienceDirect Publication: Energy Policy,2026-07-26 00:00:00 UTC,2026-07-26 00:00:00+00:00,,Chankook Park,,,0
The critical challenges of energy diversification and environmental sustainability in the European Green Deal: Empirical evidence from European countries,https://www.sciencedirect.com/science/article/pii/S0301421526004519?dgcid=rss_sd_all,ScienceDirect Publication: Energy Policy,2026-07-26 00:00:00 UTC,2026-07-26 00:00:00+00:00,,Rana Umair Ashraf,,,0
When diversification fails: Geopolitical contagion and hidden vulnerabilities in Europe’s energy transition,https://www.sciencedirect.com/science/article/pii/S0301421526004544?dgcid=rss_sd_all,ScienceDirect Publication: Energy Policy,2026-07-26 00:00:00 UTC,2026-07-26 00:00:00+00:00,,Jules Sadefo Kamdem,,,0
When do consumers lose from variable electricity pricing?,https://www.sciencedirect.com/science/article/pii/S0301421526004088?dgcid=rss_sd_all,ScienceDirect Publication: Energy Policy,2026-07-26 00:00:00 UTC,2026-07-26 00:00:00+00:00,,Saurabh Amin,,,0
"Subsidy rates, absolute pricing, and applied energy efficiency: evidence from energy-efficient appliance subsidies",https://www.sciencedirect.com/science/article/pii/S0306261926011463?dgcid=rss_sd_all,ScienceDirect Publication: Applied Energy,2026-07-26 00:00:00 UTC,2026-07-26 00:00:00+00:00,,Ziqiang Lin,,,0
Real-time simulation of reversible solid oxide cells for digital twins: exploration based on mechanism models and data-driven methods,https://www.sciencedirect.com/science/article/pii/S0306261926011189?dgcid=rss_sd_all,ScienceDirect Publication: Applied Energy,2026-07-26 00:00:00 UTC,2026-07-26 00:00:00+00:00,,Chen Liu,,,0
"A parallel distributed approach for AI-enabled online optimization of building cooling systems with enhanced efficiency, reliability and scalability",https://www.sciencedirect.com/science/article/pii/S0306261926011451?dgcid=rss_sd_all,ScienceDirect Publication: Applied Energy,2026-07-26 00:00:00 UTC,2026-07-26 00:00:00+00:00,,Shengwei Wang,,,0
A decomposition method for optimizing the operation of power-to-X energy systems with detailed process models,https://www.sciencedirect.com/science/article/pii/S0306261926010998?dgcid=rss_sd_all,ScienceDirect Publication: Applied Energy,2026-07-26 00:00:00 UTC,2026-07-26 00:00:00+00:00,,Qi Zhang,,,0
Fine-grained potential load flexibility estimation based on meta-learning-inspired adaptation and conformal quantile regression,https://www.sciencedirect.com/science/article/pii/S030626192601158X?dgcid=rss_sd_all,ScienceDirect Publication: Applied Energy,2026-07-26 00:00:00 UTC,2026-07-26 00:00:00+00:00,,Yongqian Liu,,,0
"Coordinating carbon, electricity, and CCER markets for cost-effective decarbonization of China's power sector",https://www.sciencedirect.com/science/article/pii/S0306261926011487?dgcid=rss_sd_all,ScienceDirect Publication: Applied Energy,2026-07-26 00:00:00 UTC,2026-07-26 00:00:00+00:00,,Bao-Jun Tang,,,0
"Decarbonizing China's aluminium industry: a comprehensive assessment of synergistic carbon capture, utilization, and storage with renewable energy technologies",https://www.sciencedirect.com/science/article/pii/S0306261926011104?dgcid=rss_sd_all,ScienceDirect Publication: Applied Energy,2026-07-26 00:00:00 UTC,2026-07-26 00:00:00+00:00,,Li-Chun Zhang,,,0
A UCB–Q-value assisted differential evolution for low-carbon microgrid scheduling with flexible loads,https://www.sciencedirect.com/science/article/pii/S0306261926010962?dgcid=rss_sd_all,ScienceDirect Publication: Applied Energy,2026-07-26 00:00:00 UTC,2026-07-26 00:00:00+00:00,,Hongqian Zhang,,,0
Real-world performance and module degradation impacts of robotic cleaning in PV systems,https://www.sciencedirect.com/science/article/pii/S0306261926011165?dgcid=rss_sd_all,ScienceDirect Publication: Applied Energy,2026-07-26 00:00:00 UTC,2026-07-26 00:00:00+00:00,,Sertac Bayhan,,,0
Optimization configuration of hybrid energy storage in integrated energy systems,https://www.sciencedirect.com/science/article/pii/S0306261926010482?dgcid=rss_sd_all,ScienceDirect Publication: Applied Energy,2026-07-26 00:00:00 UTC,2026-07-26 00:00:00+00:00,,Wei-Guo Pan,,,0
A review on thermochemical reduction of CO2 with H2 to methanol: focusing on overcoming equilibrium limitations,https://www.sciencedirect.com/science/article/pii/S0306261926011116?dgcid=rss_sd_all,ScienceDirect Publication: Applied Energy,2026-07-26 00:00:00 UTC,2026-07-26 00:00:00+00:00,,Jun Cheng,,,0
Flexibility as a driver of regionalized power systems: A multi-regional optimization framework,https://www.sciencedirect.com/science/article/pii/S0306261926011128?dgcid=rss_sd_all,ScienceDirect Publication: Applied Energy,2026-07-26 00:00:00 UTC,2026-07-26 00:00:00+00:00,,Sandrine Michel,,,0
Reliability-constrained stochastic sizing of a wind-powered hydrogen refueling station,https://www.sciencedirect.com/science/article/pii/S0306261926011621?dgcid=rss_sd_all,ScienceDirect Publication: Applied Energy,2026-07-26 00:00:00 UTC,2026-07-26 00:00:00+00:00,,Benoît Trouillet,,,0
An evaluation method for the node frequency support contribution of multi-type resources based on TCN-transformer-BiLSTM,https://www.sciencedirect.com/science/article/pii/S0306261926011542?dgcid=rss_sd_all,ScienceDirect Publication: Applied Energy,2026-07-26 00:00:00 UTC,2026-07-26 00:00:00+00:00,,Lixin Wang,,,0
Assessing building-to-grid energy efficiency and flexibility potential through bottom-up urban building energy modelling,https://www.sciencedirect.com/science/article/pii/S030626192601161X?dgcid=rss_sd_all,ScienceDirect Publication: Applied Energy,2026-07-26 00:00:00 UTC,2026-07-26 00:00:00+00:00,,Rui Jing,,,0
Online aging prediction of fuel cells under multi-condition operation using global adaptive spectrum and local dynamic interaction model,https://www.sciencedirect.com/science/article/pii/S0306261926010792?dgcid=rss_sd_all,ScienceDirect Publication: Applied Energy,2026-07-26 00:00:00 UTC,2026-07-26 00:00:00+00:00,,Daming Zhou,,,0
A bi-level planning model of integrated energy capacity configuration for data center cluster considering computing-electricity coupling operation and supply-demand uncertainties,https://www.sciencedirect.com/science/article/pii/S0306261926011554?dgcid=rss_sd_all,ScienceDirect Publication: Applied Energy,2026-07-26 00:00:00 UTC,2026-07-26 00:00:00+00:00,,Qinliang Tan,,,0
Suppressing Intrinsic Anti‐Site Defects via Targeted Li‐Occupation Unlocks Ultrahigh‐Rate Capability in Vanadium‐Free NASICON Cathodes,https://advanced.onlinelibrary.wiley.com/doi/10.1002/adma.74230?af=R,Wiley: Advanced Materials: Table of Contents,2026-07-26 06:33:59 UTC,2026-07-26 06:33:59+00:00,10.1002/adma.74230,Haitao Huang,"ABSTRACT
                  
                    Vanadium‐free Na superionic conductor (NASICON)‐type Na
                    3
                    MnTi(PO
                    4
                    )
                    3
                    (NMTP) has been recognized as a prospective cathode material for sodium‐ion batteries owing to the abundance of raw materials, and its eco‐friendly composition. Yet the intrinsic anti‐site defects (IASDs) derived from the occupation of Mn
                    2+
                    on the Na‐vacancy site (Mn/M2_v) in NMTP severely deteriorates the Mn redox kinetics, causing abnormal voltage hysteresis and unsatisfactory rate performance. This study rationally designed a targeted Li‐occupation to effectively restrain the Mn/M2_v IASDs formation. Theoretical calculations identify that the tiny Li
                    +
                    ions preferentially occupy the alkali‐metal vacancies instead of Mn
                    2+
                    and selectively occupy M2 (18
                    e
                    )‐sites rather than M1 (6
                    b
                    )‐sites, thereby effectively inhibiting anti‐site occupation of Mn
                    2+
                    . This is experimentally validated in the prepared Na
                    2.95
                    Li
                    0.05
                    MnTi(PO
                    4
                    )
                    3
                    (NMTP‐Li0.05), where minimal Li doping leads to significant suppression of Mn/M2_v IASDs. During charge‐discharge, the introduced Li
                    +
                    exhibits high mobility between M1/M2 sites and low electrostatic repulsion with Na
                    +
                    . Therefore, the NMTP‐Li0.05 achieves promoted kinetics with eliminated voltage hysteresis and an ultrahigh‐rate capability of 70.2 mA h g
                    −1
                    at 100 C, which is exceptional among V‐free NASICON cathodes. This work establishes an effective strategy for IASDs suppression in polyanionic cathodes and paves the way for developing high‐performance and sustainable sodium‐ion batteries.",crossref,0
