title,link,source,published_str,pub_date,doi,last_author,abstract,abstract_source,must_have_abstract
Retraction Note: Warming accelerates global drought severity,https://www.nature.com/articles/s41586-026-11027-z,Nature,2026-09-02 00:00:00 UTC,2026-09-02 00:00:00+00:00,10.1038/s41586-026-11027-z,Simon J. Dadson,"The authors have retracted this article after being notified of errors in the paper and independently identifying further issues. First, area-weighted grid cells were not used when calculating study-wide averages, an error that affected numerical values in the main text, Fig. 1b, and Extended Data Figs. 4 and 8. Second, results based on GLEAM v3 instead of GLEAM4 were inadvertently used in Extended Data Fig. 4: the two datasets are largely consistent for 1981–2021, but the area weighting based on GLEAM4 resulted in a reduced drought-affected area in 2022. Third, the underlying code included a timestepping error in the computation of regional drought-affected areas, meaning that dates were not properly parsed when subsetting the data for the 1981–2017 and 2018–2022 periods. This misclassification of time steps affected the regional averages in Extended Data Fig. 8h. Finally, it was not clearly explained how masking was applied in calculations. To clarify this point: the arid regions mask (defined as areas with mean annual precipitation < 180 mm) was applied to the SPEI time series in Fig. 1a but not Fig. 1b (the same distinction applies to Extended Data Figs. 4 and 8). The rationale for the masking approach was that in dry regions, extremely negative SPEI is common (associated with zero precipitation), and it was judged that their inclusion would have generated unrealistically low average values. Because the % values in Fig. 1b are insensitive to negative outliers, the mask was not applied there. Although the authors are willing to correct and clarify the above matters, given the scope of the necessary corrections and the need for additional revision and peer review, the authors have decided to retract the paper and to resubmit a fully revised and corrected version for peer review. All authors agree with the retraction.",openalex,1
Rewiring the ribosome to translate proteins encoded in its own RNA,https://www.nature.com/articles/s41586-026-10962-1,Nature,2026-09-02 00:00:00 UTC,2026-09-02 00:00:00+00:00,10.1038/s41586-026-10962-1,Alexander S. Mankin,"Cellular protein synthesis relies on random encounters between ribosomes and mRNAs, limiting optimization of the translation machinery for production of a single protein—a key need in biotechnology. One potential solution is integrating the protein-coding sequence into the ribosome itself, thereby committing the ribosome to synthesis of a single polypeptide. The feasibility of such integration could also address a long-standing challenge in RNA world models: explaining how early protein synthesis could function reliably despite the scarcity and poor organization of its components1. Whether a ribosome can translate its own ribosomal RNA (rRNA) has remained unclear. Here we show that bacterial ribosomes can synthesize proteins encoded within their own RNA. We engineered a chimeric messenger–ribosomal RNA (mrRNA) by appending a protein-coding sequence to 16S rRNA. The hybrid mrRNA assembles into a small ribosomal subunit that binds to the large subunit to form Ribo-M, a ribosome capable of translating mrRNA-encoded proteins. Translation is abolished by mutations or antibiotics that impair the function of the small subunit, demonstrating that mrRNA translation is carried out in cis by ribosomes assembled on the chimeric mrRNA. Incorporating mrRNA into a ribosome with tethered subunits yielded Ribo-TM, in which encoding, decoding and peptide synthesis are united within a single RNA scaffold. These findings establish the mechanistic feasibility of a ribosome translating its own rRNA in vivo and in vitro, offering a versatile platform for orthogonal protein production and insights into the origin of translation.",nature_html,0
Explainable deep learning improves human mental models of self-driving cars,https://www.nature.com/articles/s41586-026-10950-5,Nature,2026-09-02 00:00:00 UTC,2026-09-02 00:00:00+00:00,10.1038/s41586-026-10950-5,Julie A. Shah,"Self-driving cars increasingly rely on deep neural networks to achieve human-like driving1,2,3. The opacity of these black-box planners makes it challenging to accurately anticipate when they will fail4,5,6, with potentially catastrophic consequences7,8,9. Although research into interpreting these systems has surged, most of it is confined to simulations or toy setups because of the difficulty of real-world deployment10,11, leaving the practical utility of these techniques unknown. Here, we introduce the Concept-Wrapper Network (CW-Net), a method for faithfully explaining the behaviour of machine-learning-based planners that causally grounds their reasoning in human-interpretable concepts without sacrificing performance. We deploy CW-Net on a real self-driving car and show that the resulting explanations improve the human driver’s mental model of the vehicle, allowing them to better predict its behaviour, particularly in surprising situations. This demonstrates that explainable deep learning integrated into self-driving cars can be both understandable and useful in a realistic deployment setting. We anticipate our method could be applied to other safety-critical systems, such as autonomous drones and robotic surgeons, as well as to other architectures, such as end-to-end learning systems and vision–language–action models. Overall, our study establishes a deployment-validated pathway to interpretability for autonomous agents, which could help make them more transparent and safe.",nature_html,0
The nutritional value of invertebrate aquatic foods,https://www.nature.com/articles/s41586-026-10908-7,Nature,2026-09-02 00:00:00 UTC,2026-09-02 00:00:00+00:00,10.1038/s41586-026-10908-7,Christopher D. Golden,"Most of the global population has inadequate micronutrient intake1, leading to cascading adverse effects on economies and human health2. Aquatic invertebrates are a diverse, productive and socioecologically important food3,4, yet their contribution to human nutrition is frequently overlooked5. Here, combining aquaculture production, capture fisheries and nutrient composition data, we quantify the contribution of aquatic invertebrates to global nutrient supplies. Furthermore, as nutrient information for invertebrates is sparse, using species-specific trait data, we develop a predictive model to estimate the nutrient content of over 50,000 invertebrate species registered in SeaLifeBase, a global database focused on marine non-fish species. We show aquatic invertebrates are exceptionally nutrient dense, with current aquatic invertebrate production supplying the equivalent annual requirement for over 5 billion people in terms of vitamin B12 and selenium; over 1 billion people for copper, omega 3 fatty acids, iodine and zinc; and over 100 million people for nutrients such as vitamins B2 and B3, iron, manganese and magnesium. Nutrient composition differs among taxonomic groups, consumption patterns (for example, body parts and processing form), and environmental and life-history factors such as the habitat or thermal regime the species lives in. Overall, provided that ecological sustainability is attained and socioeconomic and food-system barriers (such as food safety, access, affordability, cultural acceptance and bioavailability) do not prevent invertebrate consumption and nutrient uptake, our study highlights the potential benefits of integrating aquatic invertebrates into dietary portfolios across global societies, mainstreaming their nutritional importance in development projects, sustainability assessments and food policy.",nature_html,0
3D epigenome of glial cell types in developing human cortex,https://www.nature.com/articles/s41586-026-10987-6,Nature,2026-09-02 00:00:00 UTC,2026-09-02 00:00:00+00:00,10.1038/s41586-026-10987-6,Yin Shen,"The human cortex is complex and heterogeneous, undergoing extensive expansion during development1,2. Our prior study of neurogenesis, including radial glia (RG), intermediate progenitor cells, excitatory neurons and interneurons demonstrated that chromatin looping underlies transcriptional regulation for lineage-specific genes, shedding light on how non-coding genetic variants contribute to neuropsychiatric disorders by means of cell-type-specific gene regulation3. RG have a crucial role in generating cellular diversity through both neurogenesis and gliogenesis and can be further classified into ventricular RG (vRG) and outer RG (oRG)4,5. Given their significance in cortical development, we conducted a comprehensive three-dimensional (3D) epigenomic analysis of four main glial populations, including vRG, oRG, oligodendrocyte precursor cells and microglia, from the mid-gestational human neocortex. By integrating gene expression, chromatin accessibility, DNA methylation and 3D chromatin interactions, we identified cell-type-specific candidate cis-regulatory elements (cCREs) and validated their regulatory function using transgenic mouse embryos. Using machine learning, we prioritized 112 schizophrenia risk variants within glia cCREs and further confirmed the predicted vRG enhancer disruption by the rs4449074 risk allele in vivo. Finally, oRG cCREs are enriched for human accelerated regions compared with other cCREs and a subset of human accelerated regions show activity differences from their chimpanzee orthologues that interact with genes involved in neuronal development. Our findings advance the understanding of human-specific gene regulation during corticogenesis.",nature_html,0
Structure and operating principles of a monkeypox virus replisome,https://www.nature.com/articles/s41586-026-10937-2,Nature,2026-09-02 00:00:00 UTC,2026-09-02 00:00:00+00:00,10.1038/s41586-026-10937-2,Jonathan Abraham,"Poxviruses are double-stranded DNA viruses with large genomes. Among them, monkeypox virus (MPXV) has been responsible for two recent public health emergencies as declared by the World Health Organization1. The MPXV polymerase comprises three subunits—a catalytic subunit (F8) and a heterodimeric processivity factor (A22 and E4). The viral polymerase must coordinate activities with the hexameric helicase–primase (E5) to initiate replication of the viral genome2. Although structures of MPXV E5 (refs. 3,4) and the polymerase5,6,7 in isolation are available, how they assemble into a functional replisome remains unclear. In isolation, E5 is in an autoinhibited conformation and has very weak helicase activity3,4, and the mechanism for helicase activation is unclear. Here we used cryo-electron microscopy to determine the structures of DNA-bound MPXV replisomes comprising the polymerase holoenzyme (F8, A22 and E4) and the E5 helicase hexamer. We show that, during replisome assembly, E5 undergoes large-scale conformational changes that allow two of its primase domains to interact with the polymerase F8 thumb and A22 subunit. Biochemical assays and single-molecule experiments reveal that this E5 conformational change is coupled to helicase activation and enhances primase activity. Taken together, these findings identify fundamental mechanisms governing coordinated helicase and polymerase activities during DNA replication for an important class of viral pathogens.",nature_html,0
Ton-scale Ni nanospheres with size-tuned local electric fields enable high-current-density ethylene glycol electrooxidation,https://www.cell.com/matter/fulltext/S2590-2385(26)00360-7?rss=yes,Matter,2026-09-02 00:00:00 UTC,2026-09-02 00:00:00+00:00,10.1016/j.matt.2026.102997,Ziliang Chen,"Ton-scale Ni nanospheres with tunable sizes enable efficient ethylene glycol electrooxidation at an industrially relevant current density of ∼500 mA cm−2 for over 100 h in a flow stack with high formic acid (formate) selectivity. Size-dependent local electric field effects subtly regulate the adsorption-desorption behavior toward reactants, intermediates, and products, supporting a scalable and durable ethylene glycol-to-formic acid electrosynthesis.",rss_cell,0
"One catalyst, two geometries: Iridium catalysis enables stereodivergent synthesis of chiral Z- and E-allylated isochromanones",https://www.cell.com/chem/fulltext/S2451-9294(26)00284-6?rss=yes,Chem,2026-09-02 00:00:00 UTC,2026-09-02 00:00:00+00:00,10.1016/j.chempr.2026.103218,Varinder K. Aggarwal,"Alkene geometry strongly influences molecular structure and function, yet methods that provide stereodivergent access to both E- and Z-configured chiral building blocks remain rare. In an upcoming issue of Chem Catalysis, You and co-workers combine contra-thermodynamic alkene isomerization with iridium-catalyzed asymmetric allylic substitution to access either E- or Z-allylated 3-isochromanones with high regio- and enantioselectivity.",rss_cell,0
An East Asian blood eQTL meta-analysis highlights ancestry-matched eQTL resources for complex-trait genetics,https://academic.oup.com/nsr/advance-article/doi/10.1093/nsr/nwag566/8779978?rss=1,National Science Review Advance Access,2026-09-02 00:00:00 UTC,2026-09-02 00:00:00+00:00,10.1093/nsr/nwag566,Shaohua Fan,"Expression quantitative trait loci (eQTLs) link genetic variation to gene regulation and complex traits, yet population-scale blood eQTL resources remain limited in East Asian populations. We mapped cis-eQTLs in 1,005 Chinese individuals and meta-analysed them with a Japanese cohort to generate an East Asian whole-blood resource (MAEEA; n = 2,024). MAEEA identified ∼2.8 million cis-eQTL associations involving 13,376 eGenes, with lead effects showing external concordance, including in an independent East Asian cohort. For East Asian complex traits, MAEEA showed greater utility than larger non–East Asian eQTL resources for heritability partitioning and candidate gene–trait prioritization; reciprocal analyses using phenotype-matched European GWAS were consistent with ancestry matching contributing to these differences. Highly differentiated eQTL SNPs showed evidence consistent with recent positive selection, and trait-associated eQTL SNPs were enriched for elevated population differentiation. These findings expand East Asian regulatory genetic resources and support ancestry-matched eQTL data for complex-trait interpretation.",rss_oup,0
An alternate mechanism for the emergence of localized oscillatory patterns in networked reaction–diffusion systems,https://academic.oup.com/nsr/advance-article/doi/10.1093/nsr/nwag523/8779976?rss=1,National Science Review Advance Access,2026-09-02 00:00:00 UTC,2026-09-02 00:00:00+00:00,10.1093/nsr/nwag523,Gui-Quan Sun,"Localized oscillatory patterns, confined to finite spatial domains or subsets of nodes in a network, have been observed in cortical neurons, metacommunity ecosystems, and chemical experiments. Previous studies have shown that wave bifurcations (oscillatory Turing instabilities) in undirected networked reaction–diffusion systems can induce such localized oscillations. Here, we propose an alternative mechanism for their emergence, namely Hopf-type instabilities acting on a subcritical Turing branch. Unlike wave bifurcations, this mechanism does not require interactions amongst at least three components. We further demonstrate its robustness in both the Brusselator and FitzHugh-Nagumo models in undirected Barabási–Albert, Erdős–Rényi, and Watts–Strogatz networks. This work extends the universality of such patterns in networked systems and provides a theoretical foundation for the control of collective dynamical phenomena in complex systems.",rss_oup,0
The Ocean: A Key Earth System Regulator with Boundaries,https://academic.oup.com/nsr/advance-article/doi/10.1093/nsr/nwag551/8779975?rss=1,National Science Review Advance Access,2026-09-02 00:00:00 UTC,2026-09-02 00:00:00+00:00,10.1093/nsr/nwag551,Levke Caesar,"By regulating Earth’s climate and buffering the impacts of anthropogenic pressures, the ocean plays a crucial stabilizing role in the Earth system – yet, in doing so, it is itself undergoing profound changes. This Perspective outlines the role of the ocean in the Earth system and discusses arguments for incorporating additional ocean processes into the Planetary Boundaries framework.",crossref,0
Mo-doped NiFe-LDH drives efficient electrooxidation of biomass-derived furfurals to maleic acid,https://academic.oup.com/nsr/advance-article/doi/10.1093/nsr/nwag559/8779971?rss=1,National Science Review Advance Access,2026-09-02 00:00:00 UTC,2026-09-02 00:00:00+00:00,10.1093/nsr/nwag559,Zhimin Liu,"The renewable electricity-driven conversion of biomass-derived compounds into dicarboxylic acids represents an alternative to fossil-based processes, but achieving high selectivity and activity under mild conditions remains a significant challenge. Herein, we report Mo-doped NiFe-layered double hydroxide (NiFeMox-LDH) catalysts for electrosynthesis of maleic acid (MA) from selective electrooxidation of biomass-derived furfurals. Specifically, NiFeMo0.3-LDH with Mo content of 1.75 wt% affords MA in the highest yield of 93.2% to date, in KHCO3 electrolyte under the voltage range of 1.8–2.2 V (versus reversible hydrogen electrode). The Mo-doping in NiFeMox-LDH enhances activity of lattice oxygen and alters adsorption modes of 5-hydroxymethylfurfural (HMF) and intermediate, thus steering the products from furandicarboxylic acid obtained over NiFe-LDH to MA. Additionally, succinic acid can be produced in 99.5% selectivity via MA electroreduction on a copper foam cathode paired with HMF electrooxidation over NiFeMo0.3-LDH. Membrane electrode assembly electrolyzer delivers a Faradaic efficiency of 65.2% for MA production from HMF electrooxidation with a production rate of 252 mmol g−1 h−1 and a partial current density of 326 mA cm−2.",rss_oup,0
Lower-temperature bulk depolymerization of commercial polymethacrylates,https://www.nature.com/articles/s41557-026-02232-4,Nature Chemistry,2026-09-02 00:00:00 UTC,2026-09-02 00:00:00+00:00,10.1038/s41557-026-02232-4,Athina Anastasaki,"Chemical recycling back to monomer represents an attractive methodology to tackle plastic waste. However, current reports focus on either thermally unstable ‘designer’ polymers or highly diluted solution depolymerizations. Here we report a simple, yet efficient, bulk main-chain scission pathway, whereby the presence of N-hydroxyphthalimides triggers a hydrogen-atom-transfer reaction on the polymer backbone, followed by the rapid and near-quantitative depolymerization of polymethacrylates. Notably, this strategy can be directly applied to crude commercial polymers, does not rely on preinstalled end-groups or sacrificial co-monomers, operates at relatively low temperatures in the absence of light irradiation and precludes the use of a solvent, therefore enabling direct isolation of pristine monomers in high yields (∼90%). The methodology is compatible with polymethacrylates synthesized by either anionic, free radical or controlled radical polymerization and can also be applied to ultrahigh-molecular-weight materials (>106 Da).",nature_html,0
Palladium-triggered bioorthogonal phenylalanine decaging,https://www.nature.com/articles/s41557-026-02226-2,Nature Chemistry,2026-09-02 00:00:00 UTC,2026-09-02 00:00:00+00:00,10.1038/s41557-026-02226-2,Peng R. Chen,"Phenylalanine (Phe) orchestrates protein interfacial hydrophobicity and π-driven interactions that are critical for diverse biological processes. Its nonpolar architecture, however, precludes traditional heteroatom-dependent reactions, leaving its functional manipulation in living systems unresolved. Here, by systematically evaluating exogenous heteroatom-based (X = O, N, B or I) caging groups under physiological conditions, we present a haloatom-assisted decaging strategy that uses iodine to cage Phe’s side chain. This blockade can be tracelessly rescued through palladium-triggered bioorthogonal decaging. Through precise modulation, the haloatom-assisted decaging strategy enables: unmasking fluorophore activity, directing peptide disassembly, reactivating protein–protein interactions and rewiring cell–cell recognition. Using genetic code expansion, we site-specifically incorporated iodinated Phe into HER2-targeting affibodies for dynamic control of ligand–receptor interaction on the cell surface. Moreover, Phe decaging permits temporally controlled reshaping of antigenic peptide immunogenicity on tumour cells, thereby rewiring tumour–T cell engagement. We further optimized the decaging chemistry in cell lysates as well as inside living cells, which unlocks the possibility of chemically manipulating ubiquitous and functionally critical nonpolar groups in living systems.",nature_html,0
Engineering battery architectures for multifunctionality and high performance,https://www.cell.com/joule/fulltext/S2542-4351(26)00326-0?rss=yes,Joule,2026-09-02 00:00:00 UTC,2026-09-02 00:00:00+00:00,10.1016/j.joule.2026.102642,Hui Wang,"Next-generation batteries increasingly need to do more than store energy. They also must be multifunctional and capable of bending, stretching, or bearing mechanical loads. This review surveys how battery architectures, from fiber-like 1D designs to deformable 2D frameworks and volumetric 3D structures, navigate electro-chemo-mechanical trade-offs among flexibility, energy density, stability, and fabrication feasibility. Unlocking deployable, multifunctional batteries will require moving beyond empirical design toward computationally guided architecture and scalable manufacturing processes that bridge laboratory prototypes to industrial deployment.",rss_cell,0
Aquatic invertebrates contribute substantially to global nutrient supplies,https://www.nature.com/articles/d41586-026-02541-1,Nature,2026-09-02 00:00:00 UTC,2026-09-02 00:00:00+00:00,10.1038/d41586-026-02541-1,,"An analysis of the nutritional content of aquatic invertebrate species suggests that their global production is a rich source of nutrients that are crucial for human health. The work provides a foundation for better recognition of these valuable invertebrate nutrients and incorporate them into conservation, management and policy efforts. Groups such as aquatic molluscs and crustaceans are often overlooked as sources of human nutrition.",openalex,1
Creating bottom-up RNA transfer vehicles from synthetic protein assemblies,https://www.nature.com/articles/s41586-026-10952-3,Nature,2026-09-02 00:00:00 UTC,2026-09-02 00:00:00+00:00,10.1038/s41586-026-10952-3,Wolfgang Wurst,"Evolution guides biological systems to populate ecological niches, with viruses among the most successful examples of this principle. Viruses evolved over billions of years to efficiently transfer genetic information. Although viruses are highly diverse, most have converged towards remarkable similarity in the size and shape of their capsids1,2. By contrast, generative models for protein design enable the creation of protein architectures that are absent from nature3,4,5. Here we investigate whether protein assemblies designed by artificial intelligence can be functionalized to construct nucleic acid transport vehicles that are independent of evolutionary trajectories. By combining natural protein domains with synthetic protein assemblies, we create more than 100 bottom-up RNA transfer vehicles with unique sizes and shapes. These vehicles surpass the RNA transfer efficiency of widely used delivery vehicles by several orders of magnitude. In addition, we demonstrate that their tropism can be programmed by incorporation of computationally designed peptide binders and use them to deliver therapeutically relevant cargo RNAs into a wide range of cellular models. We show the in vivo biodistribution of one of these vehicles in a mouse at near-single-cell resolution, confirm its safety, and use it to perform a gene-editing treatment strategy for Duchenne muscular dystrophy in patient-derived cells and a pig. Our work demonstrates how proteins created by generative artificial intelligence can be harnessed for the rational engineering of RNA transport systems with the desired properties by overcoming the limitations of natural protein diversity.",nature_html,0
Robust inference and correlates from genetic associations with personality,https://www.nature.com/articles/s41586-026-10992-9,Nature,2026-09-02 00:00:00 UTC,2026-09-02 00:00:00+00:00,10.1038/s41586-026-10992-9,Elliot M. Tucker-Drob,"Personality traits describe stable differences in how people think, feel and behave, and how they interact with and experience their social and physical environments1,2. Many questions remain unanswered about associations between DNA and personality traits, such as their robustness, their generalizability and the biological and social pathways through which they act. Here we meta-analyse data across 46 cohorts comprising 611,037 to 1.14 million participants with European-like and African-like genomes for genome-wide association studies (GWAS) of the Big Five personality traits (extraversion, agreeableness, conscientiousness, neuroticism and openness to experience), and data from up to 50,725 participants for within-family GWAS. We identify 1,260 lead genetic variants associated with personality, including 824 novel variants3. Common genetic variants explain a moderate 4.8–9.3% of the variance in measures of each trait, and 9.3–13.3% among instruments with typical measurement reliability. Genetic associations with personality are highly consistent but not identical across geography, reporter (self versus close other), age group and measurement instrument, and we find minimal spousal assortment for personality in recent history. In contrast to many other social and behavioural traits4,5, within-family GWAS and polygenic index analyses indicate that genetic associations with personality are minimally confounded by the shared family environment. Polygenic prediction, genetic correlation and Mendelian randomization analyses indicate that personality traits have widespread, potentially causal associations with consequential behaviours and life outcomes. Overall, we find that the genetic architecture of personality is robustly generalizable, minimally confounded and widely relevant to human experience.",nature_html,0
Thermal effects in perovskite solar cells,https://www.cell.com/joule/fulltext/S2542-4351(26)00327-2?rss=yes,Joule,2026-09-02 00:00:00 UTC,2026-09-02 00:00:00+00:00,10.1016/j.joule.2026.102643,Zhongmin Zhou,"Heat moves through perovskite solar cells like a hidden current, which at first dims performance but is ultimately capable of reshaping the device itself. This perspective maps its origins, consequences, and escape routes, offering a thermal blueprint for solar cells that endure as well as they perform.",rss_cell,0
Late-life semaglutide treatment slows ageing and extends lifespan in female mice,https://www.nature.com/articles/s41586-026-10940-7,Nature,2026-09-02 00:00:00 UTC,2026-09-02 00:00:00+00:00,10.1038/s41586-026-10940-7,Danica Chen,"Pharmacological glucagon-like peptide-1 receptor (GLP-1R) activation reduces food intake and is an effective therapy for type 2 diabetes and obesity1. The use of GLP-1 medicines has revealed pleiotropic beneficial effects beyond glucose and weight control2,3,4,5, but little is known about the underlying basis of the pleiotropic effects. Here, treatment of 20-month-old female C57BL/6 mice with the GLP-1R agonist semaglutide for 3 months improved physiological function, attenuated hallmarks of ageing and modulated nutrient sensors and conserved genetic regulators of ageing. Continued treatment extended mouse lifespan. These effects parallel key features of calorie restriction, a dietary intervention that slows ageing, extends lifespan and alleviates a wide spectrum of ageing-associated diseases6. In a longitudinal study in direct comparison to matched calorie restriction, semaglutide treatment preserved baseline function and recapitulated many functional benefits of calorie restriction by attenuating age-associated decline, while also producing improvements above baseline and more favourable trajectories than calorie restriction in exploratory drive, spatial memory and glucose control. Together, these findings demonstrate that GLP-1R activation initiated late in life slows ageing and extends lifespan in female mice, supporting its function as a calorie restriction mimetic and providing a mechanistic framework that may help to explain its broad beneficial effects while revealing effects beyond those attributable to reduced calorie intake.",nature_html,0
Functional chimeric mRNAs encode proteins in mammalian immunity,https://www.nature.com/articles/s41586-026-10982-x,Nature,2026-09-02 00:00:00 UTC,2026-09-02 00:00:00+00:00,10.1038/s41586-026-10982-x,Ruaidhrí Jackson,"Individual mammalian mRNAs and proteins are typically believed to originate from single genomic loci, with isoform diversity arising through cis-splicing of pre-mRNA. Whether mRNA from distant genes can undergo trans-splicing to generate functionally relevant chimeric transcripts has remained unclear. Here we develop a pipeline combining long-read direct RNA sequencing with non-targeted and targeted validation to identify chimeric transcripts in macrophages. Chromatin conformation capture studies reveal that inflammation induces interchromosomal DNA interactions, positioning parent genes proximally to facilitate the formation of chimeric mRNA. Notably, we identify a protein-coding chimeric mRNA representing a fusion between the pore-forming protein gasdermin D (GSDMD)1,2 and a C-terminal domain translated out of frame from Tmem106a (Gsdmd-Tmem106a) in mice. We show that inflammasome priming upregulates Gsdmd-Tmem106a, with the protein localizing to the plasma membrane. After activation of the inflammasome, GSDMD–TMEM106A directly interacts with canonical GSDMD N termini to accelerate and enhance pore formation and IL-1β release. Finally, we show that GSDMD–TMEM106A balances host defence and immunopathology in vivo: its loss protects against lethal sepsis but compromises antibacterial defence, whereas overexpression enhances host protection while increasing sepsis lethality. We establish that protein-coding chimeric mRNAs formed by regulated transcript fusion events are operative during inflammation and immunity.",nature_html,0
Current therapeutic landscape and future treatment perspectives of MASH,https://www.nature.com/articles/s41586-026-10672-8,Nature,2026-09-02 00:00:00 UTC,2026-09-02 00:00:00+00:00,10.1038/s41586-026-10672-8,Mathias Heikenwalder,"Metabolic dysfunction-associated steatohepatitis (MASH), the progressive form of metabolic dysfunction-associated steatotic liver disease (MASLD), is a heterogeneous and systemic disease that confers risk not only for cirrhosis and hepatocellular carcinoma (HCC) but also for extrahepatic complications including cardiovascular disease and chronic kidney disease. Over the past decade, numerous late-stage clinical trials have advanced the therapeutic landscape of MASH, culminating in a pivotal inflection point with accelerated approval of the thyroid hormone receptor-β (THRβ) agonist resmetirom and the glucagon-like peptide-1 receptor (GLP-1R) agonist semaglutide, establishing pharmacological options for patients with non-cirrhotic MASH and fibrosis. Concurrently, growing evidence indicates that MASH comprises distinct, partially overlapping disease subsets, ranging from liver-centric phenotypes with accelerated fibrogenesis and liver-related outcomes to cardiometabolic phenotypes characterized by insulin resistance and increased cardiovascular risk. This suggests that optimal treatment efficacy will require stratified and potentially combinatorial approaches. In addition to lifestyle interventions, a cornerstone of MASLD management, pharmacotherapies targeting metabolic dysfunction (including PPAR agonists, FGF21 analogues or incretin-based and glucagon-based therapies), fibrogenesis, inflammation and/or the gut–liver axis are emerging. In this Review, we summarize the therapeutic landscape for MASH and discuss how recent advances in disease phenotyping and biomarkers may enable a transition towards personalized therapy.",nature_html,0
Intracellular complement factor H protects neurons during CNS inflammation,https://www.nature.com/articles/s41586-026-10981-y,Nature,2026-09-02 00:00:00 UTC,2026-09-02 00:00:00+00:00,10.1038/s41586-026-10981-y,Manuel A. Friese,"Neurodegeneration is a major driver of disability in multiple sclerosis (MS), the most common chronic inflammatory disease of the central nervous system (CNS)1. Retinal ganglion cells (RGCs), a heterogeneous neuronal population in the eye, undergo degeneration in MS and provide a model to study neuronal subtype-specific resilience to inflammatory injury2. However, the neuron-intrinsic mechanisms underlying differential vulnerability remain unclear. Here we identify a neuroprotective role for intracellular complement factor H (CFH) in neurons. Using single-nucleus RNA-sequencing analysis of RGCs from donors with MS and control individuals, we found that CFH expression was strongly correlated with intrinsic resilience to RGC degeneration. Mechanistically, CFH was induced in retinal and other CNS neurons in response to inflammatory and oxidative stress, where it limited reactive oxygen species accumulation and lipid peroxidation. CFH localized to the endoplasmic reticulum, a major site of lipid peroxidation during neuronal ferroptosis. Its protective activity was dependent on its C-terminal SCR20 domain, was independent of CFH secretion and was preserved in the absence of complement component C3. These findings reveal a non-canonical intracellular function of CFH in neurons. Together, our results identify CFH as a key mediator of neuronal resilience across the CNS in mice and humans and provide mechanistic insight into inflammatory neurodegeneration with implications for MS therapy and neuroprotection more broadly.",nature_html,0
Peruvian ice has preserved a global methane record,https://www.nature.com/articles/d41586-026-02695-y,Nature,2026-09-02 00:00:00 UTC,2026-09-02 00:00:00+00:00,10.1038/d41586-026-02695-y,,"The first record of global methane in the tropics, collected from the summit of the mountain Nevado Huascarán in Peru, fills a crucial gap in historical methane data sets. It improves our understanding of the contribution of tropical sources to the past and current global methane distribution. An ice core from a tropical mountain shows that the equatorial input to methane levels was greater than previously thought.",openalex,1
Dynamic biomass micro–nanofibre framework for entrapment and clearance of gastrointestinal microplastics,https://www.nature.com/articles/s41565-026-02266-2,Nature Nanotechnology,2026-09-02 00:00:00 UTC,2026-09-02 00:00:00+00:00,10.1038/s41565-026-02266-2,Xue Zhou,"Microplastics (MPs) are infiltrating global food systems, where they disseminate systemically, posing unmet health risks as current strategies fail to prevent bioaccumulation. We have engineered an oral alginate–chitin micro–nanofibre framework (Alg-Ch) as a pH-responsive scavenger, which was formed via lyophilization-induced hydrogen bonding and physical entanglement between alginate microfibres and chitin nanofibrous sheets (1:10 ratio). Alg-Ch captured MPs predominantly through two mechanisms: electrostatic adsorption onto a protonated chitin nanonetwork in gastric acid, and physical entrapment by swollen alginate at intestinal pH. It captured 500-nm spherical MPs of varying surface chemistry (polystyrene (PS), PS-COOH, PS-NH2) and composition (polyethylene terephthalate, polymethyl methacrylate), and irregular fragments including PS fibres, polypropylene, and polyethylene, achieving capacities of 816.6 mg g−1 (stomach) and 1114.5 mg g−1 (intestine), and retained >47% efficacy with food. In mice, Alg-Ch reduced colonic MP fluorescence by ∼50% within 2 h and accelerated faecal elimination. A 13-week Alg-Ch intervention restored tight-junction proteins ZO-1, occludin and claudin-5, decreased serum levels of interleukin-6, lipopolysaccharide, tumour necrosis factor and interleukin-1β, and promoted recovery of short-chain fatty acid-producing genera, with no evidence of body-weight loss, organ toxicity or histopathological lesions. This biocompatible platform unifies mechanical sequestration, barrier repair and microbiome rehabilitation, offering a scalable strategy to mitigate the risks of ingested MPs and the global health burden of plastic pollution.",nature_html,0
Probing far-from-equilibrium dynamics of electrical double layers,https://www.nature.com/articles/s41586-026-10986-7,Nature,2026-09-02 00:00:00 UTC,2026-09-02 00:00:00+00:00,10.1038/s41586-026-10986-7,Tao Wang,"Electrified solid–liquid interfaces are central to energy and matter conversion in biological1 and electrochemical systems2,3,4, in which intense local electric fields govern reaction kinetics5,6,7,8,9. Yet, under realistic electrocatalytic conditions involving rapid charge transfer and far-from-equilibrium dynamics, the molecular structure and evolution of the electrical double layer (EDL) remain poorly understood. Classical EDL models, derived under equilibrium and non-reactive conditions, cannot capture the interfacial processes emerging at reactive interfaces10,11,12,13,14,15,16. Here we develop an integrated experimental–computational framework to directly resolve EDL dynamics under the hydrogen evolution reaction (HER). Chemically stable nanostructured Pt film electrodes enable high-sensitivity, time-resolved surface-enhanced infrared absorption spectroscopy (SEIRAS) at increased overpotentials, whereas machine-learning molecular dynamics (MLMD) captures interfacial charge fluctuations and solvent dynamics over nanosecond timescales. This combined approach reveals a nonlinear, two-phase evolution of the inner layer that intensifies the local electric field. Time-resolved spectra further uncover irreversible restructuring of interfacial water during cyclic potential modulation. These findings show that ions and interfacial water respond asynchronously under the condition far from equilibrium, establishing a quantitative molecular framework for understanding electrostatic potential variations, interfacial electrostriction of ions17,18,19, electrolyte effects20,21,22,23,24 and rational electrolyte design for energy conversion technologies.",nature_html,0
Connectome analysis of a cerebellum-like circuit for sensory prediction,https://www.nature.com/articles/s41586-026-10690-6,Nature,2026-09-02 00:00:00 UTC,2026-09-02 00:00:00+00:00,10.1038/s41586-026-10690-6,Nathaniel B. Sawtell,"Many forms of learning, for example, learning a model of the environment or a motor skill, rely on synaptic plasticity that is widely distributed across cell types and network stages. Understanding how this distributed plasticity functions is a central challenge in neuroscience1,2,3,4,5. Here we use connectomics to map the cell types and synaptic connections underlying a form of multi-layer continual learning that cancels predictable sensory responses in a cerebellum-like structure in electric fish6,7. Our analysis shows inhibitory and disinhibitory sensory input pathways that fulfil theoretical requirements for instructing synaptic plasticity8,9, structured synaptic connectivity between network stages that solves a credit assignment problem and structured recurrent connectivity that accelerates sensory prediction and cancellation. A computational model constrained by electrophysiological recordings shows how this synaptic connectivity ensures that multiple sites of plasticity cooperate to overcome their individual limitations, resulting in cancellation that is fast, accurate and robust to noise. Overall, these findings highlight the potential of connectomics, in combination with cell-type-specific physiological recordings and computational modelling, for deciphering learning in neural circuits.",nature_html,0
Blood cells replace the immune cells of the ageing human brain,https://www.nature.com/articles/d41586-026-02694-z,Nature,2026-09-02 00:00:00 UTC,2026-09-02 00:00:00+00:00,10.1038/d41586-026-02694-z,,"At birth, the brain contains its own immune cells, called microglia, that are thought to persist throughout life without being replaced by cells from outside the brain. Studies that trace cell lineage now show that these cells are replaced by circulating immune cells during ageing, revealing a previously unappreciated interaction between the brain and the rest of the body. Mutational analysis shows that cells derived from the bone marrow colonize the human brain during ageing.",openalex,1
Quantum-well metasurface for free-space-accessible enhanced nonlinear polarization,https://www.nature.com/articles/s41565-026-02268-0,Nature Nanotechnology,2026-09-02 00:00:00 UTC,2026-09-02 00:00:00+00:00,10.1038/s41565-026-02268-0,Federico Capasso,"Nonlinear frequency conversion underpins important technologies such as telecommunications and quantum computation; however, weak nonlinearities and architectures that resist miniaturization currently limit devices’ efficiency and widespread adoption. Here we combine a band-structure-engineered GaAs/AlGaAs multi-quantum-well heterostructure with a high-quality-factor dielectric metasurface and symmetry-broken guided-mode field profiles to enhance the material nonlinear susceptibility. By engineering a resonant interband transition in the heterostructure, we realize a second-order nonlinear tensor element of 1.6 nm V−1 at 1.57 μm wavelength. We then make it free-space accessible and boost the effective nonlinearity to ~14 nm V−1 using a metasurface patterned on the material. Our proof-of-concept experiment establishes that combining interband-transition engineering and metasurfaces enables giant effective nonlinearities in the near-infrared to visible spectrum. This addresses material and device-level constraints in nonlinear photonics, providing a scalable route to compact, efficient devices.",nature_html,0
Molecular mechanisms and pathogenesis of MASH,https://www.nature.com/articles/s41586-026-10529-0,Nature,2026-09-02 00:00:00 UTC,2026-09-02 00:00:00+00:00,10.1038/s41586-026-10529-0,Mathias Heikenwalder,"Metabolic dysfunction-associated steatotic liver disease (MASLD), including its progressive form metabolic dysfunction-associated steatohepatitis (MASH), represents the hepatic manifestation of metabolic syndrome and is increasingly recognized as a multi-organ disease. MASLD is now the most prevalent chronic liver disease worldwide and a rising indication for liver transplantation. MASLD incidence continues to increase, driven by sedentary lifestyles, the obesity epidemic and associated pathologies such as type 2 diabetes. MASH is a significant risk factor for fibrosis, cirrhosis and hepatocellular carcinoma (HCC)—a leading cause of cancer-related death. Over the past decade, substantial progress has been made in elucidating the molecular and cellular mechanisms driving MASLD initiation and progression. Key pathogenic processes include insulin resistance, genetic drivers, dysregulated hepatic lipid metabolism, lipotoxicity, adipose tissue dysfunction, immune-mediated inflammation, fibrogenesis and perturbations of the gut–liver axis. Increasingly, these mechanistic insights are informing clinical translation. Genetic risk variants and polygenic risk scores are beginning to enable improved risk stratification for disease progression and HCC. Furthermore, therapeutic strategies targeting defined metabolic pathways are emerging, including approaches that reduce hepatic lipogenesis or modulate mitochondrial metabolism. Here we highlight the state of the art of molecular and cellular mechanisms underlying MASH pathogenesis and its transition to HCC.",nature_html,0
Disentangling cation–polyanion coupling reveals which anion motion dominates cation transport in solid electrolytes,https://www.nature.com/articles/s41467-026-77273-x,Nature Communications,2026-09-02 00:00:00 UTC,2026-09-02 00:00:00+00:00,10.1038/s41467-026-77273-x,Hui Li,"Polyanion dynamics, notably rotation, have long been linked to fast cation transport in solid electrolytes, yet their contribution to ionic conductivity remains unquantified, and even rotation’s role, disputed. Here, we quantify the contributions of polyanion translation, rotation, and vibration to conductivity in plastic crystals by combining a constraint algorithm and machine learning molecular dynamics. Contrary to prior belief that rotation primarily facilitates transport, we reveal that each motion mode can dominate: rotation when its frequency matches the cation hopping frequency, translation at higher rotation frequencies and vibration at lower rotation frequencies. We find that rotation and translation each can enhance conductivity by over two orders of magnitude by inducing cation disorder; rotation can further enhance cooperative cation transport; and polyanion rotation, translation, and vibration all modulate the migration barrier and prefactor. These findings demonstrate that polyanion dynamics are crucial to superionicity and offer design principles for superionic conductors.",nature_html,0
Exploring baryon semileptonic decays through polarization and entanglement,https://www.nature.com/articles/s41586-026-10818-8,Nature,2026-09-02 00:00:00 UTC,2026-09-02 00:00:00+00:00,10.1038/s41586-026-10818-8,J. Zu,"The unitarity of the Cabibbo–Kobayashi–Maskawa (CKM) matrix is a cornerstone of the standard model (SM). Precise tests of this unitarity require independent determinations of its elements, such as |Vus|, which governs the transition between strange and up quarks. Current measurements from kaon and tau decays show tensions that may hint at physics beyond the SM1,2,3. Hyperon semileptonic decays provide alternative probes but have remained largely untapped because previous experiments lacked sufficient kinematic information, making the measurements insensitive to the relevant form factors4. Here we report measurements of the axial-vector and weak-magnetism couplings, as well as the first determinations of the absolute branching fraction and weak-electricity coupling in \Lambda \to {{\rm{pe}}}^{-}{\bar{\nu }}_{{\rm{e}}}, achieved by exploiting the polarization and quantum entanglement of \Lambda \bar{\Lambda } pairs produced at the J/ψ resonance. Combining our results with recent lattice quantum chromodynamics (QCD) calculations5 gives |Vus|LQCD = 0.2339 ± 0.0041, a model-independent determination consistent with CKM unitarity. By pioneering the exploitation of polarization and quantum entanglement in baryon semileptonic decays, our method enhances single-event sensitivity and is broadly applicable to other baryon semileptonic decays, establishing the foundation for a systematic research programme that can achieve precision comparable with that of kaon decays and provide a stringent independent test of the SM.",nature_html,0
Pines grow faster and are more drought resilient in the Southern Hemisphere,https://www.nature.com/articles/s41586-026-10969-8,Nature,2026-09-02 00:00:00 UTC,2026-09-02 00:00:00+00:00,10.1038/s41586-026-10969-8,Ragan M. Callaway,"Drought-induced conifer mortality is a global concern1, yet conifers native to the Northern Hemisphere that have been planted at massive scales in the Southern Hemisphere do not appear to show the same magnitude of growth decline or mortality as in their native ranges. Using a standardized dendrochronological survey at 192 sites across four continents, we find that Northern Hemisphere conifers grow up to four times faster in the Southern Hemisphere and are also more resistant and resilient to drought than conspecifics in native ranges, suggesting that non-native populations respond fundamentally different to abiotic stress. Conifers in non-native ranges had higher concentrations of non-structural carbohydrates, commonly associated with drought tolerance2,3, and lower δ13C values, consistent with lower stomatal limitations on photosynthesis. In sum, higher concentrations of non-structural carbohydrate, lower δ13C values and higher stem growth rates all point towards higher net carbon assimilation by conifers in non-native ranges. This paradoxical combination of high growth rates yet resilience to drought emphasizes the importance of integrating eco-evolutionary history into ecological theory and is relevant for assessing the ultimate role of afforestation as global carbon sinks.",nature_html,0
Designing physics experiments with artificial intelligence,https://www.nature.com/articles/s41586-026-10898-6,Nature,2026-09-02 00:00:00 UTC,2026-09-02 00:00:00+00:00,10.1038/s41586-026-10898-6,Mario Krenn,"Progress in physics has long been driven by ingenious experiments conceived by human experts. Recently, design methods driven by artificial intelligence (AI) have begun to move beyond tuning a handful of parameters to proposing entirely new experimental layouts. The discovered configurations often challenge established design conventions while matching or even exceeding the performance of human-designed set-ups. We frame experimental design as a search for optima over a vast space of hardware configurations subject to practical constraints and organize this Review around four guiding questions: how can we (1) engineer expressive search spaces; (2) build fast and reliable simulators; (3) translate scientific goals into computable objective functions; and (4) develop AI-based exploration methods that can navigate both discrete and continuous design choices. These questions place AI-driven design on a scale from parameter tuning to de novo discovery, and highlight the trade-offs between computational tractability, experimental feasibility, interpretability and solution reliability. Looking ahead, simulators spanning several physics domains, combined with large suites of experimental objectives, could discover unorthodox experimental concepts that are difficult to arrive at with human intuition alone. Ultimately, AI-designed experiments might thereby open new ways to explore the Universe.",nature_html,0
Atmospheric CH4 plateau sustained by NOx emission rise and southward shift,https://www.nature.com/articles/s41586-026-10983-w,Nature,2026-09-02 00:00:00 UTC,2026-09-02 00:00:00+00:00,10.1038/s41586-026-10983-w,Shushi Peng,"Methane exhibits decadal variability in atmospheric growth rates1. During the 1990s, atmospheric methane growth slowed relative to the 1980s, largely attributed to the stabilization or decline in anthropogenic emissions2,3,4,5,6,7. By contrast, economic expansion in the early 2000s (ref. 8) led to an increase in anthropogenic methane emissions9. The anticipated rise in atmospheric methane concentrations, however, was not detected by global monitoring networks1. Instead, almost no atmospheric methane growth was observed between 1999 and 2006 (ref. 1). Several hypotheses have been proposed to explain this methane plateau10,11,12,13, but the underlying causes remain uncertain3. Here we combine model simulations with methane and isotopic observations and attribute the plateau to a 1.4 ± 0.4% hydroxyl radical (OH) increase during 2000–2006 relative to 1999, mostly occurring in the tropics. We find that the tropical OH enhancement was primarily driven by a global rise and spatial redistribution of nitrogen oxides (NOx) emissions towards developing regions and the oceans, spurred by economic growth in tropical countries and increased shipping emissions linked to global trade expansion14,15. These changes led to an amplified global methane loss of 2.2 ± 0.7% during 2000–2006 and 3.7 ± 1.3% in 2006 relative to 1999, with the 2000–2006 enhancement equivalent to 136% [90%, 184%] of the contemporaneous anthropogenic methane emission growth, thereby sustaining the observed methane plateau.",nature_html,0
Biomarkers that predict improved outcomes after perioperative immune-based therapy for lung cancer,https://www.nature.com/articles/d41586-026-02486-5,Nature,2026-09-02 00:00:00 UTC,2026-09-02 00:00:00+00:00,10.1038/d41586-026-02486-5,,"Comprehensive exploratory analyses of biomarkers were done in the phase III CheckMate 77T study of pre- and post-surgical treatment with the immunotherapy nivolumab in individuals with surgically resectable non-small-cell lung cancer. The analyses indicate that pre-surgical clearance of circulating tumour DNA, among other markers, is associated with improved clinical outcomes with nivolumab. Pre-surgical clearance of circulating tumour DNA was associated with benefits when using the immunotherapy nivolumab.",openalex,1
Thickness‐Gated Water and Electron Transport in Near‐Critical Ultrathin Polyethylene Membrane Electrodes,https://advanced.onlinelibrary.wiley.com/doi/10.1002/adma.74297?af=R,Wiley: Advanced Materials: Table of Contents,2026-09-02 04:00:13 UTC,2026-09-02 04:00:13+00:00,10.1002/adma.74297,Qiang Fu,"ABSTRACT
                  Electrochemical systems are constrained by a materials paradox: chemically robust porous separators are typically hydrophobic and electronically insulating, forcing bulky, carbon‐rich interfaces to couple mass transport and electrical contact. Here we show that pushing freestanding porous polyethylene into a near‐critical ultrathin regime turns thickness into a geometric gate, enabling these functions to be switched without chemical modification. Near an inferred lower bound (∼10 nm), a 60 nm membrane already enters this regime: liquid‐entry pressure collapses into a sub‐bar window, enabling aqueous‐electrolyte permeation, while the electrical threshold shifts to sub‐volt soft dielectric breakdown, yielding persistent through‐plane conductivity. The same scaffold enhances nanowire‐matrix coupling via high conformability and real contact area, enabling a binder‐ and carbon‐free ∼300 nm ultrathin membrane electrode. As a stringent liquid‐phase electrochemical validation, this membrane electrode drives selective nitrate‐to‐ammonia electroreduction in flowing alkaline electrolytes with sustained performance. Near‐critical ultrathinness thus emerges as a gateable design dimension for re‐imagining commodity plastics as transmembrane‐active platforms.",crossref,0
1D Plasticity in Semiconductor Crystals,https://advanced.onlinelibrary.wiley.com/doi/10.1002/adma.74898?af=R,Wiley: Advanced Materials: Table of Contents,2026-09-02 05:49:53 UTC,2026-09-02 05:49:53+00:00,10.1002/adma.74898,Tian‐Ran Wei,"ABSTRACT
                  
                    The exceptional plasticity recently found in inorganic semiconductors can be classified into two types: the three‐dimensional (3D) orientation‐insensitive deformability in polycrystals, and the two‐dimensional (2D) anisotropic case in layered crystals. It is thus highly anticipated that one‐dimensional (1D) plasticity should also exist but it has not been found yet. Here this work reports the excellent 1D plasticity in tin selenide (SnSe) semiconductor crystals. In in‐plane directions, the bending strain is as large as ∼22.7% for the zig‐zag‐aligned specimen (plasticity) while as small as ∼1.4% for the armchair‐aligned one (brittleness). Such 1D plasticity is ascribed to the coherent and stronger bond topology along
                    b
                    ‐axis that allows for multiple deformation mechanisms including layer segments, interlayer slip, bridging, lattice distortion, and dislocations. This bonding topology enables that the 1D plasticity is also observed in isostructural SnS and GeSe crystals. High‐performance shape‐conformable thermoelectric generators are then successfully developed using materials with 1D plasticity. This work enriches the diagram for plasticity and thus provides a new direction for the design and discovery of ductile semiconductors.",crossref,0
Self‐Healing and Environmentally Stable Supramolecular Liquid Crystalline Gels for Mechanochromic Optics and Tactile Sensing,https://advanced.onlinelibrary.wiley.com/doi/10.1002/adma.74899?af=R,Wiley: Advanced Materials: Table of Contents,2026-09-02 05:51:52 UTC,2026-09-02 05:51:52+00:00,10.1002/adma.74899,Zhihao Shen,"ABSTRACT
                  Mechanochromic materials hold great promise for applications in anti‐counterfeiting, information encryption, and intelligent sensing. However, existing materials face long‐term challenges in achieving a wide color‐changing range, a robust dynamic network, and environmental adaptability. Herein, we constructed a 3D dynamic cross‐linked network through the synergistic effect of dipole–π and π–π interactions between liquid crystal molecules and acrylate copolymers. The resulting supramolecular liquid crystalline gel (SLCG) exhibited a wide range of interference color changes and excellent mechanical properties through the dissociation of supramolecular interactions. Meanwhile, the well‐designed dynamic network endowed the SLCG with self‐recovery, recycling, and self‐healing abilities. The SLCG can also effectively shield against adverse environmental effects, enabling stable mechanochromic performance across a broad temperature range and underwater. Subsequently, the SLCG can serve as an intelligent platform for applications in information encryption, on‐demand display, and visualized tactile sensing systems. This work paves the way for the development of high‐performance mechanochromic materials and their integration into next‐generation intelligent applications.",crossref,0
Multifunctional Biomimetic Trojan Horse Nanosystem for Remodeling Infected Regenerative Microenvironments in Osteoporotic Bone Defects,https://advanced.onlinelibrary.wiley.com/doi/10.1002/adma.74669?af=R,Wiley: Advanced Materials: Table of Contents,2026-09-02 05:56:37 UTC,2026-09-02 05:56:37+00:00,10.1002/adma.74669,Bo Yuan,"ABSTRACT
                  Infection is the most common complication of osteoporotic fractures, often characterized by bacterial resistance and intracellular infection, posing a major challenge in the treatment of osteoporotic fractures. Here, we developed a multifunctional biomimetic Trojan horse nanosystem based on hydroxyapatite nanotubes (NT‐HA) for microenvironment remodeling. The NT‐HA exhibits a dual‐stage antimicrobial peptide (AMP) delivery strategy, in which surface‐adsorbed AMPs are rapidly released to eliminate extracellular bacteria, while NT‐HA is internalized via endocytosis to release encapsulated AMPs for efficient intracellular bacterial clearance. After releasing AMPs, the NT‐HA can regulate the PI3K‐AKT signaling cascade, promoting the directed osteogenic differentiation of osteoporotic bone marrow mesenchymal stem cells (OBMSCs). In the repair of infected osteoporotic bone defects in vivo, this Trojan horse nanosystem not only enhances bone regeneration by eliminating cellular infections and inducing OBMSCs osteogenesis but also reduces peri‐implant bone loss and strengthens bone strength, ultimately remodeling the regenerative microenvironment to achieve optimal bone defect repair and functional reconstruction.",crossref,0
Revisiting the Closed‐Pore Formation and Interfacial Micro‐Environment Modulation Mechanisms of Polyacrylonitrile‐Derived Carbon Nanofibers Toward Efficient Sodium Storage,https://advanced.onlinelibrary.wiley.com/doi/10.1002/aenm.71523?af=R,Wiley: Advanced Energy Materials: Table of Contents,2026-09-02 06:41:33 UTC,2026-09-02 06:41:33+00:00,10.1002/aenm.71523,Changzhou Yuan,"ABSTRACT
                  Polyacrylonitrile‐based carbon nanofibers (CNFs) are widely regarded as promising sodium‐storage anodes owing to their high carbon yield/axial conductivity and superior mechanical flexibility. Nevertheless, the ambiguous understandings into the temperature‐dependent micro‐structure evolution, particularly the closed‐pore formation over pyrolysis, and the electrolyte induced electrode‐electrolyte interface micro‐environments, along with the involved influence mechanism upon sodium‐storage behaviors should be reasonably clarified. With systematical in(ex)‐situ physicochemical/electrochemical characterizations, it is first established that the optimal pyrolysis temperature of 1400°C combined with a “zipper‐like” point‐line‐plane solid‐phase fusion evolution effectively modulates micro‐structures, endowing the optimized pseudo‐graphitized CNFs film (i.e., GCNFs‐1400) with a synergistic balance among ions transport pathways (interlayer spacing), active storage sites (closed pores), and 3D conductive supporting framework (solid‐phase fusion). Concurrently, compared to the ester‐based electrolyte, the ether‐based electrolyte favors the formation of a thinner, more uniform, and chemically stable solid electrolyte interphase layer. It is the dual‐engineering of both material micro‐structures and interfacial micro‐environment that fully guarantees the competitive sodium‐storage properties of GCNFs‐1400 in terms of ultra‐high initial Coulombic efficiency (96.2%), rate capability, and long‐term stability toward presodiation‐free sodium‐ion batteries and sodium‐ion capacitors. More essentially, our in‐depth insights here provide meaningful guidance for future design of advanced hard carbon anodes toward efficient sodium storage.",crossref,0
Review on Textile Triboelectric Nanogenerators: From Material Design to Self‐Powered Wearable Energy Systems,https://advanced.onlinelibrary.wiley.com/doi/10.1002/aenm.71524?af=R,Wiley: Advanced Energy Materials: Table of Contents,2026-09-02 06:44:13 UTC,2026-09-02 06:44:13+00:00,10.1002/aenm.71524,Hong Yee Low,"ABSTRACT
                  The rapid growth of wearable electronics, smart textiles, and the Internet of Things (IoT) has increased the demand for sustainable, self‐powered energy solutions. Textile‐based triboelectric nanogenerators (T‐TENGs) have emerged as a promising technology by combining efficient mechanical energy harvesting with the flexibility, breathability, stretchability, washability, and wearability of textiles. This review provides a comprehensive overview of recent advances in T‐TENGs, covering the complete design hierarchy from fundamental mechanisms to wearable applications. The operating principles of alternating‐current and emerging direct‐current TENGs, including contact electrification, electrostatic induction, electrostatic breakdown, and tribovoltaic effects, are discussed. Recent progress in triboelectric material engineering, fiber and yarn design, and textile architectures—including woven, knitted, braided, embroidered, multilayer, and 3D structures—is systematically reviewed with emphasis on performance enhancement and scalability. Applications in biomechanical sensing, wearable healthcare, human–machine interaction, smart textiles, and self‐powered wearable systems are summarized, highlighting the distinction between self‐powered sensing and fully autonomous wearable platforms. Finally, key challenges, including low current output, environmental stability, washability, durability, scalable manufacturing, performance standardization, and commercialization, are critically analyzed, and future research directions toward intelligent, fully autonomous, and commercially viable self‐powered wearable systems are outlined.",crossref,0
Interfacial Stress Chemistry in Zinc Anodes for Aqueous Zinc‐Ion Batteries,https://advanced.onlinelibrary.wiley.com/doi/10.1002/aenm.71449?af=R,Wiley: Advanced Energy Materials: Table of Contents,2026-09-02 06:45:11 UTC,2026-09-02 06:45:11+00:00,10.1002/aenm.71449,Junwu Zhu,"ABSTRACT
                  Aqueous zinc‐ion batteries (AZIBs) have emerged as promising candidates for grid‐scale and wearable energy storage applications owing to their intrinsic safety, low cost, and high theoretical capacity of Zn anodes. However, their practical deployment remains severely constrained by the poor reversibility and structural instability of Zn anodes during cycling, which have conventionally been attributed to isolated electrochemical failures, such as dendrite growth and parasitic water‐induced side reactions. Increasing evidence reveals these degradations originate from a self‐amplifying electrochemical‐mechanical coupling process involving interfacial stress evolution. Nevertheless, a unified mechanics‐centered framework for understanding failure mechanisms in AZIBs is still lacking, while the secondary stress effects induced by mainstream modification strategies have been largely overlooked. In this review, we establish a comprehensive electrochemical‐mechanical coupling framework to systematically elucidate the multiple origins of interfacial stress, critically assess state‐of‐the‐art stress characterization techniques, and explicitly uncover the mechanical mismatch and secondary stress effects associated with widely adopted anode modification strategies. Furthermore, we reorganize stress‐regulation strategies according to the mitigation of residual, induced, and crystallization stresses, and discuss the key challenges and forward‐looking research directions, providing fundamental mechanistic insights for rational design of ultra‐stable Zn anodes to advance AZIB commercialization.",crossref,0
Chelation Compensation Strategy for High‐Performance Iron‐Based Redox Flow Batteries,https://advanced.onlinelibrary.wiley.com/doi/10.1002/aenm.71534?af=R,Wiley: Advanced Energy Materials: Table of Contents,2026-09-02 06:46:02 UTC,2026-09-02 06:46:02+00:00,10.1002/aenm.71534,Zhangxing He,"ABSTRACT
                  Iron‐based redox flow batteries (IRFBs) are compelling candidates for cost‐effective grid‐scale energy storage, benefiting from high safety, low cost, and the natural abundance of iron‐based active species. However, heterogeneous interface instability, side reactions, and kinetic deactivation lead to capacity decay and energy efficiency reduction, which limits the long‐term cycle stability of IRFBs. Chelation compensation is employed to regulate metal‐ion redox species through multidentate ligand design. Their coordination environment, solvation structure, and interfacial reactivity are thereby optimized, leading to improved energy efficiency and cycling stability. This review summarizes the major degradation mechanisms of IRFBs and highlights recent progress in chelation‐modified systems constructed with representative chelating functional groups. Particular attention is given to the influence of chelation on heterogeneous interface instability, side reactions, and reaction kinetics. Finally, current challenges and future directions in ligand design, electrolyte compatibility, mechanistic understanding, and practical implementation are discussed, offering guidance for the development of high‐performance chelation‐modified IRFBs for large‐scale energy storage.",crossref,0
"Donor–Acceptor Charge‐Selective Materials for High‐Performance Perovskite Solar Cells: Molecular Design, Structure–Property Correlation and Device Performance",https://advanced.onlinelibrary.wiley.com/doi/10.1002/aenm.71470?af=R,Wiley: Advanced Energy Materials: Table of Contents,2026-09-02 06:47:53 UTC,2026-09-02 06:47:53+00:00,10.1002/aenm.71470,Yang Wang,"ABSTRACT
                  Perovskite solar cells (PSCs) hold significant promise as the next‐generation photovoltaic technology with the certified power conversion efficiency already surpassing 27%. To further enhance device stability to meet industrial demands, it is crucial to develop high‐performance charge‐selective materials (CSMs) as they profoundly affect interfacial charge carrier dynamics and the stability of interface structure. Conventional organic CSMs often employ building blocks with a single electronic effect (e.g., using electron‐donating units to construct hole‐selective materials (HSMs) and electron‐withdrawing groups to develop electron‐selective materials (ESMs)), which usually face the dilemma that high charge transport ability, superior film morphology, and strong interfacial functionality cannot be achieved simultaneously. In contrast, donor(D)–acceptor(A) CSMs allow more precise tuning of molecular structure, aggregation behavior, electronic properties, and interfacial functionalities, thus providing an ideal design platform for exploration of efficient CSMs. Therefore, this review timely summarizes the progress of D–A type CSMs, covering both HSMs and ESMs. Specifically, we will deeply explore the relationships between molecular structures and material properties, as well as their effects on device performance and stability. Finally, future research directions in material design are proposed to advance the industrialization of PSCs.",crossref,0
Estimating the carcinogenesis timelines in early-onset versus late-onset cancers and changes across birth cohorts,https://www.science.org/doi/abs/10.1126/sciadv.aec2357?af=R,AAAS: Science Advances: Table of Contents,2026-09-02 07:00:00 UTC,2026-09-02 07:00:00+00:00,10.1126/sciadv.aec2357,Wan Yang,"Understanding when key mutations occur in cancer is critical for prevention and detection, especially for early-onset cancers that have risen in recent years. Yet, intermediate mutational steps remain difficult to observe. Here, we extend a tumor kinetic model and combine it with long-term cancer registry data to estimate mutational timelines. Using differential equation systems to represent sequential carcinogenic stages and a convolution-based method, we derive and estimate the expected ages of mutational transitions for breast, colorectal, and thyroid cancers. Model results suggest early-life initiations across all cancers. Malignant transitions occur ∼10 years earlier in early- vs late-onset breast and colorectal cancers (late 30s versus late 40s to 50s), while thyroid cancer shows similarly early transitions (late 20s) regardless of onset age. Across cohorts (1950–1954, 1965–1969, and 1980–1984), more recent cohorts show accelerated progression and earlier malignancy. These findings can inform early-onset cancer etiologic studies and intervention strategies.",crossref,0
Defective EV-mediated transport of SHH alters neural fate specification in EPM1 epilepsy,https://www.science.org/doi/abs/10.1126/sciadv.adu3955?af=R,AAAS: Science Advances: Table of Contents,2026-09-02 07:00:00 UTC,2026-09-02 07:00:00+00:00,10.1126/sciadv.adu3955,Silvia Cappello,"The extracellular milieu, including extracellular vesicles (EVs), plays a pivotal role in brain development. In this study, we sought to elucidate the pathogenesis of progressive myoclonus epilepsy type 1 (EPM1), a disease caused by mutations in the
                    CSTB
                    gene, using cerebral organoids (COs) derived from patient cells. The results demonstrate that EPM1 COs display increased electrophysiological activity and disrupted excitatory/inhibitory (E/I) balance. Single-cell RNA sequencing analysis of ventral EPM1-COs revealed an abnormal specification of progenitor fate, with a shift toward dorsal neuron identities. We demonstrated that this misspecification is driven by a functional alteration of the ventral signaling niche, resulting from impaired EV dynamics and altered protein cargo. Mechanistically, we identified Sonic Hedgehog (SHH) as a direct physical interactor of CSTB and demonstrated that CSTB deficiency leads to reduced SHH content and secretion. Our findings establish CSTB as a safeguard of ventral patterning and identify the CSTB-SHH-EV axis as a potential therapeutic target for mitigating the E/I imbalance associated with EPM1.",crossref,0
Critical role for the TGF-β1/mTORC1 signaling axis in defining the transcriptional identity of CTHRC1+ pathologic fibroblasts,https://www.science.org/doi/abs/10.1126/sciadv.adx9868?af=R,AAAS: Science Advances: Table of Contents,2026-09-02 07:00:00 UTC,2026-09-02 07:00:00+00:00,10.1126/sciadv.adx9868,Rachel C. Chambers,"Fibrosis, marked by excess extracellular matrix (ECM) deposition, is the end stage of many diseases. Single-cell studies have highlighted the emergence of disease-specific fibroblast populations, including a high collagen–synthesizing
                    
                      CTHRC1
                      +
                    
                    subpopulation. The profibrotic cytokine TGF-β1 promotes fibrogenesis via cooperation between Smad and mTORC1/4E-BP1 signaling axes. Using CRISPR-Cas9 gene editing, we report that more than one-third of TGF-β1–regulated matrisome genes are under mTORC1 control. Mapping the transcriptome of TGF-β1–stimulated fibroblasts revealed similarity to
                    
                      CTHRC1
                      +
                    
                    fibroblasts identified in idiopathic pulmonary fibrosis (IPF). This overlap is lost when mTORC1 is disabled. Using the selective mTORC1 inhibitor RMC-5552, we confirm a causal role for mTORC1 in promoting the acquisition of the collagen-high,
                    
                      CTHRC1
                      +
                    
                    phenotype in response to TGF-β1 stimulation in fibroblasts derived from patients with either IPF or lung adenocarcinoma. We conclude that mTORC1 plays a key role in shaping the transcriptional identity of these fibroblasts, with implications for therapeutic inhibition of mTORC1 in fibrosis and cancer.",crossref,0
Enhanced carbon loss in the Southern Ocean under mitigation scenarios,https://www.science.org/doi/abs/10.1126/sciadv.aee9228?af=R,AAAS: Science Advances: Table of Contents,2026-09-02 07:00:00 UTC,2026-09-02 07:00:00+00:00,10.1126/sciadv.aee9228,Jörg Schwinger,"The Southern Ocean (SO) plays a pivotal role in the global carbon cycle by absorbing anthropogenic carbon dioxide (CO
                    2
                    ). Yet, it remains uncertain whether this role will persist under future mitigation efforts. Using idealized emission-driven simulations with the Community Earth System Model version 2 (CESM2), we find that the SO transitions from net CO
                    2
                    sink to a substantial source during zero- and negative-emission phases. This outgassing stems from a persistent regional increase in sea surface temperature and a globally uniform decline in surface alkalinity. Together, these changes maintain elevated oceanic partial pressure of CO
                    2
                    (
                    
                      
                        
                          
                            P
                            co
                          
                          2
                        
                      
                    
                    ) despite decreasing atmospheric CO
                    2
                    , reversing the air-sea
                    
                      
                        
                          
                            
                              P
                              co
                            
                            2
                          
                        
                      
                    
                    gradient (
                    
                      
                        
                          
                            
                              d
                              P
                              co
                            
                            2
                          
                        
                      
                    
                    ). Moreover, the SO exhibits a high climatological gas-transfer coefficient, primarily driven by the region’s strong wind speeds and high CO
                    2
                    solubility, which amplifies the
                    
                      
                        
                          
                            
                              d
                              P
                              co
                            
                            2
                          
                        
                      
                    
                    -driven flux and enhances CO
                    2
                    outgassing. These results indicate that the present-day SO CO
                    2
                    sink may lose its effectiveness during climate mitigation, emphasizing the need to consider regional feedbacks for long-term climate policy effectiveness.",crossref,0
A decagon wave around Saturn’s south pole,https://www.science.org/doi/abs/10.1126/sciadv.aee4251?af=R,AAAS: Science Advances: Table of Contents,2026-09-02 07:00:00 UTC,2026-09-02 07:00:00+00:00,10.1126/sciadv.aee4251,Itziar Garate-Lopez,"Saturn has a unique long-lived, nearly stationary hexagon wave close to its north pole that is coupled to an intense eastward jet. Despite decades of observation, no similar wave has been reported so far in the southern hemisphere or elsewhere on Saturn. Ground-based and Hubble Space Telescope (HST) images obtained in 2025 revealed the presence of a decagonal wave at planetographic latitudes ∼58°S to 63°S. HST images in 2023 and 2024 showed vertices with weaker albedo contrasts and linear sides of the decagon, implying an evolving phenomenon. The decagon moves eastward with a velocity of 2.5 meters per second, much slower than the zonal jet at 60.5°S with 116 meters per second, and the longitudes of its vertices oscillate with a period of 32 days and amplitudes of 4.6° to 8.4°. From its properties, the decagon could be a large-scale meandering wave trapped vertically and confined meridionally by the dominant jet curvature. Shallow water model simulations suggest that the decagon may have originated from a spatially periodic disturbance in the jet peak or may have been driven by a dark anticyclonic vortex immediately to the north.",crossref,0
A single-point mutation in TRPA1 drives heat resilience in oviparous embryos,https://www.science.org/doi/abs/10.1126/sciadv.aee3948?af=R,AAAS: Science Advances: Table of Contents,2026-09-02 07:00:00 UTC,2026-09-02 07:00:00+00:00,10.1126/sciadv.aee3948,Wei-Guo Du,"The molecular basis for species-specific thermal adaptation in vertebrate sensory systems is not well understood. We show that a single–amino-acid change in the pore domain of ion channel transient receptor potential ankyrin 1 (TRPA1) during the synapsid-diapsid split rewired its heat sensitivity. Many oviparous vertebrates retaining the ancestral residue display TRPA1 heat activation, protecting embryonic development under high temperatures, whereas selection for an aspartate in mammals reduced thermal responsiveness. Blocking heat-activated TRPA1 in oviparous embryos impaired dorsal-root-ganglion axon growth, disrupted myelination, and caused limb weakness at hatching. Mechanistically, TRPA1-mediated Ca
                    2+
                    influx triggers nuclear translocation of SP1, activating
                    CADM1
                    and
                    MDGA1
                    . Together, these results uncover an unexpected developmental role of TRPA1 in heat resilience, linking a single mutational event to embryonic survival under thermal stress and highlighting ion-channel evolution in adaptation.",crossref,0
Moon’s farside near-zero paleomagnetic field suggests a global lunar dynamo cessation,https://www.science.org/doi/abs/10.1126/sciadv.adz6195?af=R,AAAS: Science Advances: Table of Contents,2026-09-02 07:00:00 UTC,2026-09-02 07:00:00+00:00,10.1126/sciadv.adz6195,Jiabo Liu,"Recent paleomagnetic studies of Apollo and Chang’e returned samples suggest that the lunar dynamo was active from ∼4.2 billion years ago (Ga) and ceased by ∼1.0 Ga. However, uncertainties remain regarding the temporal and spatial distribution of the lunar paleomagnetic field, as almost all of the returned samples are from the nearside, except for those returned by Chang’e-6. Here, we present the first paleomagnetic analysis of a lunar meteorite, Northwest Africa 15528, which is a feldspathic regolith breccia likely from the farside of the Moon. Our results not only indicate that it recorded a near-zero magnetic field (below a few hundred nanoteslas) at ∼0.7 Ga but also show that lunar meteorites can provide critical paleomagnetic information. Combined with two young Apollo samples from the nearside, Apollo 15015 (formed at ∼0.9 Ga) and Apollo 15465 (formed at ∼0.5 Ga), our findings suggest the absence of a global dynamo-generated lunar magnetic field for the past one billion years.",crossref,0
Mechanical cues of an interpenetrating polysaccharide matrix regulate self-assembly of collagen fibers,https://www.science.org/doi/abs/10.1126/sciadv.aee3256?af=R,AAAS: Science Advances: Table of Contents,2026-09-02 07:00:00 UTC,2026-09-02 07:00:00+00:00,10.1126/sciadv.aee3256,Kyle H. Vining,"Collagen molecules self-assemble into supramolecular fibers within a molecularly crowded, polysaccharide-rich extracellular matrix (ECM) that has fluid-like, viscoelastic properties. Here, we determine that the viscoelasticity of alginate networks regulates the assembly of type I collagen fibers. The viscoelasticity and shear moduli of the alginate network were tuned by the polymer weight percentage and degree of cooperative ionic and covalent norbornene-tetrazine cross-linking. Stepwise shear strain applied to covalently cross-linked hydrogels generated higher stress than in ionic hydrogels. Hydrogels with reduced viscoelasticity also showed reduced water permeability. Second-harmonic generation confocal imaging revealed that decreasing viscoelasticity significantly suppressed collagen fiber self-assembly. Simulations demonstrated mechanical coupling between the hydrogel network and the aggregate size of collagen molecules, which was consistent with experimental results showing impaired rate and magnitude of self-assembly in covalently cross-linked networks. These results provide a framework for understanding how ECM mechanical properties can influence the assembly and organization of fibrillar macromolecules.",crossref,0
Lenacapavir allosterically remodels the HIV-1 capsid,https://www.science.org/doi/abs/10.1126/sciadv.aed8384?af=R,AAAS: Science Advances: Table of Contents,2026-09-02 07:00:00 UTC,2026-09-02 07:00:00+00:00,10.1126/sciadv.aed8384,Owen Pornillos,"Lenacapavir (LEN) is a highly potent, long-acting capsid inhibitor that holds exceptional promise for treatment and prevention of HIV-1 infection. LEN causes the mature viral capsid to rupture and lose integrity, but the underlying mechanism has been unclear. Here, we show that LEN is an allosteric modulator of HIV-1 capsid structure that fractures the capsid’s fullerene cone architecture in two steps: initially by rupturing at high-curvature declinations, followed by fissuring of the capsid body. At the molecular level, LEN alters the noncovalent bonding interactions between capsid subunits and reduces local lattice curvature. We propose a stress-strain model to rationalize how LEN remodels HIV-1 capsid structure and thereby impairs the replication capacity of the virus.",crossref,0
Electrical control of induced magnetism in an air-stable two-dimensional semiconductor,https://www.science.org/doi/abs/10.1126/sciadv.aeb0659?af=R,AAAS: Science Advances: Table of Contents,2026-09-02 07:00:00 UTC,2026-09-02 07:00:00+00:00,10.1126/sciadv.aeb0659,Ahmet Avsar,"Dilute magnetic semiconductors (DMSs) provide a platform for electrically controlling spin interactions; however, conventional systems face limited gate tunability and structural disorder. Here, we demonstrate gate-switchable magnetism in air-stable, dilute Fe-doped PtSe
                    2
                    , a two-dimensional (2D) DMS that remains structurally homogeneous down to the atomically thin limit. Bulk crystals exhibit ferromagnetism with a Curie temperature of 320 kelvin, and this coupling persists in metallic devices down to seven layers. As thickness and carrier concentration further decrease, the system transitions to antiferromagnetic order, with a gate-tunable Néel temperature reaching 105 kelvin in five-layer semiconducting devices. Our first-principles calculations reveal a carrier-density–dependent crossover from Ruderman-Kittel-Kasuya-Yosida–mediated ferromagnetism to superexchange-driven antiferromagnetism. These findings demonstrate how induced magnetic order evolves from bulk to the 2D limit, providing a pathway to functional spintronic devices with electrically controlled magnetic states.",crossref,0
Combinatorial action of regulatory systems generates colistin heteroresistance,https://www.science.org/doi/abs/10.1126/sciadv.aec7052?af=R,AAAS: Science Advances: Table of Contents,2026-09-02 07:00:00 UTC,2026-09-02 07:00:00+00:00,10.1126/sciadv.aec7052,David S. Weiss,"The mechanism by which phenotypic heterogeneity is generated within a bacterial population and leads to colistin heteroresistance has been unclear. Heteroresistance is a form of antibiotic resistance in which a minor subpopulation of resistant cells coexists with a majority susceptible population. Colistin heteroresistance is common among
                    Enterobacter
                    isolates, threatens its utility as a therapeutic, and has become a model to study the fundamental bases of heteroresistance. Here, we identify the sigma factor σ
                    E
                    as the source of heterogeneity in colistin resistance. Single-cell tracking revealed that σ
                    E
                    is active in 1% of the population, and only those cells survive colistin exposure. However, σ
                    E
                    expression and heterogeneity were insufficient for survival, as a mutant lacking the PhoPQ system controlling lipid A modifications necessary for colistin resistance retained heterogeneity but lost resistance. These findings lead to a paradigm in heteroresistance; the combinatorial action of regulatory systems, encompassing a heterogeneity generator and a distinct resistance generator, gives rise to colistin heteroresistance.",crossref,0
Delayed submarine caldera subsidence creates extreme tsunami hazard,https://www.science.org/doi/abs/10.1126/sciadv.aed4934?af=R,AAAS: Science Advances: Table of Contents,2026-09-02 07:00:00 UTC,2026-09-02 07:00:00+00:00,10.1126/sciadv.aed4934,Sung-Hyun Park,"The 2022 Hunga volcano eruption generated one of the largest and most destructive volcanic tsunamis ever recorded. We interpret the timing, nature and relative hazard of volcanic-tsunamigenic processes by combining geophysical, oceanographic, atmospheric, and eye-witness observations of this event. Hydro-acoustic signal (
                    T
                    waves) detected on seismic stations up to 2600 km away provided a key to discerning tsunami triggers from explosions, volcanic mass flows, and caldera subsidence. The largest tsunami was generated by the first of at least two sudden caldera-subsidence events. This occurred 1 hour after globally detected explosions that produced smaller tsunami. Our results provide rare insights into the rates of caldera subsidence and highlight the complex multiple sources of tsunamis resulting from eruptions of oceanic volcanoes.",crossref,0
Intra-cluster receptor density (IRD): A molecular switch for TNFR1 clusters’ signaling,https://www.science.org/doi/abs/10.1126/sciadv.aed3734?af=R,AAAS: Science Advances: Table of Contents,2026-09-02 07:00:00 UTC,2026-09-02 07:00:00+00:00,10.1126/sciadv.aed3734,Deepak Kumar Sinha,"Tumor necrosis factor receptor 1 (TNFR1) signaling regulates cell fate in inflammation, immune responses, and tumorigenesis. While TNF-α–mediated TNFR1 pathways are well known, the role of receptor clustering remains unclear. Utilizing homo-FRET using fluorescence anisotropy, we show that intra-cluster receptor density (IRD) governs TNFR1 signaling outcomes. Soluble TNF-α (sTNF-α) increases IRD at cluster cores but decreases it at rims via receptor reorganization. Reducing IRD through membrane tension, zafirlukast, actin depolymerization, or cholesterol depletion suppresses sTNF-α signaling, whereas increasing IRD by lowering membrane tension or exposing cells in a 3D gel-like microenvironment triggers ligand-independent activation. These findings reveal IRD as a key regulator of receptor signaling, with potential relevance across related receptor families and innovative strategies in modulating TNFR1 signaling.",crossref,0
A male-biased hypothalamic circuit modulates postmating sleep suppression in mice,https://www.science.org/doi/abs/10.1126/sciadv.aeb6839?af=R,AAAS: Science Advances: Table of Contents,2026-09-02 07:00:00 UTC,2026-09-02 07:00:00+00:00,10.1126/sciadv.aeb6839,Zhe Zhang,"Many species display mating-related sleep suppression to maximize reproductive success, yet the underlying neural mechanisms in mammals remain unclear. Here, we report that male mice exhibit delayed sleep onset and reduced sleep duration in periods following successful mating, while females are unaffected. Single-cell transcriptomics identifies a group of sleep-promoting Rxfp1-expressing neurons in the preoptic area of hypothalamus (POA
                    Rxfp1
                    neurons), and fiber photometry reveals selective inhibition of them during and after mating in male mice. Lifting this inhibition via chemogenetic activation reverses sleep suppression in mated males. Monosynaptic retrograde tracing from these POA
                    Rxfp1
                    neurons identifies male-biased γ-aminobutyric acid–releasing inputs from the principal nucleus of the bed nucleus of the stria terminalis (BNSTpr). Notably, optogenetic activation of these neurons induces immediate wakefulness specifically in male mice, and BNSTpr → POA
                    Rxfp1
                    neurons are hyperactive after mating. Together, these findings establish a BNSTpr → POA
                    Rxfp1
                    circuit that integrates reproductive signals for male-specific sleep suppression in mice.",crossref,0
Activation of transposable elements is linked to a region- and cell type–specific interferon response in Parkinson’s disease,https://www.science.org/doi/abs/10.1126/sciadv.aed2952?af=R,AAAS: Science Advances: Table of Contents,2026-09-02 07:00:00 UTC,2026-09-02 07:00:00+00:00,10.1126/sciadv.aed2952,Johan Jakobsson,"Parkinson’s disease (PD) is a neurodegenerative disorder involving a neuroinflammatory response, the cause of which remains unclear. Transposable elements (TEs) have been linked to inflammation, but their potential role in PD remains unexplored. Using bulk- and single-nuclei RNA-seq of postmortem brain tissue from four brain regions, we studied TE transcription and its correlation with PD neuroinflammation. Over a thousand TEs, including LINE-1 s and ERVs, were expressed in a cell type– and region-specific manner in the human brain. Increased TE expression was found in microglia and neurons in the substantia nigra and putamen of PD brains, but not amygdala or prefrontal cortex, compared to controls. This TE activation correlated with an innate immune response in the same brain regions. The link between an interferon response and TE activation was mechanistically confirmed using human pluripotent stem cell–derived microglia and neurons. Our findings provide insights into TE transcription in the PD brain and suggest that TEs may contribute to neuroinflammation and pathological progression in PD.",crossref,0
A newly established reverse genetic system for a circular RNA virus reveals new requirements for infection and its biocontrol potential,https://www.science.org/doi/abs/10.1126/sciadv.aed1511?af=R,AAAS: Science Advances: Table of Contents,2026-09-02 07:00:00 UTC,2026-09-02 07:00:00+00:00,10.1126/sciadv.aed1511,Massimo Turina,"Ambiviruses are fungal-infecting circular RNA viruses that uniquely combine viroid-like and viral features, yet the function of their conserved ORF-B protein and their effects on hosts remain unknown, hindered by the lack of a reverse genetics system. Here, we constructed the first infectious cDNA clone of an ambivirus, Fusarium graminearum ambivirus 1 (FgAV1), using a head-to-tail dimer placed downstream of a fungal promoter. FgAV1 was horizontally transmitted via hyphal anastomosis to virus-free
                    Fusarium graminearum
                    strains. Notably, a reverse-oriented dimer construct was also infectious and transmissible. Targeted mutagenesis revealed that both ORF-A- and ORF-B-encoded proteins and the presence of embedded ribozymes are indispensable for ambivirus replication. Our results further demonstrate that FgAV1 infection triggers a fungal RNAi response, extending the antiviral role of host sRNAs to circular RNA viruses. Furthermore, FgAV1 infection suppressed fungal growth and significantly reduced the virulence of
                    F. graminearum
                    on wheat. These findings provide novel insights into ambivirus replication and their potential in fungal pathogen biocontrol.",crossref,0
Self-adaptive and configurable transfer printing of flexible electronics via rheology of liquid foam,https://www.science.org/doi/abs/10.1126/sciadv.aee2721?af=R,AAAS: Science Advances: Table of Contents,2026-09-02 07:00:00 UTC,2026-09-02 07:00:00+00:00,10.1126/sciadv.aee2721,Junshan Liu,"Flexible electronics (FEs) have the potential to endow objects with the virtues and functionalities of electronics. The key is transferring manufactured FEs from original rigid substrates and printing onto targets. However, existing transfer printing accommodates limited circumstances due to immutable mechanical properties of either solid or liquid stamps. Here, a self-adaptive, configurable transfer printing method is developed based on the unique rheology of liquid foam that enables integration of ultrathin FEs onto arbitrary surfaces conformally, three-dimensionally and non-invasively. The liquid foam exhibits adaptive mechanical properties between solid and liquid, converting among elastic, plastic and dynamic behaviors spontaneously. We demonstrate liquid foam can support FEs with shape maintained prepared with no defect, transform FEs to irregular topographies in a stress-free manner, and extend the reach of FEs to inner surfaces of semi-closed objects i.e., cranial cavity, which were barely feasible before. This approach overcomes key bottlenecks of current technologies and opens numerous opportunities for FEs in wearables and brain-computer interfaces.",crossref,0
Sea nettle jellyfish venom targets proteoglycans to cause cell death and pain,https://www.science.org/doi/abs/10.1126/sciadv.aec7585?af=R,AAAS: Science Advances: Table of Contents,2026-09-02 07:00:00 UTC,2026-09-02 07:00:00+00:00,10.1126/sciadv.aec7585,G. Gregory Neely,"Sea nettle jellyfish cause millions of painful stings annually with little known about how their venom works and no rational treatments available. Here, we perform a systematic analysis of sea nettle venom/host interactions. The venom shows dose-dependent cytotoxic activity in human cells, and this can be blocked by dual inhibition of apoptosis and necroptosis. Using whole-genome CRISPR screening, we identified human genes and pathways that modify venom action. The top gene cluster identified regulates proteoglycan biosynthesis. We show that exogenous heparin, a drug used clinically as an anticoagulant, blocks venom cytotoxicity at a physiologically relevant dose. This effect was therapeutic, inhibiting venom even 1 hour after exposure. In vivo, heparin protected against acute spontaneous pain, thermal hyperalgesia, and mechanical allodynia induced by venom. This provides the exciting possibility of repurposing heparin, a safe, commercially available drug, as a prophylactic or therapeutic to reduce the impact of sea nettle stings.",crossref,0
Complex effects of sex reversal on reproductive success in wild frogs,https://www.science.org/doi/abs/10.1126/sciadv.aeg3488?af=R,AAAS: Science Advances: Table of Contents,2026-09-02 07:00:00 UTC,2026-09-02 07:00:00+00:00,10.1126/sciadv.aeg3488,Edina Nemesházi,"Sex reversal, when the environment overrides genotypic sex determination, may hasten or delay climate-driven extinction in ectothermic animals, depending on sex-reversed individuals’ reproductive ability and offspring viability. Empirically, next to nothing is known about these traits in natural populations. Here, we present a comprehensive dataset of wild frogs to compare sex-reversed and sex-concordant males for fertility, attractiveness to females, intrasexual competitiveness, and offspring survival in various environments. We demonstrate uncompromised potential of sex-reversed males to mate and produce viable offspring, which are all genotypic females but have increased sex-reversal propensity. However, sex-reversed males realize reduced paternity in natural populations, possibly due to cryptic female choice. Furthermore, offspring of sex-reversed sires exhibit increased vulnerability to viral infection after heat stress. Our theoretical model predicts that these handicaps of sex-reversed males compromise their ability to compensate by producing female offspring for climate-driven male bias in phenotypic sex ratios, which reduces population viability. Therefore, sex reversal exacerbates the biodiversity consequences of environmental change.",crossref,0
Human cortical networks trade communication efficiency for computational reliability,https://www.science.org/doi/abs/10.1126/sciadv.aef2894?af=R,AAAS: Science Advances: Table of Contents,2026-09-02 07:00:00 UTC,2026-09-02 07:00:00+00:00,10.1126/sciadv.aef2894,Duncan Astle,"Brains are often described as cost-efficient communication networks that optimally balance long-connection costs against fast communication. Inspired by the “use it or lose it” principle, we present a game-theoretic model of self-organizing neural units showing the brain is suboptimal in both regards. Regional competition for connectivity under propagative dynamics yields networks resembling the human cortex yet more efficient and economical. In addition, using a reservoir computing framework, we find comparable information processing capacity, but synthetic optimal communication networks show lower computational reliability. Last, virtual lesions reveal why these networks are fragile: To optimize communication, they funnel information through a spatially clustered “oligarchy” of transmodal hubs. The human brain instead uses a distributed “rich-club” backbone that better resists targeted attacks, despite higher wiring costs and less efficient communication. Cortical networks thus trade both cost and efficiency for reliable computation, highlighting computational reliability as an overlooked and perhaps even more prominent driver of brain connectivity than wiring cost or communication efficiency.",crossref,0
Abrupt declines in fish productivity often precede stock collapses in marine fisheries,https://www.science.org/doi/abs/10.1126/sciadv.aed7911?af=R,AAAS: Science Advances: Table of Contents,2026-09-02 07:00:00 UTC,2026-09-02 07:00:00+00:00,10.1126/sciadv.aed7911,Vasilis Dakos,"Marine life is under multiple pressures, including climate change and overfishing, which can threaten fishery sustainability especially when it results in large, abrupt, and persistent shifts in fish productivity. Reports of abrupt shifts in marine systems are not uncommon, but a global assessment of their occurrence and drivers is seriously lacking. Here, we systematically classified the temporal dynamics of fish stock productivity from agency-assessed fisheries worldwide. We detected productivity abrupt shift in more than a quarter of the 315 fish stocks analyzed. Abrupt declines were markedly overrepresented in marine regions with highest warming rates, while abrupt increases were more likely under lower fishing intensity. We also demonstrate that abrupt productivity declines preceded stock collapses by about a decade in a quarter of the stocks that shifted. Overall, our results highlight the importance of considering productivity abrupt shifts to prevent an increasing risk of fish population collapse in warming oceans.",crossref,0
Restoring pre-osteoarthritis cartilage matrix integrity via Col9 mRNA halts osteoarthritis progression,https://www.science.org/doi/abs/10.1126/sciadv.aef9739?af=R,AAAS: Science Advances: Table of Contents,2026-09-02 07:00:00 UTC,2026-09-02 07:00:00+00:00,10.1126/sciadv.aef9739,Keiji Itaka,"Osteoarthritis (OA) is a prevalent degenerative joint disease characterized by the progressive breakdown of cartilage. Here, we sought to define a pre-osteoarthritis (pre-OA) state using nanoindentation-based mechanical testing and evaluation of collagen organization in cartilage matrix. The reductions in elastic modulus and impaired viscoelasticity preceded any overt histological degeneration. This mechanical dysfunction was primarily driven by early disorganization of type II collagen, occurring before substantial depletion of cartilage components. We subsequently identified type IX collagen (Col IX), which played a critical role at the pre-OA stage. Intra-articular administration of
                    Col9
                    mRNAs delivered by polymer-based nanomicelle restored pre-OA cartilage to a healthy, native-like collagen network architecture and preserved cartilage mechanical integrity, ultimately halting OA progression in the rat model. These findings identify viscoelastic dysfunction as an early biomechanical hallmark of pre-OA cartilage and establish
                    Col9
                    mRNA as a potential anti-OA drug to prevent its onset. Together, these results provide a translatable framework in which quantitative mechanical-ultrastructural metrics guide ultra-early, presymptomatic intervention for degenerative diseases.",crossref,0
Shallow creep and confined ruptures in frictionally unstable mica schist,https://www.science.org/doi/abs/10.1126/sciadv.aef6076?af=R,AAAS: Science Advances: Table of Contents,2026-09-02 07:00:00 UTC,2026-09-02 07:00:00+00:00,10.1126/sciadv.aef6076,Cengiz Zabcı,"Crustal faults across geological settings are often enriched in phyllosilicates because of the hydrothermal alteration of wall rocks. The frictional behavior of these altered rocks at mid-crustal conditions remains poorly understood. Here, we show that mica-schist gouge under crustal hydrothermal conditions can host mixed behavior promoting shallow aseismic creep and confined seismic ruptures. We conduct triaxial deformation experiments on natural samples from the East Anatolian Fault, Turkey, and simulate the resulting dynamics on the Pütürge segment during seismic cycles using a physical model of rock friction and a realistic thermal structure. Mica schist exhibits potentially unstable weakening between 300° and 400°C, promoting depth-confined earthquakes. The frictional properties of mica schist are compatible with the 2020 moment magnitude (
                    M
                    w
                    ) 6.8 Elazığ earthquake and the northern rupture arrest of the 2023
                    M
                    w
                    7.8 Kahramanmaraş event, illustrating how the thermal and lithological structure affects rupture style and segmentation.",crossref,0
Three thousand five hundred years of sheeppox virus evolution inferred from archaeological and codicological genomes,https://www.science.org/doi/abs/10.1126/sciadv.aeh3571?af=R,AAAS: Science Advances: Table of Contents,2026-09-02 07:00:00 UTC,2026-09-02 07:00:00+00:00,10.1126/sciadv.aeh3571,Kevin G. Daly,"Sheeppox virus (SPPV) is a major livestock pathogen causing economic hardship through reduced production and death of vulnerable sheep, with written descriptions of sheeppox-like disease recorded since antiquity. We report 21 novel ancient SPPV genomes spanning the Eurasian steppe Bronze Age (∼1700 BCE) to the Early Modern period in Western Europe, including multiple genomes obtained from medieval parchment. We estimate that major capripoxvirus lineages diverged ∼11,500 to 3700 years ago, overlapping known translocations and bio-cultural developments in sheep. Our dataset supports SPPV diverging first within the lineage leading to goatpox virus and lumpy skin disease virus, and that known gene inactivation events within SPPV and goatpox virus occur in our earliest SPPV genomes. These findings reveal that the food security of Eurasian communities has been threatened by sheeppox for more than 3700 years and provide insights into the genomic evolution and potential host adaptation of SPPV.",crossref,0
The actomyosin cortex controls t-tubule remodeling in skeletal muscle,https://www.science.org/doi/abs/10.1126/sciadv.aeb3209?af=R,AAAS: Science Advances: Table of Contents,2026-09-02 07:00:00 UTC,2026-09-02 07:00:00+00:00,10.1126/sciadv.aeb3209,Edgar R. Gomes,"A network of plasma membrane invaginations called t-tubules plays an essential role in controlling calcium release from the endoplasmic reticulum at the triads during muscle contraction. Although the importance of t-tubules for muscle physiology is well established, and abnormalities are found in muscle disorders, the mechanisms that mediate t-tubule growth are unknown. We show that the actomyosin cortex beneath the plasma membrane, regulated by Arp2/3 complexes containing Arpc5, acts as a gatekeeper for the membrane availability during t-tubule growth. Enlarged t-tubules are formed upon disruption of Arpc5, impairing the synchronization between plasma membrane depolarization and calcium release. Knockout of Arpc5 in mouse skeletal muscle results in impaired locomotion and posture. Furthermore, we show that human triadopathy patients and Arpc5 knockout mice accumulate enlarged t-tubules. We propose that cortex-dependent membrane availability affects muscle function, offering a potential pathophysiological mechanism for muscle disorders.",crossref,0
Sequential clearance of neutrophil extracellular traps for precision therapy of sepsis,https://www.science.org/doi/abs/10.1126/sciadv.aef3930?af=R,AAAS: Science Advances: Table of Contents,2026-09-02 07:00:00 UTC,2026-09-02 07:00:00+00:00,10.1126/sciadv.aef3930,Cheng Li,"Sepsis, a life-threatening syndrome driven by dysregulated host response to infection, is critically exacerbated by the uncontrolled formation of neutrophil extracellular traps (NETs), which amplify inflammation, promote microthrombosis, and precipitate multiple organ dysfunction. However, current therapeutic approaches remain inadequate in effectively targeting and modulating NETs, leaving a significant clinical gap in managing sepsis progression. Herein, we propose a “sequential NETs-clearance” strategy to precisely mitigate NET-associated pathologies by simultaneously inhibiting NET overproduction and facilitating their targeted capture and degradation. We engineered a multifunctional metal-organic framework (MOF818) with intrinsic antioxidant activity, functionalized with a NETs-capturing poly(amidoamine) dendrimer and loaded with a NETs-degrading enzyme, micrococcal nuclease (MNase). This integrated platform efficiently scavenges excessive reactive oxygen species (ROS) to inhibit NETosis, while simultaneously capturing existing NETs via electrostatic interactions and enzymatically cleaving their DNA scaffold, thereby disrupting the self-sustaining inflammatory cascade. In vitro, this combinatorial treatment markedly reduced NET-mediated inflammatory responses, while treatment in murine models of sepsis significantly mitigated systemic cytokine storms, alleviated organ damage, and improved survival in septic mice. Importantly, this therapeutic efficacy was corroborated in ex vivo human specimens, where the nanocomposite significantly suppressed NETosis and reduced inflammatory cytokines in neutrophils and plasma derived from sepsis patients. This work establishes a versatile nanotherapeutic paradigm for multi-target modulation of NETs and oxidative stress, offering a promising translational avenue for the precise treatment of sepsis.",crossref,0
Observation of the quantum phase of free fall and the consistency with the equivalence principle,https://www.science.org/doi/abs/10.1126/sciadv.aec8045?af=R,AAAS: Science Advances: Table of Contents,2026-09-02 07:00:00 UTC,2026-09-02 07:00:00+00:00,10.1126/sciadv.aec8045,Ron Folman,"The unification of quantum theory and the general theory of relativity, describing gravity, is one of the most important challenges in science. Einstein’s general theory of relativity is based on the principle of equivalence and has been confirmed to great accuracy for large bodies. However, in the quantum domain, the equivalence principle has been predicted to take a unique form involving a gauge phase, which is equal, in the context of a measurement on Earth, to the quantum phase of a free-falling wave packet relative to its counterpart wave packet which is static in Earth’s frame. To measure this phase, we realize a novel cold-atom interferometer in which one wave packet stays static in the laboratory frame while the other is in free fall. The observed relative phase of the wave packets confirms the predicted phase and shows that, in our low energy regime, the equivalence principle may be applied to the quantum domain. Our observation constitutes a fundamental test of the interface between quantum theory and gravity. The new interferometer also opens the door for further probing of the latter interface, as well as to searches for new physics.",crossref,0
Functional mapping and engineering of the Sec translocon unlocked by a cell-free system,https://www.science.org/doi/abs/10.1126/sciadv.aej0987?af=R,AAAS: Science Advances: Table of Contents,2026-09-02 07:00:00 UTC,2026-09-02 07:00:00+00:00,10.1126/sciadv.aej0987,Tobias J. Erb,"Almost all membrane proteins are inserted or translocated across membranes by the universally conserved Sec translocon. Despite its central role, experimental access to Sec function has remained limited. Here, we present ProSecCO (Protein Secretion in Cell-free via synthetic Operons), which is a cell-free protein synthesis platform that inserts SecYEG into synthetic vesicles, enabling direct testing of Sec in real-time and high-throughput, circumventing longstanding viability constraints. Screening 300 Sec variants in a single experiment, we consolidate three decades of Sec research, while vastly expanding mutant diversity for structure-function insights. Mapping over 30 functionally critical regions that modulate Sec activity across three orders of magnitude, we uncover dozens of super-active translocation variants and one variant of improved insertion activity. We further leverage ProSecCO to increase membrane protein quality and nanobody export, highlighting the potential of our system for advancing applications in synthetic biology and biotechnology.",crossref,0
Digital twins are funhouse mirrors: Five systematic distortions,https://www.science.org/doi/abs/10.1126/sciadv.aeh8260?af=R,AAAS: Science Advances: Table of Contents,2026-09-02 07:00:00 UTC,2026-09-02 07:00:00+00:00,10.1126/sciadv.aeh8260,Olivier Toubia,"Scientists and practitioners are aggressively moving to deploy digital twins—large language model (LLM)-based models of individuals—across social science and policy research. We conducted 19 preregistered studies with 164 diverse outcomes (e.g., attitudes toward hiring algorithms and intention to share misinformation) and compared human responses with those of their digital twins (trained on each person’s previous answers to more than 500 questions). We establish an empirical benchmark for digital twin performance: Digital twins’ answers are only modestly more accurate than those from the (homogeneous) base LLM and correlate weakly with human responses (average correlation coefficient of 0.20). To guide future development, we document five ways in which digital twins distort human behavior: (i) insufficient individuation, (ii) stereotyping, (iii) representation bias, (iv) ideological biases, and (v) hyper-rationality. We make our full dataset and code public as a standardized testbed. Our results caution against premature deployment while laying the groundwork for the transparent, replicable, and iterative science necessary for responsible deployment of digital twins.",crossref,0
Hijacking pre-tRNA enables LTR-retrotransposon–initiated constitutive heterochromatin formation,https://www.science.org/doi/abs/10.1126/sciadv.aef2333?af=R,AAAS: Science Advances: Table of Contents,2026-09-02 07:00:00 UTC,2026-09-02 07:00:00+00:00,10.1126/sciadv.aef2333,Lu Wang,"Pericentric heterochromatin serves as a fundamental component of eukaryotic chromosomes, endowing specialized genomic architecture with broad functional consequences. Although it is universally marked by H3K9me3 modification, the underlying pericentric DNA sequences diverge substantially across species. Here, by leveraging a transposition reporter system combined with a genome-wide RNA interference (RNAi) screen, we identified a specialized mechanism for recruiting SUV39H methyltransferase to initiate pericentric heterochromatin formation. This pathway depends on a highly ordered complex comprising the Puf68, pre–transfer RNAs (tRNAs), and the primer binding site (PBS). Puf68 binds with high affinity to poly-U tracts in pre-tRNA 3′ trailer, forming a Puf68/pre-tRNA complex that subsequently base-pairs with the PBS of nascent long terminal repeat (LTR)–retrotransposons. Through direct interaction, Puf68 recruits Su(var)3-9 to these regions, catalyzing H3K9 trimethylation. Notably, Puf68 is sufficient to initiate de novo heterochromatin assembly both at pericentric and ectopically integrated LTR-retrotransposon regions. Our findings not only uncover a previously unrecognized mechanism of heterochromatin initiation but also resolve a long-standing question of how hosts harness nascent LTR-retrotransposon transcripts.",crossref,0
AKT5 is a bona fide potassium channel and controls petiole growth in Arabidopsis,https://www.science.org/doi/abs/10.1126/sciadv.aeh7630?af=R,AAAS: Science Advances: Table of Contents,2026-09-02 07:00:00 UTC,2026-09-02 07:00:00+00:00,10.1126/sciadv.aeh7630,Nobuyuki Uozumi,"Potassium ion (K
                    +
                    ) is essential for plant growth and development. Despite decades of study, the
                    Shaker
                    -type K
                    +
                    channel AKT5 has remained functionally unassigned. Here, we report that AKT5 functions as a bona fide voltage-dependent K
                    +
                    channel and serves as an essential regulator of petiole elongation. Structural analyses of AKT5 in a closed state and the AKT5-D403 variant in a pre-open state provide direct structural evidence for functional K
                    +
                    channel activity. AKT5 assembled into a canonical tetramer with two-fold symmetry and, upon phosphorylation, operated as an inward-rectifying K
                    +
                    channel activated at strongly hyperpolarized membrane potentials. AKT5 was predominantly expressed in young petioles, and loss of AKT5 function largely suppressed petiole elongation throughout the diurnal cycle, resulting in compact rosettes and reduced biomass under crowded growth conditions. These findings show that AKT5 is involved in a regulator of plant competitive growth and high-density performance.",crossref,0
Bifidobacterium animalis subsp. lactis V9 overcomes CYFRA 21-1–linked immunochemotherapy resistance in NSCLC via microbial metabolites,https://www.science.org/doi/abs/10.1126/sciadv.aeg8202?af=R,AAAS: Science Advances: Table of Contents,2026-09-02 07:00:00 UTC,2026-09-02 07:00:00+00:00,10.1126/sciadv.aeg8202,Heping Zhang,"Gut dysbiosis drives therapeutic resistance, yet the relationships among typical tumor markers, gut microbiota, and treatment efficacy remain poorly defined. Here, elevated serum CYFRA 21-1 in advanced non–small cell lung cancer (NSCLC) correlates with gut dysbiosis, including
                    Bifidobacterium animalis
                    depletion and reduced immunomodulatory metabolites. Fecal supernatant from patients with high-CYFRA attenuated immunochemotherapy efficacy in tumor-bearing mice, linked to disrupted tryptophan and phenylalanine metabolism. Adjuvant
                    B. animalis
                    subsp.
                    lactis
                    V9 enhanced tumor control and antitumor immunity, coinciding with elevated quinaldic acid and catechol, metabolites associated with caspase-dependent apoptosis and ferroptosis. Cell-free fecal supernatant transferred antitumor effects, independent of bacterial colonization. In a randomized, double-blind, placebo-controlled pilot trial (
                    n
                     = 30), adjunctive
                    B. lactis
                    V9 associated with a higher objective response rate (47% versus 33%), disease control rate (87% versus 67%), and prolonged progression-free survival in responders, who exhibited enriched
                    B. animalis
                    and elevated quinaldic acid/catechol (area under the curve = 0.73/0.82). These findings suggest CYFRA 21-1 may identify a modifiable, microbiome-linked state of treatment resistance.",crossref,0
Electrified thermochemical reaction engineering with metamaterial reactors,https://www.science.org/doi/abs/10.1126/sciadv.aeg7217?af=R,AAAS: Science Advances: Table of Contents,2026-09-02 07:00:00 UTC,2026-09-02 07:00:00+00:00,10.1126/sciadv.aeg7217,Jonathan A. Fan,"The electrification of thermochemical reactors presents an opportunity to not only decarbonize high-grade heat generation but also to customize heating and heat transfer processes in a manner that facilitates process intensification and enhanced conversion. We present metamaterial reactors that use the high-frequency magnetic induction of axially tailored metamaterial baffles to produce customized axial heating profiles. The baffle consists of a combinatorial sequence of two types of lattices each with distinctive heating properties, and the sequence can be inverse designed around the reaction engineering properties of the reactor to produce temperature profiles tailored for a given reaction, flow condition, and maximum temperature. We use these metamaterial reactors to enhance the temperature uniformity in a set of packed bed flow reactors, each driving the reverse water gas shift reaction under different maximum temperature and flow conditions, demonstrating systematic increases in conversion compared to uniformly heated systems. These concepts encapsulate new opportunities in electrified thermochemical reaction engineering in which electrified powering is codesigned with reaction and heat transfer processes to enhance chemical conversion.",crossref,0
KRAS is required for plexiform neurofibroma formation and represents a targetable vulnerability in established tumors,https://www.science.org/doi/abs/10.1126/sciadv.aeg3475?af=R,AAAS: Science Advances: Table of Contents,2026-09-02 07:00:00 UTC,2026-09-02 07:00:00+00:00,10.1126/sciadv.aeg3475,Nancy Ratner,"Patients with neurofibromatosis type 1 develop Schwann cell tumors called neurofibromas that arise within peripheral nerves, driven by loss of neurofibromin and consequent increased RAS/RAF/MEK signaling. MEK inhibitors achieve partial responses for benign neurofibromas but are limited by toxicity and incomplete efficacy, necessitating alternative approaches. Using the
                    Dhh-
                    Cre;
                    Nf1
                    fl/fl
                    neurofibroma mouse model, we found that genetic ablation of
                    Kras
                    , but not
                    Hras
                    , markedly reduced neurofibroma development, inhibited MAPK activation, and rescued disrupted Remak bundles that are a morphologic hallmark of neurofibromas. These findings reveal a RAS paralog–specific requirement for KRAS in NF1-deficient neurofibroma initiation. Pharmacological KRAS inhibition with BI6674, an orally bioavailable KRAS
                    multi
                    inhibitor, reduced tumor volume and proliferation in established neurofibromas and remodeled the tumor immune microenvironment, decreasing macrophages and dendritic cells. Combining KRAS and MEK inhibition further enhanced tumor regression. These findings demonstrate that KRAS is essential for neurofibroma formation and represents a promising therapeutic target, supporting clinical evaluation of KRAS inhibition for neurofibromas in patients with neurofibromatosis type 1.",crossref,0
Muscle coactivation-inspired stiffness-driven control strategy for antagonistic soft robots,https://www.science.org/doi/abs/10.1126/sciadv.aeg3346?af=R,AAAS: Science Advances: Table of Contents,2026-09-02 07:00:00 UTC,2026-09-02 07:00:00+00:00,10.1126/sciadv.aeg3346,Yifan Wang,"Soft robots excel at safe and adaptive interaction but are often constrained by limited load capacity and manipulation precision. Antagonistic soft actuators offer a promising route to address these challenges by coupling actuation with variable stiffness, inspired by biological systems such as elephant trunks and octopus tentacles. However, existing control strategies largely treat stiffness as a passive mechanical property, whereas those that incorporate stiffness regulation typically rely on analytical models, limiting their deployment in soft robots with difficult-to-model dynamics. Here, we introduce a muscle coactivation-inspired, data-driven control strategy that explicitly integrates motion control with stiffness modulation, enabling precise and robust control without reliance on analytical models or system-specific tuning. The robot requires only minutes of learning from simple motions to acquire diverse functionalities, including grasping, stiffness sensing, liquid pumping, and reconfigurable bridging. By explicitly harnessing stiffness regulation, this work establishes a general and scalable control paradigm that expands the functional scope of antagonistic soft robots beyond passive compliance.",crossref,0
Aortic disease-linked mutations reveal unexpected convergent allosteric mechanisms of protein kinase G misregulation,https://www.science.org/doi/abs/10.1126/sciadv.aeg1640?af=R,AAAS: Science Advances: Table of Contents,2026-09-02 07:00:00 UTC,2026-09-02 07:00:00+00:00,10.1126/sciadv.aeg1640,Giuseppe Melacini,"Thoracic aortic aneurysms and dissections (TAAD) are life-threatening conditions linked to gain-of-function mutations in cGMP-dependent protein kinase I (PKG I), a central regulator of vascular smooth muscle signaling. Among these, substitutions at Val
                    234
                    have been associated with kinase overactivation and early-onset disease, despite this residue being distal from the active site and cGMP binding regions. Using NMR, molecular dynamics simulations, and complementary kinase and binding assays, we show that Val
                    234
                    acts as a crucial allosteric hub of PKG autoinhibition. TAAD-associated variants at Val
                    234
                    disrupt PKG regulation through two distinct yet complementary allosteric mechanisms: by biasing the kinase toward active conformations that increase sensitivity to cGMP and by decreasing the folding stability of the regulatory domain, thereby weakening inhibitory contacts independently of cGMP control. Despite these differences, both mechanisms result in excessive PKG signaling at basal and intermediate cGMP levels, while maximal activity remains unaltered. Together, these findings explain how distal mutations can unpredictably rewire kinase allostery and drive pathogenic vascular signaling.",crossref,0
The larval Drosophila mushroom body balances lateralized sensing and interhemispheric integration,https://www.science.org/doi/abs/10.1126/sciadv.aeg1229?af=R,AAAS: Science Advances: Table of Contents,2026-09-02 07:00:00 UTC,2026-09-02 07:00:00+00:00,10.1126/sciadv.aeg1229,Aravinthan D. T. Samuel,"Bilaterian animals must integrate sensory input from both sides of their bodies to make coherent perceptual decisions. In
                    Drosophila
                    larvae, olfactory receptor neurons target the ipsilateral brain hemisphere. Using calcium imaging, unilateral sensory perturbations, connectome analysis, and optogenetics, we identified the mushroom body (MB) as a key substrate for interhemispheric integration. Kenyon cell odor responses were almost entirely ipsilateral, indicating minimal coupling between the two MBs at the input level. In contrast, modulatory MB input neurons (MBINs) responded symmetrically to unilateral stimulation, suggesting broad pooling of reinforcement signals across hemispheres. Nevertheless, some MB output neurons (MBONs) preserved stimulus laterality up to 5 synapses from the sensory periphery, and asymmetric activation of these MBONs biased turning behavior. We also demonstrate that larvae can exploit instantaneous spatial comparisons for navigation in certain sensory contexts. These findings suggest that the deeply lateralized architecture of the larval olfactory system balances the need for interhemispheric integration with the advantages of parallel sensory processing.",crossref,0
Fluorescent protein ticker tape (FPTT): Multiplexed recording of transcriptional dynamics in living cells and in vivo,https://www.science.org/doi/abs/10.1126/sciadv.aef9406?af=R,AAAS: Science Advances: Table of Contents,2026-09-02 07:00:00 UTC,2026-09-02 07:00:00+00:00,10.1126/sciadv.aef9406,Kiryl D. Piatkevich,"Recording and real-time imaging of promoter activities are critical for deciphering signaling cross-talk, but technologies for simultaneously capturing multiple transient events in living cells are lacking. Here, we design fluorescent protein–based ticker tapes (FPTT) for multiplexed, scalable, longitudinal recording of single-cell physiological activities by integrating multispectral monomeric fluorescent proteins with self-assembling protein fibers. FPTT logged dose-dependent, reversible endogenous cFos transcriptional histories in hippocampal neurons at 3-hour resolution over 8 days. We engineered FPTT variants for human nuclear factor κB (NF-κB), Janus kinase/signal transducer and activator of transcription 3 (STAT3), mechanistic target of rapamycin (mTOR), nuclear factor of activated T cells (NFAT), and adenosine 3′,5′-monophosphate (cAMP) signaling. This expanded toolset enabled quantification of cFos and NF-κB cross-talk in neurons, tracking of STAT3/cAMP dynamics during mouse liver injury, discovery of unexpected NFAT/STAT3 cross-talk, and characterization of cell cycle–dependent oscillating mTOR dynamics. Last, we achieved simultaneous analysis of four major pathways during T cell activation. FPTT provides a versatile platform to investigate transcriptional histories and signaling interplay, with broad applications in developmental biology and disease modeling.",crossref,0
The OsUVR8-OsNAC3-OsERF117 signaling module mediates metabolic acclimation and climate adaptation in rice,https://www.science.org/doi/abs/10.1126/sciadv.aef5945?af=R,AAAS: Science Advances: Table of Contents,2026-09-02 07:00:00 UTC,2026-09-02 07:00:00+00:00,10.1126/sciadv.aef5945,Zheng-Yi Xu,"Ultraviolet-B (UV-B; 280 to 315 nanometers) radiation increasingly threatens crop productivity, yet the genetic basis of plant adaptation remains poorly understood. We delineate a UV-B signaling module in rice that links photoreceptor activation to transcriptional reprogramming and metabolic acclimation. The AP2/ERF transcription factor OsERF117 acts as a central regulator, directly activating flavonoid and melatonin biosynthetic genes to drive photoprotective metabolite accumulation and enhance UV-B stress tolerance. Promoter variation in
                    OsERF117
                    defines 10 haplotypes across 4093 rice accessions, with high-expression haplotypes enriched in high-UV-B regions and correlated with adaptive divergence.
                    OsERF117
                    is transcriptionally activated by OsNAC3, with a cis-regulatory SNP at an OsNAC3-binding site modulating responsiveness and contributing to subspecies diversification. Genetic and biochemical evidence supports a model in which UV-B–activated OsUVR8 promotes OsNAC3 activity and antagonizes OsCOP1-mediated ubiquitination and degradation in rice. This OsUVR8-OsCOP1-OsNAC3-OsERF117 module reveals how UV-B perception drives regulatory and metabolic diversification, offering targets for breeding UV-B–resilient crops.",crossref,0
A MAP-SNARE interaction links cortical microtubules to the exocytic fusion machinery during auxin-dependent growth remodeling,https://www.science.org/doi/abs/10.1126/sciadv.aef5793?af=R,AAAS: Science Advances: Table of Contents,2026-09-02 07:00:00 UTC,2026-09-02 07:00:00+00:00,10.1126/sciadv.aef5793,Xiangfeng Wang,"Auxin exerts diverse physiological effects through local maxima and tissue-scale gradients established by directional transport, which depends on the plasma membrane (PM) distribution and vesicular trafficking of auxin transporters. Cortical microtubules are positioned beneath the PM and have been implicated in trafficking events. However, how microtubules interface with terminal vesicle trafficking machinery at the PM remains unclear. Here, using auxin-dependent apical hook opening in Arabidopsis, we identify a molecular bridge linking cortical microtubules to PM-associated SNARE machinery. The microtubule-associated protein WDL4 interacts with the PM Qa-SNARE SYP121 and connects it to cortical microtubules through separate SNARE-binding and microtubule-binding domains. This coupling enhances the interaction between SYP121 and its R-SNARE partner VAMP721. Consistently, PM-localized VAMP721 signals were reduced in
                    wdl4
                    mutants. Disruption of WDL4 or SYP121 impaired PM accumulation and recycling of the auxin efflux carrier PIN1 and attenuated apical hook opening. Our findings elucidate a mechanism by which a microtubule-associated factor modulates SNARE-mediated auxin transporter trafficking during auxin-dependent growth remodeling.",crossref,0
Light-tunable charge dynamics enable ultralow-power bidirectional lead-free perovskite synapses for intelligent vision,https://www.science.org/doi/abs/10.1126/sciadv.aeh3751?af=R,AAAS: Science Advances: Table of Contents,2026-09-02 07:00:00 UTC,2026-09-02 07:00:00+00:00,10.1126/sciadv.aeh3751,Dewei Chu,"Advanced vision systems for autonomous robotics require high efficiency, ultralow power consumption, and real-time decision-making. However, conventional vision sensors that rely on single-mode optical excitation fundamentally constrain their versatility. Here, we report a fully light-tunable optoelectronic synaptic device based on perovskite PEA
                    2
                    SnI
                    4
                    /C
                    60
                    heterostructures that uniquely supports dual-mode bidirectional synaptic behaviour with potentiation under visible light and depression under near-infrared illumination, enabled by a synergistic mechanism of sub-bandgap absorption and interfacial carrier trapping-detrapping for wavelength-selective control. The heterostructure device features long-lasting synaptic plasticity, with excitatory and inhibitory retention times of 350 s and over 8000 s, respectively, and an ultralow energy consumption of ∼1 fJ per event. These exceptional characteristics enable unprecedented performance in neuromorphic vision tasks, including attention-enhanced traffic sign recognition, physical reservoir computing, and dynamic target detection using a 7 × 7 array device, which establishes a powerful and energy-efficient platform for next-generation robotic eyes and advances all-optical neuromorphic perceptions toward intelligent autonomy.",crossref,0
Hillslope memory of sequential earthquakes,https://www.science.org/doi/abs/10.1126/sciadv.aeh3921?af=R,AAAS: Science Advances: Table of Contents,2026-09-02 07:00:00 UTC,2026-09-02 07:00:00+00:00,10.1126/sciadv.aeh3921,Xuanmei Fan,"Large earthquakes can trigger landslides that reshape mountain landscapes within minutes, yet their geomorphic legacy can unfold over millennia. A fundamental question is whether a major earthquake leaves hillslopes in a less or more stable state for the next. Here we exploit two sequential earthquakes (2013 and 2022) at close to the same location near Lushan, China, to quantify how the first event preconditions hillslope failure during the second. The 2013 earthquake produced a dual effect: Regional susceptibility declined as unstable material was removed, yet localized coseismic damage weakened a different population of hillslopes that later failed in 2022. These opposing outcomes generate three damage-recovery pathways of hillslope response that define how mass is redistributed and mechanical strength reorganizes according to a prolonged “hillslope memory” with implications for the landscape evolution of mountain belts. Hillslope response to sequential earthquakes is fundamentally path dependent, demanding landslide hazard assessments that explicitly incorporate history.",crossref,0
Tetrabutoxy-substituted quintulene: A missing bowl-shaped cycloarene,https://www.science.org/doi/abs/10.1126/sciadv.aee3923?af=R,AAAS: Science Advances: Table of Contents,2026-09-02 07:00:00 UTC,2026-09-02 07:00:00+00:00,10.1126/sciadv.aee3923,Yong Ni,"The synthesis of corannulene and sumanene has pioneered the burgeoning field of buckybowl chemistry. Quintulene, a long-missing member of cycloarenes family, represents a distinctive type of bowl-shaped aromatics with curvature arising from edge topology and central cavity. Nevertheless, its synthesis has remained elusive for more than 40 years, primarily due to the high geometric strain. Herein we report the synthesis of tetrabutoxy-subtituted quintulene
                    1
                    through a rationally designed fold-in strategy. Single crystal analysis confirms the bowl-shaped geometry with a bowl-to-bowl inversion barrier of 19.1 kcal/mol. Quintulene
                    1
                    adopts a Clar-type localized aromatic character, consistent with other cycloarenes, but prone to hydrogenation and over-oxidation. Remarkably, the substantially structural strain attenuates local aromaticity in the benzenoid segments of quintulene
                    1
                    , enabling an almost quantitative fivefold Diels-Alder reaction. This work not only fills a critical gap in cycloarene chemistry but also underscores how geometric strain and electronic structure can reshape reactivity in curved π-systems.",crossref,0
Transforming neural activity to operate without glucose metabolism using brain-derived ketone bodies,https://www.pnas.org/doi/abs/10.1073/pnas.2613981123?mi=eymic2&af=R&access=on&content=articlesChapters&publication=pnas&sortBy=Earliest&target=default,Proceedings of the National Academy of Sciences: Keyword search for query,2026-09-02 07:00:00 UTC,2026-09-02 07:00:00+00:00,10.1073/pnas.2613981123,Joseph M. Santin,"The vertebrate brain is exquisitely sensitive to disruptions in glucose metabolism, and failure of adequate glucose delivery causes neurological dysfunction. Here, we identified an animal with the capacity to defy this rule: We show that neural circuits in frogs, animals with seemingly typical glucose demands, can stop metabolizing glucose by, in part, shifting to ketone bodies made exclusively within the brain after emergence from hibernation. This involves ketone body synthesis and transport from astrocytes to neurons to power synaptic transmission, along with the upregulation of gene expression that controls fatty acid catabolism and ketone body transport. Brain-derived ketone bodies also prevent decrements in activity that occur during hypoxia. These results provide insight into how frogs restart brain circuits following months of underwater hibernation when facing severe hypoxia and hypoglycemia that otherwise strongly impair neural performance in most animals. More broadly, they reveal the vertebrate brain has the capacity to serve as its own fuel reserve during the cessation of glucose metabolism, switching seamlessly to locally sourced ketone bodies while maintaining neural activity. This reframes glucose metabolism in the vertebrate brain not as a hard-wired necessity, but as a plastic trait that can in some cases be entirely abandoned.",crossref,0
Targeting CTGF+ cancer-associated fibroblasts disrupts tumor–stroma crosstalk in pancreatic ductal adenocarcinoma,https://www.pnas.org/doi/abs/10.1073/pnas.2535905123?mi=eymic2&af=R&access=on&content=articlesChapters&publication=pnas&sortBy=Earliest&target=default,Proceedings of the National Academy of Sciences: Keyword search for query,2026-09-02 07:00:00 UTC,2026-09-02 07:00:00+00:00,10.1073/pnas.2535905123,Xin Luan,"Pancreatic ductal adenocarcinoma (PDAC) is characterized by a heavily fibrotic tumor microenvironment (TME), primarily driven by cancer-associated fibroblasts (CAFs). Due to the high heterogeneity and diverse biological behaviors of CAFs, the current strategies targeting CAFs have limited benefits in clinic. This study identifies a subset of CAFs marked by high expression of connective tissue growth factor (CTGF), which enhances tumor cell migration and correlates with advanced PDAC stages. By combining in silico screening and functional assays, we identified DP as a first-in-class small-molecule inhibitor targeting CTGF. Structural optimization of DP led to the synthesis of a series of derivatives, from which the optimal compound QX03-46 was identified. Targeting CTGF
                    +
                    CAFs with QX03-46 significantly disrupted the CTGF/TGF-β1 signaling axis and suppressed CAF functions, resulting in decreased extracellular matrix deposition and oncogenic cytokine secretion. Furthermore, it enhanced the efficacy of anti-programmed cell death ligand 1 therapy, promoting a more favorable immune response. Our findings illuminate the critical role of CTGF
                    +
                    CAFs in PDAC progression and position QX03-46 as a promising therapeutic candidate for targeting the fibrotic TME.",crossref,0
Magnetic-field-tunable cyclotron hyperbolic polaritons,https://www.pnas.org/doi/abs/10.1073/pnas.2538165123?mi=eymic2&af=R&access=on&content=articlesChapters&publication=pnas&sortBy=Earliest&target=default,Proceedings of the National Academy of Sciences: Keyword search for query,2026-09-02 07:00:00 UTC,2026-09-02 07:00:00+00:00,10.1073/pnas.2538165123,Bing Cheng,"Hyperbolic polaritons are conventionally associated with structural anisotropy or phononic Reststrahlen bands. Here, we predict a class of hyperbolic polaritons arising from magnetic-field-induced cyclotron motion of charge carriers. When a perpendicular magnetic field is applied to high-mobility semimetals, the cyclotron response drives the in-plane dielectric function from metallic- to insulating-like below the cyclotron resonance frequency, while the out-of-plane response remains metallic. This anisotropy creates a hyperbolic dielectric environment that supports field-tunable cyclotron hyperbolic polaritons. We develop a comprehensive theoretical framework incorporating coupling to other collective excitations and predict characteristic terahertz near-field signatures of cyclotron hyperbolic polaritons, providing guidance for their future experimental observation. Our work identifies cyclotron motion as a route to hyperbolic polaritons and establishes a versatile platform for magnetically programmable nanophotonics.",crossref,0
From wild to domestic: Single-cell transcriptomic perspectives on hippocampal regulation and evolution,https://www.pnas.org/doi/abs/10.1073/pnas.2602503123?mi=eymic2&af=R&access=on&content=articlesChapters&publication=pnas&sortBy=Earliest&target=default,Proceedings of the National Academy of Sciences: Keyword search for query,2026-09-02 07:00:00 UTC,2026-09-02 07:00:00+00:00,10.1073/pnas.2602503123,Ming-Shan Wang,"How domestication shapes brain evolution remains an open question. In this study, we integrated single-nucleus RNA sequencing (snRNA-seq), population genomics, and machine learning to investigate the hippocampal evolution under domestication. Across-species comparisons revealed that hippocampal cell type profiles are largely conserved across vertebrate species, while supporting the presence of adult hippocampal neurogenesis in birds. We further found that domestication and selective breeding likely influence the cellular composition and molecular regulation of the hippocampus. Our findings provide cellular evidence supporting the hypothesis that domestication affects adult hippocampal neurogenesis. Additionally, we showed that genes associated with neural progenitor cells (NPC) states and cell-marker programs are enriched for signatures of selection. Many of these genes function as regulators of neurogenesis and pathways mediating stress and fear reduction. Specifically, we identified selection at the
                    FKBP5
                    promoter that may influence its expression in the NPC lineage, potentially contributing to stress-response regulation during domestication. Collectively, these results suggest that domestication is associated with hippocampal remodeling as part of an adaptive response to human-managed environments. This study provides a cellular and genetic perspective on how domestication reshapes the brain and offers a basis for further investigation into the mechanisms of neural evolution within the context of microevolution.",crossref,0
Cold-adapted RNA polymerase from Pseudomonas phage Njord improves synthesis of therapeutic mRNA,https://www.pnas.org/doi/abs/10.1073/pnas.2606667123?mi=eymic2&af=R&access=on&content=articlesChapters&publication=pnas&sortBy=Earliest&target=default,Proceedings of the National Academy of Sciences: Keyword search for query,2026-09-02 07:00:00 UTC,2026-09-02 07:00:00+00:00,10.1073/pnas.2606667123,Ivan R. Corrêa,"An RNA polymerase identified in the genome of
                    Pseudomonas
                    phage Njord offers a promising tool for the synthesis of mRNA and other therapeutic nucleic acids. Originating from a marine microbial ecosystem, Njord RNAP transcribes RNA at high yield even under low temperature conditions. Key properties of the enzyme relevant to mRNA synthesis are presented including transcriptional fidelity, promoter specificity, incorporation of modified nucleotides, and the impurity profile of the RNA. Specific attention is given to the formation of contaminating double-stranded RNA (dsRNA) species. Analysis of transcription reactions shows that DNA-templated promoter-independent transcription is a major source of detectable dsRNA impurities and that Njord RNAP displays a minimal level of this activity. Consistent with the known inflammatory role of dsRNA in synthetic mRNA, transcriptomic analysis of cell culture and a live animal study demonstrates that mRNA synthesized with Njord RNAP elicits only a minimal immune response. This natural enzyme enables efficient mRNA synthesis at ambient temperature and produces transcripts essentially free of dsRNA, offering significant potential to streamline mRNA manufacturing processes.",crossref,0
Three-dimensional printing of ice structures via evaporative cooling in vacuum,https://www.pnas.org/doi/abs/10.1073/pnas.2608173123?mi=eymic2&af=R&access=on&content=articlesChapters&publication=pnas&sortBy=Earliest&target=default,Proceedings of the National Academy of Sciences: Keyword search for query,2026-09-02 07:00:00 UTC,2026-09-02 07:00:00+00:00,10.1073/pnas.2608173123,Daniel Bonn,"We demonstrate an approach to three-dimensional (3D) printing of ice structures by exploiting evaporative cooling. A micrometer-sized water jet is used to 3D print inside a vacuum chamber. The reduced ambient pressure leads to rapid evaporation of the extruded water, extracting latent heat, and quickly cooling the water well below 0 °C. Once deposited, the water freezes almost instantaneously into stable ice structures. We achieved high-fidelity printing via two distinct deposition techniques: layer-by-layer deposition for intricate 3D structures (e.g., a Christmas tree), and support-free mid-air printing for upright profiles (e.g., an in profile face), all achieved without cryogenic infrastructure, supporting materials, or external refrigeration. This approach directly visualizes fundamental thermodynamic principles—latent heat, evaporative cooling, and pressure-dependent phase transitions—while offering a relatively simple and scalable platform for ice-templated microfluidics and tissue engineering, or even extraterrestrial 3D printing.",crossref,0
Rapidly evolving aphid gall effector proteins exhibit saposin-like folds,https://www.pnas.org/doi/abs/10.1073/pnas.2609639123?mi=eymic2&af=R&access=on&content=articlesChapters&publication=pnas&sortBy=Earliest&target=default,Proceedings of the National Academy of Sciences: Keyword search for query,2026-09-02 07:00:00 UTC,2026-09-02 07:00:00+00:00,10.1073/pnas.2609639123,David L. Stern,"Many insects manipulate plants by injecting effector proteins. In one extreme example of this molecular “hijacking,”
                    Hormaphis cornu
                    aphids inject bicycle proteins into
                    Hamamelis virginiana
                    , contributing to the development of novel organs called galls. Bicycle proteins share no amino acid sequence similarity with proteins of known function. Here, we report the crystal structures of two divergent bicycle proteins. Both proteins contain saposin-like folds: one with multiple disulfide bonds exhibits a swapped domain topology; the other has no disulfide bonds and possesses two distinct, tandem domains. To explore the structural evolution of bicycle proteins, we attempted to predict bicycle protein structures with Alphafold2 (AF2) and other deep learning programs. While AF2 did not recover the two experimental structures using existing databases, it succeeded when provided with multiple sequence alignments (MSAs) of protein sequences from newly sequenced closely related species. Using this approach, we generated 2,400 high-confidence bicycle protein predictions from seven aphid species. While all aphid bicycle proteins contain predicted saposin-like folds, they display a vast diversity of structural and physicochemical properties. While this diversity thwarts prediction of conserved functions encoded in structure, it suggests that bicycle proteins have evolved to target diverse plant processes and/or to evade plant immune surveillance. Our extension of AF2 with custom MSAs of proteins from closely related species provides a generalizable, powerful approach for predicting structures of rapidly evolving protein families.",crossref,0
A salivary protein NlSP2 engages the OsCBSX3–SNAC3 module to enhance rice immunity,https://www.pnas.org/doi/abs/10.1073/pnas.2624480123?mi=eymic2&af=R&access=on&content=articlesChapters&publication=pnas&sortBy=Earliest&target=default,Proceedings of the National Academy of Sciences: Keyword search for query,2026-09-02 07:00:00 UTC,2026-09-02 07:00:00+00:00,10.1073/pnas.2624480123,Rongzhi Chen,"The molecular dialogue between rice and the brown planthopper (BPH;
                    Nilaparvata lugens
                    ) is mediated by insect salivary effectors, yet the molecular mechanisms underlying plant perception and immune activation remain largely unclear. Here, we characterized the BPH salivary protein NlSP2, which is secreted into rice tissues during feeding. Silencing of
                    NlSP2
                    in BPH impairs salivary sheath formation, feeding ability, and survival, whereas its ectopic expression in rice enhances resistance to BPH via MAPK activation, H
                    2
                    O
                    2
                    accumulation, and induction of defense-related genes. We identify the rice cystathionine β-synthase domain–containing protein OsCBSX3 as a direct intracellular target of NlSP2. Genetic analyses establish OsCBSX3 as a positive regulator of BPH resistance and an essential component of NlSP2-triggered immunity. NlSP2 binding promotes OsCBSX3 nuclear accumulation. In the nucleus, OsCBSX3 interacts with the NAC transcription factor SNAC3; NlSP2 enhances this interaction and potentiates SNAC3-mediated transcriptional activation of defense genes. Loss of
                    SNAC3
                    compromises rice resistance to BPH. Together, our results elucidate a complete signaling pathway linking insect effector perception to defense gene activation and highlight the OsCBSX3–SNAC3 module as a key regulator of rice immunity, providing insights into plant–insect interactions and potential targets for breeding resistant crops.",crossref,0
Changes in the transcriptome and synthetic lethal dependencies following KRAS mutant expression reveal profound tissue specificity,https://www.pnas.org/doi/abs/10.1073/pnas.2614664123?mi=eymic2&af=R&access=on&content=articlesChapters&publication=pnas&sortBy=Earliest&target=default,Proceedings of the National Academy of Sciences: Keyword search for query,2026-09-02 07:00:00 UTC,2026-09-02 07:00:00+00:00,10.1073/pnas.2614664123,Stephen J. Elledge,"Oncogenic KRAS mutations exhibit a striking tissue-restricted tropism, occurring with high frequency in pancreatic, colorectal, and lung adenocarcinomas while remaining rare in other lineages. The molecular basis for why these specific tissues are uniquely permissive to KRAS transformation, and how this context shapes therapeutic vulnerabilities, remains poorly defined. Here, we utilized CRISPR-mediated genome engineering to generate endogenous, conditional KRAS-mutant isogenic cell line models across three primary permissive lineages (lung, colon, and pancreas) and the nonpermissive breast lineage. Integrated genome-wide CRISPR fitness screens and comparative transcriptome analyses revealed that KRAS-driven synthetic lethal (SL) dependencies are profoundly shaped by their tissue of origin. Strikingly, we observed minimal overlap in SL hits across lineages, with only three genes shared among the permissive lines, suggesting that the
                    KRAS
                    oncogene operates through divergent, context-specific genetic networks. Mechanistically, we show that KRAS activation induces a universal MYC-driven metabolic signature, but the specific machinery required to sustain this state is lineage-restricted. We identified a dependency on the diphthamide synthesis pathway to maintain translational fidelity amid a KRAS-induced hypertranslational state. These findings demonstrate that even when driven by the same oncogene, tumors exhibit distinct regulatory landscapes and unique genetic vulnerabilities. Our results provide a framework for developing lineage-aware therapeutic strategies, moving beyond universal KRAS inhibition toward targeted interventions tailored to a tumor’s specific tissue context.",crossref,0
Flagellar toxicity: Flagellar synthesis is lytic for Bacillus subtilis in the absence of PBP1,https://www.pnas.org/doi/abs/10.1073/pnas.2617591123?mi=eymic2&af=R&access=on&content=articlesChapters&publication=pnas&sortBy=Earliest&target=default,Proceedings of the National Academy of Sciences: Keyword search for query,2026-09-02 07:00:00 UTC,2026-09-02 07:00:00+00:00,10.1073/pnas.2617591123,Daniel B. Kearns,"Flagella are large transenvelope nanomachines but how they transit the peptidoglycan in gram-positive bacteria is poorly understood. A recent model suggested that flagellar basal bodies diffuse in the membrane and become captured at locations in the peptidoglycan with a pore diameter that could accommodate the axle-like flagellar rod. To test the role of pore size on flagellar assembly, cells were disrupted for penicillin binding protein 1 (PBP1/PonA), a cell wall synthesis protein thought to decrease peptidoglycan pore frequency and/or diameter. The absence of PBP1 in the ancestral strain of
                    Bacillus subtilis
                    however resulted in a severe growth defect and cell lysis that was dependent on flagellar synthesis. Genetic analysis indicated that toxicity was due to completion of the flagellar hook, which activated the flagellar sigma factor SigD. SigD, in turn, activated a suite of peptidoglycan degrading enzymes that caused cellular lysis when PBP1 was absent. In addition, mutations that resulted in high levels of the stress response transcription factor Spx could lessen the toxicity, while PBPX, a putative teichoic acid D-alanylase, was required for autolysis. In sum, our results indicate that flagellar synthesis, not normally associated with cell viability, causes cell wall stress and under some conditions, cell death. Moreover, the cost of flagellar synthesis on envelope integrity may be underappreciated due to strain domestication, and specialized systems may be needed to compensate for the assembly of transenvelope machines in general.",crossref,0
Cell body position of Drosophila Moonwalker Descending Neurons regulates locomotor circuit function,https://www.pnas.org/doi/abs/10.1073/pnas.2618114123?mi=eymic2&af=R&access=on&content=articlesChapters&publication=pnas&sortBy=Earliest&target=default,Proceedings of the National Academy of Sciences: Keyword search for query,2026-09-02 07:00:00 UTC,2026-09-02 07:00:00+00:00,10.1073/pnas.2618114123,Chris Q. Doe,"Both mammalian and invertebrate nervous systems contain densely packed neuronal cell bodies in stereotyped locations, which express cell surface molecules and gap junction proteins. An open question that has rarely been addressed is: What role does cell body position play in neuronal circuit function? Here we show that the four adult
                    Drosophila
                    Moonwalker Descending Neurons (MDNs), command neurons for backward locomotion, must maintain cell body contact to initiate backward walking. MDNs express the transcription factor Hunchback, which drives expression of the cell adhesion molecule Lar. Hunchback, Lar, and its ligand Dlp, promote MDN cell body clustering, which blocks initiation of backward walking. When the cell bodies are clustered, electrical synapses form between MDN cell bodies. The gap junction protein Innexin 8 (also known as Shaking B) maintains a more depolarized resting membrane potential and allows synchronous firing of MDNs. Together, these electrophysiological properties are necessary to initiate backward walking. These findings reveal a previously unappreciated role for cell body location, and the properties it mediates, in neural circuit function.",crossref,0
Salmonella lipopolysaccharide stimulates uptake of long-chain fatty acids in the small intestine,https://www.pnas.org/doi/abs/10.1073/pnas.2618255123?mi=eymic2&af=R&access=on&content=articlesChapters&publication=pnas&sortBy=Earliest&target=default,Proceedings of the National Academy of Sciences: Keyword search for query,2026-09-02 07:00:00 UTC,2026-09-02 07:00:00+00:00,10.1073/pnas.2618255123,Lora V. Hooper,"Enteric bacterial pathogens profoundly alter intestinal physiology during infection, yet their effects on host lipid metabolism remain poorly understood. Using mass spectrometry lipidomics, we found that infection of the mouse intestine with the bacterial pathogen
                    Salmonella enterica
                    serovar Typhimurium (
                    S
                    . Typhimurium) stimulates uptake of long-chain fatty acids by small intestinal epithelial cells. This response coincided with increased expression of epithelial genes involved in lipid uptake and transport and required the long-chain fatty acid transporter CD36. Fatty acid uptake was triggered by
                    S
                    . Typhimurium lipopolysaccharide (LPS) and was impaired by bacterial mutations that alter LPS acyl chains. Mechanistically,
                    S
                    . Typhimurium induced lipid absorption through myeloid cell Toll-like receptor 4, a receptor for LPS.
                    Escherichia coli
                    , a related commensal bacterium, also induced intestinal lipid absorption through LPS, although to a lesser extent than
                    S
                    . Typhimurium. Finally, disruption of long-chain fatty acid absorption impaired host defense during bacterial stimulation, suggesting that bacteria-induced lipid uptake contributes to protection against enteric infection. Together, these findings identify LPS from Gram-negative intestinal bacteria as a key regulator of dietary lipid uptake by the intestinal epithelium.",crossref,0
Breast cancer prevention by prophylactic Lalba mRNA-LNP vaccination,https://www.pnas.org/doi/abs/10.1073/pnas.2621855123?mi=eymic2&af=R&access=on&content=articlesChapters&publication=pnas&sortBy=Earliest&target=default,Proceedings of the National Academy of Sciences: Keyword search for query,2026-09-02 07:00:00 UTC,2026-09-02 07:00:00+00:00,10.1073/pnas.2621855123,Kornelia Polyak,"Tumor-suppressive immunity is more evident in early-stage compared to advanced tumors making it the ideal point for cancer interceptive immunotherapies. We previously described that higher peripheral T cell diversity is associated with more pronounced CD8
                    +
                    T cell infiltration in ductal carcinoma in situ of the breast, implying a close interaction between peripheral and intratumor immunity. Here, we developed lipid nanoparticle (LNP)-encapsulated messenger ribonucleic acid (mRNA) vaccines expressing the alpha-lactalbumin (LALBA) protein unique to mammary luminal progenitors (LPs) to test whether enhancing immune response by prophylactic vaccination against the putative cell-of-origin of breast cancer suppresses tumorigenesis. Vaccination of outbred Sprague-Dawley rats with N1-methylpseudouridine-modified or unmodified Lalba mRNA-LNP induced different degrees of LALBA-specific and nonspecific immune responses. The vaccination suppressed carcinogen-induced mammary tumorigenesis and improved tumor-free and overall survival without obvious toxicity in the normal mammary glands and other organs. Single-cell transcriptomic analysis revealed that vaccination decreases the frequency of a proliferative LP population in immunoreactive early epithelial hyperplasia. Overall, we provide proof of principle that prophylactic Lalba mRNA-LNP has the potential to suppress the initiation and progression of early breast neoplastic lesions.",crossref,0
Structural basis for membrane binding by coagulation factors V and VIII and their specificity for phosphatidylserine-containing membranes,https://www.pnas.org/doi/abs/10.1073/pnas.2622255123?mi=eymic2&af=R&access=on&content=articlesChapters&publication=pnas&sortBy=Earliest&target=default,Proceedings of the National Academy of Sciences: Keyword search for query,2026-09-02 07:00:00 UTC,2026-09-02 07:00:00+00:00,10.1073/pnas.2622255123,Sriram Krishnaswamy,"Phosphatidylserine on the surface of activated cells serves as a signal for coagulation factor binding and the membrane-dependent assembly of enzyme complexes that drive the accelerated host response to vascular damage. Here, we use single-particle cryo-EM of liposome-bound proteins to establish common mechanisms utilized by coagulation factors V and VIII for membrane binding and phospholipid specificity. The interface between these peripheral proteins and the membrane shows contacts between the discoidin C1 and C2 domains and the interfacial phospholipid headgroup region of the membrane bilayer. There is no evidence for the insertion of membrane-contacting protein loops into the membrane core. This refutes previous models of high affinity protein binding by insertion into the hydrophobic core of the membrane. We also resolve density for the headgroup of phosphatidylserine bound to conserved pockets within the C1 and C2 domains. These single binding pockets in each C domain highlight the network of putative hydrogen bonds that contribute to binding specificity for phosphatidylserine. Our results now provide a high-resolution structural view of the protein–membrane interface for these coagulation proteins and highlight the utility of using liposomes as near-physiologic membrane mimetics in structural studies. The principles established in this work may also apply to other biological systems wherein function is regulated by reversible membrane binding.",crossref,0
Genetic evidence and cross-species functional characterization implicate CNN2 in age-related macular degeneration susceptibility,https://www.pnas.org/doi/abs/10.1073/pnas.2533682123?mi=eymic2&af=R&access=on&content=articlesChapters&publication=pnas&sortBy=Earliest&target=default,Proceedings of the National Academy of Sciences: Keyword search for query,2026-09-02 07:00:00 UTC,2026-09-02 07:00:00+00:00,10.1073/pnas.2533682123,Zi-Bing Jin,"Age-related macular degeneration (AMD) is a leading cause of irreversible visual impairment in the aging population globally. Although genome-wide association studies (GWAS) have identified many AMD susceptibility loci, the genes and mechanisms underlying many of these associations remain unresolved. Here, we integrated expression quantitative trait locus (eQTL) data with AMD GWAS to prioritize nine putative genes. Through in vivo screening in zebrafish, we demonstrated that the downregulation of
                    cnn2
                    and
                    sarm1
                    expression led to ocular structural abnormalities and visual functional impairment. Subsequent mouse model studies confirmed that
                    Cnn2
                    deficiency affected photoreceptor structure and function, impaired contrast sensitivity, and caused abnormalities in cone cell immunostaining. Given that
                    CNN2
                    is predominantly expressed in endothelial cells, we propose that endothelial dysfunction may cascade to impair photoreceptor function. Collectively, through in silico prioritization and cross-species functional characterization, we identify
                    CNN2
                    as a candidate susceptibility gene in AMD pathogenesis, providing vital underlying mechanistic insights.",crossref,0
Self‐Assembling Copolymers Encapsulating Single Endothelial Cells Induce Endogenous ECM Deposition and Vascular Regeneration,https://advanced.onlinelibrary.wiley.com/doi/10.1002/adma.74874?af=R,Wiley: Advanced Materials: Table of Contents,2026-09-02 07:00:00 UTC,2026-09-02 07:00:00+00:00,10.1002/adma.74874,Young‐Sup Yoon,"ABSTRACT
                  Cell therapy combined with biomimetic polymer engineering offers a promising strategy for cardiovascular regeneration. Compartmentalizing single cells in hydrogels creates three‐dimensional (3D) micro‐niches that enhance bio‐responsiveness and the therapeutic efficacy of cell therapy. A non‐microfluidic strategy for single‐cell encapsulation using a stimuli‐responsive amphiphilic copolymer, gelatin‐poly(glycerol sebacate)‐methacrylate (GPM) is developed. When incubated with cells at room temperature, GPM self‐assembled into single‐cell vesicles via ligand–receptor–mediated interactions, creating a nanoscale matrix around each cell with near 100% encapsulation efficiency. The presence of bioactive moieties, dynamic mechanical properties, and matrix metalloproteinase mediated degradability enabled reciprocal, cell‐matrix interactions. Consequently, 3D cultures of GPM vesicles encapsulating single endothelial cell (GPM/EC vesicles) promoted deposition of thread‐like extracellular matrix (ECM), which facilitated cell migration and served as a guidance scaffold for vessel‐like network formation. For enhanced in vivo distribution and immunoprotection, GPM/reprogrammed EC vesicles were assembled into injectable microspheres, termed mGPM‐rEC. Upon injection into a mouse hindlimb ischemia model, mGPM‐rEC demonstrated robust cell survival and intramuscular migration with the deposition of dense ECM. This ECM functioned as a reservoir for growth factors and signaling molecules, recruiting host vasculature to promote neovascularization and providing structural and mechanical support for implanted cells to form de novo blood vessels.",crossref,0
Mixed‐Dimensional 1D/2D Ternary CMOS for High‐Performance Integrated Circuits,https://advanced.onlinelibrary.wiley.com/doi/10.1002/adma.74880?af=R,Wiley: Advanced Materials: Table of Contents,2026-09-02 07:06:40 UTC,2026-09-02 07:06:40+00:00,10.1002/adma.74880,Xuelei Liang,"ABSTRACT
                  
                    Ternary logic offers a path to higher information density and lower power consumption beyond the limits of binary CMOS, yet its progress has been limited by the absence of high‐performance ternary transistors and scalable circuit technologies. Here we report a mixed‐dimensional ternary CMOS (T‐CMOS) platform that monolithically integrates aligned carbon nanotubes (CNTs) and monolayer MoS
                    2
                    within silicon backend‐of‐line processes. The resulting CNT‐MoS
                    2
                    heterojunction transistors exhibit more than an order‐of‐magnitude performance improvement in output current and negative differential transconductance over previous ternary devices, enabling robust three‐level switching with large noise margins. By co‐fabricating CNT p‐FETs and MoS
                    2
                    n‐FETs into heterojunction devices, we realize CMOS‐compatible standard, positive and negative ternary inverters, as well as NMIN and NMAX logic gates. A fully functional ternary 2‐to‐9 decoder, the most complex low‐dimensional ternary circuit to date, is also demonstrated. Dynamic measurements and calibrated simulations confirm the scalability, cascade capability, and robustness of the T‐CMOS architecture, providing a viable pathway toward large‐scale ternary integrated circuits beyond binary limits.",crossref,0
Evolution and Manipulation of Interstitial Oxygen Configuration in Titanium—A Review,https://advanced.onlinelibrary.wiley.com/doi/10.1002/adma.74602?af=R,Wiley: Advanced Materials: Table of Contents,2026-09-02 07:12:28 UTC,2026-09-02 07:12:28+00:00,10.1002/adma.74602,Naiqin Zhao,"ABSTRACT
                  Oxygen has been regarded as a detrimental impurity in titanium alloys, as it triggers embrittlement and compromises ductility. Recent research advancements, however, have revolutionized this perception, revealing oxygen as a powerful microstructural architect capable of mediating phase transformations and deformation mechanisms to achieve strength–ductility combinations. This review systematically summarizes the pivotal roles of oxygen across various phases, including α, β, α′, α″, ω, and face‐centered cubic (FCC) phases. The underlying strengthening mechanisms and the oxygen embrittlement mechanisms were further analyzed, covering the strengthening theoretical models, interfacial segregation behaviors, and oxygen shuffling mechanism. These mechanistic insights are essential for understanding the evolution of dislocation configurations, twinning behaviors, and phase transformation dynamics. To harness oxygen's strengthening potential while mitigating its adverse effects, potential innovative strategies, including compositional, microstructural, and process design approaches, are proposed, which span from the atom‐scale to the micro‐scale. By integrating multiscale computational simulations, advanced in situ characterization, and the challenge of controlling oxygen uptake, this work provides a comprehensive framework for the intelligent design of next‐generation oxygen‐containing titanium alloys with exceptional mechanical properties.",crossref,0
Unraveling Spatial Electrochemical Heterogeneity and Additive‐Mediated Regulation in Scale‐up Aqueous Zinc‐Ion Pouch‐Type Cells,https://advanced.onlinelibrary.wiley.com/doi/10.1002/aenm.71532?af=R,Wiley: Advanced Energy Materials: Table of Contents,2026-09-02 07:54:22 UTC,2026-09-02 07:54:22+00:00,10.1002/aenm.71532,Xingbo Liu,"ABSTRACT
                  
                    Scaling aqueous zinc‐ion batteries (AZIBs) to pouch‐type configurations amplifies electric‐field and Zn
                    2+
                    flux heterogeneities, causing non‐uniform Zn deposition. Here, β‐cyclodextrin (β‐CD) and Tween 80 (Tw80) are systematically investigated to decouple bulk transport and interfacial kinetic regulation in scale‐up pouch‐type cells. β‐CD increases ionic conductivity (3.44 to 5.95 mS cm
                    −
                    1
                    ) and the Zn
                    2+
                    transference number (0.16 to 0.47), promoting uniform bulk ion flux and extending symmetric pouch‐type cell lifespan beyond 1000 h at 1 mA cm
                    −
                    2
                    . Conversely, Tw80 operates via interfacial adsorption to regulate local reaction kinetics, achieving stable cycling for &gt;600 h. Spatially resolved analysis, operando Raman spectroscopy, and in situ thermal imaging reveal that β‐CD suppresses macroscopic heterogeneity across near‐tab, central, and edge regions by stabilizing bulk solvation, whereas Tw80 mitigates localized interfacial instability. In practical Zn||V
                    2
                    O
                    5
                    pouch‐type full cells, β‐CD delivers superior long‐term capacity retention, while Tw80 excels under high‐rate conditions. This work identifies spatial electrochemical heterogeneity as a primary scaling limit and offers general design principles connecting additive chemistry, transport kinetics, and format‐dependent deposition for practical AZIBs.",crossref,0
Electric/Thermal Coupling Field Promotes Phonon Delocalization to Accelerate Defect‐Repair Kinetics in Spent LiFePO4,https://onlinelibrary.wiley.com/doi/10.1002/anie.1597082?af=R,Wiley: Angewandte Chemie International Edition: Table of Contents,2026-09-02 10:29:43 UTC,2026-09-02 10:29:43+00:00,10.1002/anie.1597082,Guorui Yang,"ABSTRACT
                  
                    Solid‐phase regeneration is widely considered as the most promising scalable approach for recycling spent LiFePO
                    4
                    (S‐LFP) cathode. However, the sluggish defect‐repair kinetics in traditional solid‐phase routes remains mechanistically unclear, limiting the practical deployment of this technology. Here, theoretical calculations reveal that the phonon localization in defect‐rich S‐LFP is the essential factor responsible for the sluggish defect‐repair kinetics. Localized phonons retard thermal diffusion, hindering the energy available to overcome defect repair barriers, and concurrently intensify electron‐phonon coupling that suppresses the electron migration necessary for the reduction of Fe(III). Guided by this insight, we employ electric/thermal coupling field strategy to repair the S‐LFP cathode. Carriers driven by the electric field transfer energy to phonons through electron‐phonon scattering, which promotes energy redistribution across disparate phonon modes, collectively enhancing phonon delocalization. As a result, Li‐Fe antisites (Fe
                    Li
                    ) were repaired within 5 s at 700°C, and the complete structural repair and lithiation are achieved within 60 s. Experimental results indicate that the regenerated cathode delivers a discharge specific capacity of 151.2 mAh g
                    −1
                    at 0.1C, and exhibits a capacity retention of 84.3% after 1100 cycles at 1 C. This theoretical breakthrough establishes a solid theoretical foundation for developing advanced S‐LFP restoration technologies.",crossref,0
Raising the Mayan Pyramids: Construction of Polyoxothiomolybdates via In Situ Sulfurization for Enhanced Antitumor Therapy,https://onlinelibrary.wiley.com/doi/10.1002/anie.1190782?af=R,Wiley: Angewandte Chemie International Edition: Table of Contents,2026-09-02 10:34:28 UTC,2026-09-02 10:34:28+00:00,10.1002/anie.1190782,Peng Yang,"ABSTRACT
                  
                    The advancement of atomic‐level sulfurization technology is ushering materials engineering from coarse regulation toward precise editing. As represented by polyoxothiometalates (POTMs), the available sulfurization methods remain limited and nongreen, imposing severe constraints on their structural diversity and functional applications. In this study, an in situ sulfurization approach was developed to construct the Mo‐based POTMs (POTMos) in a distinct and eco‐friendly manner. The emergence of unprecedented building blocks gave birth to two POTMos featuring single or fused Mayan‐pyramidal frameworks. Enabled by the structural modulation and enhanced biocompatibility via sulfur incorporation, the Mo‐57‐oxothio polyanion (
                    
                      Mo
                      57
                    
                    ) demonstrated potent antitumor efficacy. Combined experimental and theoretical analyses revealed that
                    
                      Mo
                      57
                    
                    could disrupt the cell respiratory chain via two synergistic routes: catalytic oxidation of NADH and electrostatic adsorption of NAD
                    +
                    . Such dual interference triggered mitochondrial dysfunction and a consequent inhibition of tumor proliferation.",crossref,0
The Part and the Whole: Field‐Dependent THz‐EPR Spectroscopy Probes Lattice‐Dependent Electronic Structure in Iron(II) Spin Crossover,https://onlinelibrary.wiley.com/doi/10.1002/anie.4674308?af=R,Wiley: Angewandte Chemie International Edition: Table of Contents,2026-09-02 10:35:55 UTC,2026-09-02 10:35:55+00:00,10.1002/anie.4674308,Winfried Plass,"ABSTRACT
                  
                    Frequency‐domain Fourier‐transform (FD‐FT) THz‐EPR spectroscopy provides direct access to kinetically trapped high‐spin (
                    HS
                    ) states in iron(II) spin crossover (SCO) complexes. Using temperature‐induced excited spin‐state trapping (TIESST), the low‐temperature electronic structure of the
                    HS
                    state is accessed despite a diamagnetic low‐spin (
                    LS
                    ) ground state. Field‐dependent spectra resolve the splitting of the
                    HS
                    ground‐state manifold and provide evidence for spin–phonon coupling, described by an avoided‐crossings Hamiltonian supported by ab initio calculations. THz‐EPR further quantifies the remaining
                    HS
                    fraction () and reveals shifts of magnetic transitions that depend on the surrounding spin‐state matrix. These results show that
                    HS
                    centers experience distinct local lattice environments in mixed
                    HS
                    /
                    LS
                    states and provide experimental access to the influence of spin‐state distribution on SCO processes. Cooperative switching scenarios, including domain formation and alternating
                    HS
                    /
                    LS
                    arrangements, can thus be distinguished. Field‐dependent THz‐EPR spectroscopy therefore provides direct access to lattice‐dependent effects in SCO materials.",crossref,0
Proton Capture and Relay Codesign Enables a pH‐Neutral All‐Organic Aqueous Proton Battery,https://onlinelibrary.wiley.com/doi/10.1002/anie.8800816?af=R,Wiley: Angewandte Chemie International Edition: Table of Contents,2026-09-02 10:38:30 UTC,2026-09-02 10:38:30+00:00,10.1002/anie.8800816,He Huang,"ABSTRACT
                  
                    Aqueous all‐organic proton batteries promise safe, sustainable, and high‐rate energy storage, but operation under near‐neutral conditions is hindered by low proton activity and competition from nonproton charge carriers. Here, we report a proton capture and relay codesign strategy that enables proton‐dominated charge storage without strongly acidic electrolytes. The electrode pair comprises two N‐centered redox molecules with high proton affinity: an air‐stable preprotonated imine cathode, DCTA‐2H, and a low‐potential azo anode, BCC. The electrolyte is concentrated NH
                    4
                    OAc, a near‐neutral proton‐transfer medium in which NH
                    4
                    +
                    forms hydrogen‐bonded contacts with imine/azo sites and facilitates interfacial proton transfer rather than being stored predominantly as an intact ion. The resulting BCC||DCTA‐2H full cell delivers a discharge voltage of ≈0.85 V and a capacity of 270.9 mAh g
                    BCC
                    −1
                    , retains 86.5% of its capacity after 3,000 cycles, and remains operable at −50°C. This work establishes coupled electrode–electrolyte design as a route to near‐neutral all‐organic aqueous proton batteries.",crossref,0
Defect Engineering on Amorphous NiFeB Alloys for the Selective Conversion of KA Oil Into Adipic Acid,https://onlinelibrary.wiley.com/doi/10.1002/anie.3494903?af=R,Wiley: Angewandte Chemie International Edition: Table of Contents,2026-09-02 10:39:49 UTC,2026-09-02 10:39:49+00:00,10.1002/anie.3494903,Yi Shen,"ABSTRACT
                  
                    Developing high‐performance electrocatalysts for the efficient conversion of KA oil (a mixture of cyclohexanol and cyclohexanone) to adipic acid holds great significance. Herein, a series of Ni‐based catalysts, including NiM (M = Fe, Cr, and Mn) layered double hydroxides (LDHs), NiMB LDHs and amorphous NiMB alloys, were synthesized for KA oil conversion. Among the samples, Ni
                    4
                    Fe
                    1
                    B alloy exhibited the highest ECSA‐normalized current density of 581.5 mA cm
                    −2
                    and adipic acid selectivity of 52.7% at 1.6 V. Such superior catalytic performance is attributed to the abundant defects induced by boron incorporation, leading to modified electronic structures of nickel sites and optimized adsorption toward KA oil and intermediates. Operando electrochemical x‐ray absorption fine structure analyses, combined with operando Raman spectra, suggested that the oxidation of KA oil by Ni
                    4
                    Fe
                    1
                    B alloy involved the transformation of Ni
                    2+
                    into higher valence states, indicative of a possible indirect oxidation pathway. In contrast, the valence state of Ni
                    2+
                    in the Ni
                    4
                    Fe
                    1
                    B and Ni
                    4
                    Fe
                    1
                    LDHs remained unchanged, suggesting a possible direct oxidation mechanism. Theoretical calculations revealed that the Ni
                    4
                    Fe
                    1
                    B alloy exhibited strong adsorption toward cyclohexanol and cyclohexanone molecules and a low energy barrier (0.76 eV) for the rate‐determining step, consistent with the experimental results.",crossref,0
Self‐Amplifying AIE Probe for HClO‐Activatable Imaging and Antioxidative/Anti‐Inflammatory Therapy of Thoracic Aortic Dissection,https://onlinelibrary.wiley.com/doi/10.1002/anie.3622603?af=R,Wiley: Angewandte Chemie International Edition: Table of Contents,2026-09-02 10:42:21 UTC,2026-09-02 10:42:21+00:00,10.1002/anie.3622603,Ben Zhong Tang,"ABSTRACT
                  Thoracic aortic dissection (TAD) is a highly lethal cardiovascular disease, yet its accurate diagnosis and effective treatment remain challenging due to poor imaging contrast and insufficient specificity. Leveraging the overexpressed reactive oxygen species (ROS) in TAD, we reported a hypochlorous acid (HClO)‐activatable molecular probe DT‐PZ. It enables two‐stage self‐amplifying fluorescence imaging (chemical activation and then physical aggregation) and light‐independent therapy on a single chemical entity. The probe initially exhibits quenched fluorescence via photoinduced electron transfer (PET). Two pathways can turn on the fluorescence via chemical activation: (1) oxidation by HClO blocks PET and turns on the emission; (2) photo‐triggered radicals generation of HClO (via chloride ions or myeloperoxidase) to activate neighboring probes, creating self‐amplifying fluorescence. Upon accumulation at the lesion site, the physical aggregation caused by the aggregation‐induced emission effect further amplifies the fluorescence signals. This two‐stage fluorescence amplification mechanism enables TAD visualization within 2 min in vivo. For therapy, the phenothiazine scavenges excess ROS during non‐illuminated periods, down‐regulates the NF‐κB/P65 signal pathway, and up‐regulates eNOS and P‐Akt expressions, protecting endothelial homeostasis and then improving murine survival from 50% to 90%. Collectively, DT‐PZ synergizes self‐amplifying fluorescence imaging with light‐independent antioxidation/anti‐inflammatory therapy, holding great promise for managing deep‐seated cardiovascular diseases.",crossref,0
Cascaded Energy Transfer in Supramolecular Assemblies Enables Amplified and Photoswitchable Circularly Polarized Luminescence,https://onlinelibrary.wiley.com/doi/10.1002/anie.1803367?af=R,Wiley: Angewandte Chemie International Edition: Table of Contents,2026-09-02 11:01:10 UTC,2026-09-02 11:01:10+00:00,10.1002/anie.1803367,Xiao‐Yu Hu,"ABSTRACT
                  
                    Photoresponsive circularly polarized luminescence (CPL) materials are promising for optical information processing and anti‐counterfeiting. However, integrating high luminescence dissymmetry factor (
                    g
                    lum
                    ) with high‐contrast reversible switching within a single system remains a significant challenge. In this study, we present a supramolecular CPL nanoplatform that combines hierarchical chirality amplification with light‐gated cascaded Förster resonance energy transfer (FRET). Selective host–guest recognition between a TPE‐functionalized chiral pillar[5]arene (
                    TPEP5
                    ) and a polymeric guest forms emissive supramolecular polymers with amplified chirality. Confined co‐assembly with the achiral relay dye 4,7‐di(2‐thienyl)‐benzo[2,1,3]thiadiazole (DBT) enables efficient FRET from
                    TPEP5
                    to DBT, accompanied by concomitant chirality transfer, generating red‐shifted CPL with enhanced |
                    g
                    lum
                    | values of 10
                    −
                    2
                    . Eventually, diarylethene (DAE) is incorporated as a final photoresponsive “gatekeeper”: UV irradiation induces DAE ring closure, activating FRET pathway and quenching CPL; subsequent visible‐light irradiation reverses the process, fully restoring emission and CPL activity. This orthogonal design preserves the structural integrity of the chiral scaffold over repeated switching cycles, achieving robust, fatigue‐resistant, and architecture‐preserving CPL on/off control. Therefore, our strategy provides a generalizable blueprint for intelligent chiral photonic materials with built‐in security functionality.",crossref,0
Created Ex Nihilo: A Near‐Infrared Afterglow Luminescent Framework of Imidazole Derivatives for Bioimaging,https://onlinelibrary.wiley.com/doi/10.1002/anie.9929915?af=R,Wiley: Angewandte Chemie International Edition: Table of Contents,2026-09-02 11:01:21 UTC,2026-09-02 11:01:21+00:00,10.1002/anie.9929915,Lijie Ren,"ABSTRACT
                  
                    Afterglow luminescence probes are limited by (i) a lack of new afterglow scaffolds; (ii) a dependence on initial external light activation, and (iii) aggregation‐caused quenching. Herein, we demonstrate for the first time that Ir(III) complexes of general formula Ir(C^N)
                    2
                    (N^N)
                    +
                    PF
                    6
                    −
                    with an imidazole‐based N^N ligand exhibit bright afterglow luminescence in the presence of reactive oxygen and nitrogen species (RONS) or under ultrasound (US) irradiation. A series of Ir(III) complexes (Ir‐1–Ir‐4) establish a new afterglow luminescence mechanism based on experimental data and theoretical calculations. The key feature of the present mechanism is the reaction of the ─N═C─N─H unit of the imidazole ligands with various RONS. After modification of the luminescent framework by quinolyl‐triphenylamine C^N ligands, Ir‐4 is endowed with aggregation induced emission (AIE) properties and with enhanced near‐infrared afterglow luminescence. When assembled into water‐soluble nanoparticles (NPs) with the aid of an amphiphilic polymer, Ir‐4@R NPs demonstrated excellent afterglow luminescence imaging and effective sonodynamic therapy in vitro and in vivo. These Ir(III) complexes represent the first examples of an afterglow luminescent molecular framework based on readily available and versatile imidazole ligands, breaking through the existing limitation of molecular structures with afterglow luminescence.",crossref,0
Polyproline: A Synthetic Polypeptide With Unique Properties,https://onlinelibrary.wiley.com/doi/10.1002/anie.5624080?af=R,Wiley: Angewandte Chemie International Edition: Table of Contents,2026-09-02 11:02:38 UTC,2026-09-02 11:02:38+00:00,10.1002/anie.5624080,Andreas Heise,"ABSTRACT
                  
                    Polyproline is a unique polypeptide defined by its unusual conformational rigidity and physicochemical behavior. Addressing long‐standing challenges in its synthesis and characterization, this mini‐review highlights recent advances in the ring‐opening polymerization of proline
                    N
                    ‐carboxyanhydride (NCA), enabling the controlled and scalable preparation of well‐defined polyproline architectures. These developments have unlocked diverse applications in advanced materials, including systems that exploit intrinsic thermoresponsive behavior arising from conformational transitions, leading to Lower Critical Solution Temperature (LCST)‐type phase separation with pronounced hysteresis. Emerging applications span smart 3D printed hydrogels, nanoparticles, membrane‐active materials, and polyproline‐based conjugates, where polyproline serves as a biocompatible alternative to poly(ethylene glycol) (PEG). Collectively, these advances position polyproline as a promising platform in biomaterials, offering benefits such as enhanced stability, reduced immunogenicity, and expanded functional versatility.",crossref,0
Intramolecular Nickel‐Catalyzed Reductive Coupling: Enantioselective Synthesis of Tetrahydroisoquinolines and Related Heterocycles,https://onlinelibrary.wiley.com/doi/10.1002/anie.6219487?af=R,Wiley: Angewandte Chemie International Edition: Table of Contents,2026-09-02 11:02:41 UTC,2026-09-02 11:02:41+00:00,10.1002/anie.6219487,Alois Fürstner,"ABSTRACT
                  
                    The
                    P
                    ‐chiral phosphine AntPhos was found to be the ligand of choice for nickel‐catalyzed intramolecular reductive coupling reactions of 5‐amino substituted 2,4‐dienoates bearing a tethered aldehyde. This approach to heterocyclic compounds has little precedent in the literature; it provides, inter alia, ready access to hydroxylated tetrahydroisoquinoline derivatives comprising an
                    anti
                    ‐configured amino alcohol motif, which are difficult to make in optically active form otherwise. These compounds qualify for diverse downstream functionalization as exemplified by the swift elaboration of a representative member of the series into a fluorinated heterocyclic building block as well as into the core region of potently cytotoxic phenanthroquinolizidine alkaloids in two differently substituted formats. Detailed NMR studies in combination with crystallographic data allowed the reactive oxanickelacycle intermediates primarily formed to be characterized with regard to the bonding mode of the allylnickel subunit that they comprise. Moreover, insights into conformational aspects pertinent to the understanding of the stereochemical course of this metal‐catalyzed C─C‐bond formation were gained, which leads to the generation of two stereogenic centers at the
                    vic
                    ‐amino alcohol subunit.",crossref,0
Drug‐Derived Tetrahydropyrazines for Late‐Stage α‐ and β‐Functionalization of Piperazine‐Based Pharmaceuticals,https://onlinelibrary.wiley.com/doi/10.1002/anie.6711809?af=R,Wiley: Angewandte Chemie International Edition: Table of Contents,2026-09-02 11:02:45 UTC,2026-09-02 11:02:45+00:00,10.1002/anie.6711809,Masayuki Wasa,"ABSTRACT
                  
                    Piperazine is one of the most prevalent saturated nitrogen heterocycles in pharmaceuticals, yet late‐stage access to
                    α
                    ‐ and
                    β
                    ‐substituted piperazine analogues remains challenging. Here, we report a flavin‐photocatalyzed platform that converts complex piperazine‐containing drugs into persistent tetrahydropyrazine intermediates that serve as versatile branch points for downstream functionalization. Under blue‐light irradiation, riboflavin tetraacetate (RFTA) promotes sequential
                    α
                    ‐ and
                    β
                    ‐C─H bond cleavage of
                    N
                    ‐alkyl,
                    N
                    ‐aryl, and
                    N
                    ‐heteroaryl piperazines under mild conditions and with tolerance of diverse functional groups. The resulting drug‐derived tetrahydropyrazines can be isolated or directly telescoped into reactions with electrophiles and nucleophiles, enabling late‐stage access to cyclopropyl‐, trifluoromethyl‐, carbonyl‐, amide‐, and cyano‐substituted piperazine analogues. By decoupling C─H oxidation from subsequent bond construction, this two‐stage strategy enables transformations that would otherwise be incompatible with flavin‐mediated oxidation. The utility of this approach is demonstrated through the rapid preparation of diverse analogues of piperazine‐based pharmaceuticals and a preliminary structure–activity relationship (SAR) study of erastin, which reveals that piperazine‐core substitution and stereochemistry can substantially influence cellular activity. Stern–Volmer quenching experiments, cyclic voltammetry, and characterization of intermediates formed under photoirradiation provide insight into the reaction mechanism. This work establishes drug‐derived tetrahydropyrazines as practical late‐stage intermediates for expanding medicinally relevant chemical space around piperazine‐containing drug leads.",crossref,0
Matrix‐Activated Aptamer Sensors for Human Serum Analysis,https://onlinelibrary.wiley.com/doi/10.1002/anie.3409471?af=R,Wiley: Angewandte Chemie International Edition: Table of Contents,2026-09-02 11:06:51 UTC,2026-09-02 11:06:51+00:00,10.1002/anie.3409471,Eric Peyrin,"ABSTRACT
                  Owing to their ease of operation, solution‐phase fluorescent sensors hold a crucial position among aptamer‐based detection tools. However, their performance is regularly compromised when exposed to increasing levels of blood fluids, such as human serum, which limits their potential in clinical settings. Here, we introduce a sensing platform that behaves advantageously within this biological medium, leveraging the most abundant proteins in the matrix, namely albumin and immunoglobulin G, as endogenous activators of fluorophore‐labeled aptamers. In the absence of a target, these serum proteins non‐specifically assemble with the aptamer probe in situ. Upon target binding, the aptamer‐protein complexes are disrupted, shifting the equilibria toward the probe unbound to biopolymers. The fluorescence anisotropy readout reveals the system's reactivity to small‐molecule targets, offering the unique ability to provide both enhanced and consistent responses across a range of high serum levels (25%–90%). As the sensor's performance may be sensitive to inter‐sample serum variations, a standard addition calibration approach is used to ensure reliable quantitative analyses. Overall, the proposed strategy addresses substantial serum‐induced perturbations and preserves assay functionality under biologically challenging conditions, thereby establishing a practical framework for extending homogeneous aptamer‐based sensing to clinically relevant blood matrices.",crossref,0
2D Covalent Organic Frameworks as Robust n‐Type Organic Mixed Ionic‐Electronic Conductors for Electrochemical Transistors,https://onlinelibrary.wiley.com/doi/10.1002/anie.5032409?af=R,Wiley: Angewandte Chemie International Edition: Table of Contents,2026-09-02 11:10:21 UTC,2026-09-02 11:10:21+00:00,10.1002/anie.5032409,Tao Zhang,"ABSTRACT
                  
                    Organic mixed ionic‐electronic conductors (OMIECs) with exclusive electrochemical modulation and coupling between ions and electrons have exhibited intriguing efficiencies in bioelectronics, logic circuits, and wearable devices. However, OMIECs are typically linear polymers whose excessive structural swelling and morphological disorder during electrochemical doping led to low performance and instability. Here, we report n‐type 2D covalent organic frameworks (2D COFs) as novel OMIECs (BTID‐BFDO COF and BTDD‐BFDO COF). The rigid π‐conjugated scaffold functions as both a charge transport pathway and an ion‐electron coupling plane, whilst the nanochannels serve as directional conduits for rapid ion transport. 2D OMIECs‐based OECTs exhibit favorable threshold voltages (&lt; 0.5 V), I
                    on
                    /I
                    off
                    ratios (10
                    3
                    ) and high stability (modulation current retention rate of 91.3% during continuous operation) compared with the linear counterpart (&lt; 10%). More importantly, we elucidate the mechanism underlying in situ ion transport and doping within the rigid porous architectures of 2D OMIECs, establishing a novel design paradigm for robust n‐type organic semiconductors.",crossref,0
Dual‐Affinity Host Engineering for Highly Reversible Zinc–Iodine Batteries,https://onlinelibrary.wiley.com/doi/10.1002/anie.5243975?af=R,Wiley: Angewandte Chemie International Edition: Table of Contents,2026-09-02 11:11:13 UTC,2026-09-02 11:11:13+00:00,10.1002/anie.5243975,Jun Lu,"ABSTRACT
                  
                    Aqueous zinc–iodine (Zn–I
                    2
                    ) batteries are promising for large‐scale energy storage, yet their practical development is impeded by the coupled degradation of both electrodes, including instability Zn anode and sluggish iodine kinetics of cathode. Existing approaches typically focus on individual optimization of each electrode, limiting full cell to achieve synergistic enhancement and inevitably increases system complexity. Herein, a dual‐affinity three‐dimensional host is constructed by integrating one‐dimensional carbon nanotubes with two‐dimensional vermiculite nanosheets. The incorporation of vermiculite overcomes the intrinsically low polarity and weak adsorption capability with active material of the conventional 3D carbon frameworks. Benefiting from the densely stacked hybrid architecture with high mechanical strength, excellent electrical conductivity and dual affinity toward Zn and polyiodides, the 3D host concurrent regulate Zn deposition and iodine conversion chemistry. The zincophilic vermiculite regulate Zn
                    2+
                    flux, lower the nucleation barrier and promote uniform deposition, while the porous structure effectively suppress polyiodide shuttling through synergistic physical confinement and chemical anchoring. Consequently, the Zn composite anode exhibits remarkable cycling stability over 3000 cycles at 20 mA cm
                    −2
                    at 60% depth‐of‐discharge, whereas the integrated Zn‐I
                    2
                    full cell maintains 90.0% capacity retention after 2000 cycles. This work offers a route for designing durable, highly efficient Zn‐I
                    2
                    batteries.",crossref,0
Electrochemical Cobalt/Vanadium Relay Catalysis: Enantioselective Markovnikov Hydrooxygenation of Alkenes,https://onlinelibrary.wiley.com/doi/10.1002/anie.1324586?af=R,Wiley: Angewandte Chemie International Edition: Table of Contents,2026-09-02 11:12:26 UTC,2026-09-02 11:12:26+00:00,10.1002/anie.1324586,Qingquan Lu,"ABSTRACT
                  
                    The direct enantioselective intermolecular Markovnikov hydrooxygenation of alkenes remains a fundamental challenge, as it requires simultaneous control over regioselectivity, stereochemistry, and reactivity. Here we report an electrochemical cobalt/vanadium relay catalytic strategy that overcomes these constraints by decoupling regio‐ and stereochemical control across two distinct catalytic events. A cobalt hydride selectively engages alkenes through metal–hydride hydrogen atom transfer to generate a Markovnikov alkyl radical, while a vanadium catalyst mediates a subsequent stereodetermining bimolecular homolytic substitution (S
                    H
                    2) to form the C─O bond with high enantioselectivity. Electrochemical modulation of the cobalt and vanadium redox states enables efficient catalytic relay under mild conditions, suppressing overoxidation pathways and eliminating the need for stoichiometric chemical oxidants. This approach provides access to a broad range of enantioenriched alcohols and derivatives with high functional group tolerance and scalability, offering streamlined access to pharmaceutically relevant scaffolds. More broadly, the demonstrated compatibility of vanadium‐catalyzed asymmetric bond formation with electrochemical control establishes a general framework for stereoselective C─O bond construction via radical intermediates.",crossref,0
Transient Regulation of Crystallization via Volatile Additives to Obtain High‐Quality Perovskite Films,https://onlinelibrary.wiley.com/doi/10.1002/anie.7089275?af=R,Wiley: Angewandte Chemie International Edition: Table of Contents,2026-09-02 11:16:31 UTC,2026-09-02 11:16:31+00:00,10.1002/anie.7089275,Linhua Hu,"ABSTRACT
                  
                    Exact regulation of nucleation and crystallization kinetics is essential for fabricating high‐performance perovskite solar cells (PSCs). However, regulating the fast assembly of precursors without incorporating residual impurities presents a significant difficulty. We present an approach of a “transient kinetic modulation” strategy employing octafluorotoluene (OCF) to control the crystallization of formamidinium (FA)‐based perovskites. Distinct from conventional additives that focus on cations or lead centers, OCF utilizes its electron‐deficient perfluorinated aromatic ring to form robust anion‐π interactions with iodide ions (I
                    −
                    ). This interaction effectively sequesters iodide species in the precursor solution, kinetically inhibiting the formation of PbI
                    3
                    −
                    intermediates and reducing the disordered precipitation of phases. The resultant delayed nucleation and synchronized crystal growth provide perovskite films characterized by markedly increased grain size, alleviated lattice strain, and reduced defect density. Significantly, OCF totally volatilizes during annealing, guaranteeing a pure, residue‐free film. Consequently, the optimized devices achieve a champion power conversion efficiency (PCE) of 25.44% with a high fill factor of 85.27%, alongside exceptional long‐term stability, retaining 93% of the initial PCE after 1800 h of ambient aging. This study establishes volatile additive modulation as an effective, non‐invasive method for crystallization management.",crossref,0
In Situ Peptide Assembly for Cancer Therapy,https://onlinelibrary.wiley.com/doi/10.1002/anie.2719299?af=R,Wiley: Angewandte Chemie International Edition: Table of Contents,2026-09-02 11:20:15 UTC,2026-09-02 11:20:15+00:00,10.1002/anie.2719299,Gaolin Liang,"ABSTRACT
                  Peptides have emerged as promising anticancer agents due to their biocompatibility and functional versatility, such as tumor targeting and cell penetrating capabilities. However, their clinical application is often limited by poor stability and rapid clearance. To overcome these drawbacks, peptide assembly strategies have been developed. Early approaches utilized preassembled peptide nanomaterials, but these approaches faced challenges in circulation and tumor penetration. Recently, in situ peptide assembly has gained increasing attention. This strategy involves administering molecular peptide‐drug precursors that undergo stimulus‐responsive activation in the tumor microenvironment to form nanostructures locally. This process utilizes an aggregation‐induced retention (AIR) effect for enhanced drug enrichment and retention at the tumor site. Furthermore, these in situ‐formed nanoassemblies can disrupt intracellular homeostasis and induce apoptosis, amplifying therapeutic outcomes. This review systematically elaborates on the mechanisms of in situ peptide assembly, classifies the diverse stimuli triggering this process, and comprehensively summarizes its applications in cancer therapy. Finally, current challenges and prospects in this advancing field are discussed.",crossref,0
Beyond and Inside the Electrical Double Layer: Molecular‐Level Cation Effects in Aqueous Electrocatalysis,https://advanced.onlinelibrary.wiley.com/doi/10.1002/adma.74864?af=R,Wiley: Advanced Materials: Table of Contents,2026-09-02 11:49:21 UTC,2026-09-02 11:49:21+00:00,10.1002/adma.74864,Xiangfeng Duan,"ABSTRACT
                  
                    Electrocatalytic reactions occur at a dynamic, ion‐regulated electrochemical interface, rather than at a static electrode boundary. In electrocatalytic processes such as hydrogen evolution/oxidation and CO
                    2
                    reduction, which operate at potentials below the electrode's potential of zero charge, electrolyte cations are not mere spectators but active participants that shape reaction behavior. Their size, charge density, solvation structure, and spatial organization within the electric double layer (EDL) govern interfacial energetics, transition states, and reaction activity and selectivity, giving rise to pronounced, system‐dependent cation effects. Furthermore, cation accumulation dynamically modifies the interfacial electric field, reorganizes water structure, and alters local pH, thereby coupling electrostatics, solvation, and mass transport in a highly nonlinear manner. These intertwined effects complicate mechanistic interpretation and have contributed to ongoing debates and seemingly contradictory conclusions across experimental and theoretical studies. Here, we synthesize the current understanding of cation effects at electrochemical interfaces, highlight emerging interfacial molecular structures revealed by in situ and
                    operando
                    studies that challenge classical EDL models, identify key unresolved debates, and outline pathways toward a quantitative, molecular‐level description of cation–interface–reactivity relationships.",crossref,0
Flexible Osmotic Energy Batteries Enabled by Stacked Bicontinuous‐Network Hydrogels,https://advanced.onlinelibrary.wiley.com/doi/10.1002/adma.74906?af=R,Wiley: Advanced Materials: Table of Contents,2026-09-02 11:54:22 UTC,2026-09-02 11:54:22+00:00,10.1002/adma.74906,Lijun Yang,"ABSTRACT
                  
                    Reverse dialysis based on hydrogel membranes holds promise for the development of soft electrochemical batteries. However, the energy conversion efficiency is often constrained by excessive swelling, which dilates nanochannels and degrades permselectivity. Here, we present a bicontinuous‐network hydrogel (BCNH) engineered by precisely modulating the hydrophilic and hydrophobic phases to achieve high‐performance osmotic energy conversion. Benefiting from the BCN structure, the hydrophilic ion‐conducting pathways are spatially confined by a percolating hydrophobic matrix, which dramatically suppresses swelling. This structural restraint preserves high permselectivity and enhances mechanical robustness. The resulting BCNH membrane, which simultaneously offers high permselectivity and rapid ionic flux, delivers an outstanding osmotic power density of 21.07 W·m
                    −2
                    , significantly outperforming conventional homogeneous hydrogels. By integrating cation‐selective and anion‐selective BCNHs into flexible full cells, we achieve a high‐power density of 10.07 W·m
                    −2
                    , enabling the scalable fabrication of highly flexible battery arrays. Combining integrated high selectivity, ultralow swelling, and robust mechanical properties, the BCNH platform establishes a transformative material foundation for advanced flexible electronics and sustainable energy conversion technologies.",crossref,0
"The Past, Present, and Future of Biomass‐Derived Hard Carbon for Sodium‐Ion Batteries",https://advanced.onlinelibrary.wiley.com/doi/10.1002/adma.74693?af=R,Wiley: Advanced Materials: Table of Contents,2026-09-02 12:13:36 UTC,2026-09-02 12:13:36+00:00,10.1002/adma.74693,Yan Yu,"ABSTRACT
                  Given the cost‐effectiveness, renewability, and environmental friendliness features, biomass‐derived hard carbon has attracted significant attention in sodium‐ion batteries (SIBs). However, the macroproperties of the resultant hard carbon highly depend on the resources and components of the biomass precursors. And the structure–property relationship remains complicated, which brings huge challenges for subsequent research. To clarify such intrinsic correlation, this review systematically elucidates the physicochemical propert ies, multiscale mechanisms, as well as isolation approaches of the cellulose, hemicellulose, and lignin first, with special focus on the differential evolution behavior and its synergistic transformation mechanism of these three main components during the pyrolysis‐carbonization process. Then, the key regulation effects on microstructure and sodium storage performance have also been illuminate d based on the structural evolution of these component s. Subsequently, by comparing different modification methods, an innovative precursor pretreatment strategy for component matching and correlation with sodium storage characteristics has been proposed, which can control the path of degradation and reconstruction of components and thus optimize the electrochemical behaviors of the resulting hard carbons. Finally, multi‐dimensional solutions are raised in order to target the industrialization bottlenecks. These solutions provide a theoretical foundation and technical roadmap for the development of high‐performance, low‐cost SIBs anode materials.",crossref,0
Enhanced Figure‐of‐Merit Energy Harvesting in [001]‐Oriented PMN‐PZT Ceramics Via Synergistic Multi‐Scale Engineering,https://advanced.onlinelibrary.wiley.com/doi/10.1002/aenm.71541?af=R,Wiley: Advanced Energy Materials: Table of Contents,2026-09-02 12:21:38 UTC,2026-09-02 12:21:38+00:00,10.1002/aenm.71541,Yongke Yan,"ABSTRACT
                  
                    Developing piezoelectric materials with a high figure‐of‐merit (FOM =
                    d
                    33
                    ×
                    g
                    33
                    /tan
                    δ
                    ) is crucial for advanced energy‐harvesting technologies. Here, a high FOM is achieved in [001]‐oriented Pb(Mg
                    1/3
                    Nb
                    2/3
                    )O
                    3
                    ‐PbZrO
                    3
                    ‐PbTiO
                    3
                    (PMN‐PZT) textured ceramics by synergistically integrating grain orientation, defect engineering, and morphotropic phase boundary (MPB) design. The textured ceramic exhibits exceptional properties (piezoelectric charge coefficient
                    d
                    33
                    = 1120 pC·N
                    −1
                    , piezoelectric voltage coefficient
                    g
                    33
                    = 62 × 10
                    −3
                    V·m·N
                    −1
                    , and an ultralow dielectric loss tan
                    δ
                    = 0.23%). Atomic‐scale analysis reveals that the [001] intrinsic anisotropy and mixed rhombohedral‐tetragonal domains facilitate polarization rotation to boost
                    d
                    33
                    and
                    g
                    33
                    , while Mn doping‐induced defect dipoles suppress dielectric loss. Consequently, an ultrahigh FOM of 30,180 × 10
                    −12
                    m
                    2
                    ·N
                    −1
                    is realized. Furthermore, a cantilever energy harvester utilizing this textured ceramic delivers an outstanding power density of 0.72 µW·mm
                    −3
                    , which is 78 times higher than that of commercial soft PZT. This work provides an effective strategy for designing high‐FOM piezoelectric materials for high performance energy harvesting applications.",crossref,0
Spectrally Programmable Spin‐Polarized Photocurrents in WSe2–NiPS3 Magnetic van der Waals Heterostructures,https://advanced.onlinelibrary.wiley.com/doi/10.1002/adma.74889?af=R,Wiley: Advanced Materials: Table of Contents,2026-09-02 13:06:20 UTC,2026-09-02 13:06:20+00:00,10.1002/adma.74889,Doron Naveh,"ABSTRACT
                  
                    Efficient generation and control of spin‐polarized currents in semiconductors remain central challenges for spin‐based electronics, particularly due to impedance mismatch and the reliance on magnetic fields or ferromagnetic contacts. Here, we introduce a materials platform for spectrally programmable spin transport based on a van der Waals (vdW) heterostructure combining the antiferromagnetic semiconductor NiPS
                    3
                    with WSe
                    2
                    . In a p–n diode architecture, circularly polarized excitation produces pronounced photoconductive resonances with spin‐polarization reaching 80% near the Néel temperature and persisting at ≈30% at room temperature. Remarkably, selected spectral bands retain their polarization sign across the magnetic phase transition, evidencing robust, spectrally protected spin‐polarized current generation. Polarization‐resolved photogalvanic measurements reveal a dominant circular injection‐current mechanism, confirming spin‐polarized carrier transport. First‐principles calculations show that an applied electric field induces interfacial hybridization and spin‐layer locking, giving rise to localized symmetry breaking and enhanced optical absorption while preserving global time‐reversal symmetry. These results establish spectral tuning of excitation as a new control knob for spin transport, enabling spin‐current generation without magnetic fields or polarization switching. Our findings position magnetic vdW heterostructures as a versatile platform for opto‐spintronic functionality and spectrally programmable spintronic devices.",crossref,0
Geometry‐Guided Screening of Metal/Oxide Heterointerfaces Enables Superior Sodium Metal Batteries at −40 °C,https://onlinelibrary.wiley.com/doi/10.1002/anie.3543240?af=R,Wiley: Angewandte Chemie International Edition: Table of Contents,2026-09-02 13:25:18 UTC,2026-09-02 13:25:18+00:00,10.1002/anie.3543240,Yan Yu,"ABSTRACT
                  
                    Despite their high theoretical energy density, sodium metal batteries (SMBs) remain limited by unstable interfacial chemistry and sluggish Na
                    +
                    transport kinetics, particularly under ultralow‐temperature conditions. Herein, guided by a geometry‐driven design principle linking structural matching at metal/metal‐oxide heterointerfaces with current density distribution, we identify a Y/Y
                    2
                    O
                    3
                    heterostructure as an optimal surface modification layer and fabricate it on commercial aluminum foil via magnetron sputtering. The resulting Y/Y
                    2
                    O
                    3
                    heterojunction, featuring a built‐in electric field and moderate sodiophilicity, homogenizes Na
                    +
                    flux, and directs reversible deposition. Meanwhile, the heterointerface facilitates PF
                    6
                    −
                    adsorption, directing interfacial reactions toward the generation of inorganic solid electrolyte interphase components, which contributes to improved interfacial stability under ultralow‐temperature conditions. Consequently, the Y/Y
                    2
                    O
                    3
                    ‐modified current collector promotes highly reversible Na plating/stripping, enabling Na@Y/Y
                    2
                    O
                    3
                    @Al||Na
                    3
                    V
                    2
                    (PO
                    4
                    )
                    3
                    full cells to retain robust cycling stability at −40 °C. The Y/Y
                    2
                    O
                    3
                    heterointerface design provides an effective platform for enabling durable SMB operation under harsh ultralow‐temperature conditions.",crossref,0
Organic Activatable Afterglow Imaging Probes: From Molecular Design to Biomedical Translation,https://onlinelibrary.wiley.com/doi/10.1002/anie.1799326?af=R,Wiley: Angewandte Chemie International Edition: Table of Contents,2026-09-02 13:27:22 UTC,2026-09-02 13:27:22+00:00,10.1002/anie.1799326,Xiao‐Bing Zhang,"ABSTRACT
                  
                    Organic activatable afterglow probes have developed into a distinct class of optical imaging tools. They allow for a temporal separation between signal emission and external irradiation, thereby enabling high‐contrast imaging. We have summarized the latest advances in the design of organic activated afterglow probes, with a particular focus on their excitation mechanisms, performance modulation, and activation strategies, including energy transfer, intramolecular regulation, and singlet oxygen(
                    1
                    O
                    2
                    )‐mediated processes. The roles of various external energy sources, including light, ultrasound, and X‐rays, in inducing afterglow emission are also discussed. We further highlight representative probe designs for detecting bioactive small molecules, enzymes, and microenvironment signals, and explore how these systems translate molecular activation events into afterglow signals. This review emphasizes biomedical applications, particularly tumor‐related imaging, visualization of immune cell dynamics, and disease‐related imaging of the liver and cardiovascular system. The role of these activated afterglow probes in surgical navigation and treatment monitoring is elucidated. The discussion also addresses remaining challenges in this field, including how to modulate probe performance, improve selectivity in complex biological environments, and enhance deep tissue imaging capabilities while ensuring translational safety.",crossref,0
Correction to “A Bifunctional Descriptor Inspired by Electron‐Donating Ability for Regulating Dendrite Growth and Parasitic Reactions in Zinc‐Ion Batteries”,https://onlinelibrary.wiley.com/doi/10.1002/anie.5685998?af=R,Wiley: Angewandte Chemie International Edition: Table of Contents,2026-09-02 13:28:59 UTC,2026-09-02 13:28:59+00:00,10.1002/anie.5685998,,,,0
Spatially Synergistic Dual‐Confinement Enables Underwater‐Stable Room‐Temperature Phosphorescent Hydrogels,https://advanced.onlinelibrary.wiley.com/doi/10.1002/adma.74914?af=R,Wiley: Advanced Materials: Table of Contents,2026-09-02 13:47:18 UTC,2026-09-02 13:47:18+00:00,10.1002/adma.74914,Chaolong Yang,"ABSTRACT
                  
                    Organic room‐temperature phosphorescent (RTP) hydrogels are attractive as flexible luminescent materials for optoelectronic and biomedical applications, but their water‐rich and mechanically compliant nature makes it difficult to create microenvironments that simultaneously suppress nonradiative decay, resist external quenching, and maintain structural robustness. Here, we report an amphiphilic polymer chain‐driven in situ curing strategy that generates rigid luminescent epoxy microspheres uniformly within a PVA hydrogel matrix. Combined with annealing–reswelling‐induced matrix densification, this process creates a spatially synergistic dual‐confinement system, in which the inner epoxy domains immobilize phosphors while the outer dense PVA network helps impede the ingress of water and oxygen. The resulting hydrogels exhibit tunable multicolor RTP, an ultralong phosphorescence lifetime of up to 4342 ms, a daylight‐visible afterglow luminance of 87.9 cd m
                    −2
                    , a time‐gated delayed‐emission quantum yield of 55.49%, and a tensile strength exceeding 10 MPa. Notably, the hydrogels retain a phosphorescence lifetime of 3172 ms after 170 days of water immersion. This work identifies spatially synergistic dual confinement as an effective route to jointly optimize phosphorescence efficiency, mechanical robustness, and long‐term underwater stability in soft luminescent hydrogels.",crossref,0
Binder Engineering for Phosphoric Acid Distribution and Retention in High‐Temperature Proton Exchange Membrane Fuel Cell Cathodes,https://advanced.onlinelibrary.wiley.com/doi/10.1002/adma.74884?af=R,Wiley: Advanced Materials: Table of Contents,2026-09-02 14:02:06 UTC,2026-09-02 14:02:06+00:00,10.1002/adma.74884,Bo Wang,"ABSTRACT
                  High‐temperature proton exchange membrane fuel cells (HT‐PEMFCs) offer compelling advantages for energy conversion, including simplified water and thermal management and high tolerance to fuel impurities. In these systems, phosphoric acid (PA) serves as the primary proton conductor, enabling anhydrous proton transport. However, cathode performance and durability remain constrained by sluggish oxygen reduction kinetics and the challenge of controlling PA distribution and retention. Uneven acid distribution, manifesting as local flooding that blocks gas pathways and covers active sites or local depletion that disrupts proton‐conducting networks, causes severe mass‐transport losses and performance decay. Concurrently, gradual PA migration and loss during operation progressively degrade proton conduction pathways, accelerating voltage decay. Recent studies have established cathode binder engineering as an effective strategy to regulate both PA distribution and retention. This review systematically examines the design of cathode binder systems—encompassing polymer binder optimization and functional additive integration—and the characterization and diagnostic frameworks for evaluating their efficacy in PA management. We further integrate advanced PA characterization techniques with a comprehensive electrochemical performance evaluation framework. By establishing explicit connections among binder design, PA distribution and retention behavior, and device‐level performance assessment, this review provides an instructive guide for the rational development of high‐performance, durable HT‐PEMFC cathodes.",crossref,0
A smart meter data market framework embedded in electricity market operations,https://www.sciencedirect.com/science/article/pii/S0306261926013826?dgcid=rss_sd_all,ScienceDirect Publication: Applied Energy,2026-09-03 00:00:00 UTC,2026-09-03 00:00:00+00:00,,Hongxun Hui,,,0
Large-language-model-driven multiple algorithm evolution for network-constrained unit commitment model reduction,https://www.sciencedirect.com/science/article/pii/S0306261926014017?dgcid=rss_sd_all,ScienceDirect Publication: Applied Energy,2026-09-03 00:00:00 UTC,2026-09-03 00:00:00+00:00,,Chongqing Kang,,,0
SIG-LLM: A semantics-informed gating LLM for Spatio-temporal multi-energy demand forecasting,https://www.sciencedirect.com/science/article/pii/S0306261926014376?dgcid=rss_sd_all,ScienceDirect Publication: Applied Energy,2026-09-03 00:00:00 UTC,2026-09-03 00:00:00+00:00,,Qiang Yang,,,0
A method for adaptive spectral clustering in flexibility markets,https://www.sciencedirect.com/science/article/pii/S0306261926014236?dgcid=rss_sd_all,ScienceDirect Publication: Applied Energy,2026-09-03 00:00:00 UTC,2026-09-03 00:00:00+00:00,,Nilson Henao,,,0
Improved reactor design and performance for solar reduction in thermochemical water splitting through a novel two-step strategy,https://www.sciencedirect.com/science/article/pii/S0306261926014352?dgcid=rss_sd_all,ScienceDirect Publication: Applied Energy,2026-09-03 00:00:00 UTC,2026-09-03 00:00:00+00:00,,Yulong Ding,,,0
"Thermal runaway in lithium-ion batteries: a critical review of mechanisms, models, early warning systems, and safety strategies",https://www.sciencedirect.com/science/article/pii/S0306261926013620?dgcid=rss_sd_all,ScienceDirect Publication: Applied Energy,2026-09-03 00:00:00 UTC,2026-09-03 00:00:00+00:00,,Qi Huang,,,0
Green hydrogen production system design optimisation with strategic reliability decisions,https://www.sciencedirect.com/science/article/pii/S0306261926014157?dgcid=rss_sd_all,ScienceDirect Publication: Applied Energy,2026-09-03 00:00:00 UTC,2026-09-03 00:00:00+00:00,,Claver Diallo,,,0
Entropy and explainable AI based risk adaptive MPC for low-carbon integrated energy system scheduling,https://www.sciencedirect.com/science/article/pii/S0306261926013851?dgcid=rss_sd_all,ScienceDirect Publication: Applied Energy,2026-09-03 00:00:00 UTC,2026-09-03 00:00:00+00:00,,Chuanshen Wu,,,0
A review of environmental and techno-economic assessments of plastics to synthetic fuels and chemicals towards decarbonization,https://www.sciencedirect.com/science/article/pii/S030626192601367X?dgcid=rss_sd_all,ScienceDirect Publication: Applied Energy,2026-09-03 00:00:00 UTC,2026-09-03 00:00:00+00:00,,Almar Postma,,,0
Multi-stage uncertainty configuration optimization of seasonal hydrogen storage system,https://www.sciencedirect.com/science/article/pii/S0306261926013760?dgcid=rss_sd_all,ScienceDirect Publication: Applied Energy,2026-09-03 00:00:00 UTC,2026-09-03 00:00:00+00:00,,Huajian Zhou,,,0
Achieving 27.35% efficiency in perovskite-organic tandem solar cells by improving near-infrared absorption with a low-band-gap acceptor,https://www.cell.com/joule/fulltext/S2542-4351(26)00354-5?rss=yes,Joule,2026-09-03 00:00:00 UTC,2026-09-03 00:00:00+00:00,10.1016/j.joule.2026.102670,Qingdong Zheng,"A ladder-type heteroheptacene-based low-band-gap (LBG) acceptor is designed and synthesized for ternary organic solar cells (OSCs), exhibiting a high open-circuit voltage of 0.853 V and enhanced external quantum efficiencies in the long-wavelength range. By combining this LBG ternary organic subcell with a wide-band-gap perovskite subcell, the resulting perovskite-organic tandem solar cells achieve a power conversion efficiency of 27.35%.",rss_cell,0
AI-enabled remote sensing reveals two urban rooftop PV adoption pathways: household vs. large-roof,https://www.sciencedirect.com/science/article/pii/S0306261926014224?dgcid=rss_sd_all,ScienceDirect Publication: Applied Energy,2026-09-03 00:00:00 UTC,2026-09-03 00:00:00+00:00,,Fengqi You,,,0
Data-driven pricing strategy for decentralized coordination of renewable-intensive distributed energy resource aggregations,https://www.sciencedirect.com/science/article/pii/S0306261926013759?dgcid=rss_sd_all,ScienceDirect Publication: Applied Energy,2026-09-03 00:00:00 UTC,2026-09-03 00:00:00+00:00,,Soongeol Kwon,,,0
A generative-discriminative framework for distribution network topology identification,https://www.sciencedirect.com/science/article/pii/S0306261926013991?dgcid=rss_sd_all,ScienceDirect Publication: Applied Energy,2026-09-03 00:00:00 UTC,2026-09-03 00:00:00+00:00,,Guangyu He,,,0
Impact of commodity prices volatility on the sovereign risk of European economies: the case of the Russo-Ukrainian conflict,https://www.sciencedirect.com/science/article/pii/S0301421526005227?dgcid=rss_sd_all,ScienceDirect Publication: Energy Policy,2026-09-03 00:00:00 UTC,2026-09-03 00:00:00+00:00,,Krzysztof Echaust,,,0
Urban geopolitical risk exposure and energy justice: Evidence from 278 Chinese cities,https://www.sciencedirect.com/science/article/pii/S0301421526005239?dgcid=rss_sd_all,ScienceDirect Publication: Energy Policy,2026-09-03 00:00:00 UTC,2026-09-03 00:00:00+00:00,,Zhengwei Li,,,0
"The pulse of energy poverty in Greece: The role of financial stress, uncertainty, and institutional resilience",https://www.sciencedirect.com/science/article/pii/S0301421526004817?dgcid=rss_sd_all,ScienceDirect Publication: Energy Policy,2026-09-03 00:00:00 UTC,2026-09-03 00:00:00+00:00,,Kafait Ullah,,,0
Author Correction: Machine learning model-guided selective use of temporary diverting ileostomy in rectal cancer surgery: a randomized controlled trial,https://www.nature.com/articles/s41467-026-77496-y,Nature Communications,2026-09-03 00:00:00 UTC,2026-09-03 00:00:00+00:00,10.1038/s41467-026-77496-y,Jichao Qin,,,0
Author Correction: A multicellular self-organized probiotic platform for oral delivery enhances intestinal colonization,https://www.nature.com/articles/s41467-026-76863-z,Nature Communications,2026-09-03 00:00:00 UTC,2026-09-03 00:00:00+00:00,10.1038/s41467-026-76863-z,Wenguo Cui,,,0
Ten critical questions for scaling up floating developments,https://www.nature.com/articles/s41467-026-77492-2,Nature Communications,2026-09-03 00:00:00 UTC,2026-09-03 00:00:00+00:00,10.1038/s41467-026-77492-2,Olaf Waals,,,0
Perceived humanness and empathy are dissociated in relationship advice generated by a large language model,https://www.nature.com/articles/s41467-026-77350-1,Nature Communications,2026-09-03 00:00:00 UTC,2026-09-03 00:00:00+00:00,10.1038/s41467-026-77350-1,Sanne Peereboom,"Differentiating generated and human-written content is increasingly difficult. We examine how incentives to convey humanness and task characteristics shape perceptions of textual content across five studies. In Studies 1–2, humans and GPT-4 write relationship advice or relationship descriptions with or without instructions to appear human. New participants judge each text’s source. Instructions to appear human increase perceived humanness only for GPT-4, reducing the human advantage. Study 3 shows that these effects persist under instructions to avoid sounding like an AI model and replicate across GPT-4 and GPT-4o. Study 4 demonstrates that GPT models can produce empathy without humanness and humanness without empathy. Study 5 shows that GPT-4 increases perceived humanness by adopting informal, conversational language and other surface-level stylistic cues, whereas human writers show little adjustment. Together, the findings indicate that perceived humanness depends on incentives to appear human and the context in which writing is produced.",nature_html,0
Drought development characteristics modulate global dry–wet abrupt alternation through distinct land–atmosphere feedbacks,https://www.nature.com/articles/s41467-026-77272-y,Nature Communications,2026-09-03 00:00:00 UTC,2026-09-03 00:00:00+00:00,10.1038/s41467-026-77272-y,Yiling Yao,"Rapid transitions from drought to extreme precipitation can trigger cascading impacts, but the influence of antecedent drought development on subsequent precipitation remains unclear. Dry–wet abrupt alternation events were identified using a global event-scale framework and separated into successive dry and wet phases. These events followed approximately 32% of droughts, and their frequency increased significantly in 58% of the 26 IPCC-SREX regions assessed in 1951-2020. Model-based analysis showed that drought-development characteristics contributed 25.7% of the predictive information distinguishing droughts with and without subsequent extreme precipitation. Rapid and intense soil-moisture decline was associated with earlier, more convective precipitation, particularly in mid- and high-latitude climate-transition regions, whereas prolonged and severe drought development was associated with delayed, more stratiform precipitation, especially in arid and tropical regions. Here, we show that antecedent drought development is linked to distinct, region-dependent pathways from drought to extreme precipitation, providing a basis for anticipating compound hydrological extremes.",nature_html,0
MDHNet: Fusing global trends and local fluctuations via multi-scale decomposition for ultra-short-term wind power forecasting,https://www.sciencedirect.com/science/article/pii/S0306261926013887?dgcid=rss_sd_all,ScienceDirect Publication: Applied Energy,2026-09-03 00:00:00 UTC,2026-09-03 00:00:00+00:00,,Hichem Snoussi,,,0
High-throughput screen printing of solution-processable cholesteric liquid crystal materials enables full-color stereoscopic 3D displays,https://www.cell.com/matter/fulltext/S2590-2385(26)00361-9?rss=yes,Matter,2026-09-03 00:00:00 UTC,2026-09-03 00:00:00+00:00,10.1016/j.matt.2026.102998,Ling Wang,"In this work, the authors report a high-throughput screen-printing strategy to develop patternable chiral photonic materials. The printed cholesteric liquid crystals can function as chiral soft templates to efficiently amplify full-color circularly polarized luminescence with a high glum of up to 1.72. The proof-of-concept application of stereoscopic 3D display is achieved by printing customized orthogonal-polarization microarrays.",rss_cell,0
Defect-bound states of exciton condensate as an analogue of the Yu–Shiba–Rusinov state,https://www.nature.com/articles/s41565-026-02267-1,Nature Nanotechnology,2026-09-03 00:00:00 UTC,2026-09-03 00:00:00+00:00,10.1038/s41565-026-02267-1,Han Woong Yeom,"Quantum condensed states in solids often reveal their fundamental nature via interactions with impurities, as epitomized by Yu–Shiba–Rusinov (YSR) bound states at magnetic impurities in superconductors. Although analogous bound states are predicted within quantum condensates of excitons, their existence has been elusive. Here we visualize in-gap electronic states bound to impurities inside an exciton condensate phase of a van der Waals crystal Ta2Pd3Te5 at 4.4 K, utilizing scanning tunnelling microscopy and spectroscopy. We find that the energies of in-gap states are correlated with the excitonic band gap, which is systematically tuned by local strain and carrier injection. Our theoretical analyses reveal that these in-gap states can be explained by charge dipoles associated with Pd atoms on Ta sites through a charge-exciton version of the YSR mechanism. Our findings introduce the analogue of YSR physics in exciton condensates and a microscopic tool to probe and control quantum properties in exciton condensates persisting up to room temperature.",nature_html,0
Costs of demand-side solutions for decision-making,https://www.cell.com/joule/fulltext/S2542-4351(26)00352-1?rss=yes,Joule,2026-09-03 00:00:00 UTC,2026-09-03 00:00:00+00:00,10.1016/j.joule.2026.102668,Nan Zhou,"Comprehensive, comparable cost data for demand-side climate solutions have been lacking. This study presents a validated method for assessing the costs of demand-side interventions across sectors and regions, showing that most cost less than supply-side alternatives, positioning demand-side action as an affordable, low-regret complement to the energy transition.",rss_cell,0
Catalytic strategies for hydrogen release from carriers,https://www.cell.com/joule/fulltext/S2542-4351(26)00334-X?rss=yes,Joule,2026-09-03 00:00:00 UTC,2026-09-03 00:00:00+00:00,10.1016/j.joule.2026.102650,Geoffrey Ozin,"Chemical carriers can make hydrogen easier to store, transport, and release where it is needed. This review compares thermal, electrical, and light-driven catalytic routes for extracting hydrogen from ammonia, methane, methanol, and liquid organic hydrogen carriers. By linking carrier-specific reaction bottlenecks with active-site design, reactor engineering, purification, durability, and energy efficiency, it outlines how integrated carrier-to-hydrogen systems could support cleaner, safer, and more flexible hydrogen supply chains.",rss_cell,0
Moderate prevalence and evolutionary causes of paralogous compensation in humans,https://academic.oup.com/nsr/advance-article/doi/10.1093/nsr/nwag565/8781095?rss=1,National Science Review Advance Access,2026-09-03 00:00:00 UTC,2026-09-03 00:00:00+00:00,10.1093/nsr/nwag565,Yong E Zhang,"Paralogous compensation drives genetic robustness; however, its in vivo prevalence in humans and the evolutionary forces shaping it remain unresolved. We CRISPR-screened 678 human paralog pairs to identify pairs with negative genetic interactions (nGIs) or compensatory paralogs, and integrated our results with four studies to assemble two complementary resources: the 2168-pair Union and 4859-pair Ito datasets. We extrapolated to the organismal level by classifying paralogs as core (broadly compensating, 99 Union/120 Ito pairs), conditional (111/566), or non-interacting (1958/4173), and testing for enriched compensatory signals in core pairs relative to the latter two groups. Core nGI pairs consistently showed prenatal co-expression, depletion of disease genes, and enrichment for upregulation after paralog loss in cancer, though the signals were often moderate. Evolutionary analyses found similar fractions (∼2%) of core compensators among both ancient and young paralogs. Ancient pairs retain overlaps likely under pleiotropic and dosage constraints. Incomplete small-scale duplication mechanisms limit compensation among young pairs, except X-derived retrogenes, which are overrepresented among core nGIs (15%). This is consistent with selection to counteract male germline X inactivation and subsequent out-of-testis expansion. Overall, paralogous compensation is moderately prevalent in vivo in humans, shaped by multiple evolutionary forces acting on ancient or young duplicates.",rss_oup,0
Biomimetic sebum organogel enhances cell membrane fluidity for scarless wound healing,https://academic.oup.com/nsr/advance-article/doi/10.1093/nsr/nwag567/8781100?rss=1,National Science Review Advance Access,2026-09-03 00:00:00 UTC,2026-09-03 00:00:00+00:00,10.1093/nsr/nwag567,Dalong Ni,"Wound scars impose a substantial clinical burden and aesthetic appearance, affecting millions of individuals globally. Herein, inspired by the physical protection and signal-regulating functions of human sebum, we developed a biomimetic sebum organogel for scarless wound healing. This organogel is composed of calcium phosphotungstate sub-nanowires (PWC) and squalene (Sql)—a natural component of human sebum. The PWC gelatinize Sql with high adhesion force for wound retention and Sql release. The released Sql integrates into the plasma membrane of fibroblasts, where it enhances lipid bilayer fluidity, relieves wound tension by facilitating membrane-associated cytoskeleton adaptation, and subsequently suppresses Yes-associated protein (YAP) activation. Through this mechanism, the biomimetic sebum organogel reduces scar formation and promotes regeneration of skin appendages. Our findings present an accessible strategy for scar prevention and also highlight the regulation of cellular membrane fluidity as a promising target for mitigating fibrotic conditions across a range of diseases.",rss_oup,0
Synthesis of mesoporous salen polymer nanospheres for highly efficient photocatalytic extraction of uranium from seawater,https://academic.oup.com/nsr/advance-article/doi/10.1093/nsr/nwag569/8781101?rss=1,National Science Review Advance Access,2026-09-03 00:00:00 UTC,2026-09-03 00:00:00+00:00,10.1093/nsr/nwag569,Wei Li,"Efficient uranium extraction from seawater is essential to the long-term sustainability of nuclear energy, yet the rational design of high-performance materials for this purpose remains a formidable challenge. Herein, we develop an ionization regulated self-assembly strategy to synthesize mesoporous Salen polymer nanospheres (mDSR) for photocatalytic uranium extraction. Partial ionization improves the aqueous solubility of otherwise insoluble Salen ligands and enhances their reactivity towards formaldehyde, while preserving sufficient precursor-micelle interactions for co-assembly, thereby directing the formation of ordered mesostructures. This strategy is facile, universal, and it can accommodate a series of structurally distinct Salen ligands, enabling the modular construction of mesoporous polymers with programmable molecular functions. The mDSR nanospheres feature a large pore size (6.2 nm), a high surface area (68 m2 g−1), and intrinsic photocatalytic activity. As a result, under simulated sunlight and without sacrificial agents, mDSR achieves a high uranium uptake capacity of 867 mg U g−1 from a 10 ppm U(VI) solution, outperforming most adsorbents. This protocol establishes a new paradigm for functional mesoporous polymers.",rss_oup,0
Origins of universality of copper-catalyzed azide-alkyne cycloaddition,https://www.cell.com/chem/fulltext/S2451-9294(26)00275-5?rss=yes,Chem,2026-09-03 00:00:00 UTC,2026-09-03 00:00:00+00:00,10.1016/j.chempr.2026.103209,Valentine P. Ananikov,"Copper-catalyzed azide-alkyne cycloaddition is one of the most robust platforms to connect two molecules—utilized by scientists working across fields ranging from chemical biology to polymer topology—but its operational simplicity should not be mistaken for a naive and universal mechanism. This perspective analyzes the different catalyst identities in this click reaction and outlines a dynamic catalytic network of interconverting copper species, thereby providing a framework for more translatable and predictive copper-catalyzed click reactions.",rss_cell,0
Octahedral connectivity reconfigures interfacial carrier-selective properties for efficient perovskite solar cells,https://www.nature.com/articles/s41563-026-02722-3,Nature Materials,2026-09-03 00:00:00 UTC,2026-09-03 00:00:00+00:00,10.1038/s41563-026-02722-3,Nam-Gyu Park,"Regulation of electron- or hole-selective interfacial properties has traditionally relied on extrinsic chemical doping. Here we report a structurally driven strategy for modulating carrier-selective electronic characteristics through the organic-cation-induced reconfiguration of lead iodide octahedral connectivity. Two closely related imidazoline-based cations, which differ by only a single heteroatom, drive the formation of one-dimensional organic lead triiodide phases with distinct octahedral-sharing patterns. Single-crystal analysis combined with theoretical calculations reveals that the variation in connectivity reshapes orbital coupling, leading to pronounced changes in the work function and absolute band-edge positions that give rise to distinct carrier-selective interfacial behaviour without the introduction of extrinsic dopants. Leveraging this structural reconfiguration-induced electronic modulation, we realize complementary charge-selective contacts in perovskite solar cells, achieving a power conversion efficiency of 27.61% (certified steady-state 27.19%), together with excellent operational stability and scalability, including 22.26% efficiency in 655-cm2 modules.",nature_html,0
Decoding Multiscale Degradation of Layered Cathodes in All‐Solid‐State Lithium Batteries: An Advanced Diagnostics‐Driven Framework,https://advanced.onlinelibrary.wiley.com/doi/10.1002/aenm.71528?af=R,Wiley: Advanced Energy Materials: Table of Contents,2026-09-03 04:56:09 UTC,2026-09-03 04:56:09+00:00,10.1002/aenm.71528,Dongsoo Lee,"ABSTRACT
                  
                    All‐solid‐state lithium batteries (ASSLBs) with layered oxide cathodes such as LiNi
                    
                      1‐x‐y
                    
                    Mn
                    
                      x
                    
                    Co
                    
                      y
                    
                    O
                    2
                    (NMC), LiNi
                    
                      1‐x‐y
                    
                    Co
                    
                      x
                    
                    Al
                    
                      y
                    
                    O
                    2
                    (NCA), LiNiO
                    2
                    (LNO), and lithium‐rich layered oxides (LLOs) offer superior energy density and safety, yet their performance is severely limited by complex, coupled degradation mechanisms at the cathode/inorganic solid‐state electrolyte (SSE) interface and within the cathode bulk. This review establishes a Diagnosis‐Mechanism‐Mitigation (D‐M‐M) framework that decodes these multiscale degradation phenomena by cross‐validating multimodal diagnostic evidence from electronic structure to the cell level. Two categories are dissected: interfacial degradation, encompassing chemical decomposition, space‐charge layer formation, and resistive interphase growth; and bulk cathode degradation, including structural phase transitions, cation disorder, oxygen loss, and microstructural cracking. Drawing on advanced spectroscopy, microscopy, 3D imaging, and in situ/operando methods, each degradation cascade is traced from its diagnostic signature to its mechanism and to the validated mitigation it informed, from interfacial coatings to dopant engineering and microstructure optimization. Machine learning and artificial intelligence are assessed for interpreting complex diagnostic datasets and guiding predictive cathode design. The framework is further extended to practically relevant conditions (thick electrodes, low stack pressure, and large‐format cells), and the field's unresolved controversies are delineated together with the experiments that would decide them.",crossref,0
Combat Galapagos marine iguana trafficking,https://www.science.org/doi/abs/10.1126/science.aek3898?af=R,AAAS: Science: Table of Contents,2026-09-03 06:00:09 UTC,2026-09-03 06:00:09+00:00,10.1126/science.aek3898,Gohar A. Petrossian,,,0
Measurement of the Λ electric dipole moment with an entangled baryon-antibaryon system,https://www.science.org/doi/abs/10.1126/science.adx7334?af=R,AAAS: Science: Table of Contents,2026-09-03 06:00:09 UTC,2026-09-03 06:00:09+00:00,10.1126/science.adx7334,J. Zu,"The dominance of matter over antimatter in the Universe has consistently driven the pursuit of new physics beyond the Standard Model that violates charge-parity symmetry. Strange baryons (hyperons) remain a largely unexplored territory in which interactions between hyperons and particles from new physics could induce a nontrivial electric dipole moment (EDM). However, direct measurements of hyperon EDMs through spin precession are highly challenging owing to their short lifetimes. In this work, we introduce a method to extract the EDM of the lightest hyperon, Λ, using the entangled
                    
                      
                        
                          Λ
                          
                            Λ
                            ¯
                          
                        
                      
                    
                    system. Our result is consistent with zero, achieving a three-orders-of-magnitude improvement over the previous upper limit established in the 1980s with comparable statistics, providing stringent constraints on potential new physics.",crossref,0
Spontaneous polarization in chemical vapor–deposited polymer films creates large electric fields,https://www.science.org/doi/abs/10.1126/science.aeg9547?af=R,AAAS: Science: Table of Contents,2026-09-03 06:00:09 UTC,2026-09-03 06:00:09+00:00,10.1126/science.aeg9547,Franz Faupel,"Controlled surface potentials in permanently polarized polymer films are of increasing interest for electronics, sensing, and biomedical devices. Conventional polymer films require external electric fields or postdeposition treatments, limiting precision and scalability. Here, we report a spontaneous polarization in polymer thin films polymerized through initiated chemical vapor deposition (iCVD). Surface potentials emerge spontaneously during film growth, scale linearly with film thickness, and remain stable under ambient conditions. Their magnitude is tunable through deposition parameters, and polymerization initiator choice determines the polarity. The solvent-free, single-step iCVD process enables mechanically robust, uniform coatings on complex geometries and large areas. Our findings establish a simple, versatile route to intrinsically polarized polymer films without postprocessing, opening new opportunities for direct integration of electric fields into functional devices or surface-driven processes at the nanoscale.",crossref,0
Monomer-biased manufacture of industrial-scale colloidal photonic films,https://www.science.org/doi/abs/10.1126/science.aed8723?af=R,AAAS: Science: Table of Contents,2026-09-03 06:00:09 UTC,2026-09-03 06:00:09+00:00,10.1126/science.aed8723,Changchun Wang,"Complex functions in nature arise from the ordered assembly of simple building blocks. Transformation of colloidal aggregates into industrial-scale photonic crystals under rapid ambient conditions remains challenging owing to high energy barriers and limited assembly control. In this study, common monomers act as mediators that lower these barriers and bias ambient shear-induced ordering within seconds. This enables in situ processing compatible with roll-to-roll manufacturing of colloidal photonic crystal films with tunable mechanical properties. Robust 15-micrometer-thick films, incorporating a supramolecular matrix, can be produced up to 4000 meters long and 1.3 meters wide at a rate of 25 meters per minute. These combine vivid structural color and high transparency (&gt;90%) with mechanical robustness and rapid self-healing, demonstrating a scalable route to high-quality colloidal photonic materials.",crossref,0
An embryo-derived peptide signal directs endosperm polarity in Arabidopsis,https://www.science.org/doi/abs/10.1126/science.aed6035?af=R,AAAS: Science: Table of Contents,2026-09-03 06:00:09 UTC,2026-09-03 06:00:09+00:00,10.1126/science.aed6035,Gwyneth Ingram,"Angiosperm seed formation requires the coordinated development of the products of double fertilization—the embryo and the endosperm. The endosperm mediates efficient nutrient transfer from surrounding maternal tissues to the developing embryo. This function requires a polarized tissue organization, which manifests as early polar gene expression and polar cellularization dynamics. We show that the receptor kinase HAIKU2 (IKU2) acts in coordination with the transcription factor WRKY10/MINISEED3 (MINI3) to ensure robust endosperm polarity establishment through the activity of the homeodomain transcription factors WUSCHEL-RELATED HOMEOBOX 8 (WOX8) and WOX9. This process depends on egg cell fertilization and is mediated through the peptide PATHOGEN-INDUCED PEPTIDE–LIKE 7 (PIPL7), which acts as a potential IKU2 ligand. Our results reveal how a molecular paracrine dialog between the embryo and endosperm ensures optimal seed developmental coordination.",crossref,0
Fall Books 2026,https://www.science.org/doi/abs/10.1126/science.ael0869?af=R,AAAS: Science: Table of Contents,2026-09-03 06:00:09 UTC,2026-09-03 06:00:09+00:00,10.1126/science.ael0869,Ruthanna Emrys Gordon,,,0
Rising plant extinction rates on European mountain summits,https://www.science.org/doi/abs/10.1126/science.aed2974?af=R,AAAS: Science: Table of Contents,2026-09-03 06:00:09 UTC,2026-09-03 06:00:09+00:00,10.1126/science.aed2974,Stefan Dullinger,"Climate change increases plant species richness in alpine ecosystems. However, to what extent this diversity enrichment masks extinction dynamics of resident species remains elusive. In this study, we used floristic resurvey data from 896 permanent vegetation plots across 62 European mountain summits to show that local extinctions have increased over the past 21 years. Extinction rates rose with the magnitude of warming, and species were more likely to go extinct toward their low-elevation range margins and in communities undergoing stronger thermophilization. Moreover, local extinctions were significantly related to preceding abundance declines, which can serve as an early warning signal. These findings suggest that despite increasing plant species richness, plant assemblages above the treeline face an accelerating but so far neglected loss of their most characteristic species.",crossref,0
Early-life colonization with Clostridioides difficile remodels the developing gut,https://www.science.org/doi/abs/10.1126/science.ady2886?af=R,AAAS: Science: Table of Contents,2026-09-03 06:00:09 UTC,2026-09-03 06:00:09+00:00,10.1126/science.ady2886,Joseph P. Zackular,"Clostridioides difficile
                    causes severe disease in adults but commonly colonizes infants asymptomatically. The consequences of early-life colonization on host development remain unknown. In a neonatal mouse model,
                    C. difficile
                    colonization drove proinflammatory and tissue repair responses in the intestinal epithelium, enriching injury-associated intestinal stem cell populations and skewing differentiation toward secretory lineages. Despite transient colonization, exposure to
                    C. difficile
                    early in life led to persistent changes into adulthood. Epithelial responses were toxin dependent, as colonization with nontoxigenic strains or maternal vaccination with a
                    C. difficile
                    –targeted messenger RNA–lipid nanoparticle vaccine protected neonates. Human infant intestinal epithelial cells were sensitive to
                    C. difficile
                    toxins, and biopsies from colonized infants exhibited altered intestinal stem cell behavior. This study redefines
                    C. difficile
                    as an underappreciated early-life pathogen with lasting effects on host development.",crossref,0
Tumor-derived antioxidants suppress immunity by depriving T cells of reactive oxygen species,https://www.science.org/doi/abs/10.1126/science.adz8203?af=R,AAAS: Science: Table of Contents,2026-09-03 06:00:09 UTC,2026-09-03 06:00:09+00:00,10.1126/science.adz8203,Rahul Roychoudhuri,"Reactive oxygen species (ROS) promote genomic instability and fuel oncogenic signaling in cancer, but antioxidant therapies have so far failed to improve, or worsen, cancer outcomes. Emerging data suggest that T cells depend on ROS for signal transduction. In this study, we show that tumors exploit this dependency, releasing antioxidant enzymes into the tumor environment to suppress T cell–mediated antitumor immunity. The interstitial fluid of tumors possesses potent antioxidant activity, associated with enrichment of the antioxidant enzyme peroxiredoxin 1 (PRDX1). Extracellular PRDX1 deprives T cells of ROS, preventing oxidative inactivation of phosphatases required for T cell receptor–driven kinase signaling and effector function.
                    Prdx1
                    is up-regulated upon cancer immunoediting, and loss of PRDX1 within tumors enhances antitumor immunity and immunotherapy responses. These findings define a redox-dependent mechanism of tumor immunosuppression that is potentially amenable to therapeutic intervention.",crossref,0
Protect the Third Pole from mineral mining,https://www.science.org/doi/abs/10.1126/science.aej8902?af=R,AAAS: Science: Table of Contents,2026-09-03 06:00:09 UTC,2026-09-03 06:00:09+00:00,10.1126/science.aej8902,Zhe Zhang,,,0
Teaching while learning,https://www.science.org/doi/abs/10.1126/science.aem0118?af=R,AAAS: Science: Table of Contents,2026-09-03 06:00:09 UTC,2026-09-03 06:00:09+00:00,10.1126/science.aem0118,Nani Teig,,,0
Autothermal methane pyrolysis: Scalable heat integration for hydrogen and graphite production,https://www.science.org/doi/abs/10.1126/science.aed4911?af=R,AAAS: Science: Table of Contents,2026-09-03 06:00:09 UTC,2026-09-03 06:00:09+00:00,10.1126/science.aed4911,Matteo Cargnello,"Methane pyrolysis (MP) offers a compelling opportunity to meet low-carbon hydrogen demand using existing energy infrastructure. A key limitation in scaling MP is the efficient delivery of high-temperature heat into the reactor. We show that hydrogen-fueled autothermal operation overcomes this limitation, enabling an increase of several orders of magnitude in the reactor throughput for commercially relevant bed diameters. It also yields a carbon coproduct of 96.0% degrees of graphitization, meeting graphite precursor specifications and enabling domestic graphite production from natural gas using low-cost iron oxide catalysts. We further demonstrate a strategy to suppress the direct emissions inherent to autothermal operation, reducing them to near zero. A process-level life cycle assessment estimates that carbon intensities for autothermal methane pyrolysis can be as low as 1.9 to 4.5 kilograms (kg) of CO
                    2,eq
                    per kg H
                    2
                    .",crossref,0
California to vote on $16 billion to boost research,https://www.science.org/doi/abs/10.1126/science.aem0439?af=R,AAAS: Science: Table of Contents,2026-09-03 06:00:09 UTC,2026-09-03 06:00:09+00:00,10.1126/science.aem0439,Jeffrey Mervis,Two state ballot proposals come in wake of federal science funding cuts under Trump,crossref,0
Improve response to marine natural disasters,https://www.science.org/doi/abs/10.1126/science.aek9910?af=R,AAAS: Science: Table of Contents,2026-09-03 06:00:09 UTC,2026-09-03 06:00:09+00:00,10.1126/science.aek9910,Curtis Champion,,,0
How scientists unraveled the causes of the devastating flood in Tibet and Nepal,https://www.science.org/doi/abs/10.1126/science.aem0437?af=R,AAAS: Science: Table of Contents,2026-09-03 06:00:09 UTC,2026-09-03 06:00:09+00:00,10.1126/science.aem0437,Hannah Richter,Global cooperation revealed a huge landslide likely initiated the cascade of events,crossref,0
Supermale fish become new tactic for vanquishing invaders,https://www.science.org/doi/abs/10.1126/science.aem0438?af=R,AAAS: Science: Table of Contents,2026-09-03 06:00:09 UTC,2026-09-03 06:00:09+00:00,10.1126/science.aem0438,Erik Stokstad,Hatchery-raised trout with double Y chromosomes can eradicate invasive populations,crossref,0
Tumors steal a signal from T cells,https://www.science.org/doi/abs/10.1126/science.aek5854?af=R,AAAS: Science: Table of Contents,2026-09-03 06:00:09 UTC,2026-09-03 06:00:09+00:00,10.1126/science.aek5854,Navdeep S. Chandel,An antioxidant released by tumors dampens T cell immunity,crossref,0
Russia bets on new research facilities to build foreign ties,https://www.science.org/doi/abs/10.1126/science.aem0440?af=R,AAAS: Science: Table of Contents,2026-09-03 06:00:09 UTC,2026-09-03 06:00:09+00:00,10.1126/science.aem0440,Ilya Ferapontov,A new synchrotron and two other “megaprojects” could fuel new collaborations,crossref,0
"Fearing seal die-off from bird flu, Australia moves to evacuate sub-Antarctic research station",https://www.science.org/doi/abs/10.1126/science.aem0441?af=R,AAAS: Science: Table of Contents,2026-09-03 06:00:09 UTC,2026-09-03 06:00:09+00:00,10.1126/science.aem0441,Erik Stokstad,"Watching pups’ deaths could affect the mental health of staff, officials say",crossref,0
Brain stimulation takes aim at improving women’s health,https://www.science.org/doi/abs/10.1126/science.aem0442?af=R,AAAS: Science: Table of Contents,2026-09-03 06:00:09 UTC,2026-09-03 06:00:09+00:00,10.1126/science.aem0442,Jennie Erin Smith,Trials of noninvasive technologies enroll pregnant and postpartum women,crossref,0
Ready for the robot reviewers?,https://www.science.org/doi/abs/10.1126/science.aem0443?af=R,AAAS: Science: Table of Contents,2026-09-03 06:00:09 UTC,2026-09-03 06:00:09+00:00,10.1126/science.aem0443,Jeffrey Brainard,"As AI’s capabilities grow, researchers and publishers are exploring how it can support peer review—and where it still falls short",crossref,0
In Other Journals,https://www.science.org/doi/abs/10.1126/science.aem0117?af=R,AAAS: Science: Table of Contents,2026-09-03 06:00:09 UTC,2026-09-03 06:00:09+00:00,10.1126/science.aem0117,Marc S. Lavine,Editors’ selections from the current scientific literature,crossref,0
Psychedelics as prophylactic neuroprotectants,https://www.science.org/doi/abs/10.1126/science.aek3865?af=R,AAAS: Science: Table of Contents,2026-09-03 06:00:09 UTC,2026-09-03 06:00:09+00:00,10.1126/science.aek3865,Maria Maiarú,A compound found in certain mushrooms prevents nerve damage during chemotherapy,crossref,0
Locking aligned molecular dipoles,https://www.science.org/doi/abs/10.1126/science.aek6900?af=R,AAAS: Science: Table of Contents,2026-09-03 06:00:09 UTC,2026-09-03 06:00:09+00:00,10.1126/science.aek6900,Junjie Zhao,Molecular building blocks spontaneously organize into a thin film with a large surface potential,crossref,0
(Un)intended consequences of mass-prescribing GLP-1s,https://www.science.org/doi/abs/10.1126/science.ael8715?af=R,AAAS: Science: Table of Contents,2026-09-03 06:00:09 UTC,2026-09-03 06:00:09+00:00,10.1126/science.ael8715,Laura A. Schmidt,"It is difficult to overstate how much glucagon-like peptide-1 (GLP-1) pharmacotherapies have inundated the public discourse on obesity. An avalanche of scientific papers, news articles, and social media posts debate the efficacy, affordability, and appropriateness of GLP-1 receptor agonists not just for obesity but also skin disease, erectile dysfunction, pregnancy, and addiction. Attempting to cut through the noise, the World Health Organization (WHO) recently published the first-ever global guidelines recommending GLP-1s for the treatment of obesity, while committing to develop a global framework ensuring “fair access” to these medicines for the 1 billion people affected worldwide. Going deeper, the guidelines also advocate for “robust populationlevel policies” to address the root causes of obesity in unhealthy food environments. However, to complicate these efforts, WHO’s recommendations unfold at a time rife with competitive pressures among pharmaceutical companies, food companies vying for the GLP-1 market segment, and wellness companies promoting supplements and telemedicine programs for what is being billed as a GLP-1 lifestyle. This commercial milieu is ripe for unintended consequences that conspire against fair access to these medicines.",crossref,0
Not such a benign colonizer,https://www.science.org/doi/abs/10.1126/science.aek8246?af=R,AAAS: Science: Table of Contents,2026-09-03 06:00:09 UTC,2026-09-03 06:00:09+00:00,10.1126/science.aek8246,Bruce A. Vallance,"Clostridioides difficile
                    modulates inflammation and stem cell functions in the infant gut",crossref,0
In Science Journals,https://www.science.org/doi/abs/10.1126/science.aem0116?af=R,AAAS: Science: Table of Contents,2026-09-03 06:00:09 UTC,2026-09-03 06:00:09+00:00,10.1126/science.aem0116,Ruirui Qiao,"Highlights from the
                    Science
                    family of journals",crossref,0
Building a scalable climate coalition for heavy industry,https://www.science.org/doi/abs/10.1126/science.aef7190?af=R,AAAS: Science: Table of Contents,2026-09-03 06:00:09 UTC,2026-09-03 06:00:09+00:00,10.1126/science.aef7190,Jennifer Winter,"Emissions could be reduced, with minimal impact on production, while generating billions in public revenues",crossref,0
Field‐Regulated Triboelectric Nanogenerators for Enhanced Energy Conversion,https://advanced.onlinelibrary.wiley.com/doi/10.1002/aenm.71464?af=R,Wiley: Advanced Energy Materials: Table of Contents,2026-09-03 06:10:31 UTC,2026-09-03 06:10:31+00:00,10.1002/aenm.71464,Fayang Wang,"ABSTRACT
                  Triboelectric nanogenerators (TENGs) provide a versatile platform for distributed mechanical energy harvesting and self‐powered sensing. However, their practical deployment remains constrained by insufficient surface charge density, high output impedance, impedance mismatch, and environmental instability, particularly under low‐frequency and low‐intensity mechanical excitation. To move beyond purely mechanically driven contact electrification, optical, thermal, magnetic, and electric fields have recently been introduced into TENG systems to regulate interfacial charge generation, separation, transport, and retention. Unlike reviews centered on the simple structural integration or output superposition of otherwise independent energy‐harvesting units, this review focuses on mechanistic external‐field coupling and adopts field‐assisted charge modulation as a unifying framework for analyzing multifield‐coupled TENGs. Starting from Maxwell's displacement current, the fundamental working mechanism of conventional TENGs and the key parameters governing their output performance are discussed. Coupling mechanisms involving localized surface plasmon resonance, photon‐generated carriers, pyroelectric effects and heat‐excitation effects, magnetic nanomaterials, magnetically assisted structures, charge injection, and charge pumping are then highlighted. Finally, current challenges and future opportunities in unified theoretical modeling, field‐responsive materials, system‐level integration, power management, and long‐term reliability are discussed. By linking external‐field coupling mechanisms with materials design and device architecture, this review provides guidance for developing high‐output, adaptive, and multifunctional self‐powered systems.",crossref,0
Machine Learning for Rational Electrolyte Design in Lithium Batteries: Bridging Macroscopic Performance and Physically Interpretable Descriptors,https://advanced.onlinelibrary.wiley.com/doi/10.1002/aenm.71542?af=R,Wiley: Advanced Energy Materials: Table of Contents,2026-09-03 06:13:04 UTC,2026-09-03 06:13:04+00:00,10.1002/aenm.71542,Guanglei Cui,"ABSTRACT
                  Rational design of high‐performance electrolytes is central to the development of next‐generation lithium batteries, but it remains hindered by vast molecular design space, intricate multiscale structure–property relationships, and multiple performance requirements. Although machine learning (ML) accelerates electrolyte discovery through data‐driven performance prediction, most existing studies rely on sparse performance data and provide limited physical interpretability, thereby falling short of true rational design. This review traces the evolution of ML‐enabled electrolyte research from macroscopic performance prediction to mesoscale mechanistic understanding, with particular emphasis on the limited coverage of electrolyte chemical space in existing performance datasets and the insufficient evaluation of model extrapolation. We then review the physically interpretable descriptors and examine their intercorrelations and domains of applicability using a common set of 26 representative solvents. The current maturity and remaining limitations of ML‐based descriptor prediction are further assessed to support the high‐throughput virtual screening of electrolyte candidates. Finally, we review recent advances in performance‐guided autonomous experimentation and discuss the key challenges associated with establishing descriptor‐guided closed‐loop discovery platforms. Although descriptor‐driven rational electrolyte design has yet to be fully realized, this review outlines an actionable roadmap for integrating physically interpretable descriptors, generalizable ML models, and autonomous experimentation toward interpretable, data‐driven electrolyte discovery.",crossref,0
Viscous remanent magnetization authentication method for archaeological artifacts,https://www.pnas.org/doi/abs/10.1073/pnas.2620397123?mi=eymic2&af=R&access=on&content=articlesChapters&publication=pnas&sortBy=Earliest&target=default,Proceedings of the National Academy of Sciences: Keyword search for query,2026-09-03 07:00:00 UTC,2026-09-03 07:00:00+00:00,10.1073/pnas.2620397123,Lisa Tauxe,"Museums and public collections often contain archaeological clay artifacts of unknown origin. Such artifacts, if proven to be authentic, may contribute significantly to our understanding of ancient societies. However, the authenticity of these artifacts is usually highly debated, resulting in their being disregarded in historical interpretations. Several laboratory methods have been developed in order to authenticate such objects but none have been proven infallible. Here we present a method for distinguishing between authentic and fake clay artifacts by considering the Viscous Remanent Magnetization (VRM) acquired by the artifacts. Clay objects tend to acquire a strong magnetic signal termed Thermal Remanent Magnetization (TRM) upon heating and cooling in kilns during their manufacturing process. After being removed from the orientation in which their TRM was acquired, these objects were exposed to an ambient geomagnetic field in a different direction. Over archaeological time scales, this results in the acquisition of a significant VRM. We propose a laboratory protocol for identifying this ancient VRM. We validated the protocol using micromagnetic modeling of single domain particles and by laboratory experiments carried out on 19 ancient and 26 modern objects, made from different types of clay and fired using different firing techniques. Both the experiments and the simulations indicate that the existence of a significant VRM component removed at temperatures higher than a cutoff temperature of
                    
                      
                        
                          112
                          
                            
                            °
                          
                        
                      
                    
                    C is indicative of ancient objects while its removal at lower temperatures is indicative of modern objects. We successfully applied this method to objects of debated authenticity.",crossref,0
Hex-MASP for mapping the whole-tissue spatial proteome and the intrabrain distribution of monoclonal antibodies,https://www.pnas.org/doi/abs/10.1073/pnas.2532946123?mi=eymic2&af=R&access=on&content=articlesChapters&publication=pnas&sortBy=Earliest&target=default,Proceedings of the National Academy of Sciences: Keyword search for query,2026-09-03 07:00:00 UTC,2026-09-03 07:00:00+00:00,10.1073/pnas.2532946123,Jun Qu,"Whole-tissue level spatial proteomics provides critical insights into region-specific biological regulations but remains challenging. Previously, we introduced the micro-scaffold assisted spatial proteomics (MASP) concept for whole-tissue mapping. However, this prototype required substantial development in spatial resolution, practicality, and throughput for practical application. Here we present a next-generation MASP technique (
                    hex-
                    MASP) featuring i) a new design of hexagonal-micro-wells fabricated with optimized projection micro-stereolithography 3D-printing, achieving high spatial resolution, sampling robustness, and mechanical strength for reproducibly compartmentalizing even tough tissues; ii) enhanced throughput/effectiveness in sample preparation and LC–MS analysis with high quantitative quality. Applied to mouse brain,
                    hex-
                    MASP achieved in-depth, whole-tissue mapping for &gt;6,000 proteins in mouse brains, with high spatial accuracy and excellent data quality. The substantially improved resolution revealed critical regional details across the entire brain, that were not previously captured, enabling precise depiction of protein distribution heterogeneity. This technique enabled the identification of many unreported regionally enriched proteins across brain structures. We further applied
                    hex-
                    MASP to investigate the intrabrain distribution of intracerebroventricularly dosed antibody therapeutics and related proteins, which enabled whole-tissue mapping of protein drugs revealed insights into antibody brain penetration and distribution.
                    Hex
                    -MASP represents a robust, scalable platform for whole-tissue spatial proteomics.",crossref,0
Erratum for the Research Article “Hypothalamic clock governs circadian pain”,https://www.science.org/doi/abs/10.1126/science.ael2773?af=R,AAAS: Science: Table of Contents,2026-09-03 07:00:00 UTC,2026-09-03 07:00:00+00:00,10.1126/science.ael2773,,,,0
Conformational asymmetry of replicated human chromosomes,https://www.science.org/doi/abs/10.1126/science.aea4611?af=R,AAAS: Science: Table of Contents,2026-09-03 07:00:00 UTC,2026-09-03 07:00:00+00:00,10.1126/science.aea4611,Anton Goloborodko,"DNA replication generates sister chromatids with identical sequence, yet its mechanism is fundamentally asymmetric: Chromatids inherit strands of opposite orientation, whereas forks synthesize new strands by distinct leading- and lagging-strand mechanisms. How this replication asymmetry affects chromosome organization is unknown. Using sister chromatid–sensitive conformation analysis, we found that human sister chromatids are consistently misaligned in the 5′→3′ direction of inherited DNA strands. This shift persisted without cohesin-mediated loop extrusion but was lost upon disruption of cohesion. Polymer modeling showed that modest directional misalignment of cohesive cohesins can explain the observed shift, and we propose two models for how such misalignment could originate from replication fork asymmetry. This register shift between sister chromatids has implications for homology search during DNA repair.",crossref,0
Extreme climatic events drive consistent and predictable shifts in soil antibiotic resistance genes,https://www.pnas.org/doi/abs/10.1073/pnas.2612278123?mi=eymic2&af=R&access=on&content=articlesChapters&publication=pnas&sortBy=Earliest&target=default,Proceedings of the National Academy of Sciences: Keyword search for query,2026-09-03 07:00:00 UTC,2026-09-03 07:00:00+00:00,10.1073/pnas.2612278123,Matthias C. Rillig,"Antimicrobial resistance (AMR) is a growing One Health challenge, and as climate warming intensifies extreme events, it remains unclear how these disturbances affect soil antibiotic resistance genes (ARGs). Here we analyzed the data from a controlled experiment using soils from 30 grassland sites across ten European countries, which simulated drought, flooding, freeze–thaw, and heatwaves to explore ARG dynamics. Overall, ARGs exhibited relatively small but highly consistent shifts across treatments. Heatwaves caused the strongest reductions in ARG abundance and in their linkages with mobile genetic elements (MGEs), a pattern that may reflect a hypothesized metabolic–genetic trade–off, in which microbial investment may shift from core metabolism toward stress signaling and structural maintenance. ARG dynamics during and after disturbance were governed by distinct soil physicochemical properties, with temperature and nutrient status determining acute responses, whereas soil moisture and seasonal variability in temperature and precipitation shaped longer–term legacy effects. Cross–validated random–forest models showed positive predictive performance for Bray–Curtis–based compositional responses within the environmental range represented by the 30 grassland sites. Our findings enhance the understanding of how soil ARGs respond to extreme climatic events and provide a step toward predicting extreme–event impacts on soil resistomes with relevance to One Health.",crossref,0
Lenacapavir binding to immature Gag induces giant virions and causes protease-dependent inhibition of viral release,https://www.pnas.org/doi/abs/10.1073/pnas.2609634123?mi=eymic2&af=R&access=on&content=articlesChapters&publication=pnas&sortBy=Earliest&target=default,Proceedings of the National Academy of Sciences: Keyword search for query,2026-09-03 07:00:00 UTC,2026-09-03 07:00:00+00:00,10.1073/pnas.2609634123,Kazuaki Monde,"Lenacapavir (LEN), a potent capsid inhibitor, suppresses reverse transcription and nuclear import by disrupting capsid core formation in HIV type 1 (HIV-1). However, its effects on late-stage viral assembly remain unclear. Although p24 ELISA suggested that LEN substantially inhibited HIV-1, both RT-dPCR and Vpr-HiBiT assays indicated that suppression of viral release required relatively high LEN concentrations. This discrepancy was attributed to LEN-induced reduction in p24 solubility, leading to an overestimation of its inhibitory effect on viral release. In addition, excessive intracellular Gag processing by the viral protease was observed in the presence of LEN, which contributed to impaired viral release. Furthermore, LEN induced numerous abnormal, discrete clusters of Gag at the plasma membrane. Using mass photometry, which was applied to analyze HIV-1 particle sizes, and transmission electron microscopy, we identified heterogeneous LEN-induced viral-like particles (LENiVLPs; diameter &gt;200 nm) containing both Gag and Env proteins. Although LENiVLPs retained membrane fusion capability, they were noninfectious owing to postentry defects that prevented viral replication. Thus, LEN binds to the precursor Gag and promotes aberrant particle formation, offering insights that could guide the development of next-generation LEN-based therapeutics targeting the late stages of the viral life cycle.",crossref,0
Structural insights into how metallochaperones UreE and UreG interact to deliver a toxic metal to urease,https://www.pnas.org/doi/abs/10.1073/pnas.2535662123?mi=eymic2&af=R&access=on&content=articlesChapters&publication=pnas&sortBy=Earliest&target=default,Proceedings of the National Academy of Sciences: Keyword search for query,2026-09-03 07:00:00 UTC,2026-09-03 07:00:00+00:00,10.1073/pnas.2535662123,Kam-Bo Wong,"Maturation of urease, a virulence factor for
                    Helicobacter pylori
                    infection, requires the delivery of nickel ions to the metalloenzyme. To avoid cytotoxicity, Ni(II) ions are transferred within protein complexes of metallochaperones to ensure that the toxic metal does not escape into the cytoplasm. In the urease maturation pathway, metallochaperone UreG receives its Ni(II) ions by forming a 2:2 complex with another metallochaperone UreE. Using C-terminal truncation variants of UreE [UreE(1-158) and UreE(1-148)], we determined the crystal structures of the UreE
                    2
                    G
                    2
                    complex bound with Ni(II) ions and GMPPNP, a nonhydrolyzable GTP analogue. UreE–UreG interactions are asymmetric, with the UreG dimer interacting mainly with the proximal UreE (closest to UreG). GTP binding induces conformational changes in the residues Asp37-Asp43 and the CPH motif (Cys66-Pro67-His68) of distal UreG that enable its anchorage to the UreE
                    2
                    G
                    2
                    complex. His68 of distal UreG moves toward and chelates a Ni(II) ion at the UreE binding site. Formation of the UreE
                    2
                    G
                    2
                    complex juxtaposes the Ni(II) binding sites of UreE and UreG. Supported by in vitro binding analyses, structural comparison suggests that nickel transfer from UreE to UreG induces conformational changes that weaken UreE–UreG interactions, thereby providing a mechanism for the dissociation of Ni(II)-bound UreG from the UreE
                    2
                    G
                    2
                    complex. Our work presents a paradigm on how GTP and Ni(II) binding allosterically regulate the formation of a metallochaperone complex to facilitate nickel transfer.",crossref,0
Fish navigate a hydrodynamic maze via yaw-mediated lateral migration,https://www.pnas.org/doi/abs/10.1073/pnas.2613565123?mi=eymic2&af=R&access=on&content=articlesChapters&publication=pnas&sortBy=Earliest&target=default,Proceedings of the National Academy of Sciences: Keyword search for query,2026-09-03 07:00:00 UTC,2026-09-03 07:00:00+00:00,10.1073/pnas.2613565123,Rui Ni,"In aquatic environments, gradients in flow velocity and turbulence define a constantly shifting landscape that sets the physical constraints on propulsion and energy expenditure in fish. Successfully navigating these complex flows depends on the ability to sense and respond to subtle hydrodynamic cues in an energy-efficient manner. Revealing these mechanisms is central to understanding how fish identify and exploit favorable flow conditions. To this end, we designed a hydrodynamic maze with spatially varying mean flow and turbulence, creating a controlled heterogeneous flow landscape for understanding fish movement strategies. We found that fish escape energetically unfavorable regions by yawing their bodies relative to the flow. These yawed orientations appear to facilitate lateral migration through lift forces and may improve sensitivity to local flow variations. Notably, fish maintain body orientations near, but below, predicted stall conditions to exploit lift without a significant increase in drag. These findings provide insight into how fish navigate heterogeneous hydrodynamic environments, with potential relevance for both natural and engineered flow systems.",crossref,0
Leveraging generative AI for causal inference with unstructured data,https://www.pnas.org/doi/abs/10.1073/pnas.2530532123?mi=eymic2&af=R&access=on&content=articlesChapters&publication=pnas&sortBy=Earliest&target=default,Proceedings of the National Academy of Sciences: Keyword search for query,2026-09-03 07:00:00 UTC,2026-09-03 07:00:00+00:00,10.1073/pnas.2530532123,Kentaro Nakamura,"We introduce GenAI-Powered Inference (GPI), a statistical framework for causal inference using unstructured data, including text and images. GPI leverages open-source pretrained Generative AI (GenAI) models—such as large language models and diffusion models—not only to generate unstructured data at scale but also to extract low-dimensional representations that are guaranteed to capture their underlying structure. Applying machine learning to these representations, GPI enables estimation of causal effects while quantifying estimation uncertainty. Unlike existing approaches to representation learning, GPI does not require fine-tuning of GenAI models, making it computationally efficient and broadly accessible. We illustrate the versatility of the GPI framework through three applications: 1) estimating the effects of Chinese social media censorship while adjusting for textual confounders, 2) isolating the impact of specific image features from that of other correlated features in the same image, and 3) assessing the persuasiveness of political rhetoric. An open-source software package is available for implementing GPI.",crossref,0
Psilocybin prevents chemotherapy-induced peripheral neuropathy through mitochondrial trafficking preservation,https://www.science.org/doi/abs/10.1126/science.aec6116?af=R,AAAS: Science: Table of Contents,2026-09-03 07:00:00 UTC,2026-09-03 07:00:00+00:00,10.1126/science.aec6116,Moran Amit,"Chemotherapy-induced peripheral neuropathy (CIPN) is a disabling, often irreversible toxicity that affects millions of patients, limits life-saving cancer therapy, and lacks proven treatment. In this work, we show that as little as two doses of psilocybin before chemotherapy durably prevented the onset of CIPN across platinum- and taxane-based models, including repeated chemotherapy cycles, without impairing antitumor efficacy. Peripherally, psilocybin maintained tactile sensitivity and intraepidermal nerve fiber endings through axonal mitochondrial trafficking and distribution preservation, through the TrkB-Akt-PAK5-MAP2-KIF5B pathway and remobilization of syntaphilin-anchored mitochondria. Centrally, it normalized medial prefrontal cortical synaptic activity and cortical alpha and beta electroencephalography power. This stabilization of peripheral axonal energy balance establishes psilocybin as a first-in-class prophylactic agent for CIPN while also preserving central neural function. Given psilocybin’s established safety, these discoveries support clinical evaluation as a strategy to prevent CIPN.",crossref,0
Erratum for the Research Article “Supergene control of chiral development in mirror-image flowers”,https://www.science.org/doi/abs/10.1126/science.ael9089?af=R,AAAS: Science: Table of Contents,2026-09-03 07:00:00 UTC,2026-09-03 07:00:00+00:00,10.1126/science.ael9089,,,,0
When treatments create new conditions,https://www.science.org/doi/abs/10.1126/science.aek8358?af=R,AAAS: Science: Table of Contents,2026-09-03 07:00:00 UTC,2026-09-03 07:00:00+00:00,10.1126/science.aek8358,Jackie Leach Scully,,,0
Longitudinal dynamics of gene expression and metabolomics in an aging population cohort,https://www.science.org/doi/abs/10.1126/science.aed6452?af=R,AAAS: Science: Table of Contents,2026-09-03 07:00:00 UTC,2026-09-03 07:00:00+00:00,10.1126/science.aed6452,Kerrin S. Small,"Multiomic profiling provides a comprehensive physiological overview at the molecular level, but understanding of its spatiotemporal dynamics remains limited in human populations. We profiled longitudinal whole-blood gene expression and metabolite levels in 335 females over 8 years. Levels of 5061 genes and 181 metabolites changed over time, with individual trajectories often diverging from population-level trends. Longitudinally variable genes showed cell type specificity and enrichment for aging-relevant pathways, including cardiometabolic and neurodegenerative disorders. Longitudinal trajectories were further shaped by genetics, circadian rhythm, seasonality, and environmental pollutant exposures. Integrative analyses revealed extensive static and time-variable cross-omic connectivity. Longitudinal profiling offers insight into the temporal evolution of age-related conditions at the molecular level, and understanding individual variation within these longitudinal patterns will be essential for future precision medicine approaches.",crossref,0
Spatially resolved single-cell atlas reveals the macroevolutionary trajectory of animal hearts,https://www.science.org/doi/abs/10.1126/science.adw0855?af=R,AAAS: Science: Table of Contents,2026-09-03 07:00:00 UTC,2026-09-03 07:00:00+00:00,10.1126/science.adw0855,Long Zhao,"Animal hearts display diverse anatomical structures during adaptive evolution. Here, we present a multiomics atlas of adult hearts from 27 species across chordates, arthropods, and mollusks. Joint analysis indicates that Bilateria hearts share a core gene repertoire, taking a stepwise “add-on” approach as a universal evolutionary strategy. The “proto-heart” is populated by key cell types, including cardiomyocytes, fibroblasts, endothelial cells, and neural cells, which maintained core signatures while evolving with shifts in living environments and corresponding adaptations in the cardiovascular system. Additionally, we reveal an evolutionarily conserved cardiomyocyte state dynamic potentially linked to cardiac development and stress responses. Finally, we identify a common molecular program underpinning chamber evolution from a ventricular foundation. This work establishes a resource for understanding the intrinsic mechanisms of heart evolution.",crossref,0
Uneven TCR chain pairing constraints govern epitope recognition,https://www.science.org/doi/abs/10.1126/science.adx3863?af=R,AAAS: Science: Table of Contents,2026-09-03 07:00:00 UTC,2026-09-03 07:00:00+00:00,10.1126/science.adx3863,Paul G. Thomas,"Combinatorial pairing of independently recombined T cell receptor (TCR) α- and β-chains is central to diversifying the TCR repertoire. Although sequence motifs in one chain correlate with epitope recognition, the extent to which a single chain dictates specificity remains unclear. Here, we systematically tested TCR chain coupling constraints by enforcing the pairing of individual chains with hundreds of thousands of partners. Although most chains paired stably, the preservation of epitope specificity was rare and highly variable, with the frequency of compatible partners ranging from ~10 to &lt;0.1%. This approach identified &gt;70,000 epitope-specific TCRs across 10 epitopes. Our work illuminates the distinct contributions of TCR chains, highlights the limitations of single-chain data, and provides an experimental and analytical framework for refining TCR-peptide-major histocompatibility complex specificity inference.",crossref,0
Thalamic NRXN1-mediated input to human cortical progenitors drives excitatory neurogenesis,https://www.science.org/doi/abs/10.1126/science.ady5180?af=R,AAAS: Science: Table of Contents,2026-09-03 07:00:00 UTC,2026-09-03 07:00:00+00:00,10.1126/science.ady5180,Aparna Bhaduri,"The human cerebral cortex develops through coordinated signals from within the cortex and from other brain regions, including the thalamus. However, how thalamic neuronal projections influence early human cortical development remains less well-understood. In this study, we fused cortical and thalamic organoids to investigate how thalamic input shapes the maturation of human cortical cells. Using single-nuclei RNA-sequencing and cellular imaging, we found that thalamic input increases the production of cortical excitatory neurons. We identify neurexin-1 (NRXN1) as a mediator of physical contact between thalamic axons and cortical outer radial glia. Genetic knockout of thalamic
                    NRXN1
                    reduced these contacts and attenuated the production of upper-layer excitatory neurons. These findings reveal a mechanism by which thalamic input regulates human cortical progenitors and shapes excitatory neuron production during development.",crossref,0
Programmable design of synthetic plant immune receptors for pathogen protein recognition,https://www.science.org/doi/abs/10.1126/science.aee1792?af=R,AAAS: Science: Table of Contents,2026-09-03 07:00:00 UTC,2026-09-03 07:00:00+00:00,10.1126/science.aee1792,Caixia Gao,"The limited diversity and recognition scope of natural plant immune receptors impede resistance breeding against rapidly evolving pathogens. Here, we report the programmable design of synthetic plant immune receptors (SPIRs). De novo–designed binding modules targeting pathogen proteins were grafted into the integrated decoy domain of a plant immune receptor. SPIRs recognized proteins derived from viral, bacterial, fungal, and oomycete pathogens. Their performance was improved by combining artificial intelligence–guided protein design with in planta–directed evolution, enhancing immune activation while reducing autoactivation. The SPIRs exhibited high target specificity and could be stacked for multiplexed recognition of pathogen proteins. Viral-targeting SPIRs responded to infectious clones of plant viruses, and transgenic plants expressing SPIRs conferred disease resistance. This work establishes a versatile platform for the efficient engineering of plant immunity.",crossref,0
Dual‐Site Spin State Modulation in Iron‐Based Prussian Blue Cathode Enabling Improved Sodium Storage,https://advanced.onlinelibrary.wiley.com/doi/10.1002/adma.74904?af=R,Wiley: Advanced Materials: Table of Contents,2026-09-03 07:20:28 UTC,2026-09-03 07:20:28+00:00,10.1002/adma.74904,Hao Wu,"ABSTRACT
                  
                    Prussian blue (PB) and its analogues are promising cathode materials for sodium‐ion batteries (SIBs), yet their practical application is hindered by uncontrolled [Fe(CN)
                    6
                    ] vacancies and interstitial water, which lead to unsatisfactory cycling stability and capacity utilization. Herein, we report a ligand engineering strategy to simultaneously modulate the spin states of both low‐spin (LS) and high‐spin (HS) Fe sites in PB. By introducing ─CN vacancies and terminal ─NH
                    2
                    groups via a pentacyanide precursor, a modified PB (denoted as PPB) is achieved. Spectroscopic and computational analyses confirm a dual‐site spin transition in which both LS and HS Fe sites predominantly convert into an intermediate‐spin (IS) state. As a result, the PPB cathode exhibits impressive rate capability (129 and 92 mAh g
                    −1
                    at 0.05 and 2 A g
                    −1
                    , respectively) and cycling stability (70% retention after 4000 cycles at 2 A g
                    −1
                    ), significantly outperforming the routine hexacyanide‐based PB. Density functional theory calculations reveal that the ─NH
                    2
                    groups serve as preferential adsorption sites for Na
                    +
                    , while ─CN vacancies lower the migration barrier, which collectively enhance the Na
                    +
                    storage kinetics. This work presents a prudent ligand engineering strategy for designing high‐performance cathode materials through deliberate spin state manipulation.",crossref,0
Elucidating the Suppression of High‐Voltage Degradation in O3‐type NaNi1/3Fe1/3Mn1/3O2: A Voltage‐Switching Strategy for Na‐ion Batteries,https://advanced.onlinelibrary.wiley.com/doi/10.1002/aenm.71535?af=R,Wiley: Advanced Energy Materials: Table of Contents,2026-09-03 07:21:47 UTC,2026-09-03 07:21:47+00:00,10.1002/aenm.71535,Renzong Hu,"ABSTRACT
                  
                    Elevating depth‐of‐charge (DoC) enhances the energy density of layered oxide cathodes for sodium‐ion batteries; however, such high‐DoC cycling inevitably triggers severe structural and interfacial degradation. In practice, battery management systems commonly adapt voltage‐derating strategies dynamically according to battery state of health, achieving a favorable trade‐off between energy density and cycle life. Nevertheless, a critical yet overlooked question remains: how high‐DoC‐induced damaged regions evolve when reverted to moderate‐DoC cycling. Here, using NaNi
                    1/3
                    Fe
                    1/3
                    Mn
                    1/3
                    O
                    2
                    (NFM111) as a prototype, a voltage‐switching strategy is employed to elucidate the dynamic and long‐term behavior of these damaged regions. During high‐DoC cycling (charging to 4.3 V), the rapid capacity fading is driven by pronounced formation of bulk defects and interfacial disordered spinel phases. However, upon switching these cells to moderate‐DoC cycling (charging to 4.0 V), these pre‐existing damaged regions become stabilized: their rapid propagation is suppressed, and they no longer accelerate degradation in surrounding intact regions. This enables degraded NFM111 to deliver capacity retention comparable to that of cells cycled solely under moderate‐DoC conditions. This work presents a dynamic and evolving picture of high‐DoC degradation and subsequent moderate‐DoC stabilization in NFM111 cathodes, providing mechanistic insights into voltage‐derating process and the lifetime prolongation of compromised cells.",crossref,0
Interaction Between Three‐Dimensional Topological Spin Textures With Layer‐Dependent Sign Change Tunes Lattice Symmetry,https://advanced.onlinelibrary.wiley.com/doi/10.1002/adma.74896?af=R,Wiley: Advanced Materials: Table of Contents,2026-09-03 07:23:58 UTC,2026-09-03 07:23:58+00:00,10.1002/adma.74896,Licong Peng,"ABSTRACT
                  Three‐dimensional (3D) topological spin textures host rich internal structures in thickness dimensions and enable emergent topological phenomena. However, whether their layer‐resolved textures and internal singularities fundamentally modify intralayer interactions lies beyond rigid‐tube interaction models and remains unexplored. Here we show that, in 3D hybrid skyrmion‐antiskyrmion strings, the layer‐dependent topology gives rise to interactions with a sign change across the film thickness, producing a switch between attraction and repulsion both among different layers within each texture and between neighboring 3D strings. This vertically asymmetric attractive‐repulsive interaction drives a tunable transition between square and triangular string lattices, in agreement with our experiment. Computational simulations identify quadrupolar Bloch points as internal topological junctions whose vertical migration mediates the intralayer competition between repulsive skyrmion segments near the surfaces and attractive antiskyrmion segments in the interior. We further show that the averaged topological charge quantifies the relative thickness fractions of the two competing topological segments and robustly captures the lattice phase boundary over a broad range of magnetic parameters. These findings highlight the importance of the surface‐bulk difference in topological materials and establish vertically asymmetric interactions as an intrinsic mechanism for topological phase control in 3D magnetic systems.",crossref,0
