title,link,source,published_str,pub_date,doi,last_author,abstract,abstract_source,must_have_abstract
Magnetic brightening and nanoscale imaging of spin-polarized helical edge modes in ZrTe5,https://www.nature.com/articles/s41565-026-02193-2,Nature Nanotechnology,2026-07-23 00:00:00 UTC,2026-07-23 00:00:00+00:00,10.1038/s41565-026-02193-2,Jigang Wang,"Efficient charge transport remains a fundamental challenge for nanoelectronic devices, as their performance is constrained by high dissipation and the impedance mismatch between high-frequency signal sources and nanoscale circuit interfaces. Although topologically protected helical edge modes offer a dissipationless and backscattering-resilient alternative, achieving nanoscale control over these modes requires direct visualization of their spatial electrodynamics, especially under high-frequency operation. Here, by utilizing cryogenic magneto-infrared scattering-type scanning near-field optical microscopy (cm-IR-sSNOM), we image spin-polarized helical edge channels in ZrTe5 at the nanoscale, revealing magnetic-field-induced brightening as a high-frequency electrodynamic signature of robust topological edge modes. Operating at 1.8 K and under a magnetic field of up to 5 T, we observe the emergence of edge-state polarizability at infrared frequencies that is notably resilient to the magnetic gaps that typically quench d.c. and microwave edge transport. Our results reveal a topological ‘two-lane’ spatial reorganization in which an external magnetic field induces a spin-population imbalance between counterpropagating edge modes. Favoured helical branches are confined against physical boundaries to activate a net infrared near-field contrast. This electrodynamic response scales linearly with the number of atomic layers, which confirms that individual layers in ZrTe5 preserve their discrete quantum spin Hall identities. These findings may be useful for developing topological spintronic devices, as the magnetic infrared tunability of helical edge channels provides a pathway for low-loss nanoscale interconnects and high-speed information processing.",nature_html,0
Van der Waals surface reconstruction for oriented epitaxial growth of two-dimensional metallic oxides,https://www.nature.com/articles/s41563-026-02683-7,Nature Materials,2026-07-23 00:00:00 UTC,2026-07-23 00:00:00+00:00,10.1038/s41563-026-02683-7,Lijie Zhang,"Hybrid integration of two-dimensional single-crystalline metal oxides, including semiconductors, dielectrics, ferroelectrics and ferromagnetics, with silicon circuits enables functionalities such as spintronics and neuromorphic and quantum computing, forming a key part of the ‘More-than-Moore’ roadmap. However, synthesizing two-dimensional metal oxide single-crystal films has remained challenging. Here we report a van der Waals surface reconstruction of mica for the general large-scale, unidirectional growth of two-dimensional metal oxides (where M = Co, Fe, Ni, Mn) and their doped counterparts, which seamlessly coalesce into single-crystalline films. Quantum mechanics calculations reveal that reconstructing mica’s oxygen atomic plane is critical for achieving the single-crystal epitaxy of these two-dimensional metal oxides. As an example, centimetre-scale two-dimensional Fe-doped CoO single-crystalline films were grown and exhibit room-temperature ferromagnetic semiconductor properties with a high Curie temperature of up to 430 K. These results demonstrate the power of this synthesis strategy, enabling the exploration of two-dimensional metal oxides for quantum physics and spintronics devices.",nature_html,0
Intact-film orthogonal 2D X-ray diffraction mapping for crystallographic homogeneity evaluation in perovskite solar modules,https://www.cell.com/joule/fulltext/S2542-4351(26)00278-3?rss=yes,Joule,2026-07-23 00:00:00 UTC,2026-07-23 00:00:00+00:00,10.1016/j.joule.2026.102594,Dong Suk Kim,"Kim et al. developed an orthogonal 2D X-ray diffraction mapping technique for non-destructive structural characterization of large-area intact perovskite modules. The platform enables simultaneous spatial visualization of crystallinity, crystal orientation, and residual strain across entire films, revealing how structural homogeneity governs scalable, high-efficiency module fabrication.",rss_cell,0
One-pot synthesis of a long-chain metal-backboned polymer,https://academic.oup.com/nsr/advance-article/doi/10.1093/nsr/nwag451/8740806?rss=1,National Science Review Advance Access,2026-07-23 00:00:00 UTC,2026-07-23 00:00:00+00:00,10.1093/nsr/nwag451,Huisheng Peng,"Metal-backboned polymers, featuring backbones composed exclusively of metal atoms interconnected by consecutive metal–metal bonds, have been proposed as a new class of materials for promising applications in optics, electronics, and magnetics; however, they remain unavailable for synthesis. Taking advantage of the long-range aurophilic attraction of gold, we report a straightforward one-pot synthesis method to fabricate metal-backboned polymers. This strategy achieves a degree of polymerization exceeding 50 and stable chain integrity in solution, providing a concise and efficient route for their production. Systematic structural characterizations revealed a one-dimensional Au backbone with continuous Au–Au bonds stabilized by quasi-covalent bonding in synergy with ligand protection. The resulting gold-backboned polymer (GBP) exhibits typical polymer behaviors, including the glass transition temperature and film-forming ability. In addition, GBP exhibits effective electron delocalization, semiconducting properties, and long-wavelength phosphorescence, with a preliminary electroluminescent fiber device demonstrating its potential in flexible optoelectronics. This study establishes a general and efficient route for the synthesis of metal-backboned polymers.",rss_oup,0
Rising stars of mathematics awarded prestigious 2026 Fields Medal,https://www.nature.com/articles/d41586-026-02169-1,Nature,2026-07-23 00:00:00 UTC,2026-07-23 00:00:00+00:00,10.1038/d41586-026-02169-1,Davide Castelvecchi,,,0
This El Niño is set to be the largest on record by a ‘mind-blowing margin’,https://www.nature.com/articles/d41586-026-02293-y,Nature,2026-07-23 00:00:00 UTC,2026-07-23 00:00:00+00:00,10.1038/d41586-026-02293-y,James Dinneen,,,0
Daily briefing: Orcas smash sunfish to smithereens,https://www.nature.com/articles/d41586-026-02307-9,Nature,2026-07-23 00:00:00 UTC,2026-07-23 00:00:00+00:00,10.1038/d41586-026-02307-9,Jacob Smith,,,0
Humanity spoke thousands of languages at the dawn of farming — now many of them are lost,https://www.nature.com/articles/d41586-026-02279-w,Nature,2026-07-23 00:00:00 UTC,2026-07-23 00:00:00+00:00,10.1038/d41586-026-02279-w,Freda Kreier,,,0
How does Make America Healthy Again hold up against scientific scrutiny?,https://www.nature.com/articles/d41586-026-02024-3,Nature,2026-07-23 00:00:00 UTC,2026-07-23 00:00:00+00:00,10.1038/d41586-026-02024-3,Virginia Gewin,,,0
Breathalyser can tell if you are burning fat from a single exhalation,https://www.nature.com/articles/d41586-026-02295-w,Nature,2026-07-23 00:00:00 UTC,2026-07-23 00:00:00+00:00,10.1038/d41586-026-02295-w,Mohana Basu,,,0
International PhD students to face strict limits on time in the US,https://www.nature.com/articles/d41586-026-02280-3,Nature,2026-07-23 00:00:00 UTC,2026-07-23 00:00:00+00:00,10.1038/d41586-026-02280-3,Kaia Glickman,,,0
Could small-team science be dying out?,https://www.nature.com/articles/d41586-026-02174-4,Nature,2026-07-23 00:00:00 UTC,2026-07-23 00:00:00+00:00,10.1038/d41586-026-02174-4,James Mitchell Crow,,,0
What The Odyssey reveals about ancient science — from botany to psychiatry,https://www.nature.com/articles/d41586-026-02275-0,Nature,2026-07-23 00:00:00 UTC,2026-07-23 00:00:00+00:00,10.1038/d41586-026-02275-0,Jo Marchant,,,0
High-entropy-inspired multi-principal single-atom materials,https://www.cell.com/chem/fulltext/S2451-9294(26)00219-6?rss=yes,Chem,2026-07-23 00:00:00 UTC,2026-07-23 00:00:00+00:00,10.1016/j.chempr.2026.103153,Hsien-Yi Hsu,"Multi-principal single-atom materials (MPSAMs) are inspired by the compositional complexity of high-entropy materials and the site-specific control of single-atom catalysis. This perspective conceptualizes key terminology, examines how high-entropy principles shape atomically dispersed designs, and critically assesses strategies to control atomic arrangements. The discussion explores how MPSAMs support cooperative functions across multiple metal sites within a confined space, enabling reactivity and selectivity unattainable with conventional SAMs. Challenges and future outlooks for entropy-informed catalyst design are further outlined.",rss_cell,0
Low-temperature oxide-ion conduction in Aurivillius-type ((Na0.5Bi0.5)n–1TinO3n)(Bi2O2) phases,https://www.nature.com/articles/s41560-026-02115-5,Nature Energy,2026-07-23 00:00:00 UTC,2026-07-23 00:00:00+00:00,10.1038/s41560-026-02115-5,Jun Chen,"Solid oxide-ion conductors are key functional materials in high-temperature (>500 °C) electrochemical energy technologies, such as solid oxide fuel cells. Operating these devices at lower temperatures could simplify system design, reduce degradation and broaden material options, but few conductors exhibit sufficient ion mobility in this regime. Here we report a family of oxide-ion conductors based on ((Na0.5Bi0.5)n–1TinO3n)(Bi2O2) (where n = 4, 5, 7 and 8) Aurivillius-type thin films with promising low-temperature performance. These Aurivillius phases, characterized by periodic bismuth oxide layers and a tetragonally distorted Na0.5Bi0.5TiO3 lattice, establish well-defined periodic fast ion-conducting channels allowing ionic conductivity of 0.025 S cm−1 at 350 °C. Combining atomic-scale electron ptychography imaging with first-principles calculations, we attribute these intriguing properties to localized lattice stretching and the unique dual-ion conduction pathways induced by the specific bismuth oxide intercalation. Based on this design, we constructed fuel cells that achieve a maximum power density of 0.726 W cm−2 at 400 °C, showing promising potential for technological applications.",nature_html,0
Dynamic delocalization of stress in brittle battery positive electrode active materials by shape-memory polymer nanocoating,https://www.nature.com/articles/s41565-026-02224-y,Nature Nanotechnology,2026-07-23 00:00:00 UTC,2026-07-23 00:00:00+00:00,10.1038/s41565-026-02224-y,Qiang Liu,"Stress-induced fractures are recognized as a primary cause of degradation in a wide range of positive electrode active materials during battery operation. However, the state-of-the-art mechanistic understanding and strategy development often overlook the brittle nature of these materials, as well as the dynamic and localized characteristics of mechanical stress during the charge and discharge cycles of the cell. Here we present a shape-memory polymer nanocoating method using initiated chemical vapour deposition to dynamically delocalize concentrated stresses in various positive electrode active materials, including Ni-rich layered oxides with different Ni contents and LiFePO4. Fracture simulations and surface-to-bulk physicochemical characterizations collectively show that the balanced stiffness and deformability of the shape-memory polymer nanocoating on the positive electrode material effectively mitigate stress gradients and the consequent surface reconstruction, chemical heterogeneity and intergranular cracking during battery operation. In particular, when a polymeric nanocoated nickel-rich layered oxide positive electrode active material (90 at% of Ni) is tested in non-aqueous lithium metal coin cell configuration at 25 °C, the cells can be consistently charged and discharged over long cycles at moderate (for example, 1,000 cycles at 400 mA g−1) and high (for example, 500 cycles at 1 A g−1) specific currents.",nature_html,0
Immunostimulatory lipogel implant enhances cancer immunotherapy,https://www.nature.com/articles/s41565-026-02194-1,Nature Nanotechnology,2026-07-23 00:00:00 UTC,2026-07-23 00:00:00+00:00,10.1038/s41565-026-02194-1,Ran Mo,"Cancer stem-like cells contribute to innate tumour immunoresistance and an immunosuppressive tumour microenvironment, leading to poor responses to immune checkpoint inhibitors. Chemotherapeutic agents can elicit tumour immunogenicity by inducing immunogenic cell death to reinforce the therapeutic efficacies of immune checkpoint inhibitors, but suffer from inefficient immunogenic cell death activation in highly resistant cancer stem-like cells. Here we report an immunostimulatory lyotropic liquid-crystal-based lipogel for localized co-delivery of all-trans retinoic acid, a differentiation-inducing drug, and doxorubicin, an immunogenic-cell-death-inducing chemotherapeutic agent with distinct release kinetics. The lipogel is tailored to release the combinatorial drugs in a differential and sustained manner, which fulfils the requirement for enhanced drug synergism in promoting the immunogenic cell death of cancer stem-like cells. Local implantation of the immunostimulatory lipogel elicits an antitumour immune response that is further augmented by an immune checkpoint inhibitor to suppress tumour growth and metastasis, as well as to prevent post-surgical recurrence in murine models of high-stemness tumours.",nature_html,0
Step geometry–guided growth of rhombohedral graphene,https://www.science.org/doi/abs/10.1126/science.aed9202?af=R,AAAS: Science: Table of Contents,2026-07-23 06:00:11 UTC,2026-07-23 06:00:11+00:00,10.1126/science.aed9202,Kaihui Liu,"Rhombohedral (ABC)–stacked graphene has emerged as a platform for exploring correlated and topological physics. However, its large-scale, pure-phase synthesis has been hindered by intrinsic thermodynamic metastability and kinetic instability. In this work, we introduce a step geometry–guided epitaxial strategy to deterministically control interlayer slip, enabling the synthesis of pure-phase rhombohedral graphene. Using this approach, we obtained pure (phase purity &gt; 99%) rhombohedral graphene with an area reaching 160 micrometers by 80 micrometers and thickness ranging from ~15 layers to ~120 nanometers. The resulting samples establish the first comprehensive reference dataset of Raman fingerprints and intrinsic band structures from few-layer films to ~200-layer bulk. Electronic transport measurements reveal a layer-antiferromagnetic state and the quantum anomalous Hall effect, enabling scalable exploration of next-generation quantum science and technology applications.",crossref,0
Prominent Salk Institute biologist to resign following sexual misconduct investigation,https://www.science.org/doi/abs/10.1126/science.aek8026?af=R,AAAS: Science: Table of Contents,2026-07-23 06:00:11 UTC,2026-07-23 06:00:11+00:00,10.1126/science.aek8026,Sara Reardon,"Staffers complain that Salk allowed circadian rhythms researcher Satchidananda Panda to depart quietly, while the allegations and findings remain under wraps",crossref,0
A fatal reaction,https://www.science.org/doi/abs/10.1126/science.aek8000?af=R,AAAS: Science: Table of Contents,2026-07-23 06:00:11 UTC,2026-07-23 06:00:11+00:00,10.1126/science.aek8000,Brendan Borrell,A cutting-edge gene-editing trial in China went disastrously wrong. A family wants accountability,crossref,0
Birdsong diversity across the world,https://www.science.org/doi/abs/10.1126/science.aej0087?af=R,AAAS: Science: Table of Contents,2026-07-23 06:00:11 UTC,2026-07-23 06:00:11+00:00,10.1126/science.aej0087,Elodie F. Briefer,"Birdsong motifs are shaped by evolutionary history, biological traits, and environmental constraints",crossref,0
A tiny cone of reactivity,https://www.science.org/doi/abs/10.1126/science.aej5890?af=R,AAAS: Science: Table of Contents,2026-07-23 06:00:11 UTC,2026-07-23 06:00:11+00:00,10.1126/science.aej5890,Jonas Björk,Colliding molecules react only when their orientations and point of impact fall within a narrow range,crossref,0
"No strain, no gain",https://www.science.org/doi/abs/10.1126/science.aej4566?af=R,AAAS: Science: Table of Contents,2026-07-23 06:00:11 UTC,2026-07-23 06:00:11+00:00,10.1126/science.aej4566,Matthias Gehringer,A modular approach could expand the repertoire of spring-loaded covalent drugs,crossref,0
Ballooning under water,https://www.science.org/doi/abs/10.1126/science.aei9743?af=R,AAAS: Science: Table of Contents,2026-07-23 06:00:11 UTC,2026-07-23 06:00:11+00:00,10.1126/science.aei9743,H. Arthur Woods,Insect larval buoyancy is controlled by material properties of their air sacs,crossref,0
In Other Journals,https://www.science.org/doi/abs/10.1126/science.aek7591?af=R,AAAS: Science: Table of Contents,2026-07-23 06:00:11 UTC,2026-07-23 06:00:11+00:00,10.1126/science.aek7591,Di Jiang,Editors’ selections from the current scientific literature,crossref,0
The global biogeography of passerine songs,https://www.science.org/doi/abs/10.1126/science.aee6239?af=R,AAAS: Science: Table of Contents,2026-07-23 06:00:11 UTC,2026-07-23 06:00:11+00:00,10.1126/science.aee6239,Nicolas Mathevon,"Although bird songs are classic models for understanding the evolution of vocal communication, their global diversity has long made the development of a unifying framework challenging. By analyzing the acoustic architecture of songs from more than 3000 passerine species worldwide, we show that this acoustic space can be structured around eight elemental motifs. The differential use of these motifs is driven by a combination of species’ biological traits (social organization, morphology, and mating system) and the physics of sound propagation. In tropical rainforests, environmental filtering for transmission efficiency favors structurally simple motifs, such as flat whistles. Conversely, in temperate regions, where high population densities facilitate close-range communication and short breeding seasons intensify sexual selection, the balance shifts toward complex, information-rich motifs, such as ultrafast trills, despite their susceptibility to acoustic degradation. Ultimately, the global geography of birdsong reflects a spatially varying equilibrium between physical environmental constraints and the biological drive for complex communication.",crossref,0
Crush-resistant air sacs allow insect larvae to exploit aquatic habitats at extreme depth,https://www.science.org/doi/abs/10.1126/science.aed0667?af=R,AAAS: Science: Table of Contents,2026-07-23 06:00:11 UTC,2026-07-23 06:00:11+00:00,10.1126/science.aed0667,Philip G. D. Matthews,"The absence of aquatic insects from pelagic marine habitats has been attributed to their air-filled tracheal respiratory system, which could implode at depth while undertaking diel vertical migrations to escape predatory fish. However, we found that the aquatic larvae of the lake fly
                    Chaoborus edulis
                    in Lake Malawi have modified their tracheal system into reinforced buoyancy-regulating air-filled sacs, allowing them to escape predatory fish by undertaking these migrations well over 200 meters deep into the lake’s anoxic hypolimnion during the day. The crush depth of their air sacs increases with each instar, with final instars resisting implosion at depths greater than half a kilometer. Contrary to expectations, these insects adapt to the extreme hydrostatic pressures of deep-water habitats, allowing them to coexist with pelagic fish.",crossref,0
Invasive species’ environmental impacts are more severe in the Global South,https://www.science.org/doi/abs/10.1126/science.aed0603?af=R,AAAS: Science: Table of Contents,2026-07-23 06:00:11 UTC,2026-07-23 06:00:11+00:00,10.1126/science.aed0603,Hanno Seebens,"Invasive alien species (IAS) are a major threat to biodiversity, yet their impact distribution remains poorly understood. Global biodiversity assessments suggest the highest impacts in wealthy countries of the Global North, but this is only inferred from IAS numbers, reflecting research bias. Using a new global database of standardized impact measures, we calculated average impact severity per country and found that it is higher in the Global South despite more than twice as many reports in the Global North. Weak governance and limited management capacity are the main drivers of high impact severity. Emerging economies with rapid economic growth but poor governance are particularly vulnerable. Failure to recognize the Global South as facing the highest IAS impacts diverts attention away from the most threatened regions.",crossref,0
Spatially resolving the cone of reaction for a single molecule,https://www.science.org/doi/abs/10.1126/science.aec7913?af=R,AAAS: Science: Table of Contents,2026-07-23 06:00:11 UTC,2026-07-23 06:00:11+00:00,10.1126/science.aec7913,Leonhard Grill,"Collisions of atoms and molecules are required for bond formation and are thus key to any chemical reaction. Their outcome is determined by the collision energy, relative orientation, and impact parameter of the reactants. Collision studies in the gas phase have shown that energies are easily controlled, whereas it is difficult to steer the molecular orientations and completely impossible to control the impact parameter. Here, we study the collision of individual molecules at a surface where each involved compound is imaged before and after collision by scanning tunneling microscopy, allowing precise control of orientations and impact parameter. We observe that the molecules must collide in a narrow cone of reaction and that surface atom displacements can enable a reaction even for disfavored pathways.",crossref,0
Late-stage functionalization with strain-release warheads enables tunable covalent inhibition,https://www.science.org/doi/abs/10.1126/science.adx7219?af=R,AAAS: Science: Table of Contents,2026-07-23 06:00:11 UTC,2026-07-23 06:00:11+00:00,10.1126/science.adx7219,Justin M. Lopchuk,"Covalent inhibition continues to gain momentum as a strategy for selective protein modulation in both therapeutic and chemical biology contexts. Covalent reactive groups (CRGs) typically engage nucleophilic residues such as cysteine, resulting in targeted protein inactivation. However, common electrophiles such as acrylamides often suffer from nonselective reactivity, leading to off-target effects and toxicity. To overcome these limitations, we developed a modular sulfur(IV) reagent platform for the mild, late-stage installation of sulfonyl- and sulfonimidoyl-bicyclobutane motifs with complete cysteine selectivity. This methodology enables access to diverse sulfur(VI) CRGs with tunable strain-release reactivity. Incorporation into US Food and Drug Administration–approved covalent inhibitors demonstrated effective bioisosteric replacement of acrylamides and the potential of strain-release CRGs for selective protein targeting. Preclinical studies in mice have validated this approach, highlighting its promise for next-generation covalent drug design.",crossref,0
The rise and fall of language diversity through the Holocene,https://www.science.org/doi/abs/10.1126/science.adx4343?af=R,AAAS: Science: Table of Contents,2026-07-23 06:00:11 UTC,2026-07-23 06:00:11+00:00,10.1126/science.adx4343,C. L. Bowern,"Characterizing the factors that have shaped linguistic diversity is fundamental for understanding human history, culture, and cognition. In this study, we combined statistical and social computational modeling, ethnographic data, and paleodemographic inference to model trajectories of global linguistic diversity. Before the onset of plant and animal domestication, the number of languages was smaller than it is today (4500 to 6000 compared with 7500). Subsequent increases in global population precipitated increased linguistic diversity. We uncovered a linguistic “golden age” with tens of thousands of languages 3000 to 1000 years ago. Great loss of linguistic diversity did not begin with recent colonial expansion but as multinational empires first spread along with their languages, pathogens, and cultures. Thus, extinction has likely played a much greater role in shaping linguistic and cultural diversity than previously thought.",crossref,0
Dispatches from the front lines of science,https://www.science.org/doi/abs/10.1126/science.aei1520?af=R,AAAS: Science: Table of Contents,2026-07-23 06:00:11 UTC,2026-07-23 06:00:11+00:00,10.1126/science.aei1520,Vijaysree Venkatraman,Young scientists’ passion and commitment take center stage in a moving portrait of research in action,crossref,0
Ebola’s rapid spread spurs new drug and vaccine trials,https://www.science.org/doi/abs/10.1126/science.aek8027?af=R,AAAS: Science: Table of Contents,2026-07-23 06:00:11 UTC,2026-07-23 06:00:11+00:00,10.1126/science.aek8027,Kai Kupferschmidt,Pioneering studies are underway amid difficult conditions to address Bundibugyo’s threat,crossref,0
The tangled world of snake taxonomy,https://www.science.org/doi/abs/10.1126/science.aei8559?af=R,AAAS: Science: Table of Contents,2026-07-23 06:00:11 UTC,2026-07-23 06:00:11+00:00,10.1126/science.aei8559,Christopher Kemp,Fringe figures in herpetology advance unlikely (and unchecked) claims in an offbeat taxonomical history,crossref,0
Contagious fish cancer overruns New England lake,https://www.science.org/doi/abs/10.1126/science.aek8028?af=R,AAAS: Science: Table of Contents,2026-07-23 06:00:11 UTC,2026-07-23 06:00:11+00:00,10.1126/science.aek8028,Tim Appenzeller,Genetic studies reveal rare example of identical transmissible tumors,crossref,0
Oldest known Mars rock offers glimpse of planet’s watery youth,https://www.science.org/doi/abs/10.1126/science.aek8031?af=R,AAAS: Science: Table of Contents,2026-07-23 06:00:11 UTC,2026-07-23 06:00:11+00:00,10.1126/science.aek8031,Paul Voosen,Teghaza meteorite hints at surprisingly Earth-like crust and shows Mars was already losing its water 4.1 billion years ago,crossref,0
Detention of U.S. seismologist by China alarms researchers,https://www.science.org/doi/abs/10.1126/science.aek8033?af=R,AAAS: Science: Table of Contents,2026-07-23 06:00:11 UTC,2026-07-23 06:00:11+00:00,10.1126/science.aek8033,Richard Stone,Youlin Chen analyzed earthquake data that can also aid nuclear test monitoring,crossref,0
Alzheimer’s trial results lend momentum to drugs targeting tau,https://www.science.org/doi/abs/10.1126/science.aek8032?af=R,AAAS: Science: Table of Contents,2026-07-23 06:00:11 UTC,2026-07-23 06:00:11+00:00,10.1126/science.aek8032,Jennie Erin Smith,First drug to lower the protein and slow cognitive decline created buzz despite puzzling data,crossref,0
University science in the US needs a coherent plan,https://www.science.org/doi/abs/10.1126/science.aek7500?af=R,AAAS: Science: Table of Contents,2026-07-23 06:00:11 UTC,2026-07-23 06:00:11+00:00,10.1126/science.aek7500,H. Holden Thorp,"The Trump administration continues to degrade America’s scientific establishment, causing widespread harm to the country’s broader interests and well-being. Last week, the Association of American Universities reported that graduate student enrollment in major research universities, which award half of all doctorate degrees in the United States, is down 15% compared to a year ago. And no wonder, considering the effect of recent immigration policies that deter international students and the financial uncertainties that universities are facing given the unpredictable nature of federal funding. The ability to support new doctoral students depends heavily on research grants, and any responsible administrator would be cautious about making commitments to students they can’t keep. This is discouraging to the scientific community but should be alarming to everyone.",crossref,0
In Science Journals,https://www.science.org/doi/abs/10.1126/science.aek7590?af=R,AAAS: Science: Table of Contents,2026-07-23 06:00:11 UTC,2026-07-23 06:00:11+00:00,10.1126/science.aek7590,Molly Ogle,"Highlights from the
                    Science
                    family of journals",crossref,0
Climate scientists sharpen tools for linking global warming to extreme weather,https://www.science.org/doi/abs/10.1126/science.aek8030?af=R,AAAS: Science: Table of Contents,2026-07-23 06:00:11 UTC,2026-07-23 06:00:11+00:00,10.1126/science.aek8030,Julia Vaz,National Academies report says more rigorous results will boost confidence in fast-growing field,crossref,0
The bombardment history on the lunar farside revealed by 40Ar/39Ar geochronology of Chang’e-6 impact melt rocks,https://www.science.org/doi/abs/10.1126/sciadv.aee8718?af=R,AAAS: Science Advances: Table of Contents,2026-07-23 07:00:00 UTC,2026-07-23 07:00:00+00:00,10.1126/sciadv.aee8718,Yi-Gang Xu,"The reconstruction of the lunar bombardment history is pivotal to understanding the evolution of Earth-Moon system. So far, it heavily depends on geochronological studies of lunar nearside samples but lacks direct sample constraints from the lunar farside. Here, we present 28 single-clast
                    40
                    Ar/
                    39
                    Ar ages of impact melt rocks returned by the Chang’e-6 mission. They reveal impact events spanning from ∼4.33 to ∼1.13 billion years (Ga). In particular, three melt clasts date to ∼4.16 Ga, consistent with the recent dating of the Apollo basin, and only two ages fall at 4.0 to 3.7 Ga. The presence of older ages (&gt;4.0 Ga) and lack of predominant age around ∼3.9 Ga suggest that the lunar farside bombardment was not dominated by a cataclysmic spike but by a smooth long-term decline punctuated by later impacts.",crossref,0
The legacy of privilege: Social inheritance reverses sex differences in reproductive inequality in the spotted hyena,https://www.science.org/doi/abs/10.1126/sciadv.aee7880?af=R,AAAS: Science Advances: Table of Contents,2026-07-23 07:00:00 UTC,2026-07-23 07:00:00+00:00,10.1126/sciadv.aee7880,Eve Davidian,"Inequalities in reproductive success among females and males shape natural and sexual selection. For sexually reproducing species, the Darwin-Bateman paradigm predicts greater reproductive inequality in males than females. A mechanism driving reproductive inequality in humans and other animals is social inheritance of privilege. Here, we show that this mechanism can reverse the male bias in reproductive inequality. Using a 29-year dataset spanning eight generations of spotted hyenas (
                    Crocuta crocuta
                    ), a species in which social rank and privileges are inherited from the mother, we show that reproductive inequality was lower among females than males when estimated annually but increased more strongly in females over generations, quickly reversing the sex bias to females. Our findings suggest that social inheritance of privilege (i) is a powerful driver of sex differences in reproductive inequality and (ii) may explain why females are the more competitive sex in some species. We outline how reproductive inequality influences female and male reproductive strategies, intrasexual competition, and genetic evolution.",crossref,0
Scalable nanofocusing heterojunctions for raptor-inspired on-chip vision perception,https://www.science.org/doi/abs/10.1126/sciadv.aee7840?af=R,AAAS: Science Advances: Table of Contents,2026-07-23 07:00:00 UTC,2026-07-23 07:00:00+00:00,10.1126/sciadv.aee7840,Tianyou Zhai,"Biological visual systems provide a blueprint for intelligent perception in complex dynamic environments. Inspired by the optical role of retinal oil droplets in raptor vision, we report a plasmonic nanofocusing synaptic array (PNSA) for bioinspired visual sensing and motion perception. The pivotal design is a wafer-scale Au@MoS
                    2
                    core-shell heterojunction that enhances light concentration like the retinal oil droplets of raptors. Leveraging strong localized surface plasmon resonance in the Au core and efficient hot-carrier generation in the MoS
                    2
                    shell, the PNSA exhibits an ultrafast relaxation time of 2.2 ms, corresponding to a theoretical refresh rate of ∼450 Hz. Uniform 2-inch wafer-scale fabrication enables a 32 × 32 optoelectronic synaptic array with 100% yield and only 2.2% device-to-device variation. The array supports 5-bit optical programming and generates temporally encoded motion representations that achieve 98.95% accuracy in motion-direction classification after 10 training epochs. This work establishes a scalable materials platform for bioinspired visual sensing, offering a promising route toward on-chip vision perception.",crossref,0
An activity–resistance trade-off constrains enzyme evolution,https://www.pnas.org/doi/abs/10.1073/pnas.2602068123?mi=eymic2&af=R&access=on&content=articlesChapters&publication=pnas&sortBy=Earliest&target=default,Proceedings of the National Academy of Sciences: Keyword search for query,2026-07-23 07:00:00 UTC,2026-07-23 07:00:00+00:00,10.1073/pnas.2602068123,Lizbeth Hedstrom,"The presence of self-resistance genes in antibiotic-producing organisms poses a paradox: How can resistance evolve before the antibiotic exists, and how can an antibiotic producer arise without first evolving resistance? Here, we examine the evolutionary origins of self-resistance to mycophenolic acid (MPA), an inhibitor of inosine monophosphate dehydrogenase (IMPDH). The MPA biosynthetic gene cluster (BGC) includes a resistant IMPDH-B. Homologs of IMPDH-B occur not only in MPA producers but also in many nonproducing fungi, where remnants of the MPA BGC remain detectable. The phylogeny of IMPDH-B is incongruent with the fungal species tree, consistent with multiple horizontal gene transfer events between
                    Aspergillus
                    and Sordariomycetes. We characterized eleven extant IMPDH-Bs, five from MPA producers and six from nonproducers, along with seven resurrected ancestral enzymes (Anc1–Anc7). MPA resistance appeared between Anc2 and Anc3 and coincided with a loss of catalytic efficiency. Across both ancestral and extant enzymes, MPA resistance correlated strongly with reduced activity, revealing a robust activity–resistance trade-off that has persisted for millions of years. Unexpectedly, both the IMPDH-Bs and ancestral enzymes Anc3–Anc7 were also resistant to ribavirin-5′-monophosphate (RVP), an IMP-competitive inhibitor. Because MPA and RVP bind to similar enzyme conformations, the activity–resistance trade-off may reflect a design constraint imposed by the need to maintain resistance to multiple inhibitors. Intriguingly, although Anc1 and Anc2 are equally sensitive to MPA, Anc2 shows reduced susceptibility to RVP. This pattern suggests that preexisting resistance to another IMPDH inhibitor may have created a permissive background for the later evolution of MPA biosynthesis.",crossref,0
Stabilization of recurrent neural networks through divisive normalization,https://www.pnas.org/doi/abs/10.1073/pnas.2601841123?mi=eymic2&af=R&access=on&content=articlesChapters&publication=pnas&sortBy=Earliest&target=default,Proceedings of the National Academy of Sciences: Keyword search for query,2026-07-23 07:00:00 UTC,2026-07-23 07:00:00+00:00,10.1073/pnas.2601841123,Stefano Martiniani,"Stability is a fundamental requirement for both biological and engineered neural circuits, yet it is surprisingly difficult to guarantee in the presence of recurrent interactions. Standard linear dynamical models of recurrent networks are sensitive to the precise values of the synaptic weights, since stability requires all eigenvalues of the recurrent matrix to lie within the unit circle. Here we demonstrate, both theoretically and numerically, that an arbitrary recurrent neural network can remain stable even when its spectral radius exceeds 1, provided it incorporates divisive normalization, a dynamical neural operation that suppresses the responses of individual neurons. Sufficiently strong recurrent weights lead to instability, but the approach to the unstable phase is preceded by a regime of critical slowing down, a well-known early warning signal for loss of stability. Remarkably, the onset of critical slowing down coincides with the breakdown of normalization, which we predict analytically as a function of the synaptic strength and the magnitude of the external input. Our findings suggest that the widespread implementation of normalization across neural systems may be linked to its essential role in ensuring dynamical stability in the presence of the strong recurrent interactions required for complex cortical computations.",crossref,0
Curiosity-driven development of action and language in robots through self-exploration,https://www.science.org/doi/abs/10.1126/sciadv.aee7533?af=R,AAAS: Science Advances: Table of Contents,2026-07-23 07:00:00 UTC,2026-07-23 07:00:00+00:00,10.1126/sciadv.aee7533,Jun Tani,"Infants acquire language with generalization from minimal experience, whereas large language models require billions of training tokens. What underlies efficient development in humans? We investigated this problem through experiments wherein robotic agents learn to perform actions associated with imperative sentences (e.g., push red cube) via curiosity-driven self-exploration. Our approach amortizes active inference using Q-learning, enabling intrinsically motivated developmental learning. The simulations reveal key findings corresponding to observations in developmental psychology. (i) Generalization improves markedly as the scale of compositional elements increases. (ii) Curiosity-driven exploration enables faster learning. (iii) Rote pairing of sentences and actions precedes compositional generalization. (iv) Exception handling induces U-shaped developmental performance, a pattern like representational redescription in child language learning. These results suggest that curiosity-driven active inference accounts for how intrinsically motivated sensorimotor-linguistic learning supports scalable compositional generalization and exception handling in humans and artificial agents.",crossref,0
Strain-specific epistasis shapes fitness landscapes of APOBEC3G antagonism by HIV-1 Vif proteins,https://www.science.org/doi/abs/10.1126/sciadv.aed4872?af=R,AAAS: Science Advances: Table of Contents,2026-07-23 07:00:00 UTC,2026-07-23 07:00:00+00:00,10.1126/sciadv.aed4872,Michael Emerman,"Host immune factors shape viral evolution. The HIV-1 viral infectivity factor (Vif) protein counteracts host Apolipoprotein B Messenger RNA Editing Enzyme Catalytic Polypeptide–like 3 (A3G) to ensure productive infection. Using deep mutational scanning across two divergent HIV-1 Vif proteins, we systematically mapped and compared the mutational landscapes governing Vif antagonism of A3G. These high-resolution fitness maps reveal core principles of host-virus coevolution. Most missense mutations were strongly deleterious, reflecting pervasive purifying selection. However, several highly conserved Vif residues at binding interfaces with A3G, RNA, and core-binding factor β exhibited unexpected mutational tolerance, indicating structural flexibility at these sites. Comparative analysis revealed that strain-specific epistasis dictates Vif-A3G interactions, including adaptive changes at the Vif-A3G interface. Further analysis uncovered notable temporal epistasis, whereby initially adaptive Vif mutations critical for antagonizing hominoid A3G subsequently exhibited reduced fitness. Thus, structural robustness permits adaptation, while epistasis imposes constraints on Vif’s ability to maintain A3G antagonism while remaining responsive to new evolutionary pressures.",crossref,0
Back reaction of the untwisting solar corona scars sunspots,https://www.science.org/doi/abs/10.1126/sciadv.aed5294?af=R,AAAS: Science Advances: Table of Contents,2026-07-23 07:00:00 UTC,2026-07-23 07:00:00+00:00,10.1126/sciadv.aed5294,Mingde Ding,"The evolution of magnetic fields in the tenuous solar corona is predominantly governed by the motions of the underlying dense photosphere. Despite this, coronal magnetic restructuring driven by magnetic reconnection between interacting coronal fields can sometimes react backward to change photospheric magnetic fields. However, the mechanism of reactions remains undetermined. Here, we report the discovery of a back-reaction phenomenon: The untwisting of coronal loops that become twisted during reconnection in an eruption results in enhanced currents at the boundary of their footpoint away from the eruption, manifesting as the growth of a sunspot scar. It is revealed to arise from the Alfvénic reverse transfer of magnetic twist from the corona to the lower atmosphere, through joint space observations and a magnetohydrodynamic simulation. These findings provide a viable and quantitative interpretation for the majority of puzzling photospheric changes associated with coronal mass ejections and/or flares and warn for unexpected magnetic field evolutions in sunspots and starspots.",crossref,0
Structural and mechanistic basis for membrane recognition and activation of the vacuolar lipase Atg15,https://www.pnas.org/doi/abs/10.1073/pnas.2601290123?mi=eymic2&af=R&access=on&content=articlesChapters&publication=pnas&sortBy=Earliest&target=default,Proceedings of the National Academy of Sciences: Keyword search for query,2026-07-23 07:00:00 UTC,2026-07-23 07:00:00+00:00,10.1073/pnas.2601290123,Yuji Sakai,"Atg15 is a vacuolar phospholipase B essential for the degradation of intravacuolar vesicles such as autophagic bodies. Despite its central role in cellular membrane turnover, the molecular basis of how Atg15 is activated and acts on internal membranes has remained elusive. Here, by combining all-atom and coarse-grained molecular dynamics (MD) simulations with in vitro and in vivo analyses, we elucidate the structural and mechanistic principles underlying Atg15 activation and substrate recognition. Our simulations revealed that disulfide bonds are critical for maintaining the structural integrity of the catalytic core, while the C-terminal region locks the catalytic center in a closed state that prevents activation. Membrane binding induces a transition to an open state, enabling catalysis. Through MD-guided mutational analysis, we identified three regions crucial for catalytic locking, membrane binding, and substrate recognition, and experimentally confirmed that mutations in these regions inhibit activity. Furthermore, Atg15 preferentially associates with positively curved membranes, providing a potential basis for its preferential action on internal vesicular membranes. These findings suggest that Atg15’s activity is controlled through multiple regulatory layers to ensure safe and preferential membrane degradation.",crossref,0
Measurement accuracy in mechanobiology: A unifying statistical framework for testing cellular forces,https://www.pnas.org/doi/abs/10.1073/pnas.2512440123?mi=eymic2&af=R&access=on&content=articlesChapters&publication=pnas&sortBy=Earliest&target=default,Proceedings of the National Academy of Sciences: Keyword search for query,2026-07-23 07:00:00 UTC,2026-07-23 07:00:00+00:00,10.1073/pnas.2512440123,Aleix Boquet-Pujadas,"Mechanobiology is gaining traction as it reveals the fundamental role of physical forces and mechanical stress in biological function. Because physiologically relevant experiments are often inaccessible to direct physical probes, forces and stress at the microscale are increasingly estimated via multistep, image-based inverse problems such as Traction Force Microscopy. However, these measurements typically lack essential statistical descriptors such as error bars, CI, or
                    P
                    -values, limiting their reliability in experimental science. We present a single-step reconstruction framework that unifies a broad class of image-based inverse methods in mechanobiology under a general formulation that enables uncertainty quantification. This includes the visualization of high-dimensional credible regions, as well as an original formalization of abstract experimental questions into hypothesis tests. Overall, our work systematizes the development of new measurement techniques and contributes rigor and interpretability to image-based quantification in biophysical systems.",crossref,0
TBC1D9 and TBC1D9B are ARL8 effectors that modulate exosome secretion through a RAB11A–exocyst pathway,https://www.pnas.org/doi/abs/10.1073/pnas.2527864123?mi=eymic2&af=R&access=on&content=articlesChapters&publication=pnas&sortBy=Earliest&target=default,Proceedings of the National Academy of Sciences: Keyword search for query,2026-07-23 07:00:00 UTC,2026-07-23 07:00:00+00:00,10.1073/pnas.2527864123,Juan S. Bonifacino,"Multivesicular endosomes (MVEs) are endolysosomal compartments containing intraluminal vesicles (ILVs) that follow two alternative pathways: fusion with lysosomes, leading to ILV degradation, or fusion with the plasma membrane, resulting in ILV secretion as exosomes. The mechanisms governing this fate decision have only recently begun to be elucidated. Previous work showed that the Biogenesis of lysosome related organelles complex-one-related complex (BORC) and the small guanosine triphosphatase (GTPase) ARL8 promote MVE–lysosome fusion through the ARL8 effector homotypic fusion and protein sorting complex (HOPS), thereby diverting MVEs from exosome secretion. Here, we identify TBC1D9 and TBC1D9B as ARL8 effectors that further suppress exosome release. Acting as GTPase-activating proteins, these proteins drive RAB11A inactivation and dissociation from endolysosomes. This reduces recruitment of the RAB11A effector exocyst complex, preventing MVE fusion with the plasma membrane. These findings thus define a BORC–ARL8–TBC1D9/TBC1D9B axis that further attenuates exosome secretion by blocking MVE–plasma membrane fusion.",crossref,0
The quantum ensemble variational optimization algorithm: Applications to molecular inverse design,https://www.pnas.org/doi/abs/10.1073/pnas.2531186123?mi=eymic2&af=R&access=on&content=articlesChapters&publication=pnas&sortBy=Earliest&target=default,Proceedings of the National Academy of Sciences: Keyword search for query,2026-07-23 07:00:00 UTC,2026-07-23 07:00:00+00:00,10.1073/pnas.2531186123,Victor S. Batista,"Designing molecules with optimized properties remains a fundamental challenge due to the intricate relationship between molecular structure and properties. Traditional computational approaches that address the combinatorial number of possible molecular designs become unfeasible as the molecular size increases, suffering from the so-called “curse of dimensionality” problem. Recent advances in quantum computing hardware present new opportunities to address this problem. Here, we introduce the quantum ensemble variational optimization (QEVO) method for near-term and early fault-tolerant quantum computing platforms. QEVO efficiently maps molecular structures onto an orthonormal basis of binary strings and samples from a superposition state generated by a variational ansatz. The ansatz is iteratively optimized to identify molecular candidates with the desired property. Our numerical simulations demonstrate the potential of QEVO to design drug-like molecules with anticancer properties, operating in combinatorial spaces composed of up to
                    
                      
                        
                          2
                          160
                        
                      
                    
                    solutions, while employing a shallow quantum circuit that requires only a modest number of qubits. We envision that QEVO could be applied to a wide range of complex problems, offering practical solutions to problems with combinatorial complexity.",crossref,0
Dopamine D2 receptors bypass canonical signaling to directly tune NMDA receptor function and aversive learning,https://www.science.org/doi/abs/10.1126/sciadv.aee6579?af=R,AAAS: Science Advances: Table of Contents,2026-07-23 07:00:00 UTC,2026-07-23 07:00:00+00:00,10.1126/sciadv.aee6579,Christopher P. Ford,"Dopamine D2 receptors (D2Rs) modulate reward learning and aversive behaviors, with dysfunction linked to addiction and psychiatric disorders. D2Rs regulate behavior through modulation of striatal glutamatergic transmission, yet how D2Rs control postsynaptic glutamate signaling remains poorly understood. Using molecular tools to selectively disrupt heteromeric interactions while preserving canonical signaling, we show that physical coupling between D2Rs and GluN2B-containing
                    N
                    -methyl-
                    d
                    -aspartate (NMDA) receptors in nucleus accumbens medium spiny neurons enables D2Rs to suppress NMDA receptor function independent of canonical G protein and arrestin signaling. This modulation was input specific, occurred at thalamic but not cortical synapses converging on the same neurons, constrained long-term potentiation, and, within the medial ventral nucleus accumbens, facilitated aversive learning. These findings reveal that D2Rs can bypass second messenger systems to tune glutamatergic transmission through receptor-receptor interactions, providing a mechanism by which dopamine selectively gates specific glutamatergic inputs to control striatal plasticity and behavioral adaptation.",crossref,0
Equilibrium and stability of coupled nonlinear energy-storing components,https://www.pnas.org/doi/abs/10.1073/pnas.2608042123?mi=eymic2&af=R&access=on&content=articlesChapters&publication=pnas&sortBy=Earliest&target=default,Proceedings of the National Academy of Sciences: Keyword search for query,2026-07-23 07:00:00 UTC,2026-07-23 07:00:00+00:00,10.1073/pnas.2608042123,Benjamin Gorissen,"Coupled systems of nonlinear components occur across physics and engineering and can display rich behaviors such as multistability, snap-through, and memory. These phenomena play a key role in physical intelligence, where functional behavior emerges from structure rather than algorithmic control. Yet, predicting the equilibrium states and stability of these systems is challenging due to intricate energy landscapes and the presence of multiple, often disconnected, equilibria. Here, we introduce a general static framework based on a parametric space in which each point represents an element-level equilibrium. In this space, system-level equilibria appear as a one-dimensional manifold, enabling their visualization without the ambiguities that appear in conventional displacement maps. By combining this formulation with a continuation strategy and a local stability assessment, the method traces both stable and unstable equilibria, including isolated isolas inaccessible by standard loading paths. We validate the method experimentally in the mechanical domain using coupled nonlinear-spring and inflatable systems, achieving quantitative agreement between predictions and measurements. This unifying approach offers a powerful tool for the design and analysis of nonlinear coupled systems, enabling systematic exploration of their equilibrium landscapes across disciplines.",crossref,0
Single-cell chromatin state transitions during epigenetic memory formation,https://www.science.org/doi/abs/10.1126/sciadv.aeb0060?af=R,AAAS: Science Advances: Table of Contents,2026-07-23 07:00:00 UTC,2026-07-23 07:00:00+00:00,10.1126/sciadv.aeb0060,Lacramioara Bintu,"Repressive chromatin modifications compact chromatin and mediate heritable gene silencing, but how structural changes quantitatively relate to epigenetic memory remains unclear. Using targeted recruitment of the KRAB repressor to induce H3K9me3 at a reporter gene, combined with single-molecule 3D chromatin imaging, we show that irreversible silencing is associated with large-scale chromatin compaction across tens of kilobases. In contrast, histone deacetylation produces reversible silencing without such compaction. Despite substantial single-cell heterogeneity, average compaction at the end of silencing quantitatively predicts epigenetic memory weeks after KRAB removal. Here, memory arises not through stable H3K9me3 domains but rather through a dynamic handoff in which H3K9me3 is gradually lost and replaced by DNA methylation. Stochastic simulations recapitulating these dynamics suggest that compaction enhances read-write feedback to promote this transition. Similar compaction is observed at endogenous loci during differentiation and fate commitment, suggesting that spatial organization may be predictive of epigenetic memory in other systems.",crossref,0
The multilayered cuticle underlying structural coloration in red algae shares features with the metazoan extracellular matrix,https://www.pnas.org/doi/abs/10.1073/pnas.2610789123?mi=eymic2&af=R&access=on&content=articlesChapters&publication=pnas&sortBy=Earliest&target=default,Proceedings of the National Academy of Sciences: Keyword search for query,2026-07-23 07:00:00 UTC,2026-07-23 07:00:00+00:00,10.1073/pnas.2610789123,Jonas Collén,"Structural coloration, a physical phenomenon observed in many living organisms, may arise from the interference of light with highly organized surface nanostructures. In some seaweeds, these nanostructures consist of cuticular lamellae in the outer part of the extracellular matrix (ECM) of the epidermis. However, the chemical composition of seaweed cuticles is poorly understood and the molecular components of lamellae remain unidentified. Here, we use integrated genomic, transcriptomic, proteomic, and metabolomic approaches together with analytical profiling of carbohydrates to determine the composition of the multilayered cuticle in the red alga
                    Chondrus crispus
                    and assess its evolutionary conservation. The structural assembly reveals common features with the ECM of animals. The carbohydrate fraction includes a complex mixture of carrageenans and glycosaminoglycan-like compositions. A major von Willebrand factor A domain protein, Lamellae Cohesive Protein, plays a critical role in protein–protein interactions and binding to sulfated polysaccharides. We have further identified the major proteins of the algal cuticle, providing a framework for addressing the evolutionary origins of the cuticle and raising important questions regarding its role, particularly across the red algal life cycle marked by major structural differences in its ECM.",crossref,0
S1P receptor 1 signaling reduces arterial thrombosis via up-regulation of endothelial thrombomodulin expression,https://www.science.org/doi/abs/10.1126/sciadv.aea9826?af=R,AAAS: Science Advances: Table of Contents,2026-07-23 07:00:00 UTC,2026-07-23 07:00:00+00:00,10.1126/sciadv.aea9826,Amin Polzin,"Sphingosine-1-phosphate (S1P) is a key mediator in the cardiovascular system with controversial effects on coagulation. We hypothesized that S1P reduces platelet adhesion and thrombus formation by up-regulating endothelial thrombomodulin (TM), an antithrombotic protein. S1P increased endothelial TM expression via S1P receptor 1 and phosphoinositide 3-kinase signaling. S1P reduced platelet adhesion on endothelial cells in flow-chamber experiments. In the absence of endothelial cells, S1P did not affect platelet activation. In mice, S1P enhanced endothelial TM expression and decreased in vivo arterial thrombus formation but did not change bleeding time. Conversely, sphingosine kinase 1–deficient mice with low S1P concentrations showed reduced endothelial TM expression and enhanced thrombus formation, reversible by TM treatment. In line with this, in an all-comer cohort of 74 patients with cardiovascular disease, higher S1P concentrations were associated with lower circulating thrombin concentrations. In conclusion, S1P inhibited thrombus formation in an endothelium- and TM-dependent manner. This might be a therapeutic target in prevention of thrombus formation without enhancing bleeding risk.",crossref,0
mTOR signaling contributes to system-driven rhythmic gene expression in mouse liver,https://www.science.org/doi/abs/10.1126/sciadv.aec0131?af=R,AAAS: Science Advances: Table of Contents,2026-07-23 07:00:00 UTC,2026-07-23 07:00:00+00:00,10.1126/sciadv.aec0131,Jerome S. Menet,"Rhythmic gene expression is essential to the daily organization of biological processes. While cycling transcriptomes are regulated by circadian clocks present in nearly every cell, accumulating evidence indicates that they can also be initiated by rhythmic food-driven systemic signals independently of circadian clocks. The underlying mechanisms remain however largely unknown. Here, we show that signaling through the nutrient-sensing kinase mechanistic target of rapamycin (mTOR) is both necessary and sufficient to mediate food-driven hepatic rhythmic gene expression, rhythmic regulation of the liver metabolome, and endoplasmic reticulum stress response. Acute inhibition of mTOR before the active phase desynchronizes the phase of mTOR-driven rhythmic genes without affecting clock-controlled rhythmic genes, indicating that alignment of rhythmic mTOR activity to the circadian cycle is critical for overt cycling transcriptomes. These findings may explain how misalignment between clock and systemic signals contributes to disease and underscore the use of mTOR inhibitors for resynchronizing system-driven rhythms and alleviating circadian rhythm disorders.",crossref,0
Distinct roles of COPI proteins attenuated in cell senescence,https://www.science.org/doi/abs/10.1126/sciadv.aec2786?af=R,AAAS: Science Advances: Table of Contents,2026-07-23 07:00:00 UTC,2026-07-23 07:00:00+00:00,10.1126/sciadv.aec2786,Myriam Gorospe,"In senescent cells, functional alterations in organelles like mitochondria and lysosomes are well characterized, but senescence-associated changes in Golgi function are not. An RNA interference screen revealed that silencing subunits of the coatomer protein I (COPI) complex, critical for intracellular transport involving the Golgi, reduced extracellular vesicle uptake. In proliferating WI-38 fibroblasts, silencing COPI constituents COPA, COPB1, COPB2, or COPD induced ATF4 production and disrupted autophagy, apoptosis, and cytokine signaling, all hallmarks of impaired Golgi–to–endoplasmic reticulum transport, while silencing COPI constituents COPG1, COPE, or COPZ1 altered the production of extracellular matrix proteins. Furthermore, individual COPI proteins associated with Golgi and endosomal proteins, supporting roles in vesicular trafficking. In senescent WI-38 fibroblasts, silencing COPI proteins did not elicit these phenotypes. Our findings underscore the distinct, multifunctional actions of individual COPI proteins and their key roles in intracellular homeostatic transport networks that become attenuated during senescence.",crossref,0
Silkworm cultivation predating the Silk Road in southern Central Asia (2000 BCE),https://www.science.org/doi/abs/10.1126/sciadv.aec8738?af=R,AAAS: Science Advances: Table of Contents,2026-07-23 07:00:00 UTC,2026-07-23 07:00:00+00:00,10.1126/sciadv.aec8738,Xiaoqiang Li,"Historical narratives hold that sericulture originated in China and spread along the Silk Road roughly two millennia ago. In questioning this assumption, we conducted micromorphological and proteomics analyses on three cocoons recovered from the Sapalli Tepe (approximately 2000 to 1500 BCE) site in Uzbekistan. We identified them as
                    Bombyx mori
                    , directly dated to 1940 to 1765 cal. BCE, representing the earliest remains of
                    Bombyx
                    cocoons. We further report the earliest mulberry (
                    Morus
                    sp.) charcoal fragments from Central Asia, attesting to mulberry-
                    Bombyx
                    sericulture in the Oxus nearly 2000 years earlier than previously documented. We highlight that early silkworms and mulberry trees may have been introduced to Central Asia along the southern slope of the Himalayas, although other routes could also plausibly explain the observed pattern. This multidisciplinary research rewrites the enigmatic history of early sericulture and its globalization.",crossref,0
Engineered probiotic Bifidobacterium for tumor-targeted pancreatic cancer therapy,https://www.science.org/doi/abs/10.1126/sciadv.adz1388?af=R,AAAS: Science Advances: Table of Contents,2026-07-23 07:00:00 UTC,2026-07-23 07:00:00+00:00,10.1126/sciadv.adz1388,Mark Mimee,"Pancreatic ductal adenocarcinoma (PDAC) presents a substantial challenge due to its resistance to cancer treatments. This limited efficacy is, in part, attributed to the immunosuppressive tumor microenvironment (TME), which impairs effector T (T
                    eff
                    ) cell activity. Interleukin-2 (IL-2) is a key cytokine for T cell activation, but its therapeutic use is limited by a short half-life, systemic toxicity, and regulatory T (T
                    reg
                    ) activation. To address this limitation, we engineered
                    Bifidobacterium longum
                    , a probiotic obligate anaerobe that selectively colonizes the TME, to continuously secrete Super-mutant IL-2 (SumIL-2), an engineered IL-2 variant that preferentially activates T
                    eff
                    cells over T
                    reg
                    cells, thereby delivering SumIL-2 selectively to the tumor (BifidoSumIL-2). Systemic administration of BifidoSumIL-2 significantly suppressed tumor growth in both subcutaneous tumors and orthotopic PDAC in mice, inducing an improved T
                    eff
                    /T
                    reg
                    ratio. Combining BifidoSumIL-2 with chemotherapy, radiation, and immunotherapy further restrained orthotopic PDAC growth, highlighting its therapeutic potential for difficult-to-treat cancers like PDAC.",crossref,0
Distinct thymic pDC populations promote tumor immune tolerance through complementary mechanisms,https://www.science.org/doi/abs/10.1126/sciadv.adx9864?af=R,AAAS: Science Advances: Table of Contents,2026-07-23 07:00:00 UTC,2026-07-23 07:00:00+00:00,10.1126/sciadv.adx9864,Motoko Y. Kimura,"Thymic central tolerance is crucial for preventing autoimmunity, but its contribution to tumor immune evasion remains poorly understood. Here, we demonstrate that plasmacytoid dendritic cells (pDCs) in the thymus have two distinct subsets, accumulating in the thymus of tumor-bearing mice, contributing to immune tolerance through clonal deletion of tumor-specific T cells and reducing newly generated T cells. Mechanistically, common dendritic cell progenitor-derived pDCs (CDP-pDCs) capture tumor antigens and migrate to the thymus in a CCR9-dependent manner, where they present these antigens to induce clonal deletion of tumor-specific T cells. Concurrently, tumor progression inhibits T cell generation by promoting the accumulation of common lymphoid progenitor–derived pDCs (CLP-pDCs) within the thymus, which further produce type I interferon to alter thymic function. CCR9 deficiency prevents thymic accumulation of both pDCs, enhancing antitumor immunity and reducing tumor growth. Our findings reveal a previously unrecognized mechanism by which tumors hijack the physiological system to establish central tolerance against peripheral antigens, thereby promoting tolerance against themselves.",crossref,0
Sentinel plants enable quantitative monitoring of bioavailable nitrate in soils and microbial environments,https://www.pnas.org/doi/abs/10.1073/pnas.2609666123?mi=eymic2&af=R&access=on&content=articlesChapters&publication=pnas&sortBy=Earliest&target=default,Proceedings of the National Academy of Sciences: Keyword search for query,2026-07-23 07:00:00 UTC,2026-07-23 07:00:00+00:00,10.1073/pnas.2609666123,Gozde S. Demirer,"Microbial transformations of nitrogen in soils strongly influence plant nutrition and ecosystem function, yet monitoring these processes remains challenging. Existing approaches rely largely on extraction-based laboratory assays, limiting the ability to track nitrogen dynamics in situ. Here, we engineer “sentinel plants,” genetically encoded plant biosensors that convert nitrate perception into a quantitative signal reporting plant-accessible nitrate. The sensor uses a synthetic nitrate-responsive promoter to drive a ratiometric luciferase reporter, enabling high-dynamic-range measurements. Sentinel plants exhibited a dose-dependent, reversible nitrate response with high specificity over alternative nitrogen sources. In agricultural soils from multiple California field sites, sensor output tracked analytically measured nitrate levels and resolved incremental nitrate amendments, reporting plant-accessible nitrate in complex soil matrices. Beyond environmental sensing, sentinel plants detected microbially generated nitrate in both liquid culture and a model soil. Using this platform, we characterized a minimal three-member microbial consortium that converted atmospheric nitrogen into plant-available nitrate via sequential nitrogen fixation and nitrification. This consortium increased tissue nitrate accumulation and plant fresh weight, demonstrating that sentinel plants can both monitor nitrate availability and characterize microbial communities that enhance plant growth.",crossref,0
Wnt and Nodal asymmetries stratify mouse laterality phenotypes in the absence of node flow,https://www.science.org/doi/abs/10.1126/sciadv.adx6486?af=R,AAAS: Science Advances: Table of Contents,2026-07-23 07:00:00 UTC,2026-07-23 07:00:00+00:00,10.1126/sciadv.adx6486,Sigolène M. Meilhac,"Left-right symmetry breaking in mice is considered to occur via node leftward fluid flow. The molecular cascade within the node has been reconstructed at high resolution; however, its importance for organogenesis remains poorly understood. Here, we show in mutants for the motile cilium component CCDC40 that 70% of mice develop normal situs at birth despite abrogation of node flow. The discrete morphospace output, including situs inversus totalis and heterotaxy with left isomerism, supports an innovative model of symmetry breaking, in which node flow only biases asymmetry orientation, while a distinct mechanism, potentially self-amplifying, generates it. Longitudinal, quantitative, and paired transcriptomic analyses uncover the molecular signature of laterality clusters, highlighting WNT in addition to NODAL pathways. We identify asymmetry of cardiopulmonary progenitors, the disruption of which is associated with combined heart and lung defects in mutants. Functional pharmacological perturbation reinforces the importance of WNT, besides the node, in the establishment of asymmetry.",crossref,0
HiC2Self: Self-supervised denoising for bulk and single-cell Hi-C contact maps,https://www.science.org/doi/abs/10.1126/sciadv.adu8060?af=R,AAAS: Science Advances: Table of Contents,2026-07-23 07:00:00 UTC,2026-07-23 07:00:00+00:00,10.1126/sciadv.adu8060,Christina S. Leslie,"Hi-C is a chromosome conformation capture assay used to study three-dimensional (3D) genome organization. Single-cell Hi-C technologies now enable the examination of 3D chromatin organization in individual cells, although these approaches often suffer from low-coverage libraries and data sparsity. Here, we introduce HiC2Self, a self-supervised framework for denoising Hi-C contact maps that requires only low-coverage data as input. HiC2Self reconstructs key structures such as topologically associating domains (TADs) and significant loops from bulk libraries, including cell-type-specific Hi-C structures, without the generalization challenges faced by supervised models. HiC2Self can also accurately reconstruct significant loops from Micro-C data at 1-kilobase resolution. When applied to single-nucleus methyl-3C data, HiC2Self successfully reconstructs local TAD structures around specific genes at 10-kilobase resolution with as few as 50 cells. Last, HiC2Self enables the examination of single-cell structures at 50-kilobase resolution in individual cells of the same cell type. HiC2Self thus provides a general tool for denoising bulk, pseudobulk, and single-cell 3D contact maps to enable downstream analyses.",crossref,0
Neuromorphic tissues: Soft biomolecular networks for brain-inspired temporal computing,https://www.science.org/doi/abs/10.1126/sciadv.aed0971?af=R,AAAS: Science Advances: Table of Contents,2026-07-23 07:00:00 UTC,2026-07-23 07:00:00+00:00,10.1126/sciadv.aed0971,Joseph S. Najem,"Brains achieve extraordinary efficiency in processing temporal information through dense interconnectivity and recurrent feedback among neurons. Inspired by this principle, we introduce neuromorphic tissues—soft biomolecular networks comprising cell-sized aqueous compartments interconnected by lipid membranes containing voltage-gated ion channels. When a compartment is electrically stimulated by current injection, the membranes separating it from neighboring compartments polarize until channel activation occurs, transiently transforming the interface into a conductive synapse that couples adjacent nodes. These dynamics generate intrinsic physical recurrence, enabling the network to encode, propagate, and reconstruct time-dependent signals without external feedback circuitry. Experiments and modeling demonstrate nonlinear, fading-memory, and recurrent dynamics characteristic of reservoir computing, enabling accurate prediction of nonlinear and chaotic sequences such as NARMA-10 and the Lorenz attractor. This work suggests that spatial interconnectivity can enhance the computational capabilities of physical reservoirs and highlights soft, self-assembled materials as a promising platform for implementing such interconnected systems.",crossref,0
Core-shell particle engineering overturns conventional purity-corrosion dependence in Mg alloys,https://www.science.org/doi/abs/10.1126/sciadv.aee9898?af=R,AAAS: Science Advances: Table of Contents,2026-07-23 07:00:00 UTC,2026-07-23 07:00:00+00:00,10.1126/sciadv.aee9898,Nack J. Kim,"Magnesium (Mg) alloys offer high weight-saving potential for transportation technologies; however, their use remains constrained by poor corrosion resistance, which is strongly dependent on alloy purity. The presence of impurities, such as iron (Fe), severely degrades the corrosion resistance of Mg alloys. Herein, we present an alloy design strategy that substantially improves the corrosion resistance, even when using low-purity Mg. Our method produces core-shell particles, where an Fe-rich core is encapsulated by an Fe-depleted shell embedded in the Mg matrix. This shell acts as a local microscavenger that isolates the core and suppresses impurity-triggered corrosion, resulting in corrosion resistance achievable only when using ultrahigh-purity Mg. This approach provides a practical pathway for the development of high-performance Mg alloys without relying on costly purification.",crossref,0
Westerly induced precipitation increase drives near-surface ground ice gain on the Tibetan Plateau despite warming,https://www.science.org/doi/abs/10.1126/sciadv.aed1105?af=R,AAAS: Science Advances: Table of Contents,2026-07-23 07:00:00 UTC,2026-07-23 07:00:00+00:00,10.1126/sciadv.aed1105,Yiyi Li,"Near-surface ground ice loss is a key sign of permafrost degradation under global warming, dictating ground destabilization and carbon feedback. However, recent field evidence suggests that ground ice may locally accumulate, while the driving mechanisms remain unclear. Leveraging borehole ground ice observations, a physics-based permafrost model, and satellite-based ground deformation data, we identify an anomalous ice increase at the active layer bottom despite climate warming across the interior Tibetan Plateau, occupying 35% of plateau’s permafrost area. Strengthened westerlies have enhanced precipitation, supplying additional soil moisture that refreezes at the active layer bottom and drives this unexpected ice gain. Freeze-thaw process associated with the accumulated ice amplifies ground deformation, destabilizing permafrost landscapes and threatening socioeconomic activities. This anomalous ice gain in permafrost regions, together with the Karakoram anomalous glacier mass increase, represents a divergent cryospheric ice gain against global ice loss under climate warming, highlighting that rapid precipitation increase may locally outweigh temperature in driving cryosphere evolution on the Tibetan Plateau.",crossref,0
LPA/LPAR signaling drives temporomandibular disorders–like pain through regulating the expression and sensitization of PIEZO2,https://www.science.org/doi/abs/10.1126/sciadv.aed1854?af=R,AAAS: Science Advances: Table of Contents,2026-07-23 07:00:00 UTC,2026-07-23 07:00:00+00:00,10.1126/sciadv.aed1854,Yong Chen,"Temporomandibular disorders (TMD) pain is the most common orofacial pain with limited effective treatments. Here, we observed elevated lysophosphatidic acid (LPA), a bioactive lipid, in blood, trigeminal ganglion (TG), and peri-temporomandibular joint (TMJ) tissues in mouse models of TMD-like pain induced by TMJ inflammation or masseter muscle injury. Notably, LPA levels were also elevated in TMD patients’ blood and positively correlated with their pain intensity. LPA receptors (LPAR) 1 and 3 were expressed in mouse and human TG neurons and upregulated in TMD-like pain models. Inhibition or knockout of LPAR1 or LPAR3 attenuated TMD-like pain, while LPA injection into the TMJ or masseter muscle evoked pain. Furthermore, we demonstrated that LPA/LPAR signaling upregulates and sensitizes PIEZO2, a mechanosensitive ion channel, in TG neurons via extracellular signal-regulated kinase (ERK). Specific deletion or inhibition of PIEZO2 and suppression of ERK activation in TG neurons mitigated TMD-like pain. These findings suggest that LPA/LPAR signaling drives TMD-like pain via PIEZO2, offering potential therapeutic targets.",crossref,0
HUWE1 targets mitochondria via RMC1 to promote neurodevelopment,https://www.pnas.org/doi/abs/10.1073/pnas.2619864123?mi=eymic2&af=R&access=on&content=articlesChapters&publication=pnas&sortBy=Earliest&target=default,Proceedings of the National Academy of Sciences: Keyword search for query,2026-07-23 07:00:00 UTC,2026-07-23 07:00:00+00:00,10.1073/pnas.2619864123,Da Jia,"The HECT-type E3 ubiquitin ligase HUWE1 is a critical regulator of protein homeostasis, genome stability, and neurodevelopment. Variants in HUWE1 are linked to X-linked intellectual disability (XLID), yet a significant number of HUWE1 variants are noncatalytic, leaving their disease mechanisms unresolved. Here, we identify an AMBRA1–RMC1–HUWE1 signaling axis that directs HUWE1-mediated ubiquitination to mitochondria to regulate neural development. In zebrafish, noncatalytic HUWE1 variants found in XLID patients (M375I, G660R, and H669Q) recapitulate key neurodevelopmental deficits, including impaired brain growth and motor neuron defects. Global ubiquitin profiling reveals that these variants selectively disrupt the ubiquitination of mitochondrial proteins without affecting nuclear substrates. Mechanistically, AMBRA1 acts as a mitochondrial scaffold that recruits RMC1, enabling HUWE1 localization to mitochondria through direct interaction with RMC1. Disruption of this recruitment by disease-associated HUWE1 variants prevents mitochondrial targeting and impairs mitochondrial substrate ubiquitination. Notably, Urolithin A treatment ameliorates neurodevelopmental phenotypes in HUWE1-deficient zebrafish. Together, our findings define an AMBRA1-organized mitochondrial recruitment pathway in which RMC1 links HUWE1 to mitochondria, explain noncatalytic HUWE1-associated XLID, and suggest mitochondrial quality-control enhancement as a potential therapeutic strategy.",crossref,0
KRASG12D inhibition reprograms the tumor-induced immunosuppressive environment and enhances NK cell–mediated antitumor immunity,https://www.science.org/doi/abs/10.1126/sciadv.aec9236?af=R,AAAS: Science Advances: Table of Contents,2026-07-23 07:00:00 UTC,2026-07-23 07:00:00+00:00,10.1126/sciadv.aec9236,Chunbo He,"KRASG12D mutation drives oncogenic progression and creates an immunosuppressive microenvironment in cancers like pancreatic ductal adenocarcinoma and colorectal cancer. We investigate the immunomodulatory mechanisms of the KRASG12D inhibition and its synergy with natural killer (NK) cell therapies. We demonstrate that KRASG12D inhibition with MRTX1133 remodels the immune landscape by reducing myeloid-derived suppressor cell (MDSC) accumulation and facilitating infiltration and activation of NK and CD8+ T cells. Crucially, MRTX1133 reverses systemic immunosuppression, restoring the fitness of adoptively transferred NK cells. Mechanistically, KRASG12D inhibition impairs IFNGR1 palmitoylation and subsequent lysosomal degradation. MRTX1133 stabilizes IFNGR1 by reducing palmitoyltransferase expression and the palmitate pool. This stabilization increases IFN-γ/IFNGR signaling and up-regulates NK cell-activating ligands ICAM1 and ULBP1, thereby sensitizing cancer cells to NK cells. Consequently, combining MRTX1133 with IL-15 or adoptive NK cell therapy yields synergistic antitumor responses and prolonged survival. Our findings provide mechanistic rationale for combining KRASG12D inhibitors with NK cell-based immunotherapies to improve outcomes for patients with KRASG12D-mutant cancers.",pubmed,0
Turbulent-centrifugal-spun ceramic aerogels with elemental difference maximization design for thermal protection over 2000 K in air,https://www.science.org/doi/abs/10.1126/sciadv.aee9953?af=R,AAAS: Science Advances: Table of Contents,2026-07-23 07:00:00 UTC,2026-07-23 07:00:00+00:00,10.1126/sciadv.aee9953,Xiang Xu,"Thermal protection under ultrahigh temperatures in air remains very challenging due to the severe volume shrinkage and strength degradation induced by rapid grain growth in oxide ceramics, which can potentially lead to catastrophic thermal runaway. Here, we report an elemental difference maximization design of medium-entropy (La
                    0.5
                    Y
                    0.5
                    )
                    2
                    Zr
                    2
                    O
                    7
                    fibrous aerogels made by a large-scale and low-cost turbulent-centrifugal spinning method to effectively suppress the grain growth under ultrahigh temperatures over 2000 K in air. The resulting aerogels show an ultrafine grain size of only 405.8 nm, a small volume shrinkage (&lt;3%), and a large strength increase (&gt;26%) after long-term ultrahigh temperature exposure, as well as an ultralow thermal conductivity of 101.1 mW m
                    −1
                     K
                    −1
                    at 1273 K and reliable protection performance over 2000 K in air. This work not only establishes a set of fundamental considerations for material design of ceramic aerogels but also promotes large-scale fabrication and practical application of such aerogels for thermal protection under extreme conditions.",crossref,0
High-precision time-domain parallelism photonic computing,https://www.science.org/doi/abs/10.1126/sciadv.aef7533?af=R,AAAS: Science Advances: Table of Contents,2026-07-23 07:00:00 UTC,2026-07-23 07:00:00+00:00,10.1126/sciadv.aef7533,Peng Zhou,"Artificial intelligence (AI) compute demands outstrip electronic hardware scaling, creating a critical “AI compute gap.” Photonic computing promises speed, low latency, and parallelism yet faces bottlenecks in core array scalability and optoelectronic bandwidth efficiency. We propose a time-domain parallelism (TDP) computing architecture that temporally multiplexes compact cores, enabling large-scale convolutional operations while optimizing bandwidth efficiency. Supporting this framework, we develop indium tin oxide (ITO)–based photonic devices demonstrating a record 9-bit dynamic reconfigurability at 60 kilohertz and a 3-decibel bandwidth of 311 kilohertz. These devices feature compact phase shifter lengths (
                    L
                    π
                     = 20 micrometers) and exceptional endurance (&gt;10
                    10
                    cycles with &lt;0.1-decibel extinction ratio degradation). Validation of the TDP system using a 2 × 2 ITO photonic array achieves an accuracy of 84.91% on Fashion-MNIST classification, comparable to the full-precision (FP32) software baseline (84.66%) and outperforming a 5-bit benchmark (71.94%). Notably, the system maintains this high-fidelity performance while operating at 1694 frames per second. This work establishes a scalable pathway toward energy-efficient photonic computing for AI workloads.",crossref,0
Single-cell analysis of the epigenome and 3D chromatin architecture in the human retina,https://www.science.org/doi/abs/10.1126/sciadv.adv9162?af=R,AAAS: Science Advances: Table of Contents,2026-07-23 07:00:00 UTC,2026-07-23 07:00:00+00:00,10.1126/sciadv.adv9162,Bing Ren,"Most genetic risk variants linked to ocular diseases are nonprotein coding and presumably contribute to disease through dysregulation of gene expression; however, understanding their mechanisms has been impeded by incomplete annotation of transcriptional regulatory elements across retinal cell types. To address this, we carried out single-cell multiomics assays to investigate gene expression, chromatin accessibility, DNA methylome, and three-dimensional (3D) chromatin architecture in human retina, macula, and retinal pigment epithelium/choroid. We identified 420,824 unique candidate regulatory elements and characterized their chromatin states in 23 retinal cell types. Comparative analysis of chromatin landscapes between human and mouse retina cells further revealed both evolutionarily conserved and divergent retinal gene-regulatory programs. Leveraging the advancements in deep-learning techniques, we developed sequence-based predictors to interpret noncoding risk variants of retinal diseases. Our study establishes retina-wide, single-cell transcriptome, epigenome, and 3D genome atlases and provides a resource for studying the gene regulatory programs of the human retina and ocular diseases.",crossref,0
From cracks to informed circularity: Mechanics-guided decisions via high-throughput in situ failure analysis of recycled plastics,https://www.science.org/doi/abs/10.1126/sciadv.aeh0456?af=R,AAAS: Science Advances: Table of Contents,2026-07-23 07:00:00 UTC,2026-07-23 07:00:00+00:00,10.1126/sciadv.aeh0456,Christos E. Athanasiou,"Materials under real-world conditions are subjected to coupled mechanical and chemical stressors, yet current testing platforms cannot capture their combined effects on material behavior and failure, particularly when multiple specimens are required for robust measurements. This limitation is acute for recycled materials, whose performance cannot be inferred from a few conventional tests. Here, we introduce an in situ, high-throughput photoelasticity platform for multispecimen testing under controlled chemical conditions with full-field stress visualization. Using recycled polyethylene terephthalate (rPET) as a model system under simultaneous loading and varying pH, we reveal earlier onset of crack propagation and shorter lifetimes compared to virgin PET and quantify mechanochemical process zone expansion from ∼0.08 to ∼0.25 millimeters before failure. Extending these findings to landfill geotextiles, a growing application of rPET, we show that alkaline degradation erodes rPET environmental and economic advantages over virgin PET above pH 9. This integrated workflow, linking instrumentation to mechanistic insights to sustainability-informed decision-making, can accelerate the deployment of emerging, circular materials.",crossref,0
Eukaryotic-like microtubules and dynamic instability of Asgard archaeal tubulins,https://www.science.org/doi/abs/10.1126/sciadv.aeh1082?af=R,AAAS: Science Advances: Table of Contents,2026-07-23 07:00:00 UTC,2026-07-23 07:00:00+00:00,10.1126/sciadv.aeh1082,Thijs J. G. Ettema,"Eukaryotic cells change their shapes, actively segregate their DNA, and contain membrane networks, facilitated by a complex cytoskeleton containing actin filaments, microtubules made from tubulin, and other components. These filaments have ancient evolutionary origins because actin- and tubulin-like proteins form prokaryotic cytoskeletons in archaea and bacteria. Bona fide eukaryotic F-actin can be traced back to crenarchaea and Asgard archaea, which are the closest known relatives of eukaryotes. A possible Asgard archaeal origin of microtubules was suggested recently with the discovery of a lokiarchaeon containing AtubAB mini microtubules that share architectural features with their eukaryotic counterparts. Using phylogenetic analyses of metagenomic data, here we report the broad occurrence of tubulins in Asgard archaea. Biochemical and structural analyses showed that one of our previously unidentified heimdallarchaeial AtubAB tubulin pairs forms four-protofilament mini microtubules that show dynamic instability and are inhibited by the tubulin drug maytansine. Our work raises the possibility that microtubule architecture and dynamics evolved in Asgard archaea prior to eukaryogenesis.",crossref,0
Catalytic asymmetric synthesis of inherently chiral tricyclic diazepinones: Access to (+)-telenzepine,https://www.science.org/doi/abs/10.1126/sciadv.aeh2073?af=R,AAAS: Science Advances: Table of Contents,2026-07-23 07:00:00 UTC,2026-07-23 07:00:00+00:00,10.1126/sciadv.aeh2073,Guang-Jian Mei,"Molecules with inherent chirality, which stems from their overall conformation rather than local stereogenic centers, present a notable synthetic challenge. This is especially evident for bioactive, saddle-shaped tricyclic diazepinones, whose conformational flexibility has hampered asymmetric synthesis. Herein, we address this issue through a late-stage organocatalytic asymmetric N-H alkylation strategy. By introducing torsional strain via strategic N-H functionalization, we lock the molecular chiral conformation and enable direct synthesis of diverse enantioenriched tricyclic diazepinones from prochiral precursors. The modular nature of this approach is demonstrated through the kinetic resolution of racemic substrates, as well as in, to our knowledge, the first enantioselective synthesis and absolute configuration confirmation of the drug molecule (+)-telenzepine.",crossref,0
Synaptic vesicles that store monoamines and glutamate differ in protein composition,https://www.science.org/doi/abs/10.1126/sciadv.adz6836?af=R,AAAS: Science Advances: Table of Contents,2026-07-23 07:00:00 UTC,2026-07-23 07:00:00+00:00,10.1126/sciadv.adz6836,Kätlin Silm,"Neuromodulators such as monoamines assure essential brain functions, but relatively little is known about their mechanism of release. While recent work has advanced our knowledge of active zone architecture in dopamine axons, release machinery within the synaptic vesicle (SV) remains poorly understood. Here, we address differences between the release of monoamines and synaptic transmitters by comparing the composition of SVs that contain the vesicular monoamine transporter 2 (VMAT2) versus vesicular glutamate transporter 2 (VGLUT2). Previous work revealed that these SVs differ in frequency dependence, recycling kinetics, and biogenesis. We now find differences in the abundance and isoform expression of many SV protein families and validate these differences in primary neurons and brain tissue. Functional analysis after heterologous expression in hippocampal neurons shows that loss of differentially expressed SCAMP5 selectively impairs the recycling of VGLUT2 SVs, sparing vesicles targeted by VMAT2 in the same neuronal population. These findings provide insights into the molecular diversity of SVs and mechanisms of dopamine release.",crossref,0
"Plant diversity modifies multi-trophic interactions in croplands, grasslands and forests",https://www.science.org/doi/abs/10.1126/sciadv.aeb8680?af=R,AAAS: Science Advances: Table of Contents,2026-07-23 07:00:00 UTC,2026-07-23 07:00:00+00:00,10.1126/sciadv.aeb8680,Christoph Scherber,"Multitrophic interactions can strongly influence the structure and functioning of ecosystems, but how plant diversity influences the direction and predictability of multitrophic interactions across agricultural and natural ecosystems remains unclear. Using 149 field studies across five continents, we found that, on average, increasing plant diversity tended to exert differential top-down and bottom-up effects in croplands versus grasslands and forests. Organic and nonorganic croplands exhibited 846 and 148% higher invertebrate natural enemy-to-herbivore abundance ratios under increased plant diversity, consistent with top-down control patterns where predator gains cause herbivore declines, enhancing crop outcomes. In grasslands and forests, increasing plant diversity was associated with bottom-up effects where enhanced productivity increased both herbivore and predator populations, with the enemy-to-herbivore ratio increasing 4.73% for grasslands and 21.2% for forests. Our findings suggest that biodiversity effects on productivity are not solely explained by direct plant-plant interactions and the resulting biodiversity-productivity relationship. Rather, they reveal patterns consistent with the framework of top-down and bottom-up effects, the relative balance of which may vary depending on ecosystem and management type. The magnitude of the effects of diversified farming on crop pests suggests that crop diversification may be an important avenue for managing crop pests preventatively and thereby enhancing agricultural sustainability.",crossref,0
The AGO2 adaptor LIMD1 expands the functional and evolutionary reach of microRNA targeting,https://www.science.org/doi/abs/10.1126/sciadv.aed6875?af=R,AAAS: Science Advances: Table of Contents,2026-07-23 07:00:00 UTC,2026-07-23 07:00:00+00:00,10.1126/sciadv.aed6875,Tyson V. Sharp,"MicroRNA (miRNA) silencing is classically ascribed to RNA-sequence rules that guide Argonaute 2 (AGO2) targeting. Using chimeric eCLIP and complementary analyses in CRISPR-edited human lung epithelial cells, we show that efficient miRNA targeting also depends on the AGO2 adaptor-scaffold LIMD1. In LIMD1-deficient cells, AGO2 binds more miRNAs, but each AGO2-miRNA engages fewer transcripts and sites, reducing occupancy and halving both the breadth and depth of targeting. LIMD1 dependence is most pronounced for poorly conserved, weakly seed-paired sites that nonetheless form stable duplexes. LIMD1 deficiency alters AGO2 footprints and derepresses oncogenic targets inversely correlated with LIMD1 expression in lung adenocarcinoma. Thus, LIMD1 modifies the outcome of sequence-defined interactions that would otherwise be infrequent, unstable, or unproductive, revealing an adaptor-governed layer of posttranscriptional regulation beyond RNA-sequence rules.",crossref,0
Earth’s magnetic field remained weak for 40 million years after the Cambrian radiation,https://www.science.org/doi/abs/10.1126/sciadv.aeg2325?af=R,AAAS: Science Advances: Table of Contents,2026-07-23 07:00:00 UTC,2026-07-23 07:00:00+00:00,10.1126/sciadv.aeg2325,Ricardo Trindade,"The Ediacaran-Cambrian interval marks major environmental change and the emergence of complex life, coinciding with some of the weakest magnetic field strengths in Earth history. It has been proposed that inner core nucleation near this boundary triggered a rapid strengthening of the geodynamo during the early Cambrian, but direct constraints on magnetic field behavior across this interval remain limited. Here, we present new paleointensity results from two Cambrian igneous sequences in Brazil (~525 million years ago) and Nova Scotia (~505 million years ago). Using multiple complementary methods, both records indicate a reversing geomagnetic field that remained weak. Combined with a reanalysis of published data, our results show that weak magnetic field conditions persisted for tens of millions of years after the Cambrian radiation. These findings limit the magnitude and timing of any Cambrian geodynamo strengthening and imply that Earth’s magnetospheric shielding remained strongly suppressed during a key phase of early animal evolution.",crossref,0
Emergent patterns of island biodiversity in the Anthropocene,https://www.science.org/doi/abs/10.1126/sciadv.aee1788?af=R,AAAS: Science Advances: Table of Contents,2026-07-23 07:00:00 UTC,2026-07-23 07:00:00+00:00,10.1126/sciadv.aee1788,Søren Faurby,"Islands have long been foundational to the development of ecological and evolutionary theory, serving as model systems for studying patterns of biodiversity. However, pervasive anthropogenic impacts—particularly species extinctions and introductions—have substantially altered island ecosystems, complicating inferences drawn from contemporary data. Here, we review how these human-driven changes have reshaped key biodiversity patterns on islands, including patterns of species richness, community composition, evolution, and species interactions. We show that many current ecological and evolutionary patterns observed on islands reflect not just natural processes but also a legacy of human-induced change spanning millennia. Approaches that better incorporate paleoecological evidence, along with improved island biodiversity databases and modeling techniques, can help better reconstruct prehuman biodiversity baselines on islands.",crossref,0
You are when you eat: How food synchronizes liver clocks,https://www.science.org/doi/abs/10.1126/sciadv.aej7423?af=R,AAAS: Science Advances: Table of Contents,2026-07-23 07:00:00 UTC,2026-07-23 07:00:00+00:00,10.1126/sciadv.aej7423,Mitchell A. Lazar,Food ingestion synchronizes liver circadian gene expression via hormone and nutrient regulation of the mTOR pathway.,crossref,0
Epigenetic and 3D genome reprogramming during the aging of the human hippocampus,https://www.science.org/doi/abs/10.1126/science.adt8307?af=R,AAAS: Science: Table of Contents,2026-07-23 07:00:00 UTC,2026-07-23 07:00:00+00:00,10.1126/science.adt8307,Bing Ren,"Changes in gene expression have been observed in the aging human brain, but our understanding of the underlying regulatory mechanisms remains limited. To unravel these complexities, we analyzed single-nucleus gene expression, chromatin accessibility, DNA methylation, and three-dimensional (3D) chromatin architecture from human hippocampal tissues spanning the adult lifespan. We identified both linear and nonlinear dynamic gene regulatory programs during aging. Between the ages of 50 to 75, embryonic yolk sac–derived microglia were depleted and replaced by cells resembling peripheral blood monocyte–derived microglia. Hippocampal astrocytes decreased substantially with age, including those regulating synaptic transmission. Across cell types, 3D genome architecture underwent global erosion. Our analysis provides insights for how altered gene regulatory programs promote cell type–specific aging phenotypes in the human brain.",crossref,0
Dose-dependent sensitivity of human three-dimensional chromatin to a heart disease–linked transcription factor,https://www.science.org/doi/abs/10.1126/science.adv5434?af=R,AAAS: Science: Table of Contents,2026-07-23 07:00:00 UTC,2026-07-23 07:00:00+00:00,10.1126/science.adv5434,Benoit G. Bruneau,"Dosage-sensitive transcription factors (TFs) underlie altered gene regulation in human developmental disorders, and cell type–specific gene regulation is linked to the reorganization of three-dimensional (3D) chromatin during cellular differentiation. In this work, we show dose-dependent regulation of chromatin organization by the congenital heart disease (CHD)–linked, lineage-restricted TF TBX5 in human cardiomyocyte differentiation. Genome organization, including compartments, topologically associated domains, and chromatin loops, was sensitive to reduced
                    TBX5
                    dosage in a human model of CHD, with variations in response across individual cells. Cohesin binding was reduced at TBX5-bound enhancer elements in a TBX5 dose-dependent manner, providing a potential mechanism for disrupted loop formation. These results highlight the importance of lineage-restricted TF dosage in cell type–specific 3D chromatin dynamics, suggesting a mechanism for TF-dependent disease.",crossref,0
A 3D genome atlas of human tonsil and the role of loop extrusion in B cell somatic hypermutation,https://www.science.org/doi/abs/10.1126/science.adw4243?af=R,AAAS: Science: Table of Contents,2026-07-23 07:00:00 UTC,2026-07-23 07:00:00+00:00,10.1126/science.adw4243,Siyuan Wang,"B cell maturation within the germinal center tissue microenvironment involves immunoglobulin gene diversification by somatic hypermutation (SHM). How three-dimensional (3D) genome architecture influences SHM is not fully understood. We leveraged sequencing-based and image-based 3D genomics and transcriptomics to map single-cell 3D genome organization and gene expression across cell types and states in human tonsils and in B cell lymphoma cell lines. These analyses revealed trajectories of compartment, looping, and nuclear position changes during the B cell immune response and activation of SHM. Targeted protein degradation of cohesin component RAD21 revealed its contribution to enabling SHM. Our results provide a single-cell 3D genome atlas of human tonsil cells and outline the links between the chromatin loop extrusion machinery and SHM.",crossref,0
Human body single-cell atlas of three-dimensional genome organization and DNA methylation,https://www.science.org/doi/abs/10.1126/science.adx0673?af=R,AAAS: Science: Table of Contents,2026-07-23 07:00:00 UTC,2026-07-23 07:00:00+00:00,10.1126/science.adx0673,Joseph R. Ecker,"Higher-order chromatin structure and DNA methylation are critical for gene regulation, but how these vary across the human body remains unclear. We performed multiomic profiling of three-dimensional (3D) genome structure and DNA methylation for 86,689 single nuclei across 16 tissues, identifying 35 major and 206 cell subtypes. We revealed extensive changes in CG and non-CG methylation across cell types and characterized 3D chromatin structure at an unprecedented cellular resolution. Extensive discrepancies exist between cell types delineated by DNA methylation and genome structure, which indicates that the role of distinct epigenomic features in maintaining cell identity may vary by lineage. This study expands our understanding of the diversity of DNA methylation and chromatin structure and offers a reference for exploring gene regulation in human health and disease.",crossref,0
Single-cell multiomics and chromatin structure reveal gene-regulatory dynamics in heart failure,https://www.science.org/doi/abs/10.1126/science.ady6893?af=R,AAAS: Science: Table of Contents,2026-07-23 07:00:00 UTC,2026-07-23 07:00:00+00:00,10.1126/science.ady6893,Neil C. Chi,"Heart failure is a leading cause of morbidity and mortality, yet gene-regulatory mechanisms driving cell type–specific pathologic responses remain undefined. Here, we present the cell type–resolved transcriptomes, chromatin accessibility, histone modifications, and chromatin organization of 13 nonfailing and 23 failing human hearts across all cardiac chambers. Integrative analyses revealed dynamic changes in cell type composition, gene-regulatory programs, and chromatin organization, particularly in cardiomyocytes and fibroblasts. Mapping cell type–specific enhancer-gene interactions from these analyses enabled the illumination of likely causal genetic contributors to heart failure from genetic association data. Together, these findings provide multimodal gene-regulatory maps of the human heart in health and disease, offering a framework for designing precise, cell type–targeted therapies for treating heart failure.",crossref,0
Single-cell multiomics connects 3D genome and transcriptome alterations in Alzheimer’s disease,https://www.science.org/doi/abs/10.1126/science.adz1652?af=R,AAAS: Science: Table of Contents,2026-07-23 07:00:00 UTC,2026-07-23 07:00:00+00:00,10.1126/science.adz1652,Jian Ma,"Alzheimer’s disease (AD) disrupts brain function through cell type–specific transcriptomic and epigenomic alterations, yet the contribution of three-dimensional (3D) genome organization to AD remains poorly understood. We applied GAGE-seq (genome architecture and gene expression by sequencing) to jointly profile gene expression and 3D chromatin structure in single cells from postmortem brain tissue from AD patients and age-matched individuals without AD, revealing chromatin reorganization linked to cell type–specific dysregulation. Integrations with spatial transcriptomics and chromatin accessibility data uncovered altered niches reflecting genome compartment remodeling and regulatory element reorganization. Hicformer, a deep learning framework, showed that 3D genome features are essential for predicting disease-relevant, cell type–specific gene expression changes. Our results establish higher-order chromatin alterations as a component of AD-associated molecular pathology, providing a multiscale view of transcriptional regulation and 3D genome organization in neurodegeneration.",crossref,0
MoCl5-mediated dual-track regulation unlocks high-voltage ether-based quasi-solid-state electrolytes,https://www.science.org/doi/abs/10.1126/sciadv.aeg9860?af=R,AAAS: Science Advances: Table of Contents,2026-07-23 07:00:00 UTC,2026-07-23 07:00:00+00:00,10.1126/sciadv.aeg9860,Tianyi Ma,"In situ–polymerized 1,3-dioxolane (DOL) electrolytes offer a promising route to quasi-solid-state lithium metal batteries (QSSLMBs), yet their limited oxidative tolerance and unstable electrode interfaces restrict high-voltage operation. Here, a simulation-guided dual-track regulation strategy uses MoCl
                    5
                    as a multifunctional initiator to couple DOL ring-opening polymerization with Li-salt dissociation and inorganic interphase construction. MoCl
                    5
                    promotes formation of a high-molecular-weight poly(1,3-dioxolane) (PDOL) matrix and LiF/LiCl/Li
                    
                      x
                    
                    Mo
                    
                      y
                    
                    -enriched solid electrolyte interphase (SEI) and cathode electrolyte interphase (CEI), improving bulk stability, Li
                    +
                    transport, and interfacial robustness. The resulting MoCl
                    5
                    -regulated PDOL electrolyte achieves a Li
                    +
                    transference number of 0.71 and an electrochemical stability window of 4.7 V. Li||Li symmetric cells cycle for over 1000 hours at 5 mA cm
                    −2
                    , while high-voltage Li||LiNi
                    0.8
                    Co
                    0.1
                    Mn
                    0.1
                    O
                    2
                    (NCM811) cells retain over 95% capacity after 50 cycles at 2 C. This work establishes a design principle for multifunctional initiators and unlocks the high-voltage potential of ether-based electrolytes, advancing the practical application of QSSLMBs.",crossref,0
Visualization of stepwise derepression of TFIIH in global genome nucleotide excision repair,https://www.science.org/doi/abs/10.1126/sciadv.aeb3506?af=R,AAAS: Science Advances: Table of Contents,2026-07-23 07:00:00 UTC,2026-07-23 07:00:00+00:00,10.1126/sciadv.aeb3506,Basil J. Greber,"Nucleotide excision repair (NER) is a crucial DNA repair pathway that is orchestrated by transcription factor IIH (TFIIH) in eukaryotic cells. TFIIH is a multifunctional complex that contains two DNA helicase/DNA translocase subunits and a kinase module, different subsets of which act in NER, transcription initiation, and cell cycle control. To ensure fidelity despite multifunctionality, the DNA helicase activity of TFIIH is autoinhibited in its free form or when the factor engages in transcription initiation. While the release of the kinase module has been identified as a key step in TFIIH activation, the molecular mechanisms controlling this step and concomitant structural changes in TFIIH are incompletely understood. Here, we determine high-resolution structures of three NER intermediates that visualize how TFIIH arrives at sites of DNA damage in an autoinhibited state and how autoinhibition is released via previously undescribed intermediates. These findings contribute to a mechanistic understanding of human DNA repair.",crossref,0
Yersiniabactin-producing adherent-invasive Escherichia coli exploit host glycolysis to drive macrophage HIF-1α stabilization,https://www.science.org/doi/abs/10.1126/sciadv.aeb7972?af=R,AAAS: Science Advances: Table of Contents,2026-07-23 07:00:00 UTC,2026-07-23 07:00:00+00:00,10.1126/sciadv.aeb7972,Janelle C. Arthur,"The siderophore yersiniabactin (Ybt) produced by a subset of intestinal adherent-invasive
                    Escherichia coli
                    (AIEC) drive intestinal fibrosis in murine model of Crohn’s disease (CD). This is linked to the Ybt-induced disruption of host metal homeostasis and activation of the hypoxia-inducible factor 1–alpha (HIF-1α) in macrophages. Elevated glycolytic activity has been documented in both intestinal tissues and macrophages from patients with CD, indicating that metabolic reprogramming is a characteristic feature of the disease. Here, we show that HIF-1α stabilization by Ybt
                    +
                    AIEC requires active host glycolysis. This effect is independent of
                    Hif1a
                    transcription and lipopolysaccharide stimulation and is not solely explained by intracellular bacterial load but instead relies on host metabolic activity. Mechanistically, Ybt
                    +
                    AIEC activated the Akt-mTOR pathway to support HIF-1α translation. Inhibition of glycolysis suppressed this signaling axis, reducing HIF-1α translation and nuclear localization. Given the association between Ybt
                    +
                    AIEC and fibrosis in CD, these findings suggest that targeting host glycolysis may limit AIEC-driven macrophage HIF-1α activation and fibrotic progression in CD patients.",crossref,0
Quantifying subsurface fracture damage in glaciers using fiber-optic seismology,https://www.science.org/doi/abs/10.1126/sciadv.aef1107?af=R,AAAS: Science Advances: Table of Contents,2026-07-23 07:00:00 UTC,2026-07-23 07:00:00+00:00,10.1126/sciadv.aef1107,Andreas Fichtner,"Crevassing critically controls glacier stability. Crevasses can penetrate deep into a glacier or ice shelf, promoting calving, ice avalanches, and even sudden catastrophic ice shelf collapse. Yet quantifying subsurface fracture damage remains largely unquantified. Here, we show how distributed acoustic sensing technology can quantify subsurface fracture damage in unprecedented detail at an alpine glacier. We first demonstrate that seismic anisotropy can quantify fracture extent. We also study crevasse icequake failure mechanisms, which fail predominantly via tensile opening. Icequake-derived crevasse opening is consistent with anisotropy-derived estimates (∼8% of total ice volume), suggesting that damage is dominated by fracture rather than melt. These results establish a scalable approach for monitoring subsurface ice damage that complements existing satellite surface observations. Applications range from monitoring the stability of alpine glaciers that pose a risk to alpine communities to providing foundations for assessing subsurface fracture extent at globally pertinent ice sheets and ice shelves.",crossref,0
Biohybrid chiral materials for an ultralight reconfigurable flying robot,https://www.science.org/doi/abs/10.1126/sciadv.aef0912?af=R,AAAS: Science Advances: Table of Contents,2026-07-23 07:00:00 UTC,2026-07-23 07:00:00+00:00,10.1126/sciadv.aef0912,Hao Zeng,"Structural handedness plays a key role in governing various motions in animals and plants, especially for rotational motion and aerodynamic response in flying systems. However, harnessing handedness in artificial materials to enable dynamic, wireless control of untethered miniature flyers remains largely unexplored. Here, we report a feather-polymer hybrid chiral flyer that achieves light-controlled airborne motion. The device integrates natural afterfeathers with a light-responsive actuator synthesized via photopolymerization of azobenzene-functionalized groups, enabling programmable and reversible photomechanical actuation. The handedness of the flyer arises from actuator-induced torsion, while optical modulation of aerodynamic drag allows controlled spinning and altitude adjustment under steady airflow. We demonstrate independent control of multiple untethered flyers and midair collection through vortex-induced aggregation. Computational fluid dynamics simulations reveal asymmetric pressure gradients that are associated with the direction of rotation, while localized low-airflow regions facilitate aerial trapping. These findings introduce a strategy for programmable, wireless ultralight flyers, bridging natural structures and synthetic actuators toward intelligent airborne systems.",crossref,0
Fast expansion and slow contraction of the ITCZ in response to CO2 forcing,https://www.science.org/doi/abs/10.1126/sciadv.aef2833?af=R,AAAS: Science Advances: Table of Contents,2026-07-23 07:00:00 UTC,2026-07-23 07:00:00+00:00,10.1126/sciadv.aef2833,Sarah M. Kang,"The Intertropical Convergence Zone (ITCZ) strongly shapes tropical rainfall and global circulation, yet its response to carbon dioxide (CO
                    2
                    ) forcing remains uncertain. Climate models project a long-term narrowing of the ITCZ under warming, but recent decades instead show a poleward expansion linked to eastern tropical Pacific cooling. Using a 30-member ensemble of abruptly quadrupled CO
                    2
                    experiments, we identify a two-phase evolution: a fast expansion over the first decade, driven by basin-wide relative cooling in the equatorial Pacific, followed by a slow contraction as equatorial warming strengthens. Applying this framework to a 1%-per-year CO
                    2
                    scenario reveals that the slow phase dominates only after ∼80 years, when the CO
                    2
                    levels more than double relative to preindustrial, suggesting that present-day conditions are still dominated by the fast response. This potentially reconciles recent ITCZ expansion with long-term projections of contraction, underscoring the importance of accounting for timescale-dependent processes when interpreting past trends and projecting near-term climate change.",crossref,0
A Non‐Equilibrium Flame Aerosol Process to Create High‐Entropy MOFs,https://advanced.onlinelibrary.wiley.com/doi/10.1002/adma.74201?af=R,Wiley: Advanced Materials: Table of Contents,2026-07-23 07:06:19 UTC,2026-07-23 07:06:19+00:00,10.1002/adma.74201,Chaochao Dun,"ABSTRACT
                  High‐entropy alloys and ceramics have demonstrated promising applications in the past decade. Ultrafast heating and cooling can kinetically trap immiscible elements into solid solutions, expanding the compositional space and optimizing the properties of high‐entropy materials. However, the extreme temperatures required by these non‐equilibrium methods are incompatible with metal–organic frameworks (MOFs). This work presents a flame aerosol strategy for synthesizing compositionally complex, entropically stabilized MOFs, enabling new combinations of properties previously inaccessible in this class of materials. Using the HKUST structure as a prototype, this methodology is extended to a wide array of both crystalline and amorphous MOFs, and then to a 10‐element MOF that incorporates transition metals, rare‐earth metals, alkaline‐earth metals, p‐block metals, and noble metals. This strategy can be further applied to inorganic coordination polymers. This study reveals that kinetics and entropy collectively drive structural short‐range periodicity and configurational disorder in the framework, which in turn influence crystallinity, pore architecture, defect density, homogeneity, and electrochemical properties. This work expands the compositional design space for MOFs and offers new opportunities for their fundamental study and practical application.",crossref,0
Tuning the Conversion Mechanisms of Metal–Sulfur Batteries: From Nanostructures to Single Atoms,https://advanced.onlinelibrary.wiley.com/doi/10.1002/adma.74219?af=R,Wiley: Advanced Materials: Table of Contents,2026-07-23 07:08:58 UTC,2026-07-23 07:08:58+00:00,10.1002/adma.74219,Dingsheng Wang,"ABSTRACT
                  Rechargeable metal–sulfur (M–S) batteries (Li, Na, K, Al, Zn, Mg, Ca, Cu, Fe‑based) are promising alternatives to conventional lithium‑ion batteries, featuring high energy density and cost‑effectiveness. However, their advancement is severely hindered by the sluggish sulfur conversion kinetics and the notorious polysulfide shuttle effect of the sulfur cathode. Thus, rational design of catalytic cathode materials is pivotal to realizing the practical application of M–S batteries. This review first evaluates the practical viability of various M–S batteries, further delineates the chemical behavior and transformation processes of sulfide intermediates, and summarizes the theoretical methodologies for probing sulfur cathode conversion chemistry. Notably, three classic heterogeneous catalysis mechanisms, namely Langmuir–Hinshelwood, Eley–Rideal, and Mars–van Krevelen, are innovatively utilized to interpret the cathode catalytic behavior in M–S batteries for the first time. Following this, it elaborates on the rational design principles targeting the supports and active sites of catalytic cathode materials, ranging from nanostructured engineering to single‐atom catalysis, aiming to further reinforce sulfur immobilization and accelerate redox reaction kinetics across various M–S systems. Furthermore, it highlights advances in characterization strategies for guiding rational material design and elucidating precise electrocatalytic mechanisms, and ultimately prospects the pivotal future research directions toward practical liquid and solid‐state M–S battery systems.",crossref,0
Photoactive Tweezers,https://advanced.onlinelibrary.wiley.com/doi/10.1002/adma.74255?af=R,Wiley: Advanced Materials: Table of Contents,2026-07-23 08:18:11 UTC,2026-07-23 08:18:11+00:00,10.1002/adma.74255,Jinyao Tang,"ABSTRACT
                  
                    The manipulation of micro/nanoscale objects plays a critical role across a wide range of scientific and engineering disciplines. Photoactive colloids, capable of converting low‐intensity light into autonomous motion, present a highly programmable platform for micromanipulation. In this work, we introduce a “photoactive tweezers” system based on visible‐light‐driven, dye‐sensitized TiO
                    2
                    particles. These particles exhibit positive phototaxis and are autonomously confined within structured optical fields via a self‐electrophoretic mechanism. Combining experiments and simulations, we reveal that a circular optical trap creates an effective harmonic potential well with tunable stiffness, controlled by the ratio of the particle size to the optical spot size. Using dynamic light patterns, we further showcase the platform's versatility through shape‐tunable confinement, wavelength‐selective trapping, and reconfigurable assembly of colloidal lattices. Moreover, we demonstrate that individual or collective active colloids can function as autonomous manipulators, transporting cargo larger than themselves and driving collaboratively assembled micromachines. This approach establishes a robust, flexible, and accessible strategy for advanced micromanipulation and active matter research.",crossref,0
Direct Modeling of the Interfacial Resistance in All‐Solid‐State Battery,https://advanced.onlinelibrary.wiley.com/doi/10.1002/adma.74207?af=R,Wiley: Advanced Materials: Table of Contents,2026-07-23 08:19:32 UTC,2026-07-23 08:19:32+00:00,10.1002/adma.74207,Siqi Shi,"ABSTRACT
                  
                    Interfacial reconstruction and its associated high resistance govern the performance of all‐solid‐state batteries (ASSBs). However, indirectly inferring interfacial potentials from bulk band alignments masks the true solid–solid electrochemistry, causing orders‐of‐magnitude discrepancies in predicting space‐charge layer (SCL) resistances and impeding interface screening. Herein, by traversing 310 distinct interfaces from ∼29,000 literatures, we develop a non‐empirical numerical procedure that directly maps lithium‑ion redistribution to interfacial resistance by integrating ligand‑field theory with the SCL model. Considering electric potential differences and intrinsic carrier properties during interfacial reconstruction via a modified ligand‐field splitting strength (MLFSS) descriptor yields unprecedented bridging between modeling and measurement, reducing predicted resistance discrepancies from over ten orders of magnitude to within two. On this basis, we resolve the highly system‐dependent controversy over oxide interfacial resistances by identifying extreme MLFSS disparities (&gt;3.5 eV) as the decisive factor, while emphasizing ion‑intercalation sulfides (&lt;0.2 eV) as cathodes for their intrinsic SCL suppression. The predictive capability of this tunable criterion is validated in an all‐sulfide V
                    0.5
                    Cr
                    1.5
                    S
                    4
                    /Li
                    10
                    GeP
                    2
                    S
                    12
                    /75% Li
                    2
                    S‐24% P
                    2
                    S
                    5
                    –1% P
                    2
                    O
                    5
                    /Li prototype. The resulting ultralow interfacial resistance of 8.8 Ω cm
                    2
                    ensures superior cycling stability at an active‐material energy density of 562 Wh kg
                    −1
                    , establishing a practical paradigm for breaking the energy and kinetics trade‐off in ASSBs.",crossref,0
Bio‐Inspired High‐Low Toughness Multilayer Mechanoluminescent Composite With Superior Mechanical Properties,https://advanced.onlinelibrary.wiley.com/doi/10.1002/adma.74267?af=R,Wiley: Advanced Materials: Table of Contents,2026-07-23 08:19:39 UTC,2026-07-23 08:19:39+00:00,10.1002/adma.74267,Zhaofeng Wang,"ABSTRACT
                  
                    Polydimethylsiloxane confers stretchability, enhanced brightness, mechanical responsivity and self‐charging capability to mechanoluminescence materials, yet its intrinsic low toughness and crack resistance pose a major obstacle to the practical application of ML devices. Herein, high‐toughness silicone‐rubber layers were introduced to slice the ZnS:Cu@Al
                    2
                    O
                    3
                    /PDMS matrix into a multilayer architecture that mimics the hinged microstructure of clam. The modified composite exhibits a dramatic enhancement in stretchability, with fracture strain increasing from approximately 100% to 500%. This improvement is accompanied by more than a four‐fold boost in ultimate ML intensity, along with sustained durability demonstrated over 30 000 cycles at the tensile limit. The reduced layer thickness and suppressed crack propagation by the high‐toughness silicone‐rubber interlayer raise toughness from 0.95 to 4.93 MJ/m
                    3
                    . This work provides an effective strategy for enhancing the performance of PDMS‐based flexible ML composites, advancing their practicality and offering new insights for applications in stress visualization, intelligent information display, and mechanics sensing.",crossref,0
Engineering Mesoporous Composite Nanospheres With Metal Core and Metal Oxide Shell for Plasmonic Promoted Gas Sensing,https://advanced.onlinelibrary.wiley.com/doi/10.1002/adma.74251?af=R,Wiley: Advanced Materials: Table of Contents,2026-07-23 08:19:41 UTC,2026-07-23 08:19:41+00:00,10.1002/adma.74251,Yonghui Deng,"ABSTRACT
                  
                    Nanoengineering of core‐shell nanostructures integrating plasmonic metal cores and mesoporous semiconducting metal oxide (SMO) shells hold significant promise across catalysis, chemical sensing, diagnosis, micro–nano robots, and smart optics. However, their practical implementation is hindered by synthetic challenges such as poorly controlled hydrolysis kinetics of shell precursors and excessively high surface energy of core seeds. Herein, a versatile sequential active colloidal interfacial assembly strategy is developed to construct a library of uniform and core‐shell nanospheres featuring mesoporous SMO (e.g., SnO
                    2
                    ) shells precisely coated on functional nanocores (e.g., Au NPs). As a representative core‐shell material, the as‐synthesized Au@mSnO
                    2
                    nanospheres combine localized surface plasmon resonance (LSPR) with a mesoporous catalytic matrix, thereby enabling excellent photoresponsive properties that are particularly favorable for catalysis and chemical sensing. The Au@mSnO
                    2
                    nanospheres are used as a catalytic sensing layer matrix for fabricating custom MEMS‐based sensing nanodevices that can couple with micro‐LED to serve as chemiresistive sensors for gas detection. The as‐fabricated sensors exhibit 6‐fold enhancement of sensitivity toward low concentration NO
                    2
                    at room temperature under low‐power green light illumination. Mechanistic investigations systematically elucidate the LSPR‐induced charge carrier dynamics, revealing that the superior sensitivity originates from ultrafast hot‐electron injection, which accelerates surface catalytic activation and target gas redox conversion. This work presents a rational paradigm for precisely engineering multifunctional core‐shell structures with spatially separated components tailored heterogeneous interfaces, opening new avenues for intelligent sensing and nanophotocatalysis, and so forth.",crossref,0
Bioorthogonal Anchor‐and‐Lock of Probiotic Biofilms on Diverse Biomaterials to Combat Delayed Implant‐Associated Infection,https://advanced.onlinelibrary.wiley.com/doi/10.1002/adma.74083?af=R,Wiley: Advanced Materials: Table of Contents,2026-07-23 08:21:14 UTC,2026-07-23 08:21:14+00:00,10.1002/adma.74083,Lin Wang,"ABSTRACT
                  
                    Bacterial adhesion and biofilm formation on implants remain a leading cause of device failure, and delayed‐onset infections become refractory to antibiotics once mature biofilms form. Probiotic biofilms offer a promising alternative to conventional antimicrobial coatings, but clinical translation is hindered by the lack of a stable, substrate‐generalizable immobilization method. Here we presented a broadly applicable “anchor‐and‐lock” strategy that covalently tethered probiotic biofilms to diverse implants via bioorthogonal SPAAC reaction. A mussel‐inspired adhesive peptide functionalized with DBCO served as the surface anchor, while
                    L. casei
                    metabolically labeled with azide groups became the click‐ready lock. The resulting coatings formed uniformly on titanium, polyurethane, silicone rubber, and polypropylene, exhibiting long‐term stability. The biofilm operated through a dual‐phase antimicrobial mechanism, including an initial bactericidal phase (≥96% killing of
                    S. aureus
                    ) mediated by lactic acid and hydrogen peroxide release, followed by a sustained anti‐adhesive phase that prevented pathogen colonization. RNA‐sequencing revealed that the coating downregulated
                    S. aureus
                    adhesion‐associated genes while suppressing carbohydrate transport and metabolic pathways. In clinically relevant delayed‐infection models in bone and bladder, functionalized implants prevented infection, mitigated inflammation, and promoted tissue integration, effects absent on unmodified controls. This SPAAC‐mediated strategy offers a broad approach to mitigating implant‐associated infections.",crossref,0
Selective Pt–S Anchoring at Interfacial Defects for Atom‐Economical Solar Hydrogen Production,https://advanced.onlinelibrary.wiley.com/doi/10.1002/adma.74254?af=R,Wiley: Advanced Materials: Table of Contents,2026-07-23 08:26:00 UTC,2026-07-23 08:26:00+00:00,10.1002/adma.74254,Liang Li,"ABSTRACT
                  
                    Defects in photocatalysts strongly influence charge transfer behavior, and selectively exploiting defect‐rich interfacial sites as chemically addressable anchors provides a new pathway for atom‐economical hydrogen production. Here, we report a defect anchoring strategy that selectively exploits sulfur‐defect‐rich interfacial sites as chemically specific docking sites for Pt–S coordination, enabling stable Pt deployment at an ultralow loading of only 0.084 wt%. In situ spectroscopy and first‐principles calculations reveal that these defect‐anchored Pt–S motifs efficiently extract electrons from interfacial sulfur sites and optimize hydrogen adsorption thermodynamics for accelerated HER kinetics. The optimized photocatalyst delivers hydrogen evolution rates of 22.43 mmol g
                    −1
                    h
                    −1
                    under visible light and 91.35 mmol g
                    −1
                    h
                    −1
                    under full‐spectrum irradiation, exhibiting excellent long‐term stability. When immobilized as a scalable catalyst film via an immersion process, it achieves an areal H
                    2
                    flux of 331.34 mmol m
                    −2
                    h
                    −1
                    . More broadly, we show that the same defect‐guided Pt‐anchoring rule operates across multiple ZnIn
                    2
                    S
                    4
                    ‐based heterojunctions, highlighting a transferable site‐definition strategy for atom‐economical noble‐metal deployment. Ultimately, this approach redefines interfacial defects in heterojunction photocatalysts as programmable chemical sockets for noble‐metal placement, establishing a general blueprint for atom‐economical and scalable solar hydrogen generation.",crossref,0
Mapping Proton‐Coupled Electron Transfer With Real Space Coordinates,https://onlinelibrary.wiley.com/doi/10.1002/anie.5050035?af=R,Wiley: Angewandte Chemie International Edition: Table of Contents,2026-07-23 09:57:00 UTC,2026-07-23 09:57:00+00:00,10.1002/anie.5050035,Vera Krewald,"ABSTRACT
                  Both electron transfer (ET) and proton transfer (PT) are common steps in energy conversion across chemistry and biology. Coupling of these two transfer events reduces the energy demand relative to either individual process, but introduces a fundamentally new process—proton‐coupled electron transfer (PCET)—with its own demands for a suitable theoretical description. Conceptualization of PCET usually involves a square scheme representing ET, PT, and PCET steps, each generating states with different energies. While intuitive, these square schemes do not offer structural insights such as the identities and contributions of nuclear motions to PCET. Herein, we present a computational approach that maps these square schemes onto real space coordinates (Å), from which ground and excited‐state potential energy surfaces can be generated. This mapping involves the identification of PT and ET coordinates and reconstruction of the potential energy surfaces in orthogonalized coordinates. We find qualitative differences in key features of the surfaces for two distinct processes within PCET, namely concerted proton–electron transfer and hydrogen atom transfer, which may help to distinguish different PCET scenarios.",crossref,0
Sourav Sekhar Bera,https://onlinelibrary.wiley.com/doi/10.1002/anie.8603468?af=R,Wiley: Angewandte Chemie International Edition: Table of Contents,2026-07-23 09:59:09 UTC,2026-07-23 09:59:09+00:00,10.1002/anie.8603468,Sourav Sekhar Bera,"""My favorite example of chemistry/science in everyday life is the development of drugs like Atorvastatin, Metformin, and Amoxicillin, which save thousands of lives every day… Chemistry/science is fun because it offers endless opportunities to create new molecules and discover how subtle structural changes can lead to dramatically different functions and activities…"" Find out more about Sourav Sekhar Bera in his Introducing… Profile.",pubmed,0
Buffering the Active State for Proton Exchange Membrane Water Electrolysis,https://onlinelibrary.wiley.com/doi/10.1002/anie.3314372?af=R,Wiley: Angewandte Chemie International Edition: Table of Contents,2026-07-23 10:07:43 UTC,2026-07-23 10:07:43+00:00,10.1002/anie.3314372,Huabin Zhang,"ABSTRACT
                  Proton exchange membrane water electrolysis (PEMWE) is a key technology for renewable hydrogen production. In order to achieve large‐scale commercialization, acidic oxygen evolution reaction (OER) catalysts are required to simultaneously deliver high activity, long durability, and low noble‐metal loading. However, under realistic device operation, catalyst failure is mainly associated with the disruption of the active state, which is driven by coupled processes including active‐species redistribution, oxygen‐framework degradation, oxidative stress accumulation, proton‐transfer imbalance, and mechanistic drift. Accordingly, this review proposes a catalyst‐centered design framework that targets the root factors responsible for active‐species dissolution, buffering and sustaining the active state during PEMWE device operation. Within this framework, the buffering strategies are classified into five categories, including mobility and topology buffering, oxygen‐framework buffering, electron buffering, proton‐water‐ion programming, and the mechanistic dial. Finally, this review outlines how buffered active states can be rationally designed for Ir, Ru, and non‐platinum group metals (PGM) anodes, providing a forward‐looking roadmap for practical PEMWE catalyst development.",crossref,0
A Hydrogen Bond‐Mediated Förster Resonance Energy Transfer (FRET) Glue Strategy for Long‐Lived Room‐Temperature Phosphorescence From Silver Clusters,https://onlinelibrary.wiley.com/doi/10.1002/anie.5966275?af=R,Wiley: Angewandte Chemie International Edition: Table of Contents,2026-07-23 10:09:35 UTC,2026-07-23 10:09:35+00:00,10.1002/anie.5966275,Kuan‐Guan Liu,"ABSTRACT
                  
                    Luminescent coinage metal clusters (CMCs) hold great promise for bioimaging and optical applications, but long‐lived room‐temperature phosphorescence (RTP) with high quantum yield remains challenging. Herein, a Förster resonance energy transfer (FRET) glue strategy using Ag
                    +
                    to bridge donor–acceptor (D/A) pairs is adopted to synthesize a series of clusters in CH
                    3
                    CN (
                    
                      Ag
                      4
                    
                    ), CH
                    3
                    OH [
                    
                      Ag
                      4
                      (CH
                      3
                      OH)
                      2
                    
                    ], C
                    2
                    H
                    5
                    OH [
                    
                      Ag
                      4
                      (C
                      2
                      H
                      5
                      OH)
                    
                    ], and
                    i
                    ‐C
                    3
                    H
                    7
                    OH [
                    
                      Ag
                      2
                      (
                      i
                      ‐C
                      3
                      H
                      7
                      OH)
                      2
                    
                    ] realizing near‐unity FRET efficiency. Among them,
                    
                      Ag
                      4
                      (CH
                      3
                      OH)
                      2
                    
                    delivers superior thermally activated delayed phosphorescence with a high photoluminescence quantum yield of 96% and an ultralong RTP lifetime of around 100 ms, which are 5.6 times and 400 times higher than those of
                    
                      Ag
                      4
                    
                    , respectively. Mechanistic studies reveal that isolated Ag
                    +
                    as single‐point linkers circumvent the overly strong spin–orbit coupling of larger Ag cores while retaining an appropriate heavy‐atom effect to facilitate effective phosphorescence emission. In addition, hydrogen bonds from coordinating solvents can adjust the spatial position of ligand, optimizing D/A arrangement, which enhances FRET efficiency and suppresses nonradiative deactivation, ultimately achieving high‐efficiency luminescence of silver clusters. Leveraging the solvent‐mediated regulation of cluster structure and performance, this system enables reversible single‐crystal‐to‐single‐crystal transformation and subsequent time‐solvent‐temperature‐gated multilevel information encryption. This work provides a general design principle for CMCs with high‐performance RTP.",crossref,0
Metal‐Perturbed Through‐Space Charge Transfer Excited State: A Platform for Strongly Emissive Pd(II) Complexes via Thermally Activated Delayed Fluorescence,https://onlinelibrary.wiley.com/doi/10.1002/anie.4146644?af=R,Wiley: Angewandte Chemie International Edition: Table of Contents,2026-07-23 10:11:10 UTC,2026-07-23 10:11:10+00:00,10.1002/anie.4146644,Kai Li,"ABSTRACT
                  
                    The excited states of transition metal complexes generally involve an electron shuttle between the metal center and ligand or between ligands in the first coordination sphere. Herein, a series of pincer‐type C^N^C Pd(II) complexes containing an electron‐accepting but non‐coordinating dibenzo[a,c]‐phenazine (DBPZ) moiety on the ancillary carbazolyl ligand is developed. The face‐to‐face orientation of the C^N^C ligand and DBPZ moiety elicits lowest‐lying singlet metal‐perturbed through‐space charge transfer (
                    1
                    TSCT) excited states. Spectroscopic measurements and theoretical calculations unveiled their lowest triplet excited states possess mixed
                    3
                    TSCT, through‐bond charge transfer and locally excited character. The resulting Pd(II) complexes exhibit strong thermally activated delayed fluorescence (TADF) with efficiencies of 68%−93%. The through‐space electronic coupling is found closely associated with the strength of noncovalent interactions between the tridentate C^N^C unit and the lateral acceptor. Orange‐red organic light‐emitting diodes doped with selected Pd(II) complex as an emitter achieve maximum external quantum efficiencies exceeding 30%. Its use as a sensitizer for narrowband multiple‐resonance emitter is also validated by increased device efficiency and reduced roll‐off. This work not only demonstrates the realization of strong TSCT‐TADF emission in Pd(II) complexes but also broadens the molecular design landscape of molecular design for photoactive transition metal complexes toward diverse applications.",crossref,0
Induction and Stabilization of Peptide Alpha‐Helices on Silica Nanoparticles,https://onlinelibrary.wiley.com/doi/10.1002/anie.8942173?af=R,Wiley: Angewandte Chemie International Edition: Table of Contents,2026-07-23 10:11:54 UTC,2026-07-23 10:11:54+00:00,10.1002/anie.8942173,Sebastian Wendeborn,"ABSTRACT
                  Stabilizing secondary structure elements is critical to controlling peptide and protein bioactivity, stability, and function. The α‐helix, central to molecular recognition and structural integrity, is a particularly valuable target for stabilization in biotechnological and nanomaterial applications. However, non‐covalent peptide–nanomaterial interactions often lack robustness and reproducibility. We report a covalent immobilization strategy to induce and stabilize α‐helical conformations on amino‐functionalized silica nanoparticles (SNPs). This approach leverages dynamic covalent peptide–surface coupling to enable thermodynamic selection of α‐helical conformations. Alanine‐rich peptides incorporating periodic lysine residues were designed to enable covalent anchoring while promoting helix formation. Immobilization markedly enhances thermal stability compared to free peptides. Systematic variation of lysine positioning shows that terminal attachment induces helicity, whereas incorporation every second helical turn provides optimal conformational and thermal stability. Crucially, the helical face oriented away from the nanoparticle surface remains accessible for molecular recognition. Streptavidin‐binding peptides immobilized via this method retain their specific binding activity while exhibiting superior thermal robustness. This sequence‐guided approach establishes a robust framework for covalent peptide–nanoparticle conjugation, enabling precise secondary structure stabilization and functional biointerfaces for thermally stable protein–protein interaction platforms.",crossref,0
Directional Second Sphere Effect on CO2 Activation and Reduction by Iron Porphyrin in Aprotic and Protic Media,https://onlinelibrary.wiley.com/doi/10.1002/anie.1490828?af=R,Wiley: Angewandte Chemie International Edition: Table of Contents,2026-07-23 10:14:08 UTC,2026-07-23 10:14:08+00:00,10.1002/anie.1490828,Zakaria Halime,"ABSTRACT
                  
                    The topological directionality of functional groups in the secondary coordination sphere (SCS) plays a decisive role in enzymatic small‐molecule activation but remains underexplored in synthetic systems. Here, we investigate how symmetry remodeling of a urea‐based SCS modulates electrocatalytic CO
                    2
                    ‐to‐CO reduction using two atropisomeric iron porphyrins,
                    
                      αβαβ
                      ‐UrFe
                    
                    and
                    
                      
                        α
                        2
                        β
                        2
                      
                      ‐UrFe
                    
                    , which differ solely in the spatial arrangement of identical hydrogen‐bond donor groups. Switching from a face‐to‐face to an adjacent urea‐arms configuration enables unprecedented CO
                    2
                    ‐to‐CO conversion under strictly aprotic conditions, in the absence of Brønsted or Lewis acids. Combined electrochemical, spectroscopic, kinetic, and DFT studies reveal that the adjacent positioning of the urea arms weakens the stabilization of the initial [Fe─CO
                    2
                    ] intermediate but creates a more open and dynamically reorganizable SCS that permits insertion of a second CO
                    2
                    molecule as an oxygen‐atom acceptor, to yield CO and CO
                    3
                    2
                    ˉ. Under protic conditions, this improved active‐site accessibility, combined with a dissymmetrization of the activated CO
                    2
                    molecule, accelerates proton transfer, with CO
                    2
                    ‐to‐CO reduction reaching turnover frequency of up to 2.72 × 10
                    7
                    s
                    −1
                    , among the highest reported for homogeneous catalysis. These results establish directional interactions within the SCS as powerful design strategy for boosting molecular catalysis.",crossref,0
Repression of Virulence in Staphylococcus aureus by 2‐Aminothiol‐Mediated Quorum Quenching,https://onlinelibrary.wiley.com/doi/10.1002/anie.9489770?af=R,Wiley: Angewandte Chemie International Edition: Table of Contents,2026-07-23 10:14:59 UTC,2026-07-23 10:14:59+00:00,10.1002/anie.9489770,Christian A. Olsen,"ABSTRACT
                  
                    We present a novel strategy for the inhibition of quorum sensing in
                    Staphylococcus
                    bacteria. Previous work has focused on the development of peptides that can compete with native autoinducing peptides (AIPs), to antagonize the receptor histidine kinase responsible for activation of quorum sensing and thereby repress the expression of virulence genes. Here we report simple analogues of cysteine that can eliminate the native AIPs extracellularly, before they activate their receptor, and validate that this alternative strategy can also be applied to turn off quorum sensing in different
                    Staphylococcus aureus
                    reporter strain assays. Further, we show that two selected compounds can reduce skin infection caused by MRSA in a murine model. This work provides impetus for the development of simple small molecules for the topical treatment of staphylococcal skin infections. We anticipate that further studies, including delivery strategies, will help illuminate this potential.",crossref,0
An Ultrasonic Electrolysis Strategy for Monomethylamine Synthesis From Nitrate and CO2,https://onlinelibrary.wiley.com/doi/10.1002/anie.8246217?af=R,Wiley: Angewandte Chemie International Edition: Table of Contents,2026-07-23 10:18:16 UTC,2026-07-23 10:18:16+00:00,10.1002/anie.8246217,Ke Chu,"ABSTRACT
                  
                    Electrocatalytic C─N coupling offers a feasible route for sustainable synthesis of monomethylamine (MMA), yet it still suffers from poor C/N reactant coactivation and low conversion efficiency. In this study, we propose an innovative ultrasonic electrolysis strategy for efficient MMA electrosynthesis from NO
                    3
                    −
                    and CO
                    2
                    . A bimetallic COF catalyst (CuBi‐ppc) is rationally designed and employed as a model catalyst. Mechanistic investigations reveal that ultrasonic electrolysis induces the unique acoustic cavitation effect which enriches CO
                    2
                    /NO
                    3
                    −
                    reactants, promotes water dissociation for active H generation and stabilizes key C/N intermediates to facilitate C─N bond formation, consequently creating a favorable microenvironment to promote C─N coupling for selective MMA synthesis. Under the optimized ultrasonic electrolysis conditions, we achieve the high MMA yield rate of 144.89 mmol h
                    −1
                    g
                    −1
                    and Faradaic efficiency of 91.86% along with an excellent stability. These results highlight the great potential of ultrasonic electrolysis strategy for powerful and sustainable organonitrogen electrosynthesis.",crossref,0
Intramolecular Polarization‐Mediated Solvation and Interphase Engineering for Low‐Temperature High‐Voltage Lithium Metal Batteries,https://advanced.onlinelibrary.wiley.com/doi/10.1002/adma.74260?af=R,Wiley: Advanced Materials: Table of Contents,2026-07-23 10:18:29 UTC,2026-07-23 10:18:29+00:00,10.1002/adma.74260,Kai Xi,"ABSTRACT
                  
                    Simultaneously achieving stable lithium metal batteries (LMBs) under cryogenic and high‐voltage conditions remains a fundamental challenge due to uncontrolled interfacial chemistry at lithium anodes and nickel‐rich cathodes. Here, we report an intramolecular polarization strategy that jointly regulates Li
                    +
                    solvation dynamics, solid electrolyte interphase (SEI) formation, and cathode electrolyte interphase (CEI) stress dissipation. An intramolecularly polarized electrolyte featuring orthogonally arranged electron donor–acceptor moieties with a dipole moment (∼4.2 D) establishes a potential–dependent solvation screening effect, reducing Li
                    +
                    desolvation energy to 38.1 kJ mol
                    −1
                    , while enabling anodic stability beyond 5.3 V. The tailored solvation chemistry induces spontaneous formation of dual–gradient interphases composed of a LiF–rich SEI and a boroxane–incorporated CEI with an interface modulus ∼20 nN. Consequently, Li||Li symmetric cells exhibit stable cycling over 16 000 h with a minimal polarization of 8.3 mV. Full cells employing LiNi
                    0.8
                    Co
                    0.1
                    Mn
                    0.1
                    O
                    2
                    cathodes retain 90% capacity after 1000 cycles at 4.5 V and maintain 80% at 4.9 V. 3 Ah pouch cells achieve a high energy density of 509 Wh kg
                    −1
                    at 30°C with 96.8% capacity retention after 80 cycles, while delivering 439.1 Wh kg
                    −1
                    at −30°C. This work establishes a molecular polarization paradigm for electrolyte and interphase engineering toward high–energy–density LMBs under extreme conditions.",crossref,0
Phase‐Engineered Ru‐MoC Heterointerfaces for Efficient Alkaline Hydrogen Evolution by Boosting Interfacial Water Dissociation,https://advanced.onlinelibrary.wiley.com/doi/10.1002/adma.74086?af=R,Wiley: Advanced Materials: Table of Contents,2026-07-23 10:20:20 UTC,2026-07-23 10:20:20+00:00,10.1002/adma.74086,Qiang Wu,"ABSTRACT
                  
                    Alkaline hydrogen evolution (HER) performance of Ru catalysts is limited by the high activation energy barriers of water dissociation and the poisoning of active sites by OH
                    *
                    intermediates. Herein, the Mo
                    
                      x
                    
                    C nanoclusters with distinct crystalline phases (MoC and Mo
                    2
                    C) are supported on hierarchical N‐doped carbon nanocages (hNCNC). Long‐range disordered Ru nanoclusters are induced to grow on the MoC nanoclusters due to the presence of Mo vacancies, while crystalline Ru nanoclusters grow on both Mo
                    2
                    C nanoclusters and hNCNC due to fewer defects. The Ru‐MoC/hNCNC achieves an ultralow overpotential (@10 mA cm
                    −2
                    ) of 20 mV, a high turnover frequency of 21.8 H
                    2
                    s
                    −1
                    and robust durability in 1 M KOH, much superior to the counterpart of Ru‐Mo
                    2
                    C/hNCNC. The anion‐exchange membrane water electrolysis device with Ru‐MoC/hNCNC cathode delivers an industrial‐scale current of 1 A cm
                    −2
                    at ≈1.65 V in 1.0 M KOH. The theoretical calculation, together with in situ Raman spectra, reveals that the Ru‐MoC heterointerfaces promote the water dissociation kinetics on Mo sites, leading to the detached formation of OH
                    *
                    on MoC and H
                    *
                    on Ru. This spatial decoupling of OH
                    *
                    and H
                    *
                    can mitigate the OH
                    *
                    poisoning of Ru and promote subsequent H
                    2
                    formation, thereby demonstrating excellent alkaline HER performance.",crossref,0
Dynamic Strain Regulation Via Photoresponsive Fullerenes Enables High‐Performance and UV‐Robust Perovskite Solar Cells,https://advanced.onlinelibrary.wiley.com/doi/10.1002/adma.74220?af=R,Wiley: Advanced Materials: Table of Contents,2026-07-23 10:21:50 UTC,2026-07-23 10:21:50+00:00,10.1002/adma.74220,Hong Lin,"ABSTRACT
                  
                    The long‐term stability of perovskite solar cells (PSCs) is critically undermined by degradation at the buried interface, where residual tensile strain and ultraviolet (UV) irradiation act synergistically. Here, we introduce a fullerene‐based photoresponsive molecule, C
                    60
                    ‐azo, to construct an adaptive SnO
                    2
                    /perovskite interface. Unlike static interlayers, C
                    60
                    ‐azo functions as a dynamic molecular switch. Under UV illumination, its trans‐to‐cis isomerization actively generates a beneficial compressive stress to counteract residual tensile strain. Simultaneously, the light‐enriched cis‐isomer enhances dynamic defect passivation. This mechanochemical dual mechanism effectively mitigates UV‐driven lattice distortion and chemical degradation. Consequently, the modified n–i–p PSCs achieve a power conversion efficiency of 26.60% and exhibit enhanced durability. Unencapsulated devices retain 92.7% of their initial performance after 488 h of continuous UV exposure. Encapsulated cells also maintain 94.7% efficiency after 1000 h of maximum power point tracking under continuous 1‐sun‐equivalent LED illumination. This work establishes dynamic photoresponsive interface engineering as a pioneering strategy for durable perovskite optoelectronics.",crossref,0
Magnetic Composite Formed by Exsolution for Enhanced Exchange Coupling and Breaking the Permeability‐Frequency Limitation,https://advanced.onlinelibrary.wiley.com/doi/10.1002/adma.74241?af=R,Wiley: Advanced Materials: Table of Contents,2026-07-23 10:21:53 UTC,2026-07-23 10:21:53+00:00,10.1002/adma.74241,Renchao Che,"ABSTRACT
                  The development of ferrite‐based absorbers for high‐frequency integrated electronics and fifth‐generation (5G) communication systems has long been constrained by the Snoek limit, which causes a pronounced deterioration of complex permeability in the gigahertz (GHz) range. Here, we overcome this bottleneck by constructing well‐dispersed and rigidly anchored CoFe phases within a W‐type hexaferrite matrix through an in situ thermal‐exsolution strategy, yielding coherent alloy/oxide heterostructures. The nanoscale interfaces establish strong exchange coupling and tailored local anisotropy, which stabilize the real permeability and extend natural resonance for magnetic loss across 2∼8 GHz, effectively surpassing the Snoek limit. The resulting composite achieves an absorption bandwidth of 7.7 GHz at 1.4 mm, enabled by balanced impedance matching and enhanced attenuation capability, and offers a practical route for mitigating 5G electromagnetic interference. This study provides a link between macroscopic permeability parameters and nanoscale magnetic configurations, guiding the design of high‑performance magnetic‐response materials.",crossref,0
Biocompatible Quaternized Chitosan‐Whey Protein Nanofibrous Porous Microspheres for Multi‐Functional Synergistic Regulation of the Gut‐Liver Axis in the Treatment of Metabolic Dysfunction‐Associated Steatotic Liver Disease,https://advanced.onlinelibrary.wiley.com/doi/10.1002/adma.74066?af=R,Wiley: Advanced Materials: Table of Contents,2026-07-23 10:22:46 UTC,2026-07-23 10:22:46+00:00,10.1002/adma.74066,Qifa Ye,"ABSTRACT
                  Metabolic dysfunction‐associated steatotic liver disease (MASLD) has emerged as a major global health burden, yet effective pharmacological interventions remain limited. Dysregulation of the gut microbiota‐bile acid axis plays a pivotal role in MASLD pathogenesis; however, developing targeted therapies that address this complex interplay remains challenging. Here, we present a safe oral delivery system (QW) comprising in situ self‐assembled nanofibrous porous microspheres derived from whey protein and quaternized chitosan, which integrates physical adsorption with bio‐regulatory functions. In a murine MASLD model, oral QW administration reduced serum ALT (258.6 to 50.3 U/L) and AST (204.4 to 86.7 U/L) levels, and decreased hepatic triglyceride (0.54 to 0.18 mmol/g) and cholesterol (0.12 to 0.05 mmol/g) content. The NAS score decreased significantly, accompanied by marked histopathological improvements. Multi‐omics analysis revealed that QW reshaped gut microbial composition, doubled the relative abundance of Bacteroidetes, modulated bile acid metabolism, and preserved intestinal barrier integrity through reactivation of the hepatic FXR‐SHP signaling pathway. This biocompatible, multi‐functional oral system offers a promising therapeutic strategy for MASLD and advances the paradigm of gut‐liver axis‐based interventions for metabolic liver diseases.",crossref,0
Tailoring Superwettability Through Bioinspired Reentrant Microstructures,https://advanced.onlinelibrary.wiley.com/doi/10.1002/adma.74277?af=R,Wiley: Advanced Materials: Table of Contents,2026-07-23 10:25:45 UTC,2026-07-23 10:25:45+00:00,10.1002/adma.74277,Xiaojiang Liu,"ABSTRACT
                  Superwettability describes an extreme wetting regime in which a solid surface exhibits exceptional affinity for or strong repellency against fluids, including superhydro/superoleo/superaero‐phobicity, superhydro/superoleo/superaero‐philicity, and directional liquid transport. Recent advances in biomimetics and theoretical modeling reveal that precise and intelligent wettability regulation is governed not only by surface chemistry but, more fundamentally, by microstructural geometry. Over the past two decades, bioinspired reentrant microstructures have exhibited exceptional capability in enhancing liquid repellency and enabling high‐performance directional transport through modulation of interfacial wetting physics. In this review, we provide a comprehensive summary on structure‐driven superwettability, focusing on symmetric and asymmetric reentrant microstructures. We first elucidate the fundamental physical mechanisms underlying wettability regulation, followed by a critical assessment of state‐of‐the‐art fabrication strategies, including silicon micromachining, replica molding, and advanced 3D printing. We then highlight representative applications in microreactions, oil–water separation, liquid harvesting, evaporation and desalination, and fluidic‐electronic systems, and discuss emerging strategies for smart liquid manipulation enabled by stimuli‐responsive reentrant microstructures. Finally, we outline key challenges and forward‐looking perspectives, emphasizing artificial intelligence‐assisted design, novel functional materials, scalable manufacturing, and next‐generation applications of superwettable surfaces.",crossref,0
Synergistic Spin‐Polarization Effect and Magnetic Exchange Interaction of Core/Shell Structure for Bifunctional Oxygen Electrocatalysis,https://advanced.onlinelibrary.wiley.com/doi/10.1002/adma.74285?af=R,Wiley: Advanced Materials: Table of Contents,2026-07-23 10:28:29 UTC,2026-07-23 10:28:29+00:00,10.1002/adma.74285,Yiwang Chen,"ABSTRACT
                  
                    Rechargeable zinc‐air batteries (RZABs) are hindered by sluggish oxygen reduction and evolution (ORR/OER) kinetics. While core/shell nanostructures can enhance bifunctional electrocatalysis via synergy, achieving precise interfacial electronic modulation and scalable synthesis for ampere‐hour‐level RZABs remain challenging. Herein, we report a scalable synthesis of nitrogen‐doped carbon‐supported CoCuNi/ZnMn
                    2
                    O
                    4
                    core/shell nanoparticles (CoCuNi/ZnMn
                    2
                    O
                    4
                    ‐NC) as an efficient bifunctional electrocatalyst. Leveraging electronegativity differences among transition‐metals, controlled morphology during gram‐scale production is achieved. The core/shell interaction elevates the spin state of surface Mn cations, enabling an antiferromagnetic‐to‐ferromagnetic transition. The dynamic equilibrium of *OH adsorption/desorption is facilitated, and the rate‐determining energy barrier is reduced by 0.17 and 0.15 eV compared to individual ZnMn
                    2
                    O
                    4
                    and CoCuNi, respectively. The catalyst exhibits outstanding bifunctional performance (ORR half‐wave potential = 0.941 V; OER overpotential = 430 mV at 10 mA cm
                    −2
                    ) and robust stability. Liquid RZABs using CoCuNi/ZnMn
                    2
                    O
                    4
                    ‐NC achieve a peak power density of 244.4 mW cm
                    −2
                    , a specific capacity of 802.5 mAh g
                    −
                    1
                    , and stable cycling over 450 h. Practical viability is further confirmed by an 8.4 Ah quasi‐solid‐state pouch cell with an output power of 369 mW and a lifespan of 200 h. This work sheds light on designing and scaling core/shell electrocatalysts toward high‐energy, practical metal‐air batteries.",crossref,0
Reducing Voltage Hysteresis of FeF2 via Oxygen Doping and Nano‐Disordering in Sulfide All‐Solid‐State Batteries,https://advanced.onlinelibrary.wiley.com/doi/10.1002/adma.74270?af=R,Wiley: Advanced Materials: Table of Contents,2026-07-23 10:30:42 UTC,2026-07-23 10:30:42+00:00,10.1002/adma.74270,Qiao Huang,"ABSTRACT
                  
                    Conversion‐type metal fluorides are promising cathode candidates for high‐energy‐density post‐lithium batteries. Unfortunately, their practical implementation has been severely impeded by pronounced voltage hysteresis (VH). Herein, we report a gas‐phase treatment strategy to realize oxygen doping and nano‐disordering of FeF
                    2
                    , which reduces the VH of FeF
                    2
                    to a record low level of 153 mV at 80°C when integrated into sulfide all‐solid‐state batteries. Specifically, crystalline FeF
                    2
                    is doped with oxygen and refined to nanocrystals dispersed in a disordered FeOF matrix, which narrows the band gap of FeF
                    2
                    from 1.84 to 1.36 eV, decreases the ionic migration energy barrier from 2.2 to 1.2 eV, enhances its electronic conductivity from 4.1 × 10
                    −6
                    mS/cm to 0.48 mS/cm, ionic conductivity from 1.1 × 10
                    −6
                    mS/cm to 4.8 × 10
                    −5
                    mS/cm. The dramatically increased electronic and ionic conductivity boosts the charge transport kinetics and reduces the charge transfer barrier, thus suppressing the VH. Notably, the oxygen doping strategy is not restricted to FeF
                    2
                    , but is valid for a broad class of metal fluorides. These results provide a versatile solution to the long‐standing VH bottleneck in metal fluorides and are expected to accelerate the industrial adoption of metal fluoride cathodes to enable high‐energy‐density lithium batteries.",crossref,0
Regulating Hydrogen Bond Competition to Break Ultrawide‐Temperature (−70°C to 100°C) Limits for All‐Climate Zinc Batteries,https://onlinelibrary.wiley.com/doi/10.1002/anie.1162317?af=R,Wiley: Angewandte Chemie International Edition: Table of Contents,2026-07-23 10:31:19 UTC,2026-07-23 10:31:19+00:00,10.1002/anie.1162317,Anqiang Pan,"ABSTRACT
                  
                    Hydrogel electrolytes endow aqueous zinc‐metal batteries with inherent safety and mechanical flexibility, rendering them compelling for wearable energy storage. However, their narrow operating temperature range and poor rate capability remain critical bottlenecks. In this study, a hydrogen‐bond (HB) regulation strategy based on a multifunctional hydrogel electrolyte (PAM‐NAEL, composed of Zn(ClO
                    4
                    )
                    2
                    , polyacrylamide (PAM), and N‐acetyl‐L‐glutamine (NAEL)) is proposed to exploit the physicochemical nature of HBs, thereby improving both the operational temperature window and rate performance. Specifically, the NAEL component dynamically reshapes the internal HB network by competing for HB sites. This reconfiguration suppresses ice nucleation at low temperatures and maintains structural integrity at high temperatures, enabling an ultrawide temperature tolerance. Furthermore, the dynamic network lowers the ion migration barrier and accelerates deposition kinetics, endowing the advanced Zn||Zn symmetric cells with an ultrawide temperature adaptability (−70°C to 100°C) and outstanding rate capability (1 to 40 mA cm
                    −2
                    ). Notably, even at an extremely low temperature of −40°C, the cells maintain exceptional cyclability exceeding 7500 h. Additionally, the Zn||I
                    2
                    full‐cell can operate stably over 10000 cycles at −20°C. Remarkably, the practical Zn||I
                    2
                    pouch cell with high mass‐loading I
                    2
                    cathode (10.60 mg cm
                    −2
                    ) and limited N/P ratio (2.8) retains 95.12% capacity after 400 cycles.",crossref,0
Molecular Engineering Boosts Photon‐Activated Immunotherapy for Prostate Cancer Through Concurrent Pyroptosis and cGAS‐STING Pathway Activation,https://onlinelibrary.wiley.com/doi/10.1002/anie.4883627?af=R,Wiley: Angewandte Chemie International Edition: Table of Contents,2026-07-23 10:48:05 UTC,2026-07-23 10:48:05+00:00,10.1002/anie.4883627,Haidong Li,"ABSTRACT
                  
                    Prostate cancer therapy is often limited by metastasis, drug resistance, and systemic toxicity. Photodynamic immunotherapy (PDIT) offers a promising alternative, yet its efficacy depends on photosensitizers that can simultaneously generate reactive oxygen species (ROS) and activate antitumor immunity. Herein, three thiophene (T) dyes based on triphenylamine (D) and
                    N
                    ‐ethyl‐benzoselenazolium iodide (Se) (DTSe)‐based photosensitizers were molecularly engineered by modulating the π‐conjugated structure. Incorporation of a carbazole unit affords DZTSe with suppressed fluorescence, enlarged Huang–Rhys factor, reduced singlet‐triplet energy gap, and prolonged triplet‐state lifetime, resulting in enhanced ROS generation. Notably, DZTSe exhibits multi‐organelle localization in the endoplasmic reticulum and mitochondria, concurrently inducing pyroptosis and activating the cGAS‐STING pathway. This dual stress‐immune activation reprograms the tumor microenvironment and enables effective eradication of primary tumors and suppression of distant lesions in vivo, providing a molecular blueprint for immune‐activating photosensitizers.",crossref,0
Chemical Ordering Command Dynamic Reconstruction for Enhanced Water Oxidation,https://onlinelibrary.wiley.com/doi/10.1002/anie.6881208?af=R,Wiley: Angewandte Chemie International Edition: Table of Contents,2026-07-23 10:50:38 UTC,2026-07-23 10:50:38+00:00,10.1002/anie.6881208,Baolong Shen,"ABSTRACT
                  
                    Dynamic surface reconstruction fundamentally dictates the active state of electrocatalysts. However, the lack of mastery over reconstruction kinetics typically imposes a trade‐off between high activity and long‐term stability. Here, we demonstrate that the degree of chemical ordering (long‐range atomic site occupancy) deterministically governs the evolution of alloy surfaces under operating conditions. In this design, the chemical ordering acts as a structural template that commands the reconstruction trajectory. During anodic dealloying, the ordered lattice facilitates a controlled, mild pre‐oxidation. This process generates high‐valence Fe/Co/Ni sites that trigger a well‐balanced, synergistic adsorbate evolution mechanism (AEM)/lattice oxygen mechanism (LOM) dual pathway. Unlike disordered counterparts that suffer from severe deterioration, the thermodynamically stable intermetallic core prevents excessive metal dissolution, reducing elemental leaching by 97.2%, guiding the formation of a homogeneous active reconstruction layer. As a result, the catalyst achieves an overpotential of only 335 mV at 1 A cm
                    −2
                    and maintains exceptional stability for over 1000 h. Even under industrial conditions (6 M KOH, 353 K), it reaches 3 A cm
                    −2
                    at only 1.50 V. This work establishes chemical ordering as a predictive parameter to govern dynamic reconstruction, offering a robust framework for designing self‐adaptive catalysts that harmonize extreme activity with industrial‐grade durability.",crossref,0
Flash Production of High‐Purity V3.5+ Electrolyte via Electron Beam‐Induced Radiolysis Under Ambient Conditions,https://onlinelibrary.wiley.com/doi/10.1002/anie.7032214?af=R,Wiley: Angewandte Chemie International Edition: Table of Contents,2026-07-23 10:53:42 UTC,2026-07-23 10:53:42+00:00,10.1002/anie.7032214,Jun Ma,"ABSTRACT
                  
                    The quest for high‐performance vanadium redox flow batteries has long been hindered by the time‐consuming and impurity‐prone synthesis of mixed‐valence vanadium electrolytes (V
                    3.5+
                    ). Distinct from the existing synthetic approaches, we develop an effective, catalyst‐free strategy to produce V
                    3.5+
                    electrolytes only in minutes by using electron‐beam irradiation. We show water radiolysis can generate a burst of hydrated electrons and reductive radicals that rapidly convert V
                    4+
                    to V
                    3+
                    under ambient conditions, thus achieving a remarkably high‐purity V
                    3+
                    generation rate of 0.65 mol·L
                    −1
                    ·h
                    −1
                    , exceeding the reported values from existing methods. In addition, the resulting electrolyte unlocks outstanding battery performance, delivering a coulombic efficiency of 97.92%, an energy efficiency of 85.05% at 100 mA cm
                    −2
                    , and a slow capacity degradation of 0.201% per cycle over 120 cycles. Owing to its simplicity, high‐throughput, and scalability radiation‐driven approach provides a promising pathway toward efficient, sustainable, and cost‐effective energy storage, making it a competitive and transformative technique for advanced electrolyte fabrication.",crossref,0
"Photochemical Ring Opening of Cyclopropyl Silyl Ethers Enables β–β Coupling, Radical‐Polar Crossover and Annulation",https://onlinelibrary.wiley.com/doi/10.1002/anie.7669030?af=R,Wiley: Angewandte Chemie International Edition: Table of Contents,2026-07-23 10:53:49 UTC,2026-07-23 10:53:49+00:00,10.1002/anie.7669030,Sebastian Clementson,"ABSTRACT
                  
                    A photochemical radical ring opening strategy is reported in which cyclopropyl silyl ethers undergo single‐electron oxidation and fragmentation under visible‐light photoredox conditions to furnish β‐carbonyl radicals. These intermediates engage electron‐deficient alkenes in a controlled intermolecular addition process that combines radical ring opening with C–C bond formation. The reaction delivers β–β coupling products across a broad substrate scope, including simple and complex alkenes and substrates that undergo regioselective 1,6‐addition. The resulting adducts can be further advanced through downstream annulation chemistry, whereas under modified conditions, the same intermediates can undergo radical–polar crossover and subsequent aldol cyclization, enabling access to three separate product classes from a common cyclopropyl precursor. The synthetic utility of the method is demonstrated through divergent entry into the carbocyclic frameworks of the kaurene and phyllocladane natural product families and the first total synthesis of (−)‐
                    ent
                    ‐melicodenone C.",crossref,0
Fully Conjugated Pseudo‐3D Covalent Organic Frameworks With Accelerated Electron Transport for High‐Performance Lithium‐Ion Batteries,https://onlinelibrary.wiley.com/doi/10.1002/anie.4550020?af=R,Wiley: Angewandte Chemie International Edition: Table of Contents,2026-07-23 10:56:26 UTC,2026-07-23 10:56:26+00:00,10.1002/anie.4550020,Yaozu Liao,"ABSTRACT
                  
                    Organic electrodes are promising candidates for sustainable lithium‐ion batteries due to their environmental friendliness and tunable architectures, yet their practical application is hindered by low electronic conductivity and slow reaction kinetics. Here, we report a fully conjugated pseudo‐three dimensional (3D) covalent organic framework (COF) (TB‐COF‐3D‐S) derived from a two‐dimensional (2D) imine‐linked porphyrin‐diacetylene COF via one‐pot high‐temperature sulfurization, which simultaneously converts imine bonds into planar thiazole units and induces diacetylene crosslinking to form a 3D π‐conjugated network. This architecture markedly enhances both electronic and ionic conductivity while providing abundant redox‐active sites. Consequently, TB‐COF‐3D‐S delivers a high specific capacity of 313 mAh g
                    −1
                    and an energy density of 670 Wh kg
                    −1
                    at 0.1 A g
                    −1
                    , excellent rate performance (96 mAh g
                    −1
                    at 10 A g
                    −1
                    ), and stable cycling with 0.0035% capacity decay per cycle over 10,000 cycles. Our study highlights the crucial role of 3D full conjugation in promoting rapid charge transport and efficient redox utilization, offering valuable guidance for designing high‐performance organic cathodes.",crossref,0
Unraveling Terminal Cobalt–Antimony Double Bond: Breaking New Ground in Heavy Pnictogen Multiple Bonds,https://onlinelibrary.wiley.com/doi/10.1002/anie.8012161?af=R,Wiley: Angewandte Chemie International Edition: Table of Contents,2026-07-23 11:17:53 UTC,2026-07-23 11:17:53+00:00,10.1002/anie.8012161,Alessandro Bismuto,"ABSTRACT
                  
                    Terminal pnictinidene complexes featuring heavy group 15 elements (Sb, Bi) doubly bonded to transition metals remain exceptionally elusive compared to their lighter congeners. Herein, we demonstrate that N‐heterocyclic carbenes (NHCs) can effectively cleave the Sb═Sb double bond of distibenes to yield monomeric, zwitterionic stibinide species. Subsequent transfer of the antimony moiety to a cobalt center generates a terminal cobalt–stibinidene complex. Structural analysis reveals a very short Co─Sb bond distance, which is corroborated by Wiberg and Mayer bond indices as well as frontier molecular orbital and natural bond orbital analyses, providing compelling evidence for an unprecedented covalent Co═Sb double bond. In addition, we demonstrate that this compound reacts with an alkyne in a (2π+2π) cycloaddition and with phenyl azide to form a three‐membered ring, providing initial insight into its reactivity and drawing parallels with reactivity patterns established for lighter phosphinidene analogs. This work establishes a rational route to stabilize heavy‐element multiple bonds
                    via
                    a controlled and operationally‐simple distibene cleavage.",crossref,0
Manipulating Conical Intersections via a Noncovalent Strategy for Enhanced Photothermal Conversion,https://onlinelibrary.wiley.com/doi/10.1002/anie.9215288?af=R,Wiley: Angewandte Chemie International Edition: Table of Contents,2026-07-23 11:20:11 UTC,2026-07-23 11:20:11+00:00,10.1002/anie.9215288,Jianguo Wang,"ABSTRACT
                  
                    Organic photothermal materials (OPMs) utilize efficient nonradiative decay for photothermal conversion, with conical intersections (CIs) playing a crucial role in dissipating excited‐state energy. Current strategies for manipulating CIs remain largely confined to covalently bonded systems, leaving noncovalent approaches largely unexplored. Herein, we propose a cocrystal‐based noncovalent strategy to modulate CI‐mediated nonradiative decay. Specifically, phenoxazine (PXZ) or phenothiazine (PTZ) were paired with 1,2,4,5‐tetracyanobenzene (TCNB) to construct robust donor–acceptor (D‐A) cocrystals. Crystal structure analysis reveals that cocrystal formation transforms the molecular packing from a herringbone to a parallel arrangement, thereby enabling intermolecular motions. Theoretical calculations uncover a favorable relaxation pathway from the Franck–Condon (FC) region to the CI in PXZ‐TCNB, with a relaxation energy Δ
                    E
                    = −16.92 kcal mol
                    −1
                    . Femtosecond transient absorption (Fs‐TA) spectroscopy confirms a rapid 11.16 ps relaxation process, demonstrating effective CI‐mediated nonradiative decay. Consequently, both PXZ‐TCNB and PTZ‐TCNB exhibit significantly enhanced photothermal performance compared with their individual components. Leveraging its excellent photothermal conversion efficiency (PCE), we successfully integrated this material into a thermoelectric generator (TEG) for light‐driven power generation and fabricated flexible photothermal films with light‐responsive actuation. This work establishes noncovalent engineering as a promising strategy for regulating CI processes and advancing high‐performance OPMs.",crossref,0
In Situ Dynamic Reconstruction Asymmetric P─Co─O/OH Sites for Sustainable Gram‐Level Electrocatalytic Ammonia Production,https://advanced.onlinelibrary.wiley.com/doi/10.1002/adma.74275?af=R,Wiley: Advanced Materials: Table of Contents,2026-07-23 11:22:01 UTC,2026-07-23 11:22:01+00:00,10.1002/adma.74275,Jun‐Min Yan,"ABSTRACT
                  
                    The electrochemical conversion of nitrite/nitrate (NO
                    x
                    −
                    ) to ammonia (NH
                    3
                    ) offers a sustainable route for NH
                    3
                    production, particularly coupled with efficient air plasma. However, balancing catalyst activity/stability for gram‐level NH
                    3
                    production remains major challenges. In this study, we report a low‐crystallinity phosphorus‐doped cobalt electrode (P─Co/NF) for efficient and stable NH
                    3
                    synthesis via NO
                    2
                    −
                    reduction, achieving an impressive NH
                    3
                    yield rate of 414.51 mg h
                    −1
                    cm
                    −2
                    and outstanding long‐term stability of 1000 h. Comprehensive characterizations and theoretical calculations reveal that the dynamically evolved P─Co/Co(OH)
                    2
                    heterostructure with asymmetric P─Co─O/OH active sites simultaneously optimizes NO
                    2
                    −
                    activation and water dissociation. The synergistic interplay between P─Co and Co(OH)
                    2
                    layer facilitates sufficient *H supply and moderate intermediate adsorption, thereby suppressing H
                    2
                    evolution. To enable direct air‐to‐NH
                    3
                    conversion, a complete system is established by integrating electrocatalysis with microwave plasma and intermittent solar power, achieving an average NH
                    3
                    yield of 1.19 g per day with Faradaic efficiency &gt;90%. When scaled up to a 100 cm
                    2
                    flow cell, the system delivers an NH
                    3
                    production rate of 4.97 g h
                    −1
                    . This work provides a paradigm for designing dynamic asymmetric sites that overcome activity‐stability tradeoff under industrial‐level current density, paving the way toward the decentralized and sustainable NH
                    3
                    production.",crossref,0
Construction of Multiply Bridged Coordination Framework via a Cluster‐Ligand Strategy,https://advanced.onlinelibrary.wiley.com/doi/10.1002/adma.74292?af=R,Wiley: Advanced Materials: Table of Contents,2026-07-23 11:24:05 UTC,2026-07-23 11:24:05+00:00,10.1002/adma.74292,Jianping Xie,"ABSTRACT
                  
                    In the context of reticular chemistry, linking secondary building units (SBUs) through multiple bridging modes could enhance structural robustness and facilitate the development of versatile frameworks. However, the deliberate synthesis of coordination frameworks by these multiply bridged SBUs remains challenging, as the component SBUs are typically generated in situ during framework assembly. Here, we report facile synthesis of a multiply bridged coordination framework via a cluster‐ligand strategy, where pre‐functionalized metal nanoclusters (NCs) with high‐density coordination sites are used as multi‐bridging linkers to transition metal cluster nodes. Specifically, a predesigned [Au
                    25
                    (
                    p
                    ‐MBA)
                    18
                    ]
                    −1
                    (
                    p
                    ‐MBA =
                    p
                    ‐mercaptobenzoic acid) NC, featuring peripherally decorated 18 carboxyl groups in a self‐adjustable and environmentally adaptive configuration, functions as both SBUs and highly coordinated linkers. This highly coordinated [Au
                    25
                    (
                    p
                    ‐MBA)
                    18
                    ]
                    −1
                    assembles into a (4,8)‐connected rhombic dodecahedral framework (Au
                    25
                    ‐Zn
                    5
                    ) through doubly and triply bridging to Zn
                    5
                    clusters. The ordered co‐assembly enhances the near‐infrared (NIR) emission of [Au
                    25
                    (
                    p
                    ‐MBA)
                    18
                    ]
                    −1
                    and yields supercrystals suitable for x‐ray crystallography analysis, providing a good means to resolve the structural and luminescence enhancement mechanism of water‐soluble metal NCs. Leveraging the enhanced NIR emission and improved structural stability assured by the multiple bridging modes, Au
                    25
                    ‐Zn
                    5
                    could serve as a versatile and leak‐free NIR‐emissive coating for real‐time image‐guided tumor surgery.",crossref,0
Terahertz Full‐Set Multi‐Bit Logic Operations with High‐Dimensional Multiplexed Surface Plasmonic Vortices,https://advanced.onlinelibrary.wiley.com/doi/10.1002/adma.74327?af=R,Wiley: Advanced Materials: Table of Contents,2026-07-23 11:25:23 UTC,2026-07-23 11:25:23+00:00,10.1002/adma.74327,Fei Fan,"ABSTRACT
                  
                    On‐chip photonic logic operations are emerging as a leading candidate for post‐Moore's computing and the terahertz (THz) band is crucial for next‐generation integrated applications. However, THz on‐chip Boolean logic gates still lack a universal paradigm for multifunctionality and reconfigurability, which is largely limited by the inadequate multiplexing and dynamic modulation capabilities. Here, we demonstrate a reconfigurable liquid crystal‐integrated plasmonic metasurface for THz full‐set logic operations. A three‐level coherent synthesis strategy is first established to customize spatiotemporal‐frequency‐spin multiplexed surface plasmonic vortices. Furthermore, a spatio‐temporal encoding mechanism is incorporated to support flexible surface field manipulations and reconstruct multi‐input‐output mappings for complex logic operations. With dual‐pixel and quad‐level encodings, this device delivers active control of vortex mode superposition and suppression, yielding up to 64 distinct nearfield states with a maximum contrast ratio of 20 dB. Surpassing conventional on‐chip logic devices, this platform executes multi‐bit logic operations up to 7‐bit inputs and 2
                    128
                    full‐set schemes, which enable parallel encryption and logic computing across multiple on‐chip nodes. This work paves the way for THz ultra‐compact on‐chip photonic links, advancing high‐density data communication and massive data processing applications.",crossref,0
Decoupled Catalysis in Lithium‐Oxygen Batteries: Directed Oxygen‐Species Spillover Between Dual Single‐Atoms to Circumvent Linear Scaling Limit,https://advanced.onlinelibrary.wiley.com/doi/10.1002/adma.74013?af=R,Wiley: Advanced Materials: Table of Contents,2026-07-23 12:05:06 UTC,2026-07-23 12:05:06+00:00,10.1002/adma.74013,Qingchao Liu,"ABSTRACT
                  
                    Oxygen species spillover across sites in heterogeneous catalysis is a core strategy for reconfiguring reaction pathways and overcoming the theoretical limits of the Sabatier volcano plot. The key lies in achieving thermodynamic decoupling and kinetic synergy in multi‐step reactions. Based on Hard‐Soft Acid‐Base (HSAB) theory, this study constructs a series of Co‐based Ln (Sm, Eu, Gd, Tb, and Dy) dual single‐atom catalytic systems (CoLn‐DAC) through selective coordination design, serving as model platforms to decouple the fundamental electron‐transfer steps in electrochemical reactions. Directional oxygen species spillover is captured at the dual‐single‐atom scale: oxygen‐philic Ln sites activate O
                    2
                    and sequester LiO
                    2
                    , followed by dynamic lithiation and recombination within accessible migration channels engineered by energy gradients, ultimately localizing at sub‐central Co sites for further decomposition and desorption. Through oxygen‐shuttling‐mediated decoupling of the oxygen reduction reaction (ORR) and oxygen evolution reaction (OER), a spatially tandem closed‐loop catalytic pathway is realized, fundamentally bypassing traditional scaling relationships. Theoretical calculations and experimental results confirm CoGd‐DAC as the optimal catalyst with exceptional overall catalytic performance. This work proposes a dynamic cascade catalytic design strategy that extends remote active‐site functionality and transcends traditional catalyst‐design dimensional constraints.",crossref,0
High‐Performance Heterocyclic Aramid Fibers Reinforced by Graphene Oxide for Advanced Impact‐Resistant Applications,https://advanced.onlinelibrary.wiley.com/doi/10.1002/adma.74283?af=R,Wiley: Advanced Materials: Table of Contents,2026-07-23 12:28:49 UTC,2026-07-23 12:28:49+00:00,10.1002/adma.74283,Jin Zhang,"ABSTRACT
                  
                    High‐performance fiber materials, poly(p‐phenylene‐benzimidazole‐terephthalamide) (PBIA) fibers, exhibit exceptional mechanical properties, and they are finding critical use in aerospace, ballistic protection, and other civilian areas. However, the insufficient orientation and weak lateral interactions of PBIA polymer chains limit their impact‐resistant applications. In this work, we report a strategy that significantly enhances the dynamic mechanical properties of heterocyclic aramid fibers via in situ polymerization of graphene oxide (GO) and wet spinning, achieving an ultrahigh dynamic strength of 10.63 GPa, which exceeds that of PBIA fibers by 47.23%. To simultaneously enhance the strength and toughness of PBIA, an ether‐group component was polymerized with GO, the dynamic toughness can reach 277.25 MJ m−
                    3
                    , which is 85.3% higher than that of PBIA fibers. The dynamic performance is attributed to improvements in contact area and interfacial energy. In laser‐induced microparticle impact tests, the composite fiber exhibits a markedly higher specific energy dissipation power than other high‐performance fibers. Importantly, large‐scale and flexible fabrics were woven and exhibit superior impact resistance, highlighting the practical potential of these fibers, which showed a 40.46% higher load than PBIA fabrics in drop‐hammer impact tests. This study presents a straightforward yet effective approach to enhancing the dynamic strength and toughness of PBIA fibers.",crossref,0
Small Diameter Vascular Grafts Made in Minutes (Adv. Mater. 41/2026),https://advanced.onlinelibrary.wiley.com/doi/10.1002/adma.74120?af=R,Wiley: Advanced Materials: Table of Contents,2026-07-23 12:51:16 UTC,2026-07-23 12:51:16+00:00,10.1002/adma.74120,Kevin Kit Parker,,,0
Circularly Polarized Metamaterial Cage for Homogeneous Signal‐to‐Noise Ratio Enhancement in Magnetic Resonance Imaging (Adv. Mater. 41/2026),https://advanced.onlinelibrary.wiley.com/doi/10.1002/adma.74122?af=R,Wiley: Advanced Materials: Table of Contents,2026-07-23 12:51:16 UTC,2026-07-23 12:51:16+00:00,10.1002/adma.74122,Xin Zhang,,,0
Localized Temperature Monitoring in Mouse Brain during Light Delivery via a Non‐Planar Tapered Fiber‐Integrated µRTD Sensor (Adv. Mater. 41/2026),https://advanced.onlinelibrary.wiley.com/doi/10.1002/adma.74123?af=R,Wiley: Advanced Materials: Table of Contents,2026-07-23 12:51:16 UTC,2026-07-23 12:51:16+00:00,10.1002/adma.74123,Ferruccio Pisanello,,,0
Bilayer Heterojunction‐Based Organic Photoanodes Improve the Stability of the Oxygen Evolution Reaction,https://advanced.onlinelibrary.wiley.com/doi/10.1002/aenm.71324?af=R,Wiley: Advanced Energy Materials: Table of Contents,2026-07-23 17:49:03 UTC,2026-07-23 17:49:03+00:00,10.1002/aenm.71324,Kevin Sivula,"ABSTRACT
                  
                    Employing organic semiconductors (OSs) for photoelectrochemical (PEC) solar‐driven water splitting represents a promising route for sustainable hydrogen production; however, OS‐based photoanodes remain limited by poor stability for the PEC oxygen evolution reaction. Here, a bilayer heterojunction (BiHJ) architecture, obtained through orthogonal solution processing of two separate OS layers, is developed to enhance both charge transfer and operational durability compared to conventional bulk heterojunction (BHJ) structures. The BiHJ photoanode achieves a remarkable photocurrent onset near 0 V
                    RHE
                    and retains 62% of its initial activity after 22 h under sacrificial conditions, whereas the BHJ counterpart fails within 6 h. Electrochemical impedance spectroscopy reveals reduced interfacial resistance and charge accumulation at the BiHJ/electrolyte interface, and grazing incidence wide‐angle X‐ray scattering and Fourier‐transform infrared spectrocopy analyses confirm that the enhanced structural order and chemical robustness mitigate O
                    2
                    ‐induced degradation. When integrated with a poly(triarylamine) hole‐transport layer and Li‐IrO
                    x
                    catalyst, the BiHJ photoanode performs water oxidation for &gt;15 h with significantly improved stability compared to the BHJ device under high applied bias at pH 9. This work establishes a viable device‐engineering approach toward achieving efficient and durable organic photoanodes for integrated Z‐scheme PEC water splitting.",crossref,0
Synergistic Effect of Chirality and Symmetry Reduction Enables Metal‐Free Perovskite Single Crystal With Stable Self‐Driven X‐ray Detection,https://onlinelibrary.wiley.com/doi/10.1002/anie.6443941?af=R,Wiley: Angewandte Chemie International Edition: Table of Contents,2026-07-23 19:19:42 UTC,2026-07-23 19:19:42+00:00,10.1002/anie.6443941,Zhiwen Jin,"ABSTRACT
                  
                    Exploring chiral components to induce a significant bulk photovoltaic effect (BPVE) for pursuing controllable dark current and device stability represents an effective avenue in metal‐free perovskite (MFP) X‐ray detection. However, the key challenges of increasing total polarization degree in the MFPs with complex hydrogen‐bond networks retard the construction of stable self‐driven X‐ray detection. Herein, we designed a novel R/S‐2MPAZE‐NH
                    4
                    I
                    3
                    ·H
                    2
                    O SCs with right‐ or left‐handed screw conformations through incorporating chiral cations of R/S‐2MPAZE
                    2+
                    for stable self‐driven MFPs‐based detectors by amplifying the BPVE and exploring the functional mechanism of chiral A‐site design. Theoretical simulations and experiments reveal that the R‐2MPAZE
                    2+
                    with a large dipole moment and bulk stereo‐configurations can induce an obvious structural reconfiguration to achieve a significant BPVE with an intrinsic radiation photovoltage (0.49 ± 0.09 V). Strikingly, chiral cations can optimize tolerance factor, increase ionic‐migration energy, and modulate the band nature for realizing the strengthened carrier transport capacity and stability. The designed self‐driven detectors delivered a considerable sensitivity of 65 µC Gy
                    air
                    −1
                     cm
                    −2
                    , a low detection limit of (67.3 nGy
                    air
                     s
                    −1
                    ) and good detection stability. This research will enrich the material selection and component design of stable self‐driven X‐ray detectors, moving toward an environmentally friendly direction.",crossref,0
Borylcyclopropanes: Synthetic Strategies and Applications,https://onlinelibrary.wiley.com/doi/10.1002/anie.8294925?af=R,Wiley: Angewandte Chemie International Edition: Table of Contents,2026-07-23 19:22:08 UTC,2026-07-23 19:22:08+00:00,10.1002/anie.8294925,Joseph M. Ready,"ABSTRACT
                  The carbon–boron bond is among the most versatile functional groups in organic synthesis, and its installation within the strained cyclopropane framework generates borylcyclopropanes with a rich reactivity profile. The presence of a boron moiety on the cyclopropane ring unlocks a broad spectrum of transformations inaccessible to unfunctionalized cyclopropanes, including Suzuki–Miyaura cross‐coupling, oxidation, amination, Matteson homologation, and stereospecific ring‐opening via 1,2‐metalate rearrangement to enantioenriched acyclic organoboron arrays. Meanwhile, the distinctive reactivity of boron‐stabilized intermediates such as α‐boryl radicals, α‐boryl carbanions, and α‐boryl cations enables cyclopropanation strategies with no classical counterpart. This review provides an exhaustive survey of borylcyclopropane chemistry, organized by mechanistic class: metal–carbene cyclopropanations under palladium, copper, rhodium, and enzyme catalysis; non‐diazo carbene and carbenoid approaches; transition‐metal‐catalyzed and metal‐free intramolecular nucleophilic cyclizations; photocatalytic radical pathways; iridium‐ and palladium‐catalyzed C─H borylation; hydroboration of cyclopropenes and alkylidenecyclopropanes; and miscellaneous strategies including bicyclo[1.1.0]butane (BCB) ring‐opening and 1,2‐metalate rearrangements. Applications in medicinal chemistry, natural product synthesis, and the preparation of stereodefined acyclic building blocks are also discussed.",crossref,0
A Self‐Reinforcing LipoTIDE Nanoplatform That Overcomes Lipid‐Buffering Ferroptosis Resistance for Enhanced Cancer Therapy,https://onlinelibrary.wiley.com/doi/10.1002/anie.2688720?af=R,Wiley: Angewandte Chemie International Edition: Table of Contents,2026-07-23 19:24:16 UTC,2026-07-23 19:24:16+00:00,10.1002/anie.2688720,Daishun Ling,"ABSTRACT
                  
                    Lipid metabolic rewiring is a hallmark of malignancy, allowing tumor cells to sequester fatty acids within lipid droplets (LDs) as a protective reservoir that quenches reactive oxygen species (ROS)–driven lipid peroxidation and thereby evades ferroptosis. Although lipophagy selectively degrades LDs to release free fatty acids (FFAs) and remodel lipid homeostasis, leveraging this process to overcome lipid‐buffering ferroptosis resistance remains largely unexplored. Here, we report LipoTIDE (Lipophagy‐Tuning Induced Death Enhancer), a self‐reinforcing nanoplatform that primes lipophagy‐primed ferroptosis by coupling precise lipophagy activation with catalytic ROS generation to dismantle LDs‐mediated metabolic defenses in tumors. LipoTIDE co‐delivers ultrasmall Pt
                    3
                    Co nanoalloys and tamoxifen within a pH‐responsive amphiphilic polymer, enabling tumor‐targeted disassembly and localized therapeutic amplification. Triggered by the tumor acidity, LipoTIDE releases Pt
                    3
                    Co nanoalloys for multiple catalytic activities and tamoxifen for initiating lipophagy and decreasing pH value, establishing a self‐reinforcing loop that sustains lipophagy and ferroptosis. Additionally, FFAs from lipophagy, together with the Pt
                    3
                    Co nanoalloys, resensitize resistant cancer cells to Pt
                    3
                    Co‐catalyzed ROS, thereby amplifying ferroptosis. Consequently, LipoTIDE precisely disrupts lipid homeostasis, triggers robust ferroptotic tumor suppression, and exhibits minimal systemic toxicity. These findings establish lipophagy‐primed ferroptosis as a generalizable and actionable strategy for dismantling lipid‐buffering defenses of tumors.",crossref,0
"Proton Conduction in Stable, Crystalline, and Porous Hydrogen‐Bonded Metal–Organic Frameworks",https://onlinelibrary.wiley.com/doi/10.1002/anie.1076371?af=R,Wiley: Angewandte Chemie International Edition: Table of Contents,2026-07-23 19:25:42 UTC,2026-07-23 19:25:42+00:00,10.1002/anie.1076371,Long Chen,"ABSTRACT
                  
                    Hydrogen‐bonded metal–organic frameworks (HMOFs) represent a novel class of crystalline materials that integrate hydrogen bonds (HBs) and coordination bonds (CBs) within stable structures. Herein, we designed carbonyl‐rich molecules with extended arms to increase the density of hydrogen‐bond acceptors and enhanced benzene ring rotation to reduce π‐π stacking, thereby strengthening hydrogen bonding to assist coordination‐driven assembly of HMOFs. Benefiting from strong hydrogen bonding between central carbonyl groups and metal ions to modulate metal coordination, a series of 2+2 layer‐interpenetrated HMOFs with different metal nodes (Co
                    2+
                    , Ni
                    2+
                    , and Zn
                    2+
                    ) were synthesized. Serving as interpenetration intersections, those metal nodes stabilize the framework via hydrogen bonding, together with the inter‐locked coordination framework and extensive hydrogen‐bonded network, endow the HMOFs with open channels and qualified stability. These HMOFs exhibit proton conductivity of ∼10
                    −3
                     S cm
                    −1
                    at 95°C and 98% relative humidity with activation energies all below 0.2 eV. This study presents a new approach for directly constructing stable HMOFs using carbonyl‐rich planar ligands, providing valuable insights for the rational design and synthesis of stable, highly crystalline frameworks.",crossref,0
A Hierarchical Plug‐and‐Supply Flap (PASF) for Instant Perfusion and Oxygen Delivery in Large Soft Tissue Repair,https://advanced.onlinelibrary.wiley.com/doi/10.1002/adma.202522858?af=R,Wiley: Advanced Materials: Table of Contents,2026-07-23 19:25:46 UTC,2026-07-23 19:25:46+00:00,10.1002/adma.202522858,Chunming Wang,"ABSTRACT
                  Timely and spatially sufficient oxygen delivery remains a significant challenge in large‐volume soft tissue repair. Here, we present a novel plug‐and‐supply flap (PASF) system that integrates hierarchical vasculature and in situ endothelialization to achieve instantaneous perfusion within seconds and provide uniform metabolic support. We fabricated hierarchical vascular networks with high structural precision using a hydrogen‐bond reorientation technology, while biofunctionalizing the conduit surface to enable rapid endothelial adhesion via a unique galectin‐mediated mechanism, without needing prolonged pre‐culture. Computational modeling guided vascular geometry optimization by simulating oxygen diffusion and hemodynamic dynamics, thereby improving both metabolic support and perfusion stability. In a rabbit carotid artery anastomosis model, PASF restored immediate perfusion and enhanced oxidative metabolism, thereby promoting angiogenesis and establishing a pro‐regenerative niche. Together, these findings demonstrate a generalizable strategy for engineering perfusable scaffolds that actively modulate the post‐implantation niche in soft‐tissue reconstruction, where early metabolic support is vital.",crossref,0
A Single OLED With Hybrid Synaptic Plasticity Enabling In Situ Neuromorphic Processing and Visualization,https://advanced.onlinelibrary.wiley.com/doi/10.1002/adma.74244?af=R,Wiley: Advanced Materials: Table of Contents,2026-07-23 19:27:47 UTC,2026-07-23 19:27:47+00:00,10.1002/adma.74244,Huipeng Chen,"ABSTRACT
                  As the core interface for human–computer interaction, multitask intelligent display systems face increasingly stringent demands regarding precision and functional integration. However, in existing architectures, light‐emitting units only act as passive display terminals. Endowing light‐emitting devices with computing capabilities and realizing computing‐as‐display, thereby reducing transmission overhead and improving display precision, is the key to promoting the further development of this field. Inspired by the human brain, we innovatively report an organic light‐emitting diode featuring both long‐ and short‐term synaptic plasticity and synaptic weight‐driven electroluminescence. By engineering charge‐trapping structures and heterojunction potential wells within a single OLED device, we establish dual‐tier synaptic response output channels for information processing, operating independently on second‐ and millisecond‐level timescales under electrical and optical signal modulation, respectively. Following information processing, the processed results are visualized via a globally driven electroluminescence mechanism enabled by synaptic weight modulation. We introduce the Multi‐Task Display Fidelity index as a universal metric to quantify the cooperative accuracy between processing and display, achieving a value of 90.86%. Furthermore, the processing‐display coupling index of the device surpasses the corresponding index of mainstream CMOS architectures by 67.8%. This work demonstrates the immense potential of hybrid synaptic plasticity OLEDs for multitask intelligent display.",crossref,0
Direct Hydrogen Storage From Water to Diphenylmethane via Liquid Organic Hydrogen Carrier Electrochemical Hydrogenation System,https://advanced.onlinelibrary.wiley.com/doi/10.1002/aenm.71322?af=R,Wiley: Advanced Energy Materials: Table of Contents,2026-07-23 19:29:43 UTC,2026-07-23 19:29:43+00:00,10.1002/aenm.71322,Hee‐Young Park,"ABSTRACT
                  
                    This study presents a novel electrochemical hydrogenation (EH‐DPM) system that integrates clean hydrogen production and storage by utilizing a diphenylmethane (H0‐DPM, DPM) /dicyclohexylmethane (H12‐DPM, DCM) pair as a liquid organic hydrogen carrier (LOHC). The system operates in a full‐cell configuration, coupling a cathode for the electrochemical hydrogenation of H0‐DPM (EH‐DPM) with a proton exchange membrane water electrolyzer (PEMWE) anode, thereby enabling direct hydrogen storage in the LOHC during water splitting. The EH‐DPM system demonstrates higher energy efficiency than conventional PEMWE, achieving reaction currents at lower potentials. A comparative testing of Pt and Ru black electrocatalysts reveals that Ru black outperforms Pt black at higher voltages (&gt; 1.5 V), achieving significantly higher selectivity (92.3% at 1.6 V) for the fully hydrogenated H12‐DPM.
                    1
                    H‐NMR and
                    13
                    C‐NMR analyses identifies cyclohexylmethylbenzene (H6‐DPM, CMB) as the sole hydrogenation intermediate, highlighting that optimal electrocatalyst selection is crucial for maximizing H12‐DPM yield and minimizing energy losses from intermediate formation. Density functional theory calculations elucidate catalyst‐dependent reaction pathways and show that distinct hydrogen migration barriers on Pt and Ru surfaces account for the observed voltage‐dependent selectivity. These findings suggest that Ru black is a promising electrocatalyst for developing commercially viable hydrogen storage technologies based on the EH‐DPM system.",crossref,0
Exclusive Hydroformylation of Terminal Olefins: A Phosphorus‐Free Ruthenium System for the Selective Functionalization of Complex Mixtures,https://onlinelibrary.wiley.com/doi/10.1002/anie.3316419?af=R,Wiley: Angewandte Chemie International Edition: Table of Contents,2026-07-23 19:30:26 UTC,2026-07-23 19:30:26+00:00,10.1002/anie.3316419,Matthias Beller,"ABSTRACT
                  
                    We report a paradigm shift in ruthenium‐catalyzed hydroformylation using a remarkably simple, phosphorus‐free system based on ruthenium carbonyl complexes and DBU (1,8‐diazabicyclo[5.4.0]undec‐7‐ene). The optimal catalytic system operates under mild conditions and exhibits an unprecedented “terminal‐only” selectivity. It quantitatively discriminates between terminal and internal or multi‐substituted double bonds, which has been a long‐standing challenge in oxo synthesis. Traditional systems often trigger the isomerization of internal olefins, but our catalyst leaves them untouched, even within complex industrial feedstocks. Comprehensive mechanistic investigations, including in situ IR spectroscopy and high‐pressure VT NMR spectroscopy, identify the tetranuclear ruthenium‐hydride cluster [DBUH]
                    2
                    +
                    [H
                    2
                    Ru
                    4
                    (CO)
                    12
                    ]
                    2−
                    as the pivotal active species. Isolating this cluster and successfully reapplying it confirms its role as the catalytic resting state. Combining low‐cost, air‐stable components with exceptional chemo‐ and regioselectivity provides this system with a robust, economically superior alternative to precious rhodium‐phosphine catalysts for academic synthesis and large‐scale industrial applications
.",crossref,0
Embedding Sub‐1 nm Ru‐Based High‐Entropy Clusters on Oxyphilic Cerium Oxide for Durable Intermittent Anion Exchange Membrane Water Electrolysis,https://advanced.onlinelibrary.wiley.com/doi/10.1002/aenm.71337?af=R,Wiley: Advanced Energy Materials: Table of Contents,2026-07-23 19:31:45 UTC,2026-07-23 19:31:45+00:00,10.1002/aenm.71337,Hongge Pan,"ABSTRACT
                  
                    The development of efficient and durable platinum‐free electrocatalysts for the hydrogen evolution reaction (HER) is crucial for advancing anion exchange membrane water electrolyzer (AEMWE) powered by intermittent renewable energy. Herein, we report ultra‐stable sub‐1 nm Ru‐based high‐entropy clusters embedded on oxyphilic cerium oxide for alkaline HER, which achieves low overpotentials of 25 and 66 mV at 10 and 100 mA cm
                    −2
                    , with mass activity (4543 mA mg
                    −1
                    Ru
                    ) and turnover frequency (2.38 H
                    2
                    s
                    −1
                    ) exceeding Pt/C by 16.5 and 8.5 times. When integrated into an AEMWE, it attains 1.0 and 2.0 A cm
                    −2
                    at 1.75 and 1.95 V with negligible degradation over 1300 h. Experimental and theoretical results reveal that the strong electron metal‐support interaction (EMSI) mediated by Ru─O─Ce bonds not only activates an efficient dual interfacial Ce‐Ru water dissociation site, accelerating the rate‐limiting Volmer step, but also optimizes the electronic structure of Ru sites, yielding a near‐ideal hydrogen adsorption free energy and enhancing resistance to hydroxyl species poisoning. Most importantly, the combined high‐entropy effect and EMSI‐induced confinement provide dual thermodynamic and kinetic stabilization of the clusters, suppressing the degradation under intermittent operating conditions. This study offers a new design principle for developing robust electrocatalysts suited for dynamic renewable energy systems.",crossref,0
Durable Core‐Shell Nanoporous Catalysts Enabling pH‐Universal and Ampere‐Level Water Splitting,https://advanced.onlinelibrary.wiley.com/doi/10.1002/aenm.71320?af=R,Wiley: Advanced Energy Materials: Table of Contents,2026-07-23 19:31:47 UTC,2026-07-23 19:31:47+00:00,10.1002/aenm.71320,Mingwei Chen,"ABSTRACT
                  
                    Balancing high catalytic activity with long‐term electrochemical durability remains a significant challenge for practical green hydrogen production, especially under the harsh operating conditions of water electrolysis. Here, we report a robust three‐dimensional core‐shell nanoporous electrocatalyst with a noble metal (NM) skin, synthesized via a two‐step dealloying strategy that exploits the atomic enthalpy difference between noble and transition metals. The resulting core‐shell nanoporous catalyst (NP‐IrNi@Ir) exhibits ultra‐low overpotentials of 102.4, 154.6, and 209.5 mV for the hydrogen evolution reaction (HER) in acidic, alkaline, and alkaline seawater electrolytes, respectively, at an industry‐level current density of 1 A cm
                    −2
                    . Serving as a bifunctional catalyst for both HER and oxygen evolution reaction (OER), NP‐IrNi@Ir presents overall water splitting voltages of 1.45, 1.50, and 1.46 V in acidic, neutral, and alkaline electrolytes at 10 mA cm
                    −2
                    . When coupled with a monolithic perovskite‐silicon tandem solar cell, the integrated device attains a remarkable solar‐to‐hydrogen conversion efficiency of 22.4% in alkaline seawater electrolysis, among the highest values reported to date. Notably, NP‐IrNi@Ir exhibits exceptional stability over 2000 h of continuous operation in alkaline natural seawater, with negligible performance degradation, underscoring the outstanding durability of its three‐dimensional core‐shell nanoarchitecture under high‐voltage conditions.",crossref,0
Harnessing Preferential Coordination of Ether in Electrolyte to Boost Oxidation Resistance for High‐Energy‐Density Lithium Metal Batteries,https://advanced.onlinelibrary.wiley.com/doi/10.1002/aenm.71343?af=R,Wiley: Advanced Energy Materials: Table of Contents,2026-07-23 19:32:58 UTC,2026-07-23 19:32:58+00:00,10.1002/aenm.71343,Libao Chen,"ABSTRACT
                  
                    Designing electrolyte capable of stabilizing electrode interfaces and regulating solvation structures to ensure efficient ion transport is critical for high‐energy lithium metal batteries (LMBs). However, conventional ether‐based electrolytes compatible with lithium metal anodes are limited by oxidative decomposition at high potential and high desolvation energy barriers. Here, we propose a preferential coordination strategy that reconstructs the Li
                    +
                    solvation structure by leveraging the Li
                    +
                    binding strength disparity among solvent molecules in ether‐siloxane hybrid electrolytes. In this approach, the high steric hindrance of substituents around the silicon atoms in siloxane solvents restricts their coordination distance with Li
                    +
                    . This guides the strongly coordinating ether solvents to preferentially form a stable solvation shell around Li
                    +
                    , reducing the concentration of free ether molecules prone to oxidative decomposition at high voltage. This anion‐rich solvation structure concurrently constructs a robust interphase and accelerates Li
                    +
                    desolvation. A 5.2 Ah LiNi
                    0.8
                    Co
                    0.1
                    Mn
                    0.1
                    O
                    2
                    || Li pouch cell based on the electrolyte demonstrates an energy density of 510.7 Wh kg
                    −1
                    and maintains over 80% capacity retention after 100 cycles. The cell retains 356.7 Wh kg
                    −
                    1
                    even at an extremely low temperature of −50°C. This work provides a generalizable electrolyte design principle for high‐voltage lithium metal battery by a solvent coordination engineering strategy.",crossref,0
Distinct Activation Mechanisms of Carbon Felt Electrodes for Various Redox Couples in Flow Batteries,https://advanced.onlinelibrary.wiley.com/doi/10.1002/aenm.71330?af=R,Wiley: Advanced Energy Materials: Table of Contents,2026-07-23 19:33:51 UTC,2026-07-23 19:33:51+00:00,10.1002/aenm.71330,Tianshou Zhao,"ABSTRACT
                  The large‐scale deployment of redox flow batteries (RFBs) remains constrained by sluggish catalytic kinetics within carbon felt electrodes, causing severe polarization losses. Addressing this necessitates system‐specific electrode activation strategies tailored to the distinct mechanisms of various redox couples. This review systematically analyzes catalyst modification advancements across four key RFB configurations: vanadium, zinc‐based, iron‐based, and organic systems. We establish definitive mechanistic pathways by correlating performance enhancements with specific electrochemical activation dynamics. Specifically, vanadium RFBs leverage atomic‐scale defect engineering and Bi‐centric catalysis to accelerate reaction kinetics. Zinc‐based systems employ zincophilic nanostructures (e.g., CuO) to ensure uniform nucleation and suppress dendrite growth. Iron‐based architectures integrate high hydrogen evolution overpotential materials, such as Pb and Bi, to mitigate parasitic reactions. Finally, organic RFBs focus on advanced surface functionalization to maximize active site density and stability. By synthesizing these strategies, this work provides comprehensive guidelines for optimizing electrode functionality across distinct RFB architectures.",crossref,0
Non‐Bonding Element Doping Enables Weakened Electron‐Phonon Interaction and Superior Thermoelectric Performance in CuGaTe2,https://advanced.onlinelibrary.wiley.com/doi/10.1002/aenm.71341?af=R,Wiley: Advanced Energy Materials: Table of Contents,2026-07-23 19:35:14 UTC,2026-07-23 19:35:14+00:00,10.1002/aenm.71341,Xiaoyuan Zhou,"ABSTRACT
                  
                    Conventional thermoelectric materials suffer from a fundamental trade‐off between carrier concentration and mobility ascribed to the Coulomb scattering from ionized impurities under heavy doping. Here, we demonstrate a novel non‐bonding doping mechanism in Mg‐doped CuGaTe
                    2
                    with barely affected carrier mobility. Ultrafast dynamics analysis reveals a substantially reduced carrier scattering potential in Mg‐doped CuGaTe
                    2
                    compared to that doped by other dopants. First‐principles calculations show that Mg with only active
                    s
                    electrons, neither has bonding nor antibonding states with the orbitals of Te in the vicinity of valence band edge. Such unique non‐bonding character weakens the dependence of energy level on lattice deformation, resulting in suppressed electron‐phonon interactions. Consequently, the carrier mobility is enhanced by ∼100%, leading to a high average power factor of 1.66 mW m
                    −1
                    K
                    −2
                    . Further alloying Cu with Ag to reduce lattice thermal conductivity leads to a record‐high peak
                    zT
                    of 2.1 at 973 K and the highest reported average
                    zT
                    of 0.93 over 294–973 K. Our findings underscore the critical role of dopant orbital hybridization in tailoring electron‐phonon interactions, providing a rational doping strategy for high‐performance thermoelectric materials and other electronic materials that require high carrier mobility.",crossref,0
Multiscale Design of Anion Exchange Membrane‐Based Seawater Electrolysis for Sustainable Hydrogen Production,https://advanced.onlinelibrary.wiley.com/doi/10.1002/aenm.71334?af=R,Wiley: Advanced Energy Materials: Table of Contents,2026-07-23 19:36:03 UTC,2026-07-23 19:36:03+00:00,10.1002/aenm.71334,Sung Mook Choi,"ABSTRACT
                  Growing demand for green hydrogen has intensified interest in seawater as an alternative feedstock to freshwater for large‐scale water electrolysis. However, direct seawater electrolysis remains challenging because chloride ions, multivalent cations, and dissolved impurities can induce parasitic reactions, corrosion, inorganic precipitation, membrane degradation, and interfacial instability. Anion exchange membrane‐based seawater electrolysis (AEMSWE) has emerged as a promising platform by combining alkaline electrochemistry with compact membrane‐based zero‐gap architectures, earth‐abundant catalysts, and potential scalability. Herein, we provide a comprehensive and critical overview of AEMSWE from fundamental seawater electrochemistry to device‐ and system‐level engineering. Emphasis is placed on oxygen evolution–chloride oxidation competition, which governs selectivity, efficiency, corrosion behavior, and durability. Recent advances in electrocatalysts, anion exchange membranes, ionomers, membrane–electrode assemblies, and cell/stack architectures are discussed with focus on mechanistic roles, design trade‐offs, and failure‐mode‐specific advantages. We further emphasize that practical AEMSWE requires integrated multiscale design across catalysts, electrodes, membranes/ionomers, MEAs, cell/stack hardware, and balance‐of‐plant systems. Key unresolved challenges and future perspectives are identified toward selective, durable, scalable, and economically viable AEMSWE for sustainable hydrogen production.",crossref,0
Modulating Solvation Structures via the Solvent Electronic Effects to Yield Fast‐Charging High‐Voltage Lithium‐Metal Batteries,https://advanced.onlinelibrary.wiley.com/doi/10.1002/aenm.71325?af=R,Wiley: Advanced Energy Materials: Table of Contents,2026-07-23 19:36:42 UTC,2026-07-23 19:36:42+00:00,10.1002/aenm.71325,Jiaheng Zhang,"ABSTRACT
                  
                    Breaking the long‐term trade‐off between fast‐charging kinetics, high‐voltage stability, and interfacial durability remains a core challenge in fabricating high‐energy‐density lithium‐metal batteries. Here, we propose a strategy for designing deep eutectic electrolytes by engineering ligand electronic structures to adjust Li
                    +
                    solvation microenvironments. This approach softens Li
                    +
                    solvation sheaths and synchronizes bulk‐phase ion transport with interfacial reaction kinetics. The resulting ternary electrolyte comprises lithium bis(trifluoromethanesulfonyl)imide, propane sultone, and 1‐propenyl‐1,3‐sultone in a molar ratio of 1:2:1 (TSE121), and it displays a wide electrochemical stability window (5.52 V), reduced Li
                    +
                    desolvation energy barrier, and high Li
                    +
                    transference number (0.82). Owing to its optimized solvation structure and programmed interfacial chemistry, TSE121 forms a stable gradient‐structured solid electrolyte interphase that can suppress lithium dendrite growth. Consequently, LiNi
                    0.8
                    Co
                    0.1
                    Mn
                    0.1
                    O
                    2
                    ||Li cells with TSE121 retain 83.6% of their capacities after 700 cycles at 4.5 V and 10C, while LiFePO
                    4
                    ||Li cells retain 84.7% of their capacities after 1500 cycles at 5C, and applicability in pouch cells is demonstrated. Thus, this study demonstrates that the engineering of the electronic structure of the solvent is an effective strategy for use in producing high‐energy, safe, fast‐charging lithium‐metal batteries.",crossref,0
Regulation Strategies and Mechanistic Understanding of Zinc Deposition Interfaces in Anode‐Free Aqueous Zinc Metal Batteries,https://advanced.onlinelibrary.wiley.com/doi/10.1002/aenm.71333?af=R,Wiley: Advanced Energy Materials: Table of Contents,2026-07-23 19:38:11 UTC,2026-07-23 19:38:11+00:00,10.1002/aenm.71333,Duan Bin,"ABSTRACT
                  
                    Anode‐free aqueous zinc metal batteries (AF‐AZMBs) eliminate Zn anodes and enable in situ Zn plating/stripping on inert current collectors to increase energy density with low cost and improved safety. Unlike conventional AZMBs, AF‐AZMBs lack a Zn reservoir, so that cathode‐derived Zn must be fully recovered through reversible plating, making zinc deposition chemistry fundamentally decisive for reversibility and failure evolution. Repeated deposition interface reconstruction induces heterogeneous nucleation, irreversible zinc loss, ion transport limitation, hydrogen evolution, and dead zinc formation, severely impairing plating‐stripping reversibility and practical application. Stable electrode‐electrolyte interface chemistry is pivotal for uniform zinc deposition, parasitic reaction suppression, and reversibility enhancement, making interfacial regulation targeting zinc deposition a research focus. This review summarizes recent advances in AF‐AZMBs, highlighting the core role of interfacial chemistry in optimizing zinc deposition dynamics and electrochemical performance. Three synergistic strategies, including electrolyte optimization, current collector modification, and separator interface engineering, are systematically analyzed in terms of their coordinated modulation of Zn
                    2
                    +
                    transport behavior, nucleation thermodynamics, growth kinetics, and interfacial stability, thereby improving deposition uniformity and reversibility. By elucidating the interfacial mechanisms that govern zinc deposition stability in AF‐AZMBs, this review provides design principles for constructing high energy density, long lifespan systems via targeted interfacial chemistry.",crossref,0
Hydroxyl‑Mediated SO2 Promotion Enables Efficient NOx Reduction by CO over IrIn/Beta under Oxygen‑Rich Conditions,https://www.nature.com/articles/s41467-026-76010-8,Nature Communications,2026-07-24 00:00:00 UTC,2026-07-24 00:00:00+00:00,10.1038/s41467-026-76010-8,Tingyu Zhu,"Developing high-performance Ir-based catalysts for the selective catalytic reduction of NOx with CO (CO-SCR) under oxygen-rich conditions remains a formidable challenge. Here, we identify a hydroxyl-mediated reaction pathway over IrIn/Beta catalysts, termed the ammonium sulfate mechanism. Tailoring the support’s Si/Al ratio modulates surface hydroxyls (Si–OH–Al), governing the rapid transformation of ammonium sulfate intermediates. Density functional theory calculations confirm that the formation of these intermediates is thermodynamically spontaneous and highly exothermic. These in situ-generated species rapidly decompose at 167 °C to release NH3, triggering a built-in NH3-SCR cycle. Notably, the IrIn/Beta-30 catalyst achieves 88% NOx conversion under harsh simulated industrial conditions (15% O2 and 200 ppm SO2). This work establishes SO2 as a contributing factor, providing a rational design strategy for robust denitration catalysts applicable to real-world industrial flue gas.",nature_html,0
Bizarre CRISPR enzyme kills cancer cells by shredding their DNA,https://www.nature.com/articles/d41586-026-02268-z,Nature,2026-07-24 00:00:00 UTC,2026-07-24 00:00:00+00:00,10.1038/d41586-026-02268-z,Heidi Ledford,,,0
White House rolls out AI funding — and signals a new era for US science,https://www.nature.com/articles/d41586-026-02332-8,Nature,2026-07-24 00:00:00 UTC,2026-07-24 00:00:00+00:00,10.1038/d41586-026-02332-8,Kaia Glickman,,,0
Large low-field magnetic enhancement in photoredox hydrodechlorination of N-heteroarene chlorides restricted by poor cage escape,https://academic.oup.com/nsr/advance-article/doi/10.1093/nsr/nwag450/8741424?rss=1,National Science Review Advance Access,2026-07-24 00:00:00 UTC,2026-07-24 00:00:00+00:00,10.1093/nsr/nwag450,Linan Zhou,"The efficiency of photoredox catalysis has long been hampered by rapid back electron transfer (BET) within the radical ion pairs (RIPs). While external magnetic fields can modulate the spin dynamics of RIPs to suppress BET, achieving a large magnetic field effect (MFE) at low-field strengths has remained a formidable challenge. Herein, we report a remarkably large MFE, with a quantum yield enhancement exceeding 130% and a yield enhancement up to 160%, in the photoredox hydrodechlorination of N-heteroaryl chlorides under a weak magnetic field. This enhancement arises from the effective magnetic-field modulation of the hyperfine-coupling-driven spin dynamics within triplet-born RIPs, particularly for systems with poor cage escape. We successfully deconvolve complex reaction pathways and quantitatively reproduce the intrinsic magnetic sensitivity, reconciling experimental observations with theoretical predictions in terms of half-saturation field, by reversely applying a kinetic modeling developed in our previous work. This work provides a new paradigm for photoredox transformation through spin modulation and demonstrates practical synthetic utility at high conversions, offering a powerful strategy for enhancing catalytic efficiency through accessible magnetic fields.",rss_oup,0
Climate-driven spatial reorganization of cropland nitrogen pollution hotspots toward arid and semi-arid regions,https://academic.oup.com/nsr/advance-article/doi/10.1093/nsr/nwag455/8741426?rss=1,National Science Review Advance Access,2026-07-24 00:00:00 UTC,2026-07-24 00:00:00+00:00,10.1093/nsr/nwag455,Yongqiu Xia,"Cropland nitrogen (N) runoff contributes over 40% of riverine N loads globally, driving widespread aquatic eutrophication. The severity of this pollution is governed by the balance between N runoff and aquatic retention, yet how climate change will redistribute this risk across regions remains unclear. By integrating 1485 field observations into spatially explicit models across China, we show that climate change is creating new N pollution hotspots in arid and semi-arid regions. China’s humid South currently dominates riverine cropland N export (0.31 vs. 0.16 Tg in arid regions). However, under SSP2-4.5 and SSP5-8.5 scenarios, humid regions demonstrate hydrological resilience by 2050, with exports declining by approximately 5% due to warming-enhanced aquatic retention. In contrast, cropland N export from dryland-dominated North surges by 18.8–53.2%, driven by a nonlinear amplification of N runoff. These hydroclimatic shifts necessitate spatially adaptive strategies that prioritize cropland source reduction in the newly emerging arid and semi-arid hotspots.",rss_oup,0
Counteranion-mediated dynamic kinetic asymmetric fluorination to access sulfur-stereogenic center,https://www.nature.com/articles/s41467-026-76036-y,Nature Communications,2026-07-24 00:00:00 UTC,2026-07-24 00:00:00+00:00,10.1038/s41467-026-76036-y,Xiaodong Xiong,"Sulfonimidoyl fluorides serve as versatile click linkers and have demonstrated significant utility in the construction of S-stereogenic centers for drug discovery and organic synthesis. Although several established methods enable stereoselective access to these aza−sulfur compounds, achieving direct enantiocontrol in the formation of S(VI)–F bonds remains challenging. Herein, we present a highly efficient strategy to synthesize sulfonimidoyl fluorides through the dynamic kinetic asymmetric fluorination at mild reaction conditions. This one-pot process, involving sequential direct fluorination, hydrolysis and asymmetric fluorination, delivers a wide range of enantioenriched S(VI) compounds with high enantioselectivities. This protocol establishes an ideal platform for concise synthesis of structurally diverse array of S−chirogenic motifs via stereospecific transformations. Mechanistic studies suggest that the steric hindrance and hydrogen-bonding between substrate and phosphate anion are responsible for enantiocontrol.",nature_html,0
"Briefing Chat: Baby T. rex were killers from birth, suggest new fossils",https://www.nature.com/articles/d41586-026-02338-2,Nature,2026-07-24 00:00:00 UTC,2026-07-24 00:00:00+00:00,10.1038/d41586-026-02338-2,Nick Petrić Howe,,,0
Author Correction: Feature-specific threat coding in lateral septum guides defensive action,https://www.nature.com/articles/s41586-026-10911-y,Nature,2026-07-24 00:00:00 UTC,2026-07-24 00:00:00+00:00,10.1038/s41586-026-10911-y,Gord Fishell,,,0
Navigating optimal solar-wind trade-offs under climate change,https://www.nature.com/articles/s41467-026-75879-9,Nature Communications,2026-07-24 00:00:00 UTC,2026-07-24 00:00:00+00:00,10.1038/s41467-026-75879-9,Qiang Zhang,"The optimal solar-wind ratio (SWR) plays a critical role in shaping the cost and reliability of renewable electricity systems, yet its adaptability under climate change remains poorly understood. Here, we develop a climate-driven SWR optimization framework that couples multi-model climate projections with an integrated investment and dispatch model to quantify how future climate variability reshapes cost-optimal solar-wind configurations. We find that optimal SWRs exhibit pronounced latitudinal differences and show modest changes under climate change. Deployment pathways inherited from the historical preference scenario may diverge from optimal SWRs, leading to increases in system costs and capacity requirements. In many regions, these SWR mismatches amplify electricity supply costs far more than the cost impacts associated with climate-induced changes in renewable resources alone. Cost escalation is driven mainly by SWR mismatch rather than solely by climate-induced resource changes. These findings highlight the importance of climate-responsive and region-specific SWR optimization as a key element of resilient and economically efficient power system planning.",nature_html,0
An AI fix for an AI problem?,https://www.nature.com/articles/s41928-026-01679-0,Nature Electronics,2026-07-24 00:00:00 UTC,2026-07-24 00:00:00+00:00,10.1038/s41928-026-01679-0,,,,0
"Dynamic and synergic effects of energy transition, carbon policy and trade conflicts: A mixed-frequency approach",https://www.sciencedirect.com/science/article/pii/S0301421526004222?dgcid=rss_sd_all,ScienceDirect Publication: Energy Policy,2026-07-24 00:00:00 UTC,2026-07-24 00:00:00+00:00,,Yifei Lv,,,0
The climate-electricity nexus in the GCC: How rising temperatures drive electricity demand across Gulf states,https://www.sciencedirect.com/science/article/pii/S0301421526004246?dgcid=rss_sd_all,ScienceDirect Publication: Energy Policy,2026-07-24 00:00:00 UTC,2026-07-24 00:00:00+00:00,,Shahriyar Mukhtarov,,,0
"Geopolitical fragmentation, energy vulnerability, and national ESG trajectories after Russia's invasion of Ukraine",https://www.sciencedirect.com/science/article/pii/S0301421526004234?dgcid=rss_sd_all,ScienceDirect Publication: Energy Policy,2026-07-24 00:00:00 UTC,2026-07-24 00:00:00+00:00,,Chankook Park,,,0
The critical challenges of energy diversification and environmental sustainability in the European Green Deal: Empirical evidence from European countries,https://www.sciencedirect.com/science/article/pii/S0301421526004519?dgcid=rss_sd_all,ScienceDirect Publication: Energy Policy,2026-07-24 00:00:00 UTC,2026-07-24 00:00:00+00:00,,Rana Umair Ashraf,,,0
When do consumers lose from variable electricity pricing?,https://www.sciencedirect.com/science/article/pii/S0301421526004088?dgcid=rss_sd_all,ScienceDirect Publication: Energy Policy,2026-07-24 00:00:00 UTC,2026-07-24 00:00:00+00:00,,Saurabh Amin,,,0
Robust learning-enabled voltage control for water–electricity systems under incomplete topology and parameter information,https://www.sciencedirect.com/science/article/pii/S0306261926011396?dgcid=rss_sd_all,ScienceDirect Publication: Applied Energy,2026-07-24 00:00:00 UTC,2026-07-24 00:00:00+00:00,,Cong Liu,,,0
Revealing the path-dependence of electro-catalyst degradation in polymer electrolyte fuel cells,https://www.sciencedirect.com/science/article/pii/S0306261926010639?dgcid=rss_sd_all,ScienceDirect Publication: Applied Energy,2026-07-24 00:00:00 UTC,2026-07-24 00:00:00+00:00,,Lei Cheng,,,0
DS-MS-convformer: Ultra-short-term wind power prediction based on dual-stream multi-scale convolutional transformer and hierarchical dynamic fusion,https://www.sciencedirect.com/science/article/pii/S0306261926011335?dgcid=rss_sd_all,ScienceDirect Publication: Applied Energy,2026-07-24 00:00:00 UTC,2026-07-24 00:00:00+00:00,,Zhonghao Zhang,,,0
In situ constructing mortise-and-tenon passivation on perovskite toward photothermally durable photovoltaic,https://www.cell.com/joule/fulltext/S2542-4351(26)00272-2?rss=yes,Joule,2026-07-24 00:00:00 UTC,2026-07-24 00:00:00+00:00,10.1016/j.joule.2026.102588,Junfeng Fang,"Mortise-and-tenon passivation is constructed via in situ coupling of a conventional passivator with ring-shaped “mortise” crown ethers to anchor the passivator robustly onto the perovskite surface to suppress efficiency degradation. With this strategy, targeted inverted PSCs achieved an efficiency of 26.82% and superior photothermal durability (T90 > 1,000 h) under the ISOS-L-3 protocol.",rss_cell,0
Stress-relieving interface enabled by interlocking ionic polycarbolong for efficient and stable inverted perovskite solar cells,https://www.cell.com/joule/fulltext/S2542-4351(26)00273-4?rss=yes,Joule,2026-07-24 00:00:00 UTC,2026-07-24 00:00:00+00:00,10.1016/j.joule.2026.102589,Hongqiang Wang,"We report a corrugated polycarbolong interlocking strategy to address C60-related interface instability in inverted perovskite solar cells. Triphenylphosphine functions as a molecular interlocker that improves C60 film deposition, anchors C60 through triphenylphosphine-based “claw” motifs, and passivates unsaturated lead ions at the perovskite surface. This synergistic regulation stabilizes the top interface, suppresses C60 self-aggregation, and strengthens interfacial contact. Consequently, the resulting devices deliver a champion power conversion efficiency of 27.43% with exceptional operational stability under thermal stress, continuous illumination, and damp-heat conditions. The strategy establishes a robust and scalable pathway toward commercial perovskite photovoltaics.",rss_cell,0
"Subsidy rates, absolute pricing, and applied energy efficiency: evidence from energy-efficient appliance subsidies",https://www.sciencedirect.com/science/article/pii/S0306261926011463?dgcid=rss_sd_all,ScienceDirect Publication: Applied Energy,2026-07-24 00:00:00 UTC,2026-07-24 00:00:00+00:00,,Ziqiang Lin,,,0
Real-time simulation of reversible solid oxide cells for digital twins: exploration based on mechanism models and data-driven methods,https://www.sciencedirect.com/science/article/pii/S0306261926011189?dgcid=rss_sd_all,ScienceDirect Publication: Applied Energy,2026-07-24 00:00:00 UTC,2026-07-24 00:00:00+00:00,,Chen Liu,,,0
A decomposition method for optimizing the operation of power-to-X energy systems with detailed process models,https://www.sciencedirect.com/science/article/pii/S0306261926010998?dgcid=rss_sd_all,ScienceDirect Publication: Applied Energy,2026-07-24 00:00:00 UTC,2026-07-24 00:00:00+00:00,,Qi Zhang,,,0
Online aging prediction of fuel cells under multi-condition operation using global adaptive spectrum and local dynamic interaction model,https://www.sciencedirect.com/science/article/pii/S0306261926010792?dgcid=rss_sd_all,ScienceDirect Publication: Applied Energy,2026-07-24 00:00:00 UTC,2026-07-24 00:00:00+00:00,,Daming Zhou,,,0
Fine-grained potential load flexibility estimation based on meta-learning-inspired adaptation and conformal quantile regression,https://www.sciencedirect.com/science/article/pii/S030626192601158X?dgcid=rss_sd_all,ScienceDirect Publication: Applied Energy,2026-07-24 00:00:00 UTC,2026-07-24 00:00:00+00:00,,Yongqian Liu,,,0
"Coordinating carbon, electricity, and CCER markets for cost-effective decarbonization of China's power sector",https://www.sciencedirect.com/science/article/pii/S0306261926011487?dgcid=rss_sd_all,ScienceDirect Publication: Applied Energy,2026-07-24 00:00:00 UTC,2026-07-24 00:00:00+00:00,,Bao-Jun Tang,,,0
"Decarbonizing China's aluminium industry: a comprehensive assessment of synergistic carbon capture, utilization, and storage with renewable energy technologies",https://www.sciencedirect.com/science/article/pii/S0306261926011104?dgcid=rss_sd_all,ScienceDirect Publication: Applied Energy,2026-07-24 00:00:00 UTC,2026-07-24 00:00:00+00:00,,Li-Chun Zhang,,,0
A UCB–Q-value assisted differential evolution for low-carbon microgrid scheduling with flexible loads,https://www.sciencedirect.com/science/article/pii/S0306261926010962?dgcid=rss_sd_all,ScienceDirect Publication: Applied Energy,2026-07-24 00:00:00 UTC,2026-07-24 00:00:00+00:00,,Hongqian Zhang,,,0
Real-world performance and module degradation impacts of robotic cleaning in PV systems,https://www.sciencedirect.com/science/article/pii/S0306261926011165?dgcid=rss_sd_all,ScienceDirect Publication: Applied Energy,2026-07-24 00:00:00 UTC,2026-07-24 00:00:00+00:00,,Sertac Bayhan,,,0
Optimization configuration of hybrid energy storage in integrated energy systems,https://www.sciencedirect.com/science/article/pii/S0306261926010482?dgcid=rss_sd_all,ScienceDirect Publication: Applied Energy,2026-07-24 00:00:00 UTC,2026-07-24 00:00:00+00:00,,Wei-Guo Pan,,,0
A review on thermochemical reduction of CO2 with H2 to methanol: focusing on overcoming equilibrium limitations,https://www.sciencedirect.com/science/article/pii/S0306261926011116?dgcid=rss_sd_all,ScienceDirect Publication: Applied Energy,2026-07-24 00:00:00 UTC,2026-07-24 00:00:00+00:00,,Jun Cheng,,,0
Flexibility as a driver of regionalized power systems: A multi-regional optimization framework,https://www.sciencedirect.com/science/article/pii/S0306261926011128?dgcid=rss_sd_all,ScienceDirect Publication: Applied Energy,2026-07-24 00:00:00 UTC,2026-07-24 00:00:00+00:00,,Sandrine Michel,,,0
Reliability-constrained stochastic sizing of a wind-powered hydrogen refueling station,https://www.sciencedirect.com/science/article/pii/S0306261926011621?dgcid=rss_sd_all,ScienceDirect Publication: Applied Energy,2026-07-24 00:00:00 UTC,2026-07-24 00:00:00+00:00,,Benoît Trouillet,,,0
An evaluation method for the node frequency support contribution of multi-type resources based on TCN-transformer-BiLSTM,https://www.sciencedirect.com/science/article/pii/S0306261926011542?dgcid=rss_sd_all,ScienceDirect Publication: Applied Energy,2026-07-24 00:00:00 UTC,2026-07-24 00:00:00+00:00,,Lixin Wang,,,0
Assessing building-to-grid energy efficiency and flexibility potential through bottom-up urban building energy modelling,https://www.sciencedirect.com/science/article/pii/S030626192601161X?dgcid=rss_sd_all,ScienceDirect Publication: Applied Energy,2026-07-24 00:00:00 UTC,2026-07-24 00:00:00+00:00,,Rui Jing,,,0
"Nanoconfined single-atom catalysis enables long-lived hydroxyl radicals for low-cost, versatile on-site water purification",https://www.cell.com/one-earth/fulltext/S2590-3322(26)00179-X?rss=yes,One Earth,2026-07-24 00:00:00 UTC,2026-07-24 00:00:00+00:00,10.1016/j.oneear.2026.101778,Jiang Xu,,,0
Personalized gene therapy relieves severe epilepsy in two boys,https://www.nature.com/articles/d41586-026-02267-0,Nature,2026-07-24 00:00:00 UTC,2026-07-24 00:00:00+00:00,10.1038/d41586-026-02267-0,,,,0
Dual‐Solvent Supramolecular Assembly Enables Ampere‐Hour Halide All‐Solid‐State Pouch Cell,https://advanced.onlinelibrary.wiley.com/doi/10.1002/adma.74206?af=R,Wiley: Advanced Materials: Table of Contents,2026-07-24 06:44:50 UTC,2026-07-24 06:44:50+00:00,10.1002/adma.74206,Changhong Wang,"ABSTRACT
                  
                    Halide solid electrolytes (SSEs) hold promise for next‐generation all‐solid‐state batteries (ASSBs), yet scalable fabrication of halide SSE films and ampere‐hour‐scale all‐solid‐state pouch cells (ASSPCs) via slurry coating has not been demonstrated. Here, we introduce a dual‐solvent supramolecular assembly strategy that precisely regulates the chain organization of a multiblock copolymer binder (SEEPS), enabling low‐binder, high‐viscosity slurries for uniform halide SSE film formation. Methylcyclohexane and decane are identified as chemically compatible solvents that diminish InCl
                    3
                    surface precipitation in Li
                    3
                    InCl
                    6
                    , preserving ionic conductivity. The resulting Li
                    3
                    InCl
                    6
                    /Li
                    6−
                    
                      x
                    
                    PS
                    5−
                    
                      x
                    
                    Cl
                    1+
                    
                      x
                    
                    bilayer SSE film exhibits high ionic conductivity (1.26 mS/cm), mechanical robustness, and electrochemical stability. ASSBs using NCM88 cathodes and micro‐silicon anodes retain 71.3% capacity after 600 cycles at 0.5 C, while the first ten‐layer ampere‐hour‐scale halide ASSPC delivers 1.45 Ah at 0.2 C with 95.1% capacity retention over 100 cycles. This approach establishes a practical and scalable pathway for fabricating halide ASSPCs, bridging laboratory innovations and commercial deployment.",crossref,0
Multi‐Wavelength Upconversion Lasers Based on Coordination Polymer Glass Incorporating Lanthanide‐Doped Nanoparticles,https://advanced.onlinelibrary.wiley.com/doi/10.1002/adma.74263?af=R,Wiley: Advanced Materials: Table of Contents,2026-07-24 06:44:58 UTC,2026-07-24 06:44:58+00:00,10.1002/adma.74263,Guoping Dong,"ABSTRACT
                  
                    Upconversion microlasers hold great promise for next‐generation photonic devices. Most current designs rely on coating or incorporating lanthanide‐doped nanoparticles into dielectric microcavities, typically based on polymers or oxide glass platforms. However, polymers generally exhibit limited thermal stability, oxide glasses require relatively high processing temperatures, and coated structures often introduce interfacial scattering losses, degrading lasing efficiency and stability. Here, we report a coordination polymer (CP) ZnCl
                    2
                    (bIm)
                    2
                    (bIm = C
                    7
                    H
                    6
                    N
                    2
                    ) glass as a low‐temperature‐processable host that enables uniform and nondestructive incorporation of upconversion nanocrystals via strong interfacial wettability, forming an energy barrier (2.52 × 10
                    3
                    zJ) that preserves efficient luminescence, maintains high‐
                    Q
                    characteristics, and supports ultrasmooth microcavity fabrication. To our knowledge, this work highlights the feasibility of multiwavelength upconversion lasing in transparent ZnCl
                    2
                    (bIm)
                    2
                    composite glass micro‐bottles embedded with NaYF
                    4
                    @NaYbF
                    4
                    : 1%Tm
                    3+
                    @NaYF
                    4
                    nanoparticles. Under continuous‐wave 980 nm pumping, efficient lasing from the visible‐to‐near‐infrared (NIR) region is achieved, featuring an ultra‐low threshold of 140 nW for the Tm
                    3+
                    :
                    3
                    H
                    4
                    →
                    3
                    H
                    6
                    transition. Upconversion lasing is also generated in Er
                    3+
                    and Ho
                    3+
                    ‐activated composite glass micro‐bottles, highlighting the universality of this strategy. These findings establish a versatile platform for engineering lanthanide‐based microlasers, paving the way toward compact, multifunctional photonic devices for next‐generation optical technologies.",crossref,0
A Ferromagnetic Polar Metal With Efficient Electrical Switch of Magnetism,https://advanced.onlinelibrary.wiley.com/doi/10.1002/adma.74269?af=R,Wiley: Advanced Materials: Table of Contents,2026-07-24 06:47:01 UTC,2026-07-24 06:47:01+00:00,10.1002/adma.74269,Baogen Shen,"ABSTRACT
                  
                    Materials that host intrinsic coexisting ferromagnetism, polar distortion, and metallicity, a ferromagnetic polar metal (FPM), can combine the advantages of both multiferroics and polar metals, and thus are expected to provide unforeseen opportunities for spintronics with ultra‐low‐power consumption. However, generalizable routes for creating FPMs with strong coupling between itinerant ferromagnetism and polar distortions are still limited. Meanwhile, efficient electrical control of magnetism in such systems remains unexplored. Herein, we introduce a design strategy based on interfacial oxygen‐octahedral‐rotation mismatch to create an intrinsic FPM state in superlattices composed of two nonpolar perovskites, SrRuO
                    3
                    and CaTiO
                    3
                    . Unlike previous layered oxide systems, which often result in in‐plane polarization, our superlattice FPM exhibits pronounced out‐of‐plane polar displacements directly within the perpendicular ferromagnetic RuO
                    6
                    metal network, enabling a strong entanglement between magnetic order and polarity. Consequently, the Rashba spin‐orbit torque in the superlattice FPM gives rise to extraordinary current‐driven magnetization self‐switching at a current density as low as 2.5 × 10
                    5
                     A cm
                    −2
                    , about two orders of magnitude lower than that of conventional heavy‐metal/ferromagnet heterostructures. Our work not only identifies a robust strategy for accessing FPM states but also provides a promising platform for exploring ultra‐low‐power spintronic devices.",crossref,0
Interpretable dynamic quantitative vascular morphometry features using SHAP for anti-angiogenic therapy response prediction,https://www.science.org/doi/abs/10.1126/sciadv.aeb3543?af=R,AAAS: Science Advances: Table of Contents,2026-07-24 07:00:00 UTC,2026-07-24 07:00:00+00:00,10.1126/sciadv.aeb3543,Yulin Liu,"Anti-angiogenic therapy benefits vary, with response rates of 40 to 70%, highlighting the need for early biomarkers to identify responders. We developed an automated machine learning framework that uses delta quantitative vascular morphometry features from standard contrast-enhanced CT to evaluate treatment response. This workflow combines automated tumor and vessel segmentation with feature extraction from routine scans for clinical use. Shapley additive explanations (SHAP)–based attributions identify key vascular and clinical features, providing meaningful, imaging-visible evidence aligned with therapy targets beyond traditional radiomics. Using baseline and follow-up CTs from 163 patients with lung cancer, we built three models using fivefold cross-validation, with the delta-merge model achieving high accuracy (area under the receiver operating characteristic curve = 0.842 internally, 0.806 externally). SHAP analysis uncovered an “arterial-dominant, venous-adaptive” pattern, where arterial involvement and venous recovery distinguish responders. This automated workflow and visualization support early, imaging-based response assessment and personalized treatment.",crossref,0
A programmable fungal platform for engineered living textiles,https://www.science.org/doi/abs/10.1126/sciadv.aed6937?af=R,AAAS: Science Advances: Table of Contents,2026-07-24 07:00:00 UTC,2026-07-24 07:00:00+00:00,10.1126/sciadv.aed6937,Chao Zhong,"A central challenge in engineered living materials (ELMs) is the seamless integration of macroscopic structural assembly with sustained cellular viability and programmable function. Here, we report a fungal-based living material that addresses this challenge by preserving the metabolic activity of
                    Cordyceps militaris
                    mycelia within macroscale, cohesive films fabricated via a low-energy process. These living textiles retain the capacity for environmental response, demonstrated by nutrient-induced aerial hyphal growth that enables surface renewal. The native mycelial architecture further allows for volumetric integration of engineered microbial partners, exemplified by coculture with pigment-producing
                    Saccharomyces cerevisiae
                    for in situ patterning and melanized
                    Aspergillus niger
                    for built-in ultraviolet shielding. This modular design decouples bulk structural fabrication from genetic functionalization, offering a plug-and-play platform for synthetic biology. Environmental assessments confirm near-complete morphological degradation within 41 days. Our work establishes a scalable and sustainable chassis for functional ELMs, bridging a critical gap between structural integrity and biological programmability.",crossref,0
Reversing vegetable biodiversity loss to diversify diets,https://www.pnas.org/doi/abs/10.1073/pnas.2532063123?mi=eymic2&af=R&access=on&content=articlesChapters&publication=pnas&sortBy=Earliest&target=default,Proceedings of the National Academy of Sciences: Keyword search for query,2026-07-24 07:00:00 UTC,2026-07-24 07:00:00+00:00,10.1073/pnas.2532063123,M. Eric Schranz,"Vegetables are a critical component of diets, with inadequate intake of this essential food group leading to poor dietary quality and malnutrition. Food system assessments identify insufficient production, comparatively high prices, and sociocultural barriers as key constraints to vegetable consumption. We argue that vegetable biodiversity, spanning vegetable species and their varieties, as well as their wild relative species, is a central yet underutilized lever for enhancing vegetable consumption. Vegetables span a wider phylogenetic range than any other plant-derived food group, offering options for different climatic, cultural, and market niches worldwide. However, vegetable biodiversity is declining due to market homogenization, land-use change, and other threats. Its current conservation is insufficient, restricting in turn access to this diversity for research, breeding, and innovation, and making it more difficult to bridge the gap between current and recommended vegetable intake. Reversing this trend globally requires aligning conservation with dietary goals through four complementary action areas: i) Securing vegetable biodiversity by collecting, regenerating, and conserving local crop varieties and wild relatives of key vegetable species in biodiversity hotspots; ii) Harnessing vegetable biodiversity to deliver new varieties through collaborative research, breeding, and variety testing; iii) Promoting vegetable biodiversity to diversify diets, particularly among children and other vulnerable groups, by including nutrient-dense, climate-resilient vegetables into home and school meals; and iv) Integrating vegetable biodiversity into policy frameworks for long-term impact. Implementing this integrated approach in hotspots where vegetable biodiversity and malnutrition overlap can transform an overlooked opportunity into a cornerstone strategy for healthier diets.",crossref,0
Resolving weak moments in canted antiferromagnets via time-domain terahertz emission spectroscopy,https://www.pnas.org/doi/abs/10.1073/pnas.2603194123?mi=eymic2&af=R&access=on&content=articlesChapters&publication=pnas&sortBy=Earliest&target=default,Proceedings of the National Academy of Sciences: Keyword search for query,2026-07-24 07:00:00 UTC,2026-07-24 07:00:00+00:00,10.1073/pnas.2603194123,Jian Shen,"Canted antiferromagnets host weak net magnetization arising from spin canting while preserving the ultrafast response of antiferromagnetic order. Probing such minute moments—especially in thin films—remains challenging, as conventional magneto-optical and electrical techniques lack sufficient sensitivity. Here, we employ time-domain terahertz emission spectroscopy as a contact-free probe of such weak magnetism. Using epitaxial TmFeO
                    3
                    /Pt heterostructures as a model system, the emitted THz signal directly follows the orientation of the canted Fe
                    3+
                    moment, allowing real-time tracking of its continuous rotation through the spin reorientation transition. Moreover, the THz hysteresis polarity is reversed compared with conventional ferromagnet/Pt systems, indicating an unconventional interfacial magnetic configuration. Our findings establish THz emission spectroscopy as a powerful tool for resolving ultrafast THz emission response in canted antiferromagnetic thin and ultrathin films.",crossref,0
Mechanostereochemical modulation of polymer mechanical properties,https://www.pnas.org/doi/abs/10.1073/pnas.2607437123?mi=eymic2&af=R&access=on&content=articlesChapters&publication=pnas&sortBy=Earliest&target=default,Proceedings of the National Academy of Sciences: Keyword search for query,2026-07-24 07:00:00 UTC,2026-07-24 07:00:00+00:00,10.1073/pnas.2607437123,Xuzhou Yan,"Stereochemistry profoundly affects the physical and mechanical properties of polymers, illustrated by the contrast between elastic natural rubber (
                    cis
                    -polyisoprene) and the stiffer, less extensible gutta-percha (
                    trans
                    -isomer). Traditional stereochemistry such as tacticity and
                    cis
                    /
                    trans
                    isomerism primarily governs polymer properties based on fixed structural or conformational factors. Herein, by incorporating the mechanostereochemistry concept into polymers, we demonstrate a stereochemistry paradigm wherein dynamic isomers dictate material properties, thereby defining the unprecedented transient-stereostructure-efficacy mechanism. Specifically, we engineer two mechanically interlocked networks based on [
                    c
                    2]daisy chains, where force-triggered intramolecular motion generates mechanostereoisomers with distinct geometric configurations: [
                    c
                    2]Daisy chain
                    1
                    in MIN-
                    1
                    contracts into a fisherman’s knot, whereas [
                    c
                    2]daisy chain
                    2
                    in MIN-
                    2
                    extends into a loop. Due to reduced network elasticity from the loop structure, MIN-
                    2
                    exhibits a lower modulus in large-strain shear measurements and less pronounced strain hardening in tensile tests compared to MIN-
                    1
                    . Since these mechanostereoisomers are induced by force, material properties show strain-dependent character: both networks perform similarly under small or no strain, but diverge significantly at large strains. Our work expands the conceptual boundaries of polymer stereochemistry and provides insights for designing high-performance materials through stereochemical control.",crossref,0
Antimalarial cytoskeletal targeting with broad apicomplexan activity,https://www.pnas.org/doi/abs/10.1073/pnas.2608709123?mi=eymic2&af=R&access=on&content=articlesChapters&publication=pnas&sortBy=Earliest&target=default,Proceedings of the National Academy of Sciences: Keyword search for query,2026-07-24 07:00:00 UTC,2026-07-24 07:00:00+00:00,10.1073/pnas.2608709123,James A. Spudich,"Malaria is a devastating disease that resulted in an estimated 610,000 deaths in 2024, the majority being children under the age of five. Here, we use KNX-115 to illustrate multistage antiparasitic activity upon targeting the cytoskeletal enzyme
                    Plasmodium falciparum
                    myosin A (PfMyoA). KNX-115 inhibits purified actin-activated ATPase with a potency in the low nanomolar range and &gt;50-fold selectivity against cardiac, skeletal, and smooth muscle myosins. KNX-115 traps PfMyoA in a state that binds weakly to actin. A 2.35 Å resolution structure of KNX-115 bound to PfMyoA reveals critical interactions contributing to its mechanism of action. Importantly, in vitro evolution data reveal that KNX-115 engages PfMyoA as a sole cellular target. Inhibiting PfMyoA blocks the development of the blood and liver stages of laboratory strains of
                    P. falciparum
                    , with no liver cell toxicity, sporozoite cell traversal and motility, and sporozoite development in the mosquito. Inhibiting PfMyoA completely kills parasites after 96 h of treatment. Furthermore, KNX-115 is equally effective at inhibiting a panel of
                    Plasmodium
                    strains resistant to experimental and marketed antimalarials and shows inhibitory activity against
                    P. falciparum
                    circulating isolates from the Brazilian Amazon. Inhibiting PfMyoA with KNX-115 also blocks the blood stage of a laboratory strain of
                    Plasmodium vivax
                    . In line with the evolutionary identity of MyoA among various apicomplexan parasites, KNX-115 also inhibits
                    Cryptosporidium
                    and
                    Eimeria
                    MyoA in vitro and is an effective inhibitor of
                    Cryptosporidium
                    ,
                    Toxoplasma,
                    and
                    Eimeria
                    cellular growth, with EC
                    50
                    s similar to those found for blood and liver stage
                    Plasmodium
                    .",crossref,0
Molecular mechanism of CtBP1-S/BARS–driven membrane fission and its cellular control by metabolic ligands,https://www.science.org/doi/abs/10.1126/sciadv.aee0624?af=R,AAAS: Science Advances: Table of Contents,2026-07-24 07:00:00 UTC,2026-07-24 07:00:00+00:00,10.1126/sciadv.aee0624,Daniela Corda,"CtBP1-S/BARS (C-terminal binding protein 1-S/Brefeldin A ADP-Ribosylation Substrate) is a moonlighting protein with key roles in membrane trafficking and gene regulation. We show that CtBP1-S/BARS couples enzymatic lipid remodeling [lysophosphatidic acid (LPA)–to–phosphatidic acid (PA) conversion] with membrane deformation to drive fission and that this activity is directly controlled by metabolic ligands. CtBP1-S/BARS exists as a monomer or dimer. The monomeric, acyl-CoA–bound form drives membrane fission by coupling acyltransferase-dependent LPA-to-PA conversion with amphipathic helix insertion into PA-enriched membranes. Under metabolic stress, reduced nicotinamide adenine dinucleotide (NADH) binding triggers dimerization and structural rearrangements that disable fission, enabling the binding of transcription factors regulating apoptosis and energy metabolism. This NADH/acyl-CoA competition likely coordinates trafficking shutdown with gene expression programs through a single conformational change. In intact cells, increased NADH promotes nuclear accumulation of dimeric/tetrameric CtBP1-S/BARS, whereas elevated acyl-CoA favors the cytosolic, membrane-associated monomer, indicating that cofactor availability determines protein function under physiological and stress conditions. This work reveals the structural basis for integrating membrane transport with transcriptional control, demonstrating how evolution embeds distinct cellular functions into a unified molecular pathway.",crossref,0
The native conformational landscape and priming mechanism of herpes simplex virus glycoprotein B,https://www.science.org/doi/abs/10.1126/sciadv.aed8023?af=R,AAAS: Science Advances: Table of Contents,2026-07-24 07:00:00 UTC,2026-07-24 07:00:00+00:00,10.1126/sciadv.aed8023,Xinghong Dai,"Glycoprotein B (gB) of herpesviruses mediates membrane fusion with host cells during viral entry. Stabilizing gB in its prefusion conformation is a primary strategy for vaccine development. While prefusion-like gB structures of several human herpesviruses have been solved, the native conformational landscape and structural dynamics of gB remain largely unknown. Here, we report cryo–electron microscopy structures of herpes simplex virus type 1 (HSV-1) gB from virions, revealing a predominant prefusion state and a minor population of an intermediate, primed state. Unique to α-herpesviruses, a tethering helix cross-links adjacent protomers and stabilizes these conformations. A further downstream intermediate we named as the deep-primed state was captured in a mutant and showed that structural changes in the central helices drive the disengagement of the fusion loops from the membrane-proximal regions, priming gB for membrane insertion. Leveraging these structural insights, we engineered gB mutants locked in distinct conformational states. Our findings provide an atlas for designing gB-based vaccines more closely mimicking the infectious virus.",crossref,0
Nanoclustering of a plant transcription factor enables strong yet specific DNA binding,https://www.science.org/doi/abs/10.1126/sciadv.aed7904?af=R,AAAS: Science Advances: Table of Contents,2026-07-24 07:00:00 UTC,2026-07-24 07:00:00+00:00,10.1126/sciadv.aed7904,Joris Sprakel,"Transcription factors (TFs) are traditionally depicted as mono- or oligomeric units that recognize and bind specific DNA sequences to regulate transcription. Emerging evidence suggests that many TFs can undergo liquid phase separation, resulting in condensates that bind DNA through a different mechanism. For the auxin response factors (ARFs), canonical plant TFs, evidence for both scenarios exists, but which of these scenarios is operational in the plant nucleus is unclear. Here, we demonstrate using MpARF2 of
                    Marchantia polymorpha
                    that a third scenario is operational: MpARF2 forms nanoscopic clusters under physiological conditions. Nanoclusters combine DNA binding features that cannot be accessed by the other two scenarios: high-affinity, switch-like, and sequence-specific. Our results suggest nanoclustering as a mechanism that equips TFs with the DNA binding properties necessary for transcriptional regulation.",crossref,0
Holocene ocean-atmosphere coupling and Mediterranean sensitivity to Atlantic circulation: Lessons from the Late Bronze Age collapse,https://www.science.org/doi/abs/10.1126/sciadv.aed5439?af=R,AAAS: Science Advances: Table of Contents,2026-07-24 07:00:00 UTC,2026-07-24 07:00:00+00:00,10.1126/sciadv.aed5439,Qiong Zhang,"Climate variability has profoundly influenced societies in the semiarid Eastern Mediterranean. Proxy records indicate progressive mid-Holocene drying culminating in severe droughts ∼1250 BCE, coincident with the Late Bronze Age collapse (1300 to 900 BCE). Using the EC-Earth3-Tr8K transient Holocene simulation, we reconstruct regional hydroclimate evolution and its underlying mechanisms. The model reproduces a gradual orbitally driven aridification, spatially heterogeneous across the region, with persistent drying in the Levant but enhanced effective moisture in parts of the Balkans and Anatolia due to cooling-induced evapotranspiration decline. Superimposed on this long-term trend are extreme drought events, which arise from the alignment of Atlantic internal variability across centennial to millennial timescales, amplifying drying on an already arid background state. These results provide model-based evidence of how evolving amplitude and phase structure of Atlantic internal variability reshaped Eastern Mediterranean hydroclimate through the mid-to-late Holocene. We demonstrate that oceanic variability can manifest as abrupt regional crises when ecological and societal thresholds are crossed.",crossref,0
A unified machine-learning framework for ab initio multiscale modeling of liquids,https://www.pnas.org/doi/abs/10.1073/pnas.2610049123?mi=eymic2&af=R&access=on&content=articlesChapters&publication=pnas&sortBy=Earliest&target=default,Proceedings of the National Academy of Sciences: Keyword search for query,2026-07-24 07:00:00 UTC,2026-07-24 07:00:00+00:00,10.1073/pnas.2610049123,Stephen J. Cox,"Understanding and predicting the behavior of liquid matter across length scales—using only the microscopic interactions encoded in the Schrödinger equation—remains a central challenge in the physical sciences. Achieving this goal requires not only an accurate and efficient description of intermolecular forces but also a consistent framework that bridges the micro-, meso-, and macroscales. Here, by combining machine-learned interatomic potentials (MLIPs) with neural classical density functional theory (cDFT), we present such a framework. MLIPs trained on quantum-mechanical energies and forces are used to generate inhomogeneous density profiles, which then serve as the training data for neural cDFT. The resulting ab initio neural cDFT is more computationally efficient than molecular simulations and provides a conceptually transparent route to the thermodynamics of both homogeneous and planar inhomogeneous systems. We demonstrate the approach for both water and carbon dioxide using several exchange–correlation functionals. Beyond accurately reproducing—at the level of the underlying approximate electronic structure—bulk equations of state and liquid–vapor phase diagrams, ab initio neural cDFT predicts, from first principles, how confinement modifies liquid–vapor coexistence in water. It also captures complex behavior in supercritical carbon dioxide such as the Fisher–Widom and Widom lines. While current applications are limited to bulk fluids and planar geometries, this approach establishes a general first-principles route to multiscale modeling of fluids by unifying two independently developed machine-learning paradigms. This work represents an important step toward generalizing cDFT beyond simple empirical potentials to chemically complex systems.",crossref,0
Christopher A. Sims (1942–2026): Paradigm-shifting macroeconomist and econometrician,https://www.pnas.org/doi/abs/10.1073/pnas.2622611123?mi=eymic2&af=R&access=on&content=articlesChapters&publication=pnas&sortBy=Earliest&target=default,Proceedings of the National Academy of Sciences: Keyword search for query,2026-07-24 07:00:00 UTC,2026-07-24 07:00:00+00:00,10.1073/pnas.2622611123,Mark W. Watson,"Christopher A. Sims, who died on March 14, 2026, left behind an indelible mark on macroeconomics and econometrics. His Nobel Prize winning research reshaped the paradigm for empirical macroeconomics, creating a rigorous and flexible framework for inferring the effects of macroeconomic policies. He also made important contributions to time series forecasting, Bayesian econometrics, factor modeling, approximation theory, and models of monetary and fiscal policy. Few academics have had as direct an impact on the work of central banks throughout the world. A frank and generous mentor with numerous students, Chris’s impact extends well beyond his published papers.",crossref,0
Explaining building damage from wildfires in California,https://www.science.org/doi/abs/10.1126/sciadv.aed4197?af=R,AAAS: Science Advances: Table of Contents,2026-07-24 07:00:00 UTC,2026-07-24 07:00:00+00:00,10.1126/sciadv.aed4197,Tirtha Banerjee,"A physically interpretable, data-driven framework was developed to elucidate causal interactions, model, and predict wildfire-induced building damage across California. More than 100,000 damage inspection records (2013 to 2024) were used to model building damage from static environmental variables (topography, vegetation, and human footprint), dynamic weather inputs, and a proposed Composite Building Flammability Rating (CBFR). Three model configurations were tested: (i) a comprehensive model integrating all variables, (ii) an enviro-weather hybrid excluding CBFR, and (iii) an environmental exposure model excluding both weather and CBFR. A strict 200-meter spatial dead-zone constraint was applied to eliminate local autocorrelation, and the comprehensive model achieved 88% (±0.4%) accuracy, which dropped to 82.9% (±0.6%) without CBFR and to 74.5% (±0.5%) without both weather and CBFR. Spatial grid-based cross-validation demonstrated a diverse accuracy of 68.0 (±17%), 66.0 (±16%), and 62.0 (±13%), respectively. Building flammability, dew point temperature, and near-surface wind speed were identified as the most important predictors of damage. Vapor pressure deficit had the strongest causal effect on damage probability, though spatial variability was observed in the causal effects of climate and geographic variables. A 100-meter-resolution Wildfire Building Damage Risk Index was also developed to highlight high-risk damage zones. Findings emphasize that wildfire impacts in the wildland-urban interface result from a confluence of structural vulnerability, atmospheric dryness, and fuel exposure, offering scalable tools for risk forecasting, defensible space planning, and climate-resilient infrastructure development.",crossref,0
Genomic structural variation rescues a classic biological invader from a population bottleneck,https://www.science.org/doi/abs/10.1126/sciadv.aed3656?af=R,AAAS: Science Advances: Table of Contents,2026-07-24 07:00:00 UTC,2026-07-24 07:00:00+00:00,10.1126/sciadv.aed3656,Trevor J. Krabbenhoft,"Invasion genetics presents a classic paradox: How do species successfully spread despite severe population bottlenecks? The brown treesnake (
                    Boiga irregularis
                    ) in Guam represents a notable example of this phenomenon, having been introduced with only a handful of individuals. We show that the population endured an extreme bottleneck, with roughly half of the genome exhibiting runs of homozygosity, comparable to species of conservation concern. Despite this, we uncovered extensive diversity in the form of nearly 19,000 genomic structural variants, which affect almost eight times more of the genome than single-nucleotide variants and provide material for “rescuing” the population from inbreeding-driven declines. Structural variant density was highest in gene promoters, where recombination and DNA repair often occur, providing a mechanism for rapid evolution of gene-linked diversity. This diversity is enriched in genes vital for adaptive immunity and olfaction, suggesting genomic diversity in key chromosomal regions can rescue populations from inbreeding. This work has critical implications for invasion biology and conservation genetics practitioners.",crossref,0
Photoinduced metastable cation disorder in metal halide double perovskites,https://www.science.org/doi/abs/10.1126/sciadv.adt5183?af=R,AAAS: Science Advances: Table of Contents,2026-07-24 07:00:00 UTC,2026-07-24 07:00:00+00:00,10.1126/sciadv.adt5183,Peijun Guo,"Lead-free perovskites have emerged as environmentally benign alternatives to lead halide counterparts for photovoltaic and optoelectronic applications. Among them, the double perovskite Cs
                    2
                    AgInCl
                    6
                    family, with proper composition engineering, exhibits remarkable white-light emission characteristics enabled by strong electron-phonon coupling and the formation of self-trapped excitons (STEs). Despite these advantages, the fundamental photophysics and structural dynamics governing their excited-state behavior remain poorly understood. Here, we report a long-lived metastable phase in the Cs
                    2
                    AgInCl
                    6
                    double perovskite family and unravel this process and the concomitant electronic and structural evolution using a suite of tools including transient optical spectroscopy, time-resolved x-ray diffraction (TR-XRD), time-resolved x-ray absorption spectroscopy (TR-XAS), and inelastic x-ray scattering (IXS). We show that the photoinduced, transient metastable phase is associated with B-site [silver (Ag)–indium (In)] disorder, which induces a markedly reduced optical bandgap. Supported by TR-XRD and first-principles calculations, the Ag-In disorder drives the formation of Ag-rich and In-rich domains with millisecond lifetimes, with lifetimes increasing at lower temperatures. TR-XAS further reveals that the photogenerated STEs oxidize Ag
                    +
                    to Ag
                    2+
                    , which facilitates this highly temporally asymmetric order-disorder transition. Our findings demonstrate a previously unidentified mechanism, mediated by hole-localized STE formation, that enables prolongation of transient light-induced states to the multimillisecond regime in halide double perovskites, opening possibilities to harvesting the functional properties of metastable phases of these material systems.",crossref,0
Single-cell and high-resolution spatial profiling of podocytopathies reveals core mechanisms of podocyte injury,https://www.science.org/doi/abs/10.1126/sciadv.adw9707?af=R,AAAS: Science Advances: Table of Contents,2026-07-24 07:00:00 UTC,2026-07-24 07:00:00+00:00,10.1126/sciadv.adw9707,Junnan Wu,"Podocytes (PODs) play a critical role in maintaining glomerular filtration function, and their injury is a key driver of progressive podocytopathies (PCPs). Despite their clinical importance, the molecular and spatial mechanisms underlying POD injury remain poorly understood. We generated a single-nucleus RNA sequencing (snRNA-seq) and high-resolution spatial transcriptomic (ST) dataset from kidney tissues of patients with five major PCP subtypes. Our analysis revealed distinct molecular signatures among PCP subtypes, injury-related cytoskeletal alterations, and POD-centered microenvironmental features associated with clinical outcomes. Through integrative analysis, we found
                    PDE4DIP
                    as a previously unrecognized regulator of the POD cytoskeleton. Functional experiments through in vitro and in vivo gene editing demonstrated that PDE4DIP maintains cytoskeletal integrity by scaffolding with AKAP9 and activating RAS-ERK and AKT signaling. Its expression correlated with renal function and prognosis. This study provides the comprehensive snRNA-seq and high-resolution ST atlas of PCPs, offering a valuable resource for understanding POD injury and identifying potential therapeutic targets.",crossref,0
Allele-specific methylation of MRP3 drives mating type determination in a marine diatom,https://www.science.org/doi/abs/10.1126/sciadv.adz2992?af=R,AAAS: Science Advances: Table of Contents,2026-07-24 07:00:00 UTC,2026-07-24 07:00:00+00:00,10.1126/sciadv.adz2992,Maria I. Ferrante,"Sex determination mechanisms exhibit remarkable diversity across eukaryotic lineages. In the pennate diatom
                    Pseudo-nitzschia multistriata
                    , sex is determined by
                    MRP3
                    , a gene with unknown function, which is monoallelically expressed in sexually competent mating type plus (MT+) cells and silenced in MT− cells. Here, we describe an allelic-specific methylation pattern at the sex locus, with a hypomethylated allele specific to the MT+ which is transcriptionally active, while the other hypermethylated
                    MRP3
                    alleles are transcriptionally silent. In addition, the genome-wide methylation landscape remains stable throughout the life cycle. Treatment with a methylation inhibitor leads to
                    MRP3
                    activation and partial sex reversal, suggesting an active role of DNA methylation in the sex determination mechanism. Long-read sequencing improved the MT-determining region resolution, highlighting a gene-poor, repeat-rich area that likely represents a primordial MT-determining locus. Our results provide insights into the mechanisms of sex determination and suggest that DNA methylation in diatoms has a more complex role than silencing repetitive regions.",crossref,0
High-resolution simulations reveal positive global warming feedback from Pacific low clouds,https://www.science.org/doi/abs/10.1126/sciadv.aec8488?af=R,AAAS: Science Advances: Table of Contents,2026-07-24 07:00:00 UTC,2026-07-24 07:00:00+00:00,10.1126/sciadv.aec8488,John Anderson,"Uncertainty in marine low-level cloud feedbacks limits accurate climate projections. Using 7083 high-resolution simulations of tropical Pacific low clouds, we separated the impacts of sea surface warming from direct carbon dioxide (CO
                    2
                    ) effects. Surface warming alone drives a positive low-cloud feedback of
                    
                      
                        
                          0.14 W m
                          
                            −
                            2
                          
                        
                        
                           K
                          
                            −
                            1
                          
                        
                      
                    
                    . While this changes little with doubled CO
                    2
                    , the total cloud radiative response strengthens markedly to
                    
                      
                        
                          0.43 W m
                          
                            −
                            2
                          
                        
                        
                           K
                          
                            −
                            1
                          
                        
                      
                    
                    under quadrupled CO
                    2
                    , revealing a strong nonlinear interaction. Surface warming alone modifies the boundary layer through increased inversion strength and weakened subsidence, which buffers clouds by promoting higher liquid water content while cloud fraction decreases. Rapid adjustments to high CO
                    2
                    concentrations counteract this protective cloud thickening. Consequently, a pronounced reduction in cloud fraction is no longer offset by an increase in cloud brightness, markedly strengthening the total radiative response under quadrupled CO
                    2
                    . Ultimately, our results suggest that climate sensitivity is more state-dependent than often assumed.",crossref,0
The melanocytic transcriptomic state is independently associated with poor overall survival in patients with metastatic melanoma,https://www.science.org/doi/abs/10.1126/sciadv.aec7394?af=R,AAAS: Science Advances: Table of Contents,2026-07-24 07:00:00 UTC,2026-07-24 07:00:00+00:00,10.1126/sciadv.aec7394,Georgia M. Beasley,"Melanomas display distinct transcriptomic states, but it remains unclear how they associate with clinical outcomes. We performed digital spatial RNA profiling (DSP-RNA) of metastatic tumors from patients to investigate how transcriptomic states correlate with melanoma specific survival (MSS) and acral melanoma (AM). We performed DSP-RNA across a tissue microarray constructed from 111 patients with in-transit metastatic melanoma (ITM) diagnosed from 1990 to 2020. Data quality control, noise correction, and normalization yielded high-quality profiles from 105 patients, including 30 (36%) who received immune checkpoint inhibitors and 20 (24%) with AM. We performed principal component (PC) analysis and correlated the results with published gene signatures: The PC1 axis differentiated transitory from undifferentiated melanoma, PC2 reflected immune cell infiltration, PC3 corresponded to stromal cells and neural crest–like melanoma, and PC4 associated with melanocytic melanoma. Across a cohort of treatment-naïve ITM, high expression of the melanocytic state conferred a median MSS difference of 7.72 years (melanocytic “high” = 5.16 years versus “low” = 12.88 years, log-rank
                    P
                     = 0.0061) and independently associated with poor survival in multivariate analysis. AMs showed higher melanocytic state gene expression compared to nonacral. Findings were validated in external datasets, supporting that the melanocytic state predicts poor prognosis. The melanocytic state is associated with poor prognosis and may be enriched in AM, implying that identifying patients with melanocytic melanoma may be important for therapeutic decisions. Unlike other gene expression predictors proposed for prognostic stratification, the melanocytic state characterizes a biological subtype, suggesting that it may have specific therapeutic vulnerabilities.",crossref,0
ELF3 links kidney function GWAS loci to maladaptive epithelial inflammation,https://www.science.org/doi/abs/10.1126/sciadv.aec6741?af=R,AAAS: Science Advances: Table of Contents,2026-07-24 07:00:00 UTC,2026-07-24 07:00:00+00:00,10.1126/sciadv.aec6741,Katalin Susztak,"Genome-wide association studies (GWAS) have uncovered over a thousand loci associated with kidney function, but the effector genes and mechanisms remain largely unknown. Here, we demonstrate that
                    ELF3
                    is the effector gene at a kidney function GWAS locus and acts as an epithelial proinflammatory amplifier of the reprogramming of injured proximal tubules (iPTs). E74-like factor 3 (ELF3) expression is induced in iPTs in both mouse models and human chronic kidney disease (CKD), where it defines transitional epithelial states enriched for inflammatory gene programs and surrounded by leukocyte infiltrates. Conditional deletion of
                    Elf3
                    in mice after injury reduced iPT accumulation, cytokine production, and immune cell recruitment. Mechanistically, ELF3 directly bound and activated components of the noncanonical nuclear factor κB (NF-κB) pathway (
                    Nf
                    κ
                    b2
                    ,
                    Map3k14
                    , and
                    Il6r
                    ) and was required for NFκB2 nuclear translocation and cytokine induction. Spatial transcriptomics and immunofluorescence of human CKD kidneys confirmed that ELF3 expression correlates with epithelial inflammation, disease progression, and loss of kidney function. Together, these findings establish
                    ELF3
                    as a genetically validated effector gene that drives inflammatory reprogramming in iPTs, nominating it as a therapeutic target to blunt maladaptive inflammation in CKD.",crossref,0
BRCA1-RAD51 homologous DNA repair pathway promotes HIV-1 reverse transcription,https://www.science.org/doi/abs/10.1126/sciadv.aea2430?af=R,AAAS: Science Advances: Table of Contents,2026-07-24 07:00:00 UTC,2026-07-24 07:00:00+00:00,10.1126/sciadv.aea2430,Vincent Parissi,"HIV-1 infection triggers multiple cellular pathways that modulate viral replication and may promote latency. Central to this process is the reverse transcription of the viral RNA into DNA and its integration into host chromatin, both processes being regulated by the cell. Emerging evidence suggests that homologous recombination (HR) proteins, especially RAD51, may influence both pre- and post-integration stages. In this study, we show that HIV-1 induces the rapid formation of RAD51 nuclear foci in a BRCA1/2-dependent manner, with RAD51 loading onto viral DNA immediately during reverse transcription. Using ChIP, imaging, and biochemical assays, we demonstrate that this process enhances viral infectivity and reverse transcription efficiency. Our findings reveal a previously unidentified cellular response that recruits repair factors to viral DNA, regulating reverse transcription and influencing viral DNA fate. This work uncovers a previously unknown role for RAD51 in modulating early HIV-1 replication, providing insights into host-virus interactions and potential therapeutic strategies.",crossref,0
Expanded GEP-NET organoid culture for personalized therapy evaluation,https://www.science.org/doi/abs/10.1126/sciadv.aea4296?af=R,AAAS: Science Advances: Table of Contents,2026-07-24 07:00:00 UTC,2026-07-24 07:00:00+00:00,10.1126/sciadv.aea4296,Samira M. Sadowski,"Gastro-entero-pancreatic neuroendocrine tumors (GEP-NETs) are a rare subset of cancers with increasing incidence. Due to their slow growth and lack of targetable mutations, the identification of effective treatments remains limited. One reason behind this stagnation is the lack of applicable, accurate study models. One solution is patient tumor organoids (PTOs) that maintain tumor characteristics and can scale for high throughput assays. In this study, PTOs were generated from 35 tumors of pancreatic, small intestinal, and gastric origin, obtained from 17 patients. Important subtypes including hormone functional and
                    MEN1
                    /
                    VHL
                    mutant GEP-NETs are represented, with each demonstrating growth in culture while maintaining GEP-NET immunohistochemistry and genomic characteristics. Half of G2/G3 tumors (10 of 20) could be cultured past passage 6, whereas G1 tumors (
                    n
                     = 15) were capable of growth until passage 4. Therapeutic targeting of the PTOs displayed both tissue-origin and grade-based response to standard of care and investigational therapies while maintaining patient tumor sensitivity and resistance. Last, a successful PTO xenograft model was developed from one PTO line. This study describes GEP-NET organoid development that demonstrates feasibility for expansion, enabling their use for translational investigations.",crossref,0
VAMP7-dependent mitochondria–lysosome contacts contribute to glial mitochondrial dynamics and dopaminergic neuron survival,https://www.pnas.org/doi/abs/10.1073/pnas.2603069123?mi=eymic2&af=R&access=on&content=articlesChapters&publication=pnas&sortBy=Earliest&target=default,Proceedings of the National Academy of Sciences: Keyword search for query,2026-07-24 07:00:00 UTC,2026-07-24 07:00:00+00:00,10.1073/pnas.2603069123,Margaret S. Ho,"Although disrupted mitochondrial dynamics in neurons are closely linked to neurodegenerative diseases, far less is known about how mitochondrial dynamics are regulated in glia or whether glial mitochondrial dysfunction contributes to neurodegeneration. Here, we show that the R-SNARE protein VAMP7 regulates the untethering of mitochondria–lysosome contacts (MLCs) in adult fly glia. Glial-specific knockdown of VAMP7 leads to prolonged MLCs and mitochondrial elongation associated with altered fission/fusion dynamics. These VAMP7-deficient mitochondria exhibit hyperpolarized membrane potential, leading to increased reactive oxygen species production, lipid droplet accumulation, and dopaminergic neurodegeneration. Mechanistically, VAMP7 interacts with the GTPase-activating protein TBC1D15-17 to promote Rab7 GTP hydrolysis. Without VAMP7, TBC1D15-17 remains bound to Rab7 but fails to activate its hydrolysis, resulting in elevated GTP-bound Rab7 and impaired MLCs untethering. Consistently, expression of GTP-locked Rab7
                    Q67L
                    or GTPase-activating protein-dead TBC1D15-17
                    ΔGAP
                    phenocopies the mitochondrial defects, while GDP-bound Rab7
                    T22N
                    or wild-type TBC1D15-17 restores the MLC dynamics. Considering that SNARE proteins mediate membrane fusion, our results demonstrate a role for VAMP7 in glial mitochondrial dynamics via organelle contacts, impacting neuron survival in a non-cell-autonomous manner.",crossref,0
The social-class gap in negotiation: Lower-class individuals negotiate less and face more backlash,https://www.pnas.org/doi/abs/10.1073/pnas.2602128123?mi=eymic2&af=R&access=on&content=articlesChapters&publication=pnas&sortBy=Earliest&target=default,Proceedings of the National Academy of Sciences: Keyword search for query,2026-07-24 07:00:00 UTC,2026-07-24 07:00:00+00:00,10.1073/pnas.2602128123,Michele J. Gelfand,"Economic inequality has widened considerably in the United States and globally, raising pressing questions about the mechanisms that reproduce social stratification. One prominent manifestation of this inequality is the “class ceiling” in organizations: individuals from lower social classes earn less and advance more slowly than their higher-class counterparts, even with comparable credentials. We identify a crucial behavioral pathway contributing to this class ceiling: a social-class gap in the propensity to negotiate. We propose that lower-class individuals are less likely to initiate negotiations than their higher-class counterparts, a pattern that can compound economic disadvantage over time. Across four studies (total
                    N
                    = 10,211)—including a nationally representative sample of employees (Study 1), a sample of business school students (Study 2), a field study of an online labor market (Study 3), and a survey study of workplace negotiations and career outcomes (Study 4)—we find consistent evidence for this gap. This gap is partially explained by lower-class individuals’ reduced sense of power and heightened concerns about social backlash. Additionally, Study 5 (
                    N
                    = 1,133) finds that such concerns may be justified: an experiment with human resources (HR) professionals shows that identical negotiation requests elicit stronger social backlash when initiated by lower-class (vs. higher-class) individuals. Together, these findings reveal a pernicious double bind for lower-class individuals: remaining silent perpetuates economic disadvantage, yet initiating negotiation exposes them to greater social penalties. Addressing this double bind is critical for ensuring that negotiation serves as a vehicle for upward mobility rather than a gatekeeper of privilege.",crossref,0
Quantum convolutional HLA immunogenic peptide prediction (Q-CHIPP): Next-generation neoantigen prediction with quantum neural network,https://www.science.org/doi/abs/10.1126/sciadv.aec3824?af=R,AAAS: Science Advances: Table of Contents,2026-07-24 07:00:00 UTC,2026-07-24 07:00:00+00:00,10.1126/sciadv.aec3824,Tyler J. Alban,"The rapid growth of quantum computing is driven by promises of performing complex calculations with unprecedented speed; however, current use cases have been limited by quantum hardware and the difficulty of identifying problems that classical computers cannot easily address. Within these constraints, biological problems including drug discovery, protein folding, and precision medicine present an opportunity to understand how current quantum hardware can make advances. In immunology, accurate prediction of cancer neoantigens remains a major challenge, limited by small, noisy datasets and the inability of classical models to generalize. In approaching the problem, we explore multiple noise mitigation techniques, including Pauli twirling and dynamical decoupling, in conjunction with controlled shot-based sampling to stabilize training on real hardware and in a warm start hybrid approach. With these approaches, we demonstrate the use of Quantum Convolutional Neural Networks (QCNNs) for both MHC binding and immunogenicity prediction, including a quantum hardware experiment involving 46 qubits that achieved a 6% increase in classification accuracy with fewer training samples compared to classical approaches. Building on these models, we introduce Quantum Convolutional HLA Immunogenic Peptide Prediction (Q-CHIPP), a combinatorial framework integrating MHC binding and T-cell recognition. It targets HLA-A*02:01–restricted 9-mer peptides and, more accurately, identifies those peptides known to be immunogenic, improving the prognostic impact of predicted neoantigen load. Together, these represent a large-scale application of QCNNs in biomedical modeling, highlighting both the feasibility and promise of quantum machine learning for data-limited biological systems and establishing a scalable foundation for quantum-enhanced biomedical research.",crossref,0
Axially coordinated single-atom interface mitigates isolated K toward highly reversible anode-free K metal batteries,https://www.science.org/doi/abs/10.1126/sciadv.aef1038?af=R,AAAS: Science Advances: Table of Contents,2026-07-24 07:00:00 UTC,2026-07-24 07:00:00+00:00,10.1126/sciadv.aef1038,Jingyu Sun,"Potassium (K) metal anodes suffer from uncontrolled solid electrolyte interphase evolution and isolated K accumulation, greatly hindering the construction of practical anode-free batteries. To date, systematic investigations on K stripping behavior and isolated K formation, despite being fundamentally important, are still lacking. Here, we develop an axially coordinated single-atom iron (Fe) anchored on hollow carbon bowls to synergize promoted K desorption and stress-adaptive ion transport. Serving as current collector modification, the FeN
                    4
                    O
                    2
                    moiety optimizes K adsorption/desorption strength, regulates FSI
                    −
                    decomposition, and suppresses electronically isolated K. Meanwhile, the mechanically compliant carbon-bowl scaffold mitigates volumetric strain during cycling, preserving interfacial integrity and accelerating desorption at the stripping frontier. Multimodal evidence from cryo–transmission electron microscopy, x-ray photoelectron spectroscopy depth profile, and theoretical calculations collectively reveals a bidirectional regulation to enhance both deposition uniformity and stripping reversibility. The anode-free K metal full cell delivers nearly 100 milliampere-hours per gram over 200 cycles at 200 milliamperes per gram, readily rivaling the state-of-the-art counterparts.",crossref,0
Sub-1/10 exciton threshold lasers using stable self-charged perovskite quantum rods,https://www.science.org/doi/abs/10.1126/sciadv.aeb6386?af=R,AAAS: Science Advances: Table of Contents,2026-07-24 07:00:00 UTC,2026-07-24 07:00:00+00:00,10.1126/sciadv.aeb6386,Suotang Jia,"Colloidal quantum dots (QDs) are promising optical gain materials that require a reduction in the threshold to reach their full potential. While QD charging theoretically reduces the threshold to zero, its effectiveness has been limited by strong Auger recombination and unstable charging. In this study, we theoretically determine the optimal combination of charging number and Auger recombination to minimize the lasing threshold. Experimentally, we develop stable, self-charged perovskite quantum rods (QRs) as an alternative to QDs via the state engineering and Mn (manganese) doping strategy. A two-order-of-magnitude reduction in nonradiative Auger recombination enables QRs to support a charging number of up to 6. We then achieve QR liquid lasing with a sub-
                    1
                    /
                    10
                    exciton threshold (an average of 0.098 excitons per QR) using 5-nanosecond pulse pumping. This threshold is exceptionally low among all reported QD lasers. These achievements demonstrate the potential of specially engineered QRs as excellent gain media and pave the way for their applications.",crossref,0
A conserved phospho-switch controls receptor kinase SDS2 activation and homeostasis in rice immunity,https://www.science.org/doi/abs/10.1126/sciadv.aed5028?af=R,AAAS: Science Advances: Table of Contents,2026-07-24 07:00:00 UTC,2026-07-24 07:00:00+00:00,10.1126/sciadv.aed5028,Jiangbo Fan,"Plant surface immune receptors are tightly controlled to maintain homeostasis and prevent overactivation. However, the mechanisms coordinating the balance remain largely unknown. The monocot-specific receptor-like kinase SDS2 regulates cell death and immunity in rice. Here, we identify Thr671, a conserved phospho-switch in RD-type Ser/Thr kinases across kingdoms, as the central node that orchestrates both immune activation and turnover of SDS2. Autophosphorylation of Thr671 initiates signaling but also primes SDS2 for ubiquitination and degradation by the E3 ligase SPL11. This degradation is antagonized by the phosphatase SIPP1, which stabilizes SDS2 through Thr671 dephosphorylation to promote immunity. Strikingly, a second phosphatase, SIPP2, displaces SIPP1 from SDS2 via competitive binding, thereby enabling SPL11-dependent SDS2 degradation and ensuring timely immune attenuation. Thus, the SIPP1-SPL11-SIPP2 module establishes a dynamic equilibrium essential for SDS2 homeostasis, providing new insights into the sophisticated regulation of surface receptors.",crossref,0
Physics-constrained learning framework for trustworthy microrobot navigation autonomy,https://www.science.org/doi/abs/10.1126/sciadv.aef7326?af=R,AAAS: Science Advances: Table of Contents,2026-07-24 07:00:00 UTC,2026-07-24 07:00:00+00:00,10.1126/sciadv.aef7326,Lidong Yang,"Machine learning has become an emerging paradigm for microrobotics, enabling autonomous micro-/nanorobot navigation in complex and highly disturbed environments without requirements of precise models. However, the state-of-the-art learning-based methods adopt “black-box” neural networks (NNs), which raises critical concerns about the trustworthiness of the generated navigation policies, especially for biomedical scenarios. Motivated to address this issue, we propose a physics-constrained learning framework that embeds deterministic physical laws into network architectures to achieve trustworthy microrobot navigation. Instead of learning from scratch, we explicitly encode the monotonic relationships of kinematics and safety rules into NNs. These constraints serve as structural inductive biases, theoretically guaranteeing that navigation policies operate strictly within the trustworthy action domains. Experiments demonstrate that microrobots can autonomously reach random targets without collision with obstacles during long-time and long-distance navigation, proving our framework’s reliability owing to its explainable nature. This work can bridge the gap between data-driven performance and rigorous safety requirements, constituting a meaningful step toward trustworthy artificial intelligence–empowered microrobotics.",crossref,0
Van der Waals template–encoded soft epitaxy of tellurium enabled by atomic layer deposition,https://www.science.org/doi/abs/10.1126/sciadv.aef1430?af=R,AAAS: Science Advances: Table of Contents,2026-07-24 07:00:00 UTC,2026-07-24 07:00:00+00:00,10.1126/sciadv.aef1430,Joonki Suh,"Van der Waals (vdW) epitaxy can integrate lattice-mismatched crystals with atomically sharp, pristine interfaces. However, translating this concept to atomic layer deposition (ALD), a standard for low-temperature, layer-by-layer growth, remains challenging because precursors adsorb transiently on chemically inert vdW basal planes, leading to physisorption-limited nucleation and poor crystalline ordering. Here, we introduce diffusion-steered epitaxial ALD (Epi-ALD), redefining vdW surfaces as programmable kinetic-thermodynamic landscapes and demonstrate highly crystalline tellurium at 150°C. Epi-ALD couples surface-potential-encoded physisorption with long-range diffusion to promote ordered nucleation and epitaxial alignment. This “soft” pathway enables strain-free tellurium epitaxy with a pristine vdW gap (∼1.4 angstrom) despite lattice mismatch (&gt;3.6%) and generalizes across multiple vdW templates. Retaining hallmark advantages of ALD including scalability and uniformity, we further program in-plane orientation through vdW symmetry engineering to achieve quasi-single-crystalline tellurium films with pronounced anisotropy and a chiral anomaly signature. Our work establishes a universal, low-thermal-budget approach for integrating vdW materials and expands the scope of epitaxy within the ALD paradigm.",crossref,0
Above-twofold quantum super-resolution microscopy enabled by multiple idler passes with entangled biphotons,https://www.science.org/doi/abs/10.1126/sciadv.aea9457?af=R,AAAS: Science Advances: Table of Contents,2026-07-24 07:00:00 UTC,2026-07-24 07:00:00+00:00,10.1126/sciadv.aea9457,Lihong V. Wang,"Spatial resolution defines the fundamental limit of how precisely optical imaging systems can distinguish details within an object. Recent advances in quantum imaging have surpassed classical resolution limits by exploiting entanglement. However, experimental demonstrations of quantum enhancement above two times using entangled biphotons have thus far been limited to nonimaging experiments that use replication of the object or nonlinearity—both are impractical and inefficient. Here, without resorting to either, we enhance the classical resolution using entangled photon pairs by either two- or fourfold in two system configurations. While the signal photons traverse the object-containing arm only once, the idler photons traverse the symmetric object-free arm either once or thrice. These experiments demonstrate a scalable route toward quantum-correlated super-resolution imaging, motivate theoretical exploration of the underlying mechanisms, and open opportunities for high-precision, low-illumination microscopy.",crossref,0
Signaling mechanisms and dynamics governing the myocardial-epicardial fate switch during human cardiogenesis,https://www.science.org/doi/abs/10.1126/sciadv.aee5316?af=R,AAAS: Science Advances: Table of Contents,2026-07-24 07:00:00 UTC,2026-07-24 07:00:00+00:00,10.1126/sciadv.aee5316,Tianqing Li,"The signaling mechanisms and developmental dynamics that govern the divergence of myocardial and epicardial lineages during human heart development remain poorly understood. Here, we developed a human pluripotent stem cell-based cardiac development model and employed time-course single-cell RNA sequencing to delineate cardiac lineage specification trajectories. We identified retinoic acid (RA) as a critical fate switch at the cardiac mesoderm stage. RA instructs epicardial lineage commitment of cardiac mesoderm through a primed-epicardium to proepicardium-like population and finally to epicardium, a process requiring precise BMP modulation. Conversely, RA absence directs cardiac mesoderm along a default myocardial pathway, yielding developing and mature cardiomyocytes. Both trajectories are governed by the hierarchical activation of key transcription factors. Our study integrates signaling and dynamics to elucidate the temporal regulatory network of the RA-BMP axis in human cardiac fate determination. These findings provide fundamental insights into human cardiogenesis and a crucial roadmap for modeling heart disease and advancing regenerative strategies.",crossref,0
Energy-assisted CRISPR cleavage and probiotic vesicle signaling platform: Microbiome reprogramming for homeostasis,https://www.science.org/doi/abs/10.1126/sciadv.aef1760?af=R,AAAS: Science Advances: Table of Contents,2026-07-24 07:00:00 UTC,2026-07-24 07:00:00+00:00,10.1126/sciadv.aef1760,Jiaojiao Yang,"Pathogenic infections drive microbial dysbiosis and persistent inflammation, posing therapeutic challenges due to difficulties in precise pathogen eradication and microbiome restoration. Although CRISPR-based therapeutics enable pathogen-specific antibacterial targeting, their effectiveness in treating pathogenic infections is constrained by difficulties in navigating complex microbial ecosystems, penetrating pathogenic barriers, sustaining energy-intensive intracellular cleavage, and, critically, restoring microbial balance after pathogen clearance. Here, we engineer a probiotic vesicle-synergized CRISPR platform by encapsulating
                    gtfB
                    -targeting CRISPR plasmids within hybrid extracellular vesicles from probiotics and pathogenic
                    Streptococcus mutans
                    . The pathogen-derived vesicle component enables targeted uptake by
                    S. mutans
                    , facilitating intracellular cleavage of the virulence gene
                    gtfB
                    . Vesicle-carried endogenous adenosine triphosphate (ATP) boosts CRISPR activity, amplifying targeted DNA cleavage for potent and selective pathogen elimination. Probiotic-derived vesicle components further remodel quorum-sensing networks and immunity, restoring microbial homeostasis. This probiotic vesicle-based strategy integrates ATP-enhanced CRISPR cleavage with microbiome and immune modulation, offering a next-generation therapeutic paradigm for microbiome-associated diseases.",crossref,0
Context-aware multimodal AI navigates hidden pathways in five centuries of art evolution,https://www.pnas.org/doi/abs/10.1073/pnas.2517969123?mi=eymic2&af=R&access=on&content=articlesChapters&publication=pnas&sortBy=Earliest&target=default,Proceedings of the National Academy of Sciences: Keyword search for query,2026-07-24 07:00:00 UTC,2026-07-24 07:00:00+00:00,10.1073/pnas.2517969123,Jinhyuk Yun,"The rise of multimodal generative AI transforms the intersection of technology and art, offering richer insights into large-scale artworks. While significant research has focused on their creative potential, their ability to represent artworks in latent spaces remains underexamined. We use generative AI, specifically Stable Diffusion, to analyze 500 y of Western paintings by extracting two types of latent information with the model: formal aspects (e.g., colors) and contextual aspects (e.g., subjects). Our findings reveal that contextual information exhibits stronger vector alignment and orientation with conventional artistic periods, styles, and individual artists than formal elements. Also, we show how artistic expression aligns with historical shifts using contextual keywords extracted from paintings. Our generative experiment, infusing prospective contexts into historical artworks, validates this vector alignment and orientation by synthesizing artworks consistent with the stylistic patterns of target periods. This study demonstrates how multimodal AI expands traditional formal analysis by integrating temporal, cultural, and historical contexts to quantify the latent structure of cultural knowledge.",crossref,0
Ancient genomes from Ladakh reveal 2800-year-old admixture between Tibetans and South Asians,https://www.science.org/doi/abs/10.1126/sciadv.aeb3636?af=R,AAAS: Science Advances: Table of Contents,2026-07-24 07:00:00 UTC,2026-07-24 07:00:00+00:00,10.1126/sciadv.aeb3636,David Reich,"Reconstructing population history is harder in South Asia than in many other world regions due to a paucity of ancient DNA. We report genome-wide data for 10 individuals from Old Lady Spider Cave, which lies 4000 meters above sea level in the Himalayan region of Ladakh and dates to around 1500 years before the present (B.P.). These individuals were genetically homogeneous and had an ancestry signature rare in South Asians today: admixed in roughly 50–50% proportions between a population well proxied by present-day North Indians and another genetically similar to ancient Tibetans. By analyzing the typical sizes of segments of DNA inherited from each of these ancestral populations, we find that admixture of these groups began at least 50 generations before the date of the individuals, that is, by around 2800 B.P.",crossref,0
Spatially resolved fetal and maternal cell contributions to severe preeclampsia across gestation,https://www.science.org/doi/abs/10.1126/sciadv.aed8964?af=R,AAAS: Science Advances: Table of Contents,2026-07-24 07:00:00 UTC,2026-07-24 07:00:00+00:00,10.1126/sciadv.aed8964,Sara L. Hillman,"The molecular and cellular pathophysiology of preeclampsia remains poorly understood, but it is increasingly clear that in addition to the placenta, other tissues of the fetal-maternal interface advance the disease. Here, we distinguish fetal and maternal contributions to the early and late presentation of severe preeclampsia by interrogating, across time and space, tissues and cell types relevant to the disease. Accounting for gestational age in a third trimester preterm cohort, we find single-cell and spatial molecular signatures of concerted hypoxia, angiogenic imbalance, fibrosis, and aberrant metabolism in the placenta. In addition, we report maternal immune signatures such as mitochondrial dysfunction and interferon signaling extending to the myometrium and chorioamniotic membranes, likely contributing to the systemic inflammation and endothelial dysfunction in the mother, with impaired fetal cell interactions with endothelial cells in the myometrium contributing to it. These tissue- and cell-specific responses are potential targets for therapy, with their prompt consideration in early gestational disease likely beneficial because of its aggravated molecular presentation. Thus, timely intervention during gestation could change the extremely poor prognosis of severe preeclampsia.",crossref,0
Collective climbing of colloidal swarms on the vertical wall,https://www.science.org/doi/abs/10.1126/sciadv.aed9832?af=R,AAAS: Science Advances: Table of Contents,2026-07-24 07:00:00 UTC,2026-07-24 07:00:00+00:00,10.1126/sciadv.aed9832,Li Zhang,"Self-assembled colloidal swarms capable of climbing vertical walls, navigating complex geometries, and operating in confined spaces hold immense promise for emerging biomedical applications. However, harnessing this potential remains challenging as the fundamental mechanisms governing collective behaviors on vertical planes are not yet fully understood. Here, we report the self-assembly of magnetic colloidal particles into swarms that can climb vertical walls. The collective climbing behavior arises from the density-dependent velocity of the particles and their specific magnetic interactions on vertical surfaces. The resulting self-assembled wall-climbing swarm exhibits fingering instabilities at its leading edge and demonstrates both passive deformability in response to environmental constraints and active controllability. Our findings advance the understanding of collective behavior in active matter systems and nonequilibrium self-assembly in complex geometries, offering insights relevant to targeted drug delivery and the design of intelligent, soft materials.",crossref,0
Loading is not delivering: Intracellular drug retention and migration capacity govern macrophage-based drug delivery,https://www.science.org/doi/abs/10.1126/sciadv.aec0429?af=R,AAAS: Science Advances: Table of Contents,2026-07-24 07:00:00 UTC,2026-07-24 07:00:00+00:00,10.1126/sciadv.aec0429,Wei Li,"Living cells are increasingly explored as drug carriers for their active targeting capacity, yet robust intracellular loading in vitro often fails to translate into efficacy in vivo. Here, we address this disconnect by loading macrophages with nano- and microdrugs with equal intracellular mass and matched release kinetics. Quantitative tracking revealed that in vitro retention overestimates in vivo stability: Nanodrug-loaded macrophages lost up to 83% of their payload after reinfusion, nearly double the loss observed in vitro. Nanodrug loading also elevated oxidative stress in macrophages, thereby impairing chemotactic migration. By contrast, microdrugs persisted intracellularly for ≥7 days and preserved macrophage migration toward inflamed sites. Using intravital imaging, we provided previously unavailable spatiotemporal evidence of vascular transmigration while retaining cargo. These properties translated into superior efficacy in systemic and localized inflammation models. Our findings underscore that effective cell-based drug delivery requires looking beyond uptake to evaluate in vivo cargo persistence and its impact on cell migration.",crossref,0
N-terminal processing unlocks global dynamics for substrate engagement in Spl proteases,https://www.science.org/doi/abs/10.1126/sciadv.aeh5197?af=R,AAAS: Science Advances: Table of Contents,2026-07-24 07:00:00 UTC,2026-07-24 07:00:00+00:00,10.1126/sciadv.aeh5197,Elan Eisenmesser,"Staphylococcus aureus
                    secretes a family of serine protease–like enzymes (SplA to SplF) that resemble eukaryotic granzymes, yet the mechanism by which amino-terminal processing activates this subclass has remained unresolved. Structural studies show insertion of the processed amino terminus without detectable changes in active-site geometry, creating a longstanding paradox as to how catalytic competence is achieved. Here, we identify SplB as the most highly expressed member of this family in a pathogenic methicillin-resistant
                    S. aureus
                    strain and use it to define the basis of activation. Solution nuclear magnetic resonance spectroscopy shows that precise amino-terminal processing triggers a long-range allosteric network coupling the amino terminus to the active site ∼20 angstroms away, unlocking global microsecond-to-millisecond dynamics that enable substrate engagement. Molecular dynamics simulations reveal the conformational ensembles underlying these motions. Last, mutational perturbation of this dynamic network modulates substrate engagement and catalytic activity in a manner consistent with dynamic control of binding competence. Together, these findings establish dynamic allostery as the mechanism of N-terminal activation in this subclass of serine proteases.",crossref,0
Spiral-potato–like nanostructure COF enabling nearly unidirectional zinc deposition for Ah-level pouch cells,https://www.science.org/doi/abs/10.1126/sciadv.aeg5141?af=R,AAAS: Science Advances: Table of Contents,2026-07-24 07:00:00 UTC,2026-07-24 07:00:00+00:00,10.1126/sciadv.aeg5141,Ya-Qian Lan,"A major challenge in realizing ampere hour (Ah)–level aqueous zinc (Zn) ion pouch batteries (Ah-level AZIBs) is the requirements for high Zn utilization rate coupled with even Zn nucleation/growth. Here, we report a spiral-potato–like covalent organic framework (SP-COF) nanostructure to construct isotropic solid electrolyte interphase for Ah-level AZIBs. Compared with conventional COF nanostructures, the unique spiral-potato–like SP-COF combined with affinity sites and porosity enables isotropic interfacial regulation to achieve nearly unidirectional Zn deposition following the theoretical three-dimensional nucleation curve. As a result, symmetric cells based on SP-COF/Zn electrode display ultrastable plating/stripping over 2800 hours at 10 milliamperes per square centimeter. The successfully assembled Ah-level triple stacked layer pouch cell (SP-COF/Zn||I
                    2
                    , 1.2 Ah) demonstrates stable cycling over 200 cycles with an ultrahigh Zn utilization rate of 40%. The pouch cell achieves an unprecedented energy density of 156 watt-hours per kilogram. These findings highlight the strategic fine-tuning of COF-based battery architectures to be a promising route for high energy density Ah-level AZIBs.",crossref,0
A biocatalytic platform for the stereoselective synthesis of diverse atropisomeric compounds using engineered metalloenzymes,https://www.science.org/doi/abs/10.1126/sciadv.aeg3025?af=R,AAAS: Science Advances: Table of Contents,2026-07-24 07:00:00 UTC,2026-07-24 07:00:00+00:00,10.1126/sciadv.aeg3025,Jian Xu,"Atropisomeric compounds are widely distributed in natural products and pharmaceuticals and serve as key scaffolds in asymmetric catalysis. Despite their remarkable structural diversity, current synthetic efforts have primarily focused on C–C biaryl atropisomers, while the synthesis of other classes of atropisomeric compounds has been much less explored. Biocatalysis offers precise control over the stereoselectivity of reactions, however, its application in the synthesis of atropisomeric compounds remains at an early stage. In this work, we report a versatile biocatalytic platform that integrates metalloenzyme-catalyzed reduction reactions to access a broad array of structurally diverse atropisomeric compounds, including C–N atropisomers, diaryl ethers, and styrene derivatives, with high yields and excellent enantioselectivities. Molecular dynamics simulations provided mechanistic insights into the origin of the high stereoselectivity, and this study expands the repertoire of metalloenzyme-catalyzed, new-to-nature transformations for the synthesis of valuable molecules.",crossref,0
A viral protein diverts the endocytic VPS9a-Rab5 pathway to promote virus infection in plants,https://www.science.org/doi/abs/10.1126/sciadv.aeg2304?af=R,AAAS: Science Advances: Table of Contents,2026-07-24 07:00:00 UTC,2026-07-24 07:00:00+00:00,10.1126/sciadv.aeg2304,Yule Liu,"Endocytosis is central to cellular trafficking and signaling across eukaryotes, yet whether and how plant viruses actively reprogram this pathway remains unclear. Here, we show that the geminiviral betasatellite–encoded βC1 reprograms the host VPS9a-Rab5 endocytic module to promote viral infection. βC1 associates with the Rab5 GTPases ARA6 and ARA7 as well as their guanine nucleotide exchange factor VPS9a, stabilizing the VPS9a-Rab5 complex and enhancing nucleotide exchange. This catalytic potentiation sustains Rab5 activation and drives endosome proliferation, which, in turn, stabilizes βC1 to support efficient viral replication. Genetic disruption of Rab5 or VPS9a compromises endocytosis, reduces βC1 accumulation, and restricts infection by multiple geminiviruses. Together, these findings define the VPS9a-Rab5 module as a central proviral hub linking host membrane dynamics to effector stability and viral DNA amplification, revealing an unanticipated strategy in which a viral effector amplifies a cellular regulatory catalyst to reprogram a fundamental cellular pathway for virus infection.",crossref,0
Hdac3 suppresses apoptosis through deacetylating and stabilizing the antiapoptotic protein Diap1,https://www.science.org/doi/abs/10.1126/sciadv.aeg2060?af=R,AAAS: Science Advances: Table of Contents,2026-07-24 07:00:00 UTC,2026-07-24 07:00:00+00:00,10.1126/sciadv.aeg2060,Zizhang Zhou,"Apoptosis is a highly conserved process that eliminates unwanted or damaged cells in both physiological and pathological conditions. Dysregulation of apoptosis leads to developmental abnormalities and various diseases, such as neurodegeneration and cancer.
                    Drosophila
                    inhibitor of apoptosis 1 (Diap1) plays a crucial role in cell survival by inhibiting caspases and preventing apoptosis. However, under stress conditions, the prodeath proteins Rpr, Hid, and Grim (RHG) induce apoptosis by antagonizing Diap1. Despite being a key component of the apoptotic pathway, the mechanism that controls the stability of Diap1 remains unknown. Here, we find that loss of
                    hdac3
                    results in the activation of apoptosis, which is completely blocked by expressing Diap1. Although Hdac3 localizes in both the cell cytoplasm and nucleus, only the cytoplasmic Hdac3 is able to suppress apoptosis induced by
                    hdac3
                    deficiency, RHG overexpression, or x-ray irradiation. This finding indicates that Hdac3 exerts an antiapoptotic role independent of its canonical epigenetic functions. Loss of
                    hdac3
                    decreases Diap1 protein, which is rescued by introducing cytoplasmic Hdac3. The deacetylase activity is necessary for Hdac3 to suppress apoptosis. Mechanistically, Hdac3 interacts with Diap1 to remove the acetyl group from K315 on Diap1, thereby increasing its stability. Compared with the wild-type Diap1, the acetyl-deficient mutant Diap1-K315R exhibits stronger stability and antiapoptotic activity. Last, RHG proteins compete with Hdac3 for Diap1 interaction, directing Diap1 toward degradation and triggering apoptosis. Together, these findings not only reveal the involvement of Diap1 acetylation modification in apoptosis regulation but also clarify the role of Hdac3 in apoptosis.",crossref,0
A genetically encoded sensor of ionic stress links cellular proton dynamics to sleep,https://www.science.org/doi/abs/10.1126/sciadv.aef3219?af=R,AAAS: Science Advances: Table of Contents,2026-07-24 07:00:00 UTC,2026-07-24 07:00:00+00:00,10.1126/sciadv.aef3219,Dengke K. Ma,"Although biosensors for specific cellular ions are widely available, real-time monitoring of overall ionic strength in living organisms remains challenging. Here, we present a genetically encoded nuclear translocation ionic sensor (GENTIS) that enables direct visualization of ionic stress in vivo. Using this sensor alongside longitudinal tracking via an automated microfluidic platform, we find that
                    Caenorhabditis elegans
                    larvae experience highly synchronized, rhythmic elevations in intestinal ionic strength during the molt, a stage during which developmentally timed sleep occurs. Cytosolic proton accumulation through inhibition of vacuolar-type adenosine triphosphatases (V-ATPases) triggers GENTIS nuclear translocation and evokes behavioral quiescence, characterized by reduced feeding, locomotion, and activation of sleep-active neurons. Apical membrane V-ATPases naturally undergo disassembly during molting and stress, conditions that cause proton accumulation and sleep. Notably, this proton-linked sleep is suppressed by proton buffering with ammonium. Together, these findings establish GENTIS as a powerful tool for tracking ionic strength dynamics in vivo and reveal that proton ionic rhythms contribute to the regulation of sleep.",crossref,0
Unheralded high MHC class II polymorphism in the abundant Atlantic herring resolved by long-read sequencing,https://www.science.org/doi/abs/10.1126/sciadv.aea2862?af=R,AAAS: Science Advances: Table of Contents,2026-07-24 07:00:00 UTC,2026-07-24 07:00:00+00:00,10.1126/sciadv.aea2862,Leif Andersson,"Although major histocompatibility complex (MHC) genes are the most polymorphic genes in vertebrates, we still lack a clear understanding about the extent of polymorphism and selection mechanisms dominantly driving it. Here, we use 29 haploid genome assemblies resolved by long-read sequencing to characterize MHC II genes in Atlantic herring, a pelagic fish and one of the most abundant vertebrates on Earth. We found nine MHC II loci in total distributed on four chromosomes, three of which were extremely polymorphic because of high sequence diversity, in particular at peptide binding sites, along with high copy number variation. This study reveals that the herring MHC class II genes are among the most, if not the most, polymorphic so far described in vertebrates.",crossref,0
Carbonate‐Anion Engineering Enables Humidity‐Resistant Halide Solid Electrolytes with Superionic Conductivity,https://advanced.onlinelibrary.wiley.com/doi/10.1002/aenm.71362?af=R,Wiley: Advanced Energy Materials: Table of Contents,2026-07-24 07:25:23 UTC,2026-07-24 07:25:23+00:00,10.1002/aenm.71362,Fuqiang Huang,"ABSTRACT
                  
                    The commercialization of all‐solid‐state batteries (ASSBs) is hindered by the lack of a solid electrolyte (SE) that simultaneously delivers high ionic conductivity, resilience to humidity, and efficient low‐temperature operation. Herein, we propose to develop solid‐state electrolytes (SEs) by reacting Li
                    2
                    CO
                    3
                    with chloride frameworks. The CO
                    3
                    2−
                    group serves a dual function: it forms a rigid, hydrolysis‐resistant scaffold via non‐hydrolysable metal‐carbonate bonds, while its high polarizability and charge delocalization soften local phonon modes, significantly reducing the activation energy for Li
                    +
                    migration. Ta‐based SE achieves an ionic conductivity of 7.1 mS cm
                    −1
                    at 25°C, ranking among the highest for amorphous SEs; Zr‐based SE retains 80% of its conductivity after direct exposure to humid air (20% RH, 2 h), outperforming commercial sulfide and halide counterparts. ASSBs employing these SEs demonstrate ultralong cycling stability (&gt;1000 cycles with 90% capacity retention at 25°C) and unprecedented low‐temperature performance, operating effectively down to −60°C. This work establishes a generalizable design principle for next‐generation SEs that unify high conductivity, stability, and practicality.",crossref,0
Self‐Assembled Ag/NiO‐Perovskite Multiphase Composite Catalyst for Enhanced Oxygen Evolution Catalysis,https://advanced.onlinelibrary.wiley.com/doi/10.1002/aenm.71331?af=R,Wiley: Advanced Energy Materials: Table of Contents,2026-07-24 07:27:17 UTC,2026-07-24 07:27:17+00:00,10.1002/aenm.71331,Xueliang Sun,"ABSTRACT
                  
                    Developing oxygen evolution reaction (OER) catalysts that balance high activity and long‐term durability remains a key challenge for alkaline water electrolysis. Herein, we report a perovskite‐dominant Ag/NiO multiphase composite catalyst derived from nominal Sr
                    0.8
                    Ag
                    0.2
                    Co
                    0.6
                    Fe
                    0.2
                    N
                    i0.2
                    O
                    3‐δ
                    (SACFN2), featuring in situ segregation of Ag and NiO nanophases on a defect‐rich perovskite matrix through self‐driven lattice reconstruction. A‐site Ag
                    +
                    exsolution creates oxygen vacancies and lattice distortion, facilitating B‐site Ni migration and surface NiO segregation. Under OER conditions, NiO nanophases reconstruct toward NiOOH/(Ni,Co,Fe)O(OH)‐like active species, while Ag‐containing domains promote charge redistribution and stabilize the Ag/NiO–perovskite interface. SACFN2 achieves an overpotential of 231 mV at 10 mA cm
                    −2
                    , a Tafel slope of 51.28 mV dec
                    −1
                    , and sustained operation over 1000 h at 100 mA cm
                    −2
                    . Furthermore, anion exchange membrane water electrolyzer (AEMWE) testing with SACFN2 as the anode and Pt/C as the cathode demonstrates stable long‐term operation at 500 mA cm
                    −2
                    for 1000 h, with only a 54 mV voltage increase. Structural analyses confirm a stable Ag/NiO–perovskite composite interface and oxygen‐deficient lattice framework, demonstrating the value of perovskite‐based multiphase interface and defect engineering for alkaline OER catalysis.",crossref,0
Machine‐Learning‐Assisted Elucidation of Ion Transport Mechanism in Heterogeneous Interphases Formed at the Electrolyte–Electrode Interfaces,https://advanced.onlinelibrary.wiley.com/doi/10.1002/aenm.71360?af=R,Wiley: Advanced Energy Materials: Table of Contents,2026-07-24 07:28:16 UTC,2026-07-24 07:28:16+00:00,10.1002/aenm.71360,Liwen F. Wan,"ABSTRACT
                  The structural and compositional heterogeneity at electrolyte/electrode interfaces critically determines the functionality, performance, and stability of modern Li‐ion batteries. However, atomic‐scale characterization remains challenging due to the high degree of disorder, spatial confinement, and dynamic evolution of these interfaces, leaving their role in Li‐ion transport poorly understood. LiF and  are among the most prevalent interfacial components, forming either intentionally or through electrode contamination and electrolyte decomposition during cycling. Here, we employ large‐scale molecular dynamics simulations accelerated by machine‐learning interatomic potentials to investigate how local heterogeneity at LiF/ interfaces affects Li transport. Our results show that highly mixed Li–F– chemistries at the interface enable rapid Li conduction and are both energetically stable and dynamically robust. These findings suggest that incorporating an appropriate fraction of  can disrupt homogeneously LiF‐covered interlayers, thereby enhancing Li‐ion transport kinetics while improving the mechanical robustness of the interlayer structure.",crossref,0
Internal Al/Al2O3 Potential Drop Impacted by External Al2O3/Electrolyte Interaction to Unlock Al Corrosion in Lithium Metal Batteries,https://advanced.onlinelibrary.wiley.com/doi/10.1002/aenm.71326?af=R,Wiley: Advanced Energy Materials: Table of Contents,2026-07-24 07:35:41 UTC,2026-07-24 07:35:41+00:00,10.1002/aenm.71326,Long Kong,"ABSTRACT
                  
                    High‐voltage lithium‐metal batteries are pivotal for increasing energy density but suffer from aluminum (Al) current collector corrosion. While the native Al
                    2
                    O
                    3
                    layer provides thermodynamic stability, corrosion persists through electric‐field‐driven Al
                    3+
                    migration. Guided by P. Marcus theory, we identify that the total potential drop across the Al/Al
                    2
                    O
                    3
                    /electrolyte system is partitioned between two distinct interfaces, where the internal Al/Al
                    2
                    O
                    3
                    potential drop generates a localized electric field that serves as the fundamental kinetic driver for Al
                    3+
                    egress. Departing from conventional strategies focused on anion‐induced chemical passivation, we establish an interfacial potential modulation framework and report a cascade effect where intensifying specific anion adsorption at the external Al
                    2
                    O
                    3
                    /electrolyte interface increases the external potential drop, which inherently reduces the internal potential drop. This potential redistribution weakens the internal electric field and elevates the energy barrier for outward Al
                    3+
                    transport. By introducing NO
                    3
                    −
                    as an electric‐field‐responsive anion to optimize this distribution, we enable Li||NCM811 cells to maintain stable capacity at 4.5 V for over 180 cycles. These findings establish a versatile theoretical framework for stabilizing multiphase interfaces in high‐voltage energy storage systems.",crossref,0
