title,link,source,published_str,pub_date,doi,last_author,abstract,abstract_source,must_have_abstract
Cryogenic energy storage enabled by dipole glass with unit-cell-level polar disorder,https://www.nature.com/articles/s41565-026-02260-8,Nature Nanotechnology,2026-08-24 00:00:00 UTC,2026-08-24 00:00:00+00:00,10.1038/s41565-026-02260-8,Zuhuang Chen,"Cryogenic energy storage is crucial for the development of frontier nanoelectronics, including deep-space exploration (down to 90 K) and quantum computing (≤4 K). However, conventional electrochemical energy storage systems (such as secondary batteries and electrochemical capacitors) underperform at temperatures below ∼230 K due to restricted ion mobility. Although relaxor-based dielectric capacitors provide high energy efficiency (>80%) above ∼200 K, the intrinsic freezing/growth of polar nanodomains (that is, nanometric regions with local electric polarization) in the extended cryogenic regime (88%) down to 4 K, delivering an energy density of 211 J cm−3 at 9 MV cm−1, stability over 108 charge/discharge cycles and microsecond-scale charge/discharge capability. This work introduces a dipole-glass paradigm that enables control of polar disorder at the unit-cell level, providing insights into the technology development of highly efficient energy storage systems with broad applications.",nature_html,0
Technical feasibility and economic viability for coupling electrocatalytic reactions,https://www.nature.com/articles/s44359-026-00208-8,Nature Reviews Clean Technology,2026-08-24 00:00:00 UTC,2026-08-24 00:00:00+00:00,10.1038/s44359-026-00208-8,Jinlong Gong,"Heterogeneous electrocatalytic reactions driven by renewable electricity offer a route for chemical production. To advance these technologies towards applications, it is essential to maximize the use of each valuable electron, to drive valorization reactions at both the anode and cathode. Coupled electrocatalytic systems with well designed integrated anodic and cathodic reactions could simultaneously improve process efficiency and product value. This Review describes the technical principles and economic considerations for coupling electrocatalytic reactions. Technically, a well designed coupled system should reduce the reaction potential for elevated energy efficiency, with matched mass flow and electron consumption at both electrodes. Additional technical principles include streamlining downstream processing and improving operational safety. Economically, an integrated techno-economic assessment framework could comprehensively consider the financial, environmental and regulatory impacts. The coupling viability score, which combines economic, environmental and uncertainty information, could enable quantitative comparisons of coupled systems. Coupled electrochemical systems for green hydrogen production with alternative anodic reactions, carbon dioxide utilization for C1 products, and organic valorization through cascade and convergent architectures show favourable economic viability. Further development in electrocatalyst design, electrode construction and electrolyser optimization, supported by advanced characterization techniques, computational simulations and artificial intelligence, together with the full guidance of economic analysis, is needed for the implementation of coupled electrocatalytic systems.",nature_html,0
Probing thermal transport in hybrid metal halide perovskites,https://www.nature.com/articles/s44359-026-00209-7,Nature Reviews Clean Technology,2026-08-24 00:00:00 UTC,2026-08-24 00:00:00+00:00,10.1038/s44359-026-00209-7,Du Chen,,,0
Redox chemistry of halide materials unlocking next-generation all-solid-state batteries,https://www.cell.com/joule/fulltext/S2542-4351(26)00325-9?rss=yes,Joule,2026-08-24 00:00:00 UTC,2026-08-24 00:00:00+00:00,10.1016/j.joule.2026.102641,Qiang Zhang,"Solid electrolytes have long been treated as inert “dead mass” in all-solid-state batteries. This perspective challenges that view by highlighting the redox chemistry of halide materials, which can serve as both ionic conductors and capacity contributors. A strategic voltage window matching design enables substantial electrode energy density gains, paving the way toward 600 Wh kg−1 next-generation all-solid-state batteries for electric aviation and beyond.",rss_cell,0
Topologically Plastic Reservoir Computing with Self-rectifying Memristor Arrays,https://academic.oup.com/nsr/advance-article/doi/10.1093/nsr/nwag525/8769432?rss=1,National Science Review Advance Access,2026-08-24 00:00:00 UTC,2026-08-24 00:00:00+00:00,10.1093/nsr/nwag525,Yishu Zhang,"Predicting the evolution of high-dimensional chaotic systems, such as meteorological and climate dynamics, demands hardware-efficient frameworks capable of capturing complex spatio-temporal correlations. While reservoir computing (RC) offers a promising approach, conventional implementations are constrained by fixed network topologies that cannot adapt to the non-stationary, multi-scale dynamics inherent to real-world chaos. Here, we introduce a reconfigurable RC system with topological plasticity whose core functionality is intrinsically enabled by a novel self-rectifying memristor (SRM) array. The SRM device, featuring high rectification ratio (>106) and 128 distinguishable conductance states, exhibits a unique voltage-gated tri-modal operation: a low-voltage regime (0–2 V) for local nonlinear computation; a high-voltage regime (2.5–3 V) that induces stable resistive switching, enabling dynamic, hardware-level reconfiguration of global reservoir connectivity; and a negative-voltage regime (−2V–0) that blocks inter-conductance crosstalk. This tri-modal operation allows the physical hardware substrate itself—a 16 kb SRM array—to morph its interconnect topology in direct response to operational demands. When applied to the classical Lorenz system, our model achieves normalized mean squared error (NMSE) of 0.0613 with a core-array energy cost of 0.83 pJ/op. In meteorological dynamics forecasting, the system physically implements an adaptively tuned small‑world network reservoir, sustaining > 90% frame‑by‑frame accuracy over 30 days—a 7.6% improvement versus the fixed‑topology reservoir hardware. Our work establishes a new paradigm of adaptive neuromorphic computing driven by device physics, providing a transformative hardware solution for the energy-efficient and high-fidelity forecasting of complex environmental phenomena.",rss_oup,0
Stabilizing vacancy-rich In2O3 by isolated Cr species for durable CO2 hydrogenation,https://academic.oup.com/nsr/advance-article/doi/10.1093/nsr/nwag532/8769434?rss=1,National Science Review Advance Access,2026-08-24 00:00:00 UTC,2026-08-24 00:00:00+00:00,10.1093/nsr/nwag532,Li Tan,"The over-reduction of the vacancy-rich In2O3 phase remains a critical challenge in CO2 hydrogenation over In2O3-based catalysts. Here, we demonstrate that a vacancy-stabilizing ensemble consisting of isolated Cr atoms embedded in the In2O3 lattice can simultaneously provide abundant surface Ov sites, excellent catalytic activity and outstanding structural stability under CO2 hydrogenation conditions. Through experimental and DFT investigations, we identify the active site to be Cr3+-[Ov]2-Inδ+, where paired Ov sites facilitate CO2 adsorption in a bridge configuration and subsequent hydrogenation to HCOO* intermediates. The optimized catalyst with 10 mol% Cr delivers a methanol yield 2.1 times higher than that on pristine In2O3 and maintains structural integrity without detectable metallic In° formation over 110 h time-on-stream, even after strongly reducing treatment. This work highlights the isolated-Cr-stabilized oxygen-vacancy-pair ensembles as an effective strategy to reconcile abundant active vacancies with structural durability in In2O3-based CO2 hydrogenation catalysts.",rss_oup,0
"Revealing the stabilization pathway, stack validation, and techno-economic assessment of phosphonate-Fe(III) complex for near-neutral aqueous all-iron flow batteries",https://academic.oup.com/nsr/advance-article/doi/10.1093/nsr/nwag533/8769436?rss=1,National Science Review Advance Access,2026-08-24 00:00:00 UTC,2026-08-24 00:00:00+00:00,10.1093/nsr/nwag533,Zhong Jin,"Aqueous iron-based redox flow batteries are promising for grid-scale energy storage due to inherent safety, low cost, and material abundance. However, their stability remains limited by poor redox reversibility and iron dendrite formation. Herein, we report a hexadentate phosphate-rich Fe(III) complex, Fe(P4N2), specifically engineered for near-neutral conditions. The robust Fe–O/Fe–N coordination environment of phosphate-based ligand framework stabilizes redox-active Fe3+/Fe2+ centers and suppresses parasitic side reactions. Additionally, the hydrogen-bond-rich solvation shell, formed by abundant phosphonate terminal groups, fosters a dense hydration layer around the complex, bringing high aqueous solubility (1.47 M) and low cross-membrane contamination. Consequently, the Fe(P4N2)-based flow batteries demonstrate high energy efficiency (85.7% at 100 mA cm−2), rapid redox kinetics (21.4 Wh L−1 at 200 mA cm−2), ultralow capacity decay (0.00052% per cycle or 0.027% per day). When scaled to a 12-cell stack (900 cm2 active area per cell), the Fe(P4N2)-based flow batteries deliver a stable 300 W power output during long-term operation. Techno-economic analysis demonstrates promising economic potential for this system, driven by low material cost, high energy efficiency, and long-term durability. This study establishes a multidentate phosphate coordination strategy for developing fast-charging, durable, scalable, and economically attractive all-iron redox flow batteries.",rss_oup,0
"Gram-scale microbial synthesis of hypericin, a low-abundance complex phytochemical drug candidate",https://academic.oup.com/nsr/advance-article/doi/10.1093/nsr/nwag517/8769438?rss=1,National Science Review Advance Access,2026-08-24 00:00:00 UTC,2026-08-24 00:00:00+00:00,10.1093/nsr/nwag517,Ren Xiang Tan,"Hypericin is a promising Phase II/III drug candidate for oncology and psoriasis, yet its sustainable supply is problematic: multi-step synthesis is resource-intensive, and heterologous expression is blocked by the unknown plant pathway. Here, we re-engineer the polyketide biosynthetic pathways in Cladosporium fulvum and overcome substrate inhibition and metabolic inefficiency, achieving scalable and plant-pathway-independent biomanufacturing of hypericin. In particular, we redesigned the catalytic cavity of the critical P450 enzyme RugG to yield a variant (RugGT452P-R160D) with enhanced activity and reduced substrate inhibition. This achievement was combined with the suppression of shunt product formation to redirect metabolic flux toward emodin bianthrone—an indispensable hypericin precursor. These efforts enabled us to construct an engineered strain, ΔclaC-ΔclaH2-rugGT452P-R160D-claA-claE, which produced 1.87 g/L hypericin in a 5-L bioreactor after photocatalytic treatment. Collectively, this work provides an effective strategy for alleviating substrate inhibition and redirecting metabolic flux in the biomanufacturing of complex, high-value natural products.",rss_oup,0
Enhancing generalization in non-uniformly sampled NMR spectra reconstruction via accelerated conditional diffusion models,https://academic.oup.com/nsr/advance-article/doi/10.1093/nsr/nwag527/8769440?rss=1,National Science Review Advance Access,2026-08-24 00:00:00 UTC,2026-08-24 00:00:00+00:00,10.1093/nsr/nwag527,Zhong Chen,"Multidimensional NMR spectroscopy provides rich molecular-level information on species and structures, with broad significance across chemistry, biology, and materials science. However, its widespread application is generally limited by prolonged acquisition times. Combining non-uniform sampling techniques with spectra reconstruction methods offers a promising solution to this acquisition bottleneck. Traditional reconstruction methods are robust but constrained by algorithmic assumptions and approximations, whereas deep learning approaches can potentially overcome these limitations and achieve higher reconstruction fidelity, though generalization to unseen data remains challenging. Here, we present an accelerated conditional diffusion model for multidimensional NMR spectra reconstruction, formulating the task as a probabilistic iterative denoising process that progressively refines undersampled spectra under physical constraints. Experiments demonstrate that this method outperforms both traditional and end-to-end deep learning algorithms in peak recovery, artifact suppression, and robustness across multiple sampling conditions and experimental datasets.",rss_oup,0
Generative Sociology: Leveraging Large Language Models to Comprehend Social Complexity,https://academic.oup.com/nsr/advance-article/doi/10.1093/nsr/nwag513/8769760?rss=1,National Science Review Advance Access,2026-08-24 00:00:00 UTC,2026-08-24 00:00:00+00:00,10.1093/nsr/nwag513,Linyuan Lü,"This article proposes a cyclical research paradigm that introduces agent-based generative simulation, expanding social experimentation beyond the limits of traditional empirical research.",crossref,0
Daily briefing: How ‘thunderquakes’ probe underground geology,https://www.nature.com/articles/d41586-026-02665-4,Nature,2026-08-24 00:00:00 UTC,2026-08-24 00:00:00+00:00,10.1038/d41586-026-02665-4,Flora Graham,,,0
Molecular-scale engineering of sulfide solid electrolytes for all-solid-state batteries: Prospects and challenges,https://www.cell.com/chem/fulltext/S2451-9294(26)00272-X?rss=yes,Chem,2026-08-24 00:00:00 UTC,2026-08-24 00:00:00+00:00,10.1016/j.chempr.2026.103206,Ali Coskun,"Organic molecular additives are transforming how sulfide solid electrolytes interact with electrodes and their environment. As interfacial stability increasingly limits battery performance, this review examines how molecules, polymers, and supramolecular assemblies tune interfacial behavior, revealing emerging structure-function relationships that can guide the design of safer, higher-performance all-solid-state batteries.",rss_cell,0
Flux-mediated ligand exchange restructures metal–organic framework glasses,https://www.nature.com/articles/s41563-026-02712-5,Nature Materials,2026-08-24 00:00:00 UTC,2026-08-24 00:00:00+00:00,10.1038/s41563-026-02712-5,Sebastian Henke,"Melt-quenched glasses derived from metal–organic frameworks (MOFs) combine the processability of glasses with the modularity and microporosity of MOFs, yet remain structurally and functionally less diverse than crystalline analogues. Here we show that the chelating ligand 1,10-phenanthroline acts as an organic flux that lowers the glass transition temperature of selected MOFs and induces ligand exchange during melting, thereby enabling control over local coordination and global topology in MOF glasses. In Co2+-based systems, phenanthroline coordinates to the metal nodes, increases the coordination number and reduces network connectivity by forming terminal ligands. This coordination sphere engineering affords a level of structural control not readily achievable in conventional inorganic or organic glasses. Crucially, the lower processing temperature suppresses thermal decomposition, enabling the synthesis of Co2+-based MOF glasses free of magnetic impurities. These glasses exhibit antiferromagnetic coupling and represent unique examples of magnetic MOF glasses formed by melt quenching. Finally, we extend the strategy to otherwise non-meltable carboxylate-based MOFs, establishing flux-mediated ligand exchange as a versatile route to hybrid glasses with tailored connectivity and properties.",nature_html,0
Electrical manipulation and detection of perpendicular altermagnetic order via a proximitized Dirac semimetal,https://www.nature.com/articles/s41563-026-02721-4,Nature Materials,2026-08-24 00:00:00 UTC,2026-08-24 00:00:00+00:00,10.1038/s41563-026-02721-4,Hyunsoo Yang,"Altermagnets, which combine antiferromagnetic-like magnetic compensation with ferromagnetic-like broken time-reversal symmetry, hold great promise for high-density and ultrafast spintronic applications. However, the detection and switching of perpendicular altermagnetic order are fundamentally constrained by magnetic symmetry, restricting both fundamental studies and practical implementation. Here we demonstrate the robust electrical reading and deterministic switching of perpendicular altermagnetic order by designing a Dirac semimetal/altermagnet heterostructure of PtTe2/CrSb. This engineered interface enables anomalous Hall read-out via the altermagnetic proximity effect and delivers efficient spin–orbit torque for manipulating the epitaxial perpendicular Néel vector in CrSb. These findings substantially broaden the functional scope of altermagnetic heterostructures and pave the way for scalable altermagnetic memory.",nature_html,0
Crustal weakening before rupture at volcanoes after long repose,https://www.nature.com/articles/s41467-026-77001-5,Nature Communications,2026-08-24 00:00:00 UTC,2026-08-24 00:00:00+00:00,10.1038/s41467-026-77001-5,Christopher R. J. Kilburn,"At volcanoes reawakening after prolonged quiescence, local seismicity commonly increases before eruption. The earthquakes occur as crust extends over a zone of pressurising fluid several kilometres underground. The deformation causes existing faults to slip and new fractures to open. An eruption is most likely when the fractures grow large enough to rupture the crust. Fracture growth coincides with a net decrease in the elastic energy stored in the crust. Here we present a method for following changes in stored energy through a balance between the energy supplied by the pressure source and lost by seismicity. We test the method against unrest sequences at two large calderas, Sierra Negra and Campi Flegrei. The results provide a practical procedure for identifying the onset of fracture growth and, hence, for recognising an increased potential for crustal rupture.",nature_html,0
Lessons learned from European land subsidence,https://www.nature.com/articles/s41893-026-01918-4,Nature Sustainability,2026-08-24 00:00:00 UTC,2026-08-24 00:00:00+00:00,10.1038/s41893-026-01918-4,Eleftheria Poyiadji,"Land subsidence is a global threat. In Europe, it impacts tens of millions of people by increasing flood risk and damage to the built environment. Land subsidence is the result of a combination of natural and human-induced subsurface processes, and there is considerable potential to mitigate the human-induced drivers through policy and legislation. We show how Europe is approaching the issues of measuring and addressing subsidence at a continental scale. We look ahead to the challenges of climate change and the energy transition in the context of amplifying the impacts of land subsidence, providing lessons learned from the European approach.",nature_html,0
Dichalcogenide Electronegativity Engineering Enables Low‐Redox‐Potential Organic Anodes for High‐Performance Calcium‐Ion Batteries,https://onlinelibrary.wiley.com/doi/10.1002/anie.5837924?af=R,Wiley: Angewandte Chemie International Edition: Table of Contents,2026-08-24 03:59:08 UTC,2026-08-24 03:59:08+00:00,10.1002/anie.5837924,Mingxian Liu,"ABSTRACT
                  
                    Organic anodes for calcium‐ion batteries (CIBs) generally rely on extended conjugated structures to host high‐density redox couples for enhanced capacity. However, this design often lowers frontier molecular orbital energies, resulting in undesirably high redox potentials (&gt; −0.6 V) that compromise cell voltages. Here we propose a dichalcogenide electronegativity engineering by introducing a family of diphenyl dichalcogen compounds (Ph‐2S, Ph‐2Se, and Ph‐2Te) featuring dual sulfide, selenide, telluride motifs, as high‐performance CIB anodes. The decreasing electronegativity along dichalcogenide bonds (S─S &gt; Se─Se &gt; Te─Te) progressively elevates the lowest unoccupied molecular orbital energy from −2.80 (Ph‐2S) to −2.50 (Ph‐2Se) and −2.00 eV (Ph‐2Te), shifting the redox potentials to increasingly negative values of −0.76, −0.82, and −0.84 V, respectively. Moreover, Ph‐2Te shows the strongest redox activity to start four‐electron Te‐conversion with 98% utilization (vs. 65% of Ph‐2Se and 31% of Ph‐2S). Consequently, Ph‐2Te anode liberates the highest capacity of 257 mAh g
                    −1
                    , outperforming Ph‐2S (152 mAh g
                    −1
                    ) and Ph‐2Se (223 mAh g
                    −1
                    ). Notably, Ph‐2Te anode enables state‐of‐the‐art CIBs with a high redox voltage (1.2 V), an active‐material‐pair level energy density (68 Wh kg
                    −1
                    ), and a long lifespan (5000 cycles). This work establishes dichalcogenide engineering as a promising strategy toward low‐redox‐potential organic anodes for advanced CIBs.",crossref,0
Molecularly Engineered Ultralow‐Loss Soft Polymers for Deformable Printed Photonics,https://advanced.onlinelibrary.wiley.com/doi/10.1002/adma.74723?af=R,Wiley: Advanced Materials: Table of Contents,2026-08-24 04:02:18 UTC,2026-08-24 04:02:18+00:00,10.1002/adma.74723,Lydia Helena Wong,"ABSTRACT
                  
                    Achieving ultralow optical loss, broadband transparency, and mechanical softness within a single polymer network remains a long‐standing challenge for soft photonics. Here, we report a molecularly engineered class of UV‐curable thiol‐ene‐aromatic polymers that reconciles optical performance with mechanical compliance. By combining thiol crosslinkers with aromatic acrylates to form a low‐absorption network and introducing a phenyl‐bearing comonomer to mitigate near‐infrared vibrational overtone absorption while tuning elasticity and printability, the optimized A50 formulation exhibits ultralow optical attenuation of ∼0.004 dB cm
                    −
                    1
                    , together with broadband transparency from 310 to 1100 nm and transmittance exceeding 90% above 380 nm at millimeter‐scale thicknesses. The same formulation remains mechanically compliant and supports high‐fidelity freeform UV‐based 3D printing, while exhibiting high thermal stability (onset ≈333°C). Leveraging this combination of optical and mechanical properties, we demonstrate deformable waveguides and bioinspired optomechanical devices capable of robust, multichannel optical sensing under repeated low‐force interactions and compliant manipulation. This work establishes a molecular design strategy for creating soft polymers with ultralow optical loss, providing a materials platform for next‐generation soft photonic interfaces and adaptive robotic systems.",crossref,0
Amorphous Intermediates Mediate van der Waals Nanosheets Formation via Anion‐Exchange‐Driven Symmetry Breaking,https://onlinelibrary.wiley.com/doi/10.1002/anie.2791465?af=R,Wiley: Angewandte Chemie International Edition: Table of Contents,2026-08-24 04:03:10 UTC,2026-08-24 04:03:10+00:00,10.1002/anie.2791465,Yang Liu,"ABSTRACT
                  
                    Fe
                    3
                    GeTe
                    2
                    has attracted considerable attention as a two‐dimensional (2D) van der Waals (vdW) magnetic material owing to its exceptional electromagnetic properties and potential for spintronic applications. However, complex thermodynamic competition among multiple metal species, together with severe kinetic barriers associated with the transformation from dense non‐vdW frameworks to vdW layered structures, has thus far prevented the solution phase synthesis, thereby severely limiting in‐depth property research and mechanistic understanding. Here we report a colloidal anion exchange strategy that enables the solution phase synthesis of Fe
                    3
                    GeTe
                    2
                    . By combining experiments with density functional theory (DFT) calculations, we identify an amorphous intermediate that kinetically decouples compositional evolution from structural reconstruction, thereby lowering the energy barrier and enabling a crystalline–amorphism–recrystalline phase transition. In this process, anion exchange induces symmetry breaking of the initial lattice and subsequent structural reorganization, ultimately driving the transformation from a non‐vdW framework to vdW layered structure. Moreover, this strategy is readily extended to other 2D material systems, leading to the successful synthesis of paramagnetic CuFeTe
                    2
                    and NiTe
                    2
                    as well as topological layered Bi
                    2
                    Te
                    3
                    , thereby establishing a general methodological pathway for accessing complex 2D vdW layered magnetic materials.",crossref,0
Programming Helical Charge‐Trapping Superstructures for High‐Performance White Circularly Polarized Luminescence and Multicolor Long‐Persistent Luminescence,https://advanced.onlinelibrary.wiley.com/doi/10.1002/adma.74722?af=R,Wiley: Advanced Materials: Table of Contents,2026-08-24 04:05:11 UTC,2026-08-24 04:05:11+00:00,10.1002/adma.74722,Wei Huang,"ABSTRACT
                  
                    Chiral organic phosphors with asymmetric electronic configurations and divergent orbital angular momenta are fundamental building blocks for circularly polarized luminescence (CPL) materials, holding great promise for colored LEDs and displays. However, realizing high‐purity, high‐efficiency white CPL (W‐CPL) and circularly polarized long‐persistent luminescence (CP‐LPL) in a single luminophore remains a formidable challenge. Herein, we report a duplex photopolymerization strategy to construct helical liquid‐crystalline charge‐trapping chiral architectures, integrating supramolecular cholesteric assembly and in situ olefin photopolymerization. Insulating alkene linkages barely disturb intrinsic singlet–triplet distributions and phosphorescence. Dual covalent/noncovalent crosslinking enhances polymer rigidity, stabilizes triplet excitons, and forms chiral exciplexes to produce high‐performance W‐CPL from combined fluorescence and phosphorescence. The optimized helical polymer delivers a 0.34 s CP‐RTP lifetime, ∼20 s afterglow, 39% quantum efficiency, and giant
                    g
                    p
                    h
                    o
                    s
                    factors (+1.24, −1.40) via charge trapping and chiral light reflection. Chiral FRET further enables yellow/orange/red/NIR CP‐LPL. This chiral exciplex polymer resists moisture, solvents, and heat, showing broad application potential in CP‐WLEDs and 3D anti‐counterfeiting.",crossref,0
Esterified Cholesterol Conjugates Enable LNP‐Mediated mRNA Delivery to the Blood–Brain Barrier Following Intravenous Administration,https://advanced.onlinelibrary.wiley.com/doi/10.1002/adma.74762?af=R,Wiley: Advanced Materials: Table of Contents,2026-08-24 04:05:21 UTC,2026-08-24 04:05:21+00:00,10.1002/adma.74762,Daniel J. Siegwart,"ABSTRACT
                  The blood–brain barrier (BBB) plays a critical role in maintaining central nervous system homeostasis by regulating molecular and cellular exchange between the brain and peripheral circulation. While most delivery strategies focus on crossing the BBB, targeting brain endothelial cells directly may offer a complementary and more controlled alternative for therapeutic intervention. This study presents a ligand‐free lipid nanoparticle (LNP) platform that enables efficient mRNA delivery to the brain endothelium via systemic administration. A modular synthesis strategy was used to generate a chemically diverse library of cholesterol‐based lipids. Screening of 486 LNPs identified an optimized four‐component formulation consisting of C6O2B2 (novel cholesterol‐based lipid), DODAP, DSPC, and DMG‐PEG, which achieves high transfection efficiency in brain endothelial cells without the incorporation of free cholesterol or disruption of BBB integrity and function, such as those utilized in focused ultrasound (FUS) techniques. This BBB‐targeting LNP platform avoids neuronal and glial transfection, thereby offering a noninvasive, and scalable approach for cerebrovascular gene delivery. The work establishes a new class of cholesterol‐based lipids and provides a foundation for next‐generation RNA therapeutics targeting BBB‐associated diseases.",crossref,0
Electrolyte Engineering Challenges and Opportunities for Next‐Generation Aqueous Ammonium‐Ion Batteries,https://advanced.onlinelibrary.wiley.com/doi/10.1002/adma.74782?af=R,Wiley: Advanced Materials: Table of Contents,2026-08-24 04:07:05 UTC,2026-08-24 04:07:05+00:00,10.1002/adma.74782,Tianyi Ma,"ABSTRACT
                  
                    Aqueous ammonium‐ion batteries (AAIBs) have emerged as a promising post‐lithium energy‐storage technology, combining intrinsic safety with sustainable viability. However, unlike other aqueous‐ion batteries, the engineering of AAIB electrolytes confronts a fundamental dilemma: their unique hydrogen‐bond (HB)‐rich environment, which enabling ultrafast NH
                    4
                    +
                    transport, concurrently exacerbates water decomposition and undermines electrolyte stability. In this review, we present the first comprehensive analysis of the dual role of HB networks in AAIB electrolytes and delineate their consequences for battery performance. We then systematically examine and evaluate the prevailing strategies devised to circumvent this dilemma, specifically anion engineering, salt‐concentration tuning, pH regulation, organic co‐solvent design, functional‐additive introduction, and semi‐solid electrolyte construction, while concurrently discussing their respective trade‐offs and future outlook. Finally, we outline future directions involving coupled‐reaction batteries, interfacial modeling, machine‐learning‐assisted electrolyte discovery, and sustainable ammonium sourcing. These insights provide a framework for balancing ion‐transport kinetics and electrolyte stability in next‐generation AAIBs.",crossref,0
Leveraging Data‐Driven and Fundamental Insights for Electrolyte Innovation in Lithium Metal Batteries,https://advanced.onlinelibrary.wiley.com/doi/10.1002/adma.74635?af=R,Wiley: Advanced Materials: Table of Contents,2026-08-24 04:09:52 UTC,2026-08-24 04:09:52+00:00,10.1002/adma.74635,Jun Liu,"ABSTRACT
                  
                    The rise of data science and decades of accumulated battery research have paved the way for the general use of computing in research. Here, the largest experimental coulombic efficiency (CE) dataset curated from over 100 scientific articles under strict selection criteria was analyzed to extract insights that would have been difficult to achieve through traditional scientific methods alone. By splitting the dataset according to CE measured using the Aurbach or cycle methods, normalizing electrolyte formulations by mass, and utilizing advanced data analytics coupled with physically informed feature engineering, we discovered that higher sF, lower sC, and sO values, influenced by fluorination degree, carbon chain length, and oxygen amount, respectively, contribute to improved CE. Surprisingly, boiling becomes a governing factor when all other features are identical, with lower boiling corresponding to higher CE. By leveraging insights gained and the model's accurate CE prediction (
                    R
                    2
                    = 0.85), a new electrolyte enabled a high CE of 99.57% in Li||Cu cells, excellent oxidative stability of ∼4.8 V versus Li
                    +
                    /Li, and 80% of capacity retention after more than 700 cycles in Li||NMC811 cells. The versatile machine learning workflow and the crafted features presented in this work can inspire the design of liquid electrolytes for other battery chemistries.",crossref,0
Nano‐Architected Metallic Metamaterial With Enhanced Fatigue Resistance via Dislocation Starvation,https://advanced.onlinelibrary.wiley.com/doi/10.1002/adma.74447?af=R,Wiley: Advanced Materials: Table of Contents,2026-08-24 04:25:07 UTC,2026-08-24 04:25:07+00:00,10.1002/adma.74447,Takashi Sumigawa,"ABSTRACT
                  Metal single crystals often suffer from severe strain localization under cyclic loading due to the absence of grain boundaries that act as crystallographic obstacles, resulting in their low fatigue resistance despite their advantages in applications requiring microstructural stability. This study demonstrates that this intrinsic trade‐off can be overcome by exploiting dislocation starvation that arises as metal single crystals are reduced to the nanoscale. Tension–compression fatigue tests on 300 nm‐wide nickel (Ni) single crystals reveal a fatigue‐crack initiation limit exceeding 800 MPa, more than an order of magnitude higher than that of bulk Ni single crystals. In situ transmission electron microscopy experiments directly capture dislocation starvation during cyclic loading, confirming that strain localization, which typically serves as a precursor to fatigue‐crack initiation, is completely suppressed. Based on this mechanism, a nano‐architected Ni single‐crystal metamaterial is designed to macroscopically harness dislocation starvation. Despite a relative density of only ∼50%, the metamaterial exhibits a fatigue‐crack initiation limit about twice that of homogeneous Ni single crystals. These findings introduce a dislocation‐starvation‐driven design principle for simultaneously enhancing fatigue resistance and reducing weight in metal single crystals, thereby opening a new paradigm beyond the conventional limitations.",crossref,0
2D Abrupt Nano‐Junctions Blending sp–sp2 Bonds on Atomically Precise Heterostructures,https://advanced.onlinelibrary.wiley.com/doi/10.1002/adma.74740?af=R,Wiley: Advanced Materials: Table of Contents,2026-08-24 04:33:08 UTC,2026-08-24 04:33:08+00:00,10.1002/adma.74740,Carlo S. Casari,"ABSTRACT
                  
                    Two‐dimensional heterostructures combining
                    sp
                    –
                    sp
                    hybridization—blending graphene with graphyne‐based allotropes—offer substantial potential for enhancing the tunability of electronic and transport properties while providing significant structural flexibility, which are desirable characteristics for next‐generation nanoscale electronics. Despite such potential, their experimental realization remains elusive, as synthesized carbon heterostructures are limited to doped, graphene‐based systems exhibiting exclusively
                    sp
                    hybridization. Here, the on‐surface synthesis of covalently bonded
                    sp
                    –
                    sp
                    lateral heterostructures between graphene nanoribbons and graphdiyne networks on Au(111) is demonstrated. Atomic‐resolution scanning tunneling microscopy, combined with density functional theory, reveals the formation mechanism of the covalent interfacial bonds between nanoribbons and graphdiynes, also highlighting the key role of surface chemistry. Bromine atoms, deriving from the molecules dehalogenation and chemisorbed along the nanoribbon, inhibit junction formation, but bonding efficiency can be boosted up to 66% by controlled removal of these byproducts. Electronic structure and transport calculations show that the 2D heterostructure by itself is characterized by disentangled properties for the two subsystems, forming an atomically narrow junction, enabling voltage‐tunable spatial current separation in two dimensions. These results define a viable strategy for engineering graphene‐based
                    sp
                    –
                    sp
                    heterostructures, paving the way for the design and synthesis of all‐carbon nanoscale electronic architectures.",crossref,0
Shifting drivers and predictable corridors of an illegal wildlife trade network,https://www.pnas.org/doi/abs/10.1073/pnas.2609240123?mi=eymic2&af=R&access=on&content=articlesChapters&publication=pnas&sortBy=Earliest&target=default,Proceedings of the National Academy of Sciences: Keyword search for query,2026-08-24 07:00:00 UTC,2026-08-24 07:00:00+00:00,10.1073/pnas.2609240123,Robert Heinsohn,"Illegal wildlife trade is a major driver of biodiversity loss but the lack of understanding of mechanisms sustaining criminal networks hampers law enforcement. We integrated three decades of confiscation data, criminological modeling, and spatial network analysis to dissect the illegal parrot trade in Mexico, a global hotspot of parrot diversity and endemism. Our interdisciplinary approach revealed that the wildlife trade is the leading threat, elevating their extinction risk. Trade is shifting from poverty-driven to population density-linked patterns. Circuit theory-based landscape modeling identified critical trade routes from biodiverse habitats to urban centers, providing actionable targets for law enforcement. Our study demonstrates the effectiveness of combining criminological methods with landscape science to identify specific trafficking routes, a transferable framework for generating actionable intelligence. Crucially, because illicit wildlife networks frequently converge with broader organized crime, this spatial framework provides a powerful proxy for exposing the shared logistical corridors of global illicit markets.",crossref,0
Enterochromaffin cells as a cellular integration hub for cooperative microbial signaling to modulate gut serotonin and motility,https://www.pnas.org/doi/abs/10.1073/pnas.2533336123?mi=eymic2&af=R&access=on&content=articlesChapters&publication=pnas&sortBy=Earliest&target=default,Proceedings of the National Academy of Sciences: Keyword search for query,2026-08-24 07:00:00 UTC,2026-08-24 07:00:00+00:00,10.1073/pnas.2533336123,Purna C. Kashyap,"The intestinal epithelium is exposed to diverse combinations of microbiota-derived compounds; however, the mechanisms by which the host integrates these signals remain poorly defined. Studying two highly abundant microbial metabolites, we identified the purine metabolite hypoxanthine as an effector metabolite that directly drives signaling and the short-chain fatty acid butyrate as a regulatory metabolite that conditions host responsiveness. Specifically, hypoxanthine activates the adenosine A1 receptor–TRPC4 axis in enterochromaffin (EC) cells, triggering calcium influx and serotonin release resulting in accelerated gastrointestinal transit locally and increased platelet activation systemically. In contrast, butyrate epigenetically upregulates specific G protein–coupled receptors and ion channels to enhance response to hypoxanthine and the neurotransmitters norepinephrine and dopamine. These findings define a cooperative signaling framework and highlight the role of EC cells as a distinct epithelial signaling hub that senses and integrates microbial metabolite signals to drive physiological responses. Our findings provide a mechanistic foundation for therapeutic strategies that leverage combinatorial microbial signaling.",crossref,0
Histone modification cross talk between a host and pathogen,https://www.pnas.org/doi/abs/10.1073/pnas.2611585123?mi=eymic2&af=R&access=on&content=articlesChapters&publication=pnas&sortBy=Earliest&target=default,Proceedings of the National Academy of Sciences: Keyword search for query,2026-08-24 07:00:00 UTC,2026-08-24 07:00:00+00:00,10.1073/pnas.2611585123,Evan J. Worden,"Bacterial pathogens modulate host cell physiology by secreting effector proteins that rewire host signaling pathways. A subset of these effectors directly modify host chromatin to reprogram gene expression and promote infection. While these enzymes are thought to function autonomously, the extent to which the host epigenetic landscape regulates their activity remains largely unknown. RomA and its homolog LegAs4 are Set domain-containing lysine methyltransferases from
                    Legionella pneumophila
                    that methylate histone H3 at lysine 14 (H3K14) to suppress host immune responses and enhance intracellular bacterial replication. Here, we demonstrate that RomA activity is constrained by preexisting host histone posttranslational modifications (PTMs) through multiple layers of histone PTM cross talk. RomA selectively binds and methylates unmodified histone H3 tails and is inhibited by histone PTMs associated with active transcription, including H3K4 trimethylation, H3K4 acetylation, and H4K12 mono-methylation. We identify both cis- and trans-histone regulatory mechanisms, whereby unmodified H3K4 and H3K14 must reside on the same H3 tail to support RomA activity, while H4K12me1 inhibits RomA across the nucleosome. Notably, cryo-electron microscopy analysis and biochemical data reveal that RomA does not engage the nucleosome acidic patch but instead associates flexibly through histone tails. Together, these findings establish the host epigenetic regulation of bacterial effectors as a fundamental and previously unrecognized layer of host–pathogen interactions.",crossref,0
The rod bipolar cell pathway contributes to surround responses in OFF retinal ganglion cells,https://www.pnas.org/doi/abs/10.1073/pnas.2532792123?mi=eymic2&af=R&access=on&content=articlesChapters&publication=pnas&sortBy=Earliest&target=default,Proceedings of the National Academy of Sciences: Keyword search for query,2026-08-24 07:00:00 UTC,2026-08-24 07:00:00+00:00,10.1073/pnas.2532792123,Olivier Marre,"Sensory neurons can be influenced by stimuli beyond their receptive field center, yet the mechanisms underlying this surround modulation remain poorly understood. In the retina, many OFF ganglion cells exhibit responses to ON stimulation outside their receptive field center. However, disentangling the pathways and cell types contributing to these responses has been challenging with traditional experimental approaches. Here, we combined optogenetics, two-photon holographic stimulation, and multielectrode array recordings to identify the intermediate retinal cell types involved in this circuit. We found that the pathway consisting of rod bipolar cells and AII amacrine cells—one of the primary relays of rod-driven signals under low-light conditions—plays a key role in mediating this surround modulation. Specifically, crossover inhibition exploits the same amacrine cells responsible for surround suppression to disinhibit distant ganglion cells. This suggests that the retina repurposes existing circuits for surround modulation, optimizing resources through multifunctional inhibitory pathways.",crossref,0
SIRT2 deacylase modulators control B cell metabolic reprogramming in EBV infection and mitogenic activation,https://www.pnas.org/doi/abs/10.1073/pnas.2532225123?mi=eymic2&af=R&access=on&content=articlesChapters&publication=pnas&sortBy=Earliest&target=default,Proceedings of the National Academy of Sciences: Keyword search for query,2026-08-24 07:00:00 UTC,2026-08-24 07:00:00+00:00,10.1073/pnas.2532225123,Micah A. Luftig,"Sirtuin-2 (SIRT2) is a cellular deacylase, regulating cell cycle progression and metabolic homeostasis. Recently, SIRT2 has emerged as a target with both anticancer and antiviral potential. However, the role and targetability of SIRT2 in viral-driven cancers remains unexplored. Epstein–Barr virus (EBV) is a ubiquitous herpesvirus with oncogenic potential that establishes latency in B lymphocytes and is typically controlled by a robust T cell immune response. In settings that compromise this response, such as immune suppression following transplant, EBV can cause B cell lymphomas. With broad immunosuppression and varying response rates limiting the effectiveness of existing lymphoma therapeutics, new strategies are necessary. Here, we report that SIRT2-selective compounds block EBV-mediated B cell transformation and EBV or mitogen-driven B cell division in vitro. SIRT2 modulation significantly alters gene expression and metabolism of EBV-infected B cells, reducing mitochondrial respiration, driving mitochondrial swelling, and inducing nutrient stress and autophagy. Treatment with SIRT2 modulators drives hyperacetylation of targets involved in lipid metabolism, central carbon metabolism, and oxidative phosphorylation. EBV-positive and EBV-negative B cell lymphomas rely on glycolysis to avoid cell death after SIRT2 modulation, revealing a metabolic vulnerability that can be harnessed to kill lymphoma cells. Overall, we have identified how SIRT2 could be implicated as a target of therapeutic potential for B cell lymphomas, while also defining fundamental roles for extranuclear lysine acetylation in regulating B cell proliferation and metabolism.",crossref,0
A dominant mutation in tomato DNA POLYMERASE DELTA 1 causes geminivirus DNA replication catastrophe,https://www.pnas.org/doi/abs/10.1073/pnas.2531841123?mi=eymic2&af=R&access=on&content=articlesChapters&publication=pnas&sortBy=Earliest&target=default,Proceedings of the National Academy of Sciences: Keyword search for query,2026-08-24 07:00:00 UTC,2026-08-24 07:00:00+00:00,10.1073/pnas.2531841123,Wilhelm Gruissem,"Geminiviruses pose a severe threat to grain and vegetable crops worldwide, often resulting in significant economic losses. In cultivated tomato (
                    Solanum lycopersicum
                    ),
                    Ty
                    resistance alleles have been introduced from wild tomato relatives, providing partial to strong resistance to geminivirus infections. The
                    Ty-6
                    resistance locus from
                    Solanum chilense
                    was previously mapped to chromosome 10. It was recently shown to contain a mutant allele of the
                    DNA POLYMERASE DELTA 1
                    (
                    POLD1
                    ) gene that provides resistance to Tomato yellow leaf curl virus (TYLCV) infections. However, the resistance mechanism remained unknown. Here, we report another
                    POLD1
                    allele at the
                    Ty-6
                    locus of
                    S. chilense
                    with an E622D mutation in the catalytic site of the POLD1 protein.
                    
                      POLD1
                      E622D
                    
                    is maintained as a heterozygous dominant allele in
                    S. chilense
                    and the AVTO2225 breeding line. It provides full resistance to the severe TYLCV Thailand (TYLCTHV) strain. The E622D amino acid change does not alter the predicted structure of POLD1. Replication of the TYLCTHV genome in plants carrying the
                    
                      POLD1
                      E622D
                    
                    allele is severely compromised by a high frequency of mutations that accumulate in viral DNA, which results in nonfunctional proteins that are essential for continuous viral replication. Ectopically expressing the
                    
                      POLD1
                      E622D
                    
                    allele cDNA alone causes mutations in TYLCTHV genes in inoculated leaves.
                    S. chilense
                    and AVTO2225 plants carrying the
                    
                      POLD1
                      E622D
                    
                    allele mount a hypersensitive response after TYLCTHV infection, indicating that the defective virus genome cannot suppress the plant defense. The dominant
                    
                      POLD1
                      E622D
                    
                    allele is therefore an effective resistance gene that geminiviruses cannot overcome.",crossref,0
Shifting gears to power human walking,https://www.pnas.org/doi/abs/10.1073/pnas.2524115123?mi=eymic2&af=R&access=on&content=articlesChapters&publication=pnas&sortBy=Earliest&target=default,Proceedings of the National Academy of Sciences: Keyword search for query,2026-08-24 07:00:00 UTC,2026-08-24 07:00:00+00:00,10.1073/pnas.2524115123,Darryl G. Thelen,"The musculoskeletal system features an abundance of functionally similar muscles, yet the performance benefits of this apparent redundancy remain unclear. Here, we show that muscles with similar function, but distinct moment arms, facilitate a dynamic gear-shifting mechanism in walking. Ankle power generation is shown to transition from large (triceps surae) to small (posterior tibialis, peroneals, and extrinsic toe flexors) moment arm muscles as joint velocity increases during pushoff. Computational models reveal that the sequential power phasing emerges naturally from muscle-tendon dynamics given the underlying differences in muscle geometry and architecture. Tendon kinetic measures during walking align with the model predictions and reveal that small plantarflexors contribute substantially more to powering human walking than previously recognized. These findings provide insights into the functional role of muscle redundancy, and suggest a fundamental principle governing the coordinated recruitment of synergistic muscles in locomotion.",crossref,0
Chemosymbiotic trophic strategy in an Ediacaran tubular animal,https://www.pnas.org/doi/abs/10.1073/pnas.2526201123?mi=eymic2&af=R&access=on&content=articlesChapters&publication=pnas&sortBy=Earliest&target=default,Proceedings of the National Academy of Sciences: Keyword search for query,2026-08-24 07:00:00 UTC,2026-08-24 07:00:00+00:00,10.1073/pnas.2526201123,Lisa M. Pratt,"Chemosymbiosis may have been a key driver of early animal evolution and diversification. Yet evidence for animal–microbe nutritional partnerships in the fossil record of early metazoans remains scarce, largely owing to the limited availability of robust geochemical proxies and suitable fossilization pathways. Here, we report extremely low molybdenum isotope (δ
                    98
                    Mo) values in pyritized fossils of the terminal Ediacaran
                    Conotubus
                    , a nonbiomineralized cloudinomorph representing some of the earliest metazoans. Such low δ
                    98
                    Mo values are otherwise only known in modern cold-seep chemosymbiotic tubeworms hosting sulfur-oxidizing bacterial symbionts. Homogeneously low δ
                    34
                    S signatures of fossils indicate that rapid pyritization in early diagenesis under euxinic taphonomic settings preserved primary
                    Conotubus
                    chitinous δ
                    98
                    Mo. Substantial δ
                    34
                    S fractionation relative to seawater sulfate and high Δ
                    33
                    S values indicate that active microbial H
                    2
                    S oxidation occurred within their habitat. Our findings provide evidence that
                    Conotubus
                    may have engaged in chemosymbiosis with sulfur-oxidizing bacteria—the earliest geochemically supported case in the fossil record. This trophic strategy likely enabled
                    Conotubus
                    to thrive in the redox-stratified Ediacaran ocean where sulfide and oxidants coexisted, facilitating its ecological success.",crossref,0
Gut microbiome–metabolome interactions during varied low-carbohydrate food consumption,https://www.pnas.org/doi/abs/10.1073/pnas.2533462123?mi=eymic2&af=R&access=on&content=articlesChapters&publication=pnas&sortBy=Earliest&target=default,Proceedings of the National Academy of Sciences: Keyword search for query,2026-08-24 07:00:00 UTC,2026-08-24 07:00:00+00:00,10.1073/pnas.2533462123,Kelsey N. Thompson,"Low-carbohydrate (LC) foods have been associated with weight loss, insulin resistance, and reduced inflammation. Gut microbes may drive these effects by changing the host’s immune and metabolic state, yet the optimal replacement strategies (e.g., protein vs. fat) and the biochemical impacts are still uncertain. Thus, we conducted a randomized cross-over study in canines (n = 35) using a high-carbohydrate food for 4 wk, followed by two 5-wk intervals of LC foods replacing carbohydrates with fat or protein. Feces and blood samples collected after each interval underwent metabolome profiling, as well as shotgun metagenomic and metatranscriptomic sequencing from feces. We observed strong associations between food and overall fecal and serum chemical and gut microbial composition.
                    Bifidobacterium
                    spp. were significantly reduced during consumption of either LC food, whereas many species from Firmicutes increased. In addition to broad taxonomic changes, we also found that several microbially associated metabolites (tryptophan derivatives, secondary bile acids, and short-chain fatty acid fermentation) shifted in abundance in response to differing LC foods. Broadly, we also identified a strong trend toward decreased amino acids in the feces of dogs fed LC foods, particularly the high fat food. Coupled with decreased fecal dipeptide levels and increased fecal ammonia, these findings indicate a broad metabolic shift within the gut microbiome, potentially toward protein catabolism. Together, the data suggest that diverse carbohydrate replacement strategies induce extensive gut reprogramming, with some changes dependent on whether carbohydrate energy was replaced with fat or protein.",crossref,0
Paleomagnetic evidence for a nebular magnetic field from calcium-aluminum-rich inclusions,https://www.pnas.org/doi/abs/10.1073/pnas.2521660123?mi=eymic2&af=R&access=on&content=articlesChapters&publication=pnas&sortBy=Earliest&target=default,Proceedings of the National Academy of Sciences: Keyword search for query,2026-08-24 07:00:00 UTC,2026-08-24 07:00:00+00:00,10.1073/pnas.2521660123,Kevin D. McKeegan,"The initial stage of planet formation is expected to take place in a nascent protoplanetary disk (PPD) accreting onto the protostar embedded in an infalling envelope. This stage is likely accompanied by the formation of high-condensation temperature solids resembling calcium-aluminum-rich inclusions (CAIs), the oldest known solar system solids. However, it is unknown whether magnetism and/or gravity dominantly drove accretion in the youngest evolutionary stages of PPDs and the solar nebula. Here we report paleomagnetic measurements of CAIs indicating that they record a nebular magnetic field of ∼150 to 600 μT. This intensity is consistent with magnetic fields playing a key role driving disk accretion while also heating the very inner disk to 10
                    3
                    K at the earliest stages of solar system formation.",crossref,0
HLA class I escape drives the evolution of SARS-CoV-2 in human populations,https://www.pnas.org/doi/abs/10.1073/pnas.2619192123?mi=eymic2&af=R&access=on&content=articlesChapters&publication=pnas&sortBy=Earliest&target=default,Proceedings of the National Academy of Sciences: Keyword search for query,2026-08-24 07:00:00 UTC,2026-08-24 07:00:00+00:00,10.1073/pnas.2619192123,Georgii A. Bazykin,"The role of escape from the cytotoxic T cell (CTL) response in Severe acute respiratory syndrome-related coronavirus 2 (SARS-CoV-2) evolution remains controversial. Here, we study the origin and spread of SARS-CoV-2 variants whose mutations reduce presentation by the human leukocyte antigen (HLA) class I alleles common in human populations. We find that 35% of mutations that are characteristic of the variants of concern, and 39% of all subsequent viral mutations, facilitate escape of viral epitopes from presentation. Mutations allowing escape from more common HLA alleles reach higher frequencies, particularly in those countries where these HLA alleles are more frequent, indicating that escape is selected by the local genetic composition of the human host population. We also show that viral mutations that accumulated in general-population transmission chains matched population HLA class I allele frequencies as well as, or better than, mutations acquired during persistent infections, suggesting that selection in favor of escape mutations is not limited to immunocompromised individuals. Together, these data reveal CTL escape as a facet of selection, a driver of evolution, and an epidemiological concern for SARS-CoV-2.",crossref,0
Declining hydraulic safety in a drier world,https://www.pnas.org/doi/abs/10.1073/pnas.2622754123?mi=eymic2&af=R&access=on&content=articlesChapters&publication=pnas&sortBy=Earliest&target=default,Proceedings of the National Academy of Sciences: Keyword search for query,2026-08-24 07:00:00 UTC,2026-08-24 07:00:00+00:00,10.1073/pnas.2622754123,Qing Ye,"Forests worldwide are increasingly exposed to soil drought under climate change, with their fates depending on the ability to maintain essential functions like water transport (hydraulics) and photosynthesis. Acclimation is expected to mitigate drought impacts, but the extent to which trees acclimate remains largely untested, which limits our predictive confidence. Here, we examined 24 physiological attributes from 40 globally distributed forest throughfall reduction (TFE) experiments and found no evidence that trees adjusted their hydraulic or photosynthetic systems in response to drought. Key attributes related to embolism resistance, hydraulic efficiency, leaf nutrients, and Rubisco carboxylation capacity remained unchanged, regardless of coniferous or broadleaf trees, local precipitation levels, or the duration and severity of drought treatments. However, drought-induced declines in tissue water potentials, combined with unchanged embolism resistance, led to narrower hydraulic safety margins and thus an increased risk of hydraulic failure. Although net photosynthetic rate declined significantly due to stomatal closure, nonstructural carbohydrates (starch and sugars) remained stable, suggesting a shift in carbohydrate allocation toward storage. These findings indicate that trees maintain their hydraulic and photosynthetic capacities under drier conditions, enabling them to maximize carbon assimilation on favorable periods following rainfall, while facing an increased risk of hydraulic failure during drought. Physiological acclimation is unlikely to mitigate future drought impacts, while tree mortality from hydraulic failure is likely to increase.",crossref,0
Hidden global diversity and sampling gaps in Orthoptera insects revealed through distribution data,https://www.pnas.org/doi/abs/10.1073/pnas.2529490123?mi=eymic2&af=R&access=on&content=articlesChapters&publication=pnas&sortBy=Earliest&target=default,Proceedings of the National Academy of Sciences: Keyword search for query,2026-08-24 07:00:00 UTC,2026-08-24 07:00:00+00:00,10.1073/pnas.2529490123,María Marta Cigliano,"Insects are essential to terrestrial ecosystems but remain underrepresented in global biodiversity assessments. This macroecological study presents a global analysis of diversity patterns in Orthoptera (grasshoppers, locusts, crickets, and katydids), using over 830,000 georeferenced records, species distribution models, and environmental data. The analysis revealed hotspots of diversity and endemism in tropical and subtropical regions of Asia, South America, and Africa. Biome-level comparisons showed that moist tropical forests and Mediterranean regions harbor high richness and endemism of Ensifera, while Caelifera diversity is higher in grasslands and deserts. The two suborders exhibit contrasting biogeographic patterns: Ensifera shows a classic tropical diversity gradient, whereas Caelifera presents a bimodal pattern with wider species ranges. However, for both suborders, their high-diversity regions face rapid land-use change. By integrating biodiversity data with endemism, sampling gaps, and land-use pressures, the study produces an “emergency map” to guide urgent field surveys and conservation efforts. The work emphasizes the need to prioritize poorly studied yet biologically rich regions and highlights the importance of expert-curated databases like the Orthoptera Species File in biodiversity research and conservation planning.",crossref,0
Loss of epitranscriptomic mitochondrial RNA surveillance drives epithelial type I interferon and inflammation in autoimmunity,https://www.pnas.org/doi/abs/10.1073/pnas.2534325123?mi=eymic2&af=R&access=on&content=articlesChapters&publication=pnas&sortBy=Earliest&target=default,Proceedings of the National Academy of Sciences: Keyword search for query,2026-08-24 07:00:00 UTC,2026-08-24 07:00:00+00:00,10.1073/pnas.2534325123,Rami Bechara,"Chronic interferon (IFN) activation is a hallmark of autoimmune diseases such as systemic lupus erythematosus and Sjögren’s disease (SjD), where epithelial cells are key contributors. Although viral and retroelement triggers have been proposed as triggers, direct evidence in patient tissues is limited, and endogenous mechanisms of epithelial IFN dysregulation remain unclear. Mitochondrial double-stranded RNA (mt-dsRNA) is a potent type I IFN (IFN-I) inducer, but its regulation in epithelial cells is poorly understood. We identify a mechanism in which the RNA methyltransferase METTL3 stabilizes
                    REXO2
                    mRNA in primary salivary gland epithelial cells through
                    N6
                    -methyladenosine (m
                    6
                    A) modification. REXO2 encodes a mitochondrial exonuclease that controls mt-dsRNA. METTL3 inhibition reduces REXO2, causing mt-dsRNA accumulation and IFN-I signaling amplification and inflammation. Single-cell and bulk transcriptomic analyses, together with immunofluorescence of salivary gland tissues from SjD patients and controls, reveal reduced REXO2 expression and elevated IFN-I signatures in SjD.
                    Rexo2
                    is likewise downregulated in epithelial cells of a spontaneous SjD mouse model. REXO2 loss amplifies IFN-I responses and inflammation across several epithelial contexts, while methyl donors restore REXO2 and dampen IFN activation, highlighting a targetable regulatory checkpoint in IFN-driven autoimmune diseases, alongside potential parallel stress pathways.",crossref,0
Site-specific phosphorylation affects the structure and interactions of the Ycf1p R region,https://www.pnas.org/doi/abs/10.1073/pnas.2532795123?mi=eymic2&af=R&access=on&content=articlesChapters&publication=pnas&sortBy=Earliest&target=default,Proceedings of the National Academy of Sciences: Keyword search for query,2026-08-24 07:00:00 UTC,2026-08-24 07:00:00+00:00,10.1073/pnas.2532795123,Voula Kanelis,"Many ATP-binding cassette (ABC) proteins function in active transport of solutes across biological membranes. At minimum, ABC proteins contain two repeats of a transmembrane domain (TMD) and a nucleotide binding domain (NBD). In many ABC proteins, the TMD-NBD halves are connected by an intrinsically disordered linker that regulates the activity of the ABC protein through phosphorylation. These regulatory (R) regions are often invisible or at low-resolution in cryo-EM maps. Thus, information about how R region phosphorylation controls ABC transporter activity is missing. Using NMR spectroscopy, we discern the structural features and interactions of the R region from the yeast cadmium factor 1 protein (Ycf1p), a C subfamily ABC protein that is homologous to human multidrug resistance protein 1. Our data show that the entire R region possesses residual secondary structure that changes with phosphorylation, including for often-invisible R region segments. The data demonstrate R region interactions with NBD1 and also with NBD2. NBD/R region interactions depend on the phosphorylation state of the R region and on the nucleotide-bound and oligomeric states of the NBDs, indicating how R region interactions change during the transport cycle. Complementary biochemical studies show that R region phosphorylation affects the ATPase activity of the NBDs. Yeast viability assays highlight the importance of R region residual structure and interactions on Ycf1p activity. The structural, biochemical, and in vivo studies enhance our molecular-level understanding of how R region affects the transport cycle of Ycf1p and related ABC proteins.",crossref,0
Learning to outgrow the competition: Reaction–diffusion systems that adapt to time-dependent environments,https://www.pnas.org/doi/abs/10.1073/pnas.2605428123?mi=eymic2&af=R&access=on&content=articlesChapters&publication=pnas&sortBy=Earliest&target=default,Proceedings of the National Academy of Sciences: Keyword search for query,2026-08-24 07:00:00 UTC,2026-08-24 07:00:00+00:00,10.1073/pnas.2605428123,Guy Bunin,"A fundamental challenge in both biology and engineering is understanding how adaptation can emerge from simple physical or chemical building blocks. Biological adaptation appears to rely on two key capabilities: information processing, to enable learning of complex tasks, and reproduction, to give such learning its value through reproductive success. Creating and coordinating these capabilities poses both a formidable engineering challenge and a fundamental evolutionary puzzle. Here, we propose a model in which learning and reproduction emerge jointly from simple, nonequilibrium chemical systems, without prior design or evolution. The model’s essential features are that it supports many steady states and spatial heterogeneities, upon which adaptation arises solely from exposure to time-varying influxes of reactants, without any predesigned program or memory. The adaptive response is specific to the temporal sequence of environmental changes, yet general enough to extend to related sequences. Learning manifests in several forms: It is reinforced through repeated exposure to the same environmental sequence, representing a form of self-learning, and enhanced through spatial interactions, corresponding to a form of collective learning. Moreover, an adapted state can accelerate adaptation in nearby regions, providing a mechanism akin to teacher-guided learning. By coupling environmental variations to stochastic reaction–diffusion dynamics, our model establishes a minimal physical framework in which learning of complex environments and selective amplification of the states that encode them arise directly from nonequilibrium chemical processes.",crossref,0
Stochasticity and probabilistic trajectory scoring are essential for data-driven closures of chaotic systems,https://www.pnas.org/doi/abs/10.1073/pnas.2609143123?mi=eymic2&af=R&access=on&content=articlesChapters&publication=pnas&sortBy=Earliest&target=default,Proceedings of the National Academy of Sciences: Keyword search for query,2026-08-24 07:00:00 UTC,2026-08-24 07:00:00+00:00,10.1073/pnas.2609143123,Martin T. Brolly,"Coarse-grained models of chaotic systems neglect unresolved degrees of freedom, inducing structured model error that limits predictability and distorts long-term statistics. Typical data-driven closures are trained to minimize prediction error over a single time step, implicitly assuming Markovian dynamics and often failing to capture long-term behavior. Recent approaches instead optimize losses over finite trajectories. However, when such trajectory-based training is carried out with deterministic pointwise losses, it introduces a fundamental mathematical degeneracy. We prove that optimizing pointwise deterministic losses, including but not limited to mean squared error, over chaotic trajectories suppresses predictive variance, with a corresponding loss of physical variability in long integrations. In contrast, strictly proper scoring rules avoid this degeneracy. By targeting forecast distributions rather than realized trajectories, they remove the penalty against predictive spread and align the long-lead optimum with the invariant measure. Using quasi-geostrophic turbulence as a canonical chaotic system, we validate this theory: Closures trained with one-step losses fail to capture stable coarse-grained dynamics, while deterministic closures optimized over trajectories exhibit the variance-loss tendency predicted by our analysis. Stochastic closures calibrated over trajectories using the energy score, however, overcome both structural limitations, yielding skillful ensemble forecasts and realistic long-term statistics. Our results establish that both stochastic modeling and trajectory-based calibration are essential for faithfully representing the dynamics of coarse-grained systems.",crossref,0
The role of chloride ions in serotonin transport,https://www.pnas.org/doi/abs/10.1073/pnas.2605760123?mi=eymic2&af=R&access=on&content=articlesChapters&publication=pnas&sortBy=Earliest&target=default,Proceedings of the National Academy of Sciences: Keyword search for query,2026-08-24 07:00:00 UTC,2026-08-24 07:00:00+00:00,10.1073/pnas.2605760123,Lucy R. Forrest,"The human serotonin (5-HT
                    +
                    ) transporter SERT facilitates 5-HT
                    +
                    transport into cells by coupling it to Na
                    +
                    symport and K
                    +
                    antiport. Although extracellular Cl
                    –
                    is also essential for transport, Cl
                    –
                    cotransport has been disputed, raising questions about the role of Cl
                    –
                    ions and why they are required. We show that Cl
                    –
                    gradients do not impact 5-HT
                    +
                    accumulation, indicating that Cl
                    –
                    does not provide a driving force for uptake and arguing against stoichiometric Cl
                    –
                    symport. The presence of Cl
                    –
                    had only a small effect on Na
                    +
                    -mediated cytoplasmic pathway closure but markedly reduced the accessibility of residues in the extracellular pathway, consistent with modulation of the outward-facing states. Simulations illustrate that Cl
                    –
                    interacts strongly with a bound Na
                    +
                    ion and stabilizes helix packing on the extracellular side. We propose that Cl
                    –
                    acts as an essential architectural cofactor by enhancing Na
                    +
                    affinity and interactions between helices, thereby facilitating transport-related conformational transitions.",crossref,0
"Soil management practices shape the abundance, diversity, and spread of antimicrobial resistance",https://www.pnas.org/doi/abs/10.1073/pnas.2605731123?mi=eymic2&af=R&access=on&content=articlesChapters&publication=pnas&sortBy=Earliest&target=default,Proceedings of the National Academy of Sciences: Keyword search for query,2026-08-24 07:00:00 UTC,2026-08-24 07:00:00+00:00,10.1073/pnas.2605731123,Jessica L. Hite,"Agricultural soils are critical hotspots of antimicrobial resistance genes (ARGs). Yet, the environmental factors shaping these reservoirs and the hazards they pose to humans and livestock remain poorly understood. Because management practices introduce antibiotics, heavy metals, and nonantibiotic biocides, they can rapidly select for resistance. Most studies have examined components of management practices in isolation, overlooking the multiple stressors of modern industrial agriculture. Here, we used a large-scale field experiment to examine how multiple stressors from soil and crop management interact to shape antimicrobial resistance. We combined shotgun metagenomics, phylogenomics, and risk-score analyses to quantify the diversity of ARGs, mobile genetic elements (MGEs), and the transmission potential of drug-resistant pathogens. Relative to other management systems, intensive, chemically reliant monoculture systems, typical of the US Corn Belt, create strong selective pressures promoting more abundant and diverse ARGs and MGEs. These systems therefore carry greater potential to transmit ARGs, including those with relevance to both livestock and public health such as
                    tetA
                    and
                    
                      bla
                      PAM
                    
                    , likely mediated by integration and excision. In contrast, less-intensive, lower-input systems with diverse crop rotations maintained resistomes with lower abundance, diversity, and transmission potential. Our results suggest that these patterns could arise due to the divergent effects of management practices on overall soil microbial diversity, an ecological barrier that can suppress ARGs. This study highlights the need to understand the combined stressors of agricultural practices, beyond antimicrobial use, to design effective strategies to mitigate antimicrobial resistance.",crossref,0
Optically induced Faraday–Goldstone waves,https://www.pnas.org/doi/abs/10.1073/pnas.2535297123?mi=eymic2&af=R&access=on&content=articlesChapters&publication=pnas&sortBy=Earliest&target=default,Proceedings of the National Academy of Sciences: Keyword search for query,2026-08-24 07:00:00 UTC,2026-08-24 07:00:00+00:00,10.1073/pnas.2535297123,Premala Chandra,"Faraday waves, typically observed in driven fluids, result from the confluence of nonlinearity and parametric amplification. Here we show that optical pulses can generate analogous phenomena that persist much longer than the pump time-scales in ordered quantum solids. We present a theory of ultrafast light–matter interactions within a symmetry-broken state; dynamical nonlinear coupling between the Higgs (amplitude) and the Goldstone (phase) modes drives an emergent phason texture that oscillates in space and in time: Faraday–Goldstone waves. Calculated signatures of this spatiotemporal order compare well with measurements on K
                    0.3
                    MoO
                    3
                    ; Higgs–Goldstone beating, associated with coherent energy exchange between these two modes, is also predicted. We show this light-generated crystalline state is robust to thermal noise, even when the original Goldstone mode is not. Our results offer a pathway for the design of periodic structures in quantum materials with ultrafast light pulses.",crossref,0
Low‐Pressure CO2 and Aromatic Recognition by Interlayer Adaptive Crystal of π‐Hole‐Functionalized Zn(II) Coordination Sheets,https://onlinelibrary.wiley.com/doi/10.1002/anie.4090353?af=R,Wiley: Angewandte Chemie International Edition: Table of Contents,2026-08-24 07:00:00 UTC,2026-08-24 07:00:00+00:00,10.1002/anie.4090353,Akiko Hori,"ABSTRACT
                  
                    A layer‐type host, an interlayer adaptive crystal (LAC) constructed from paddle‐wheel Zn(II) nodes, tetrafluoroisophthalate (
                    L
                    ) linkers, and pyridine (Py) axial ligands, [Zn(
                    L
                    )Py]
                    2n
                    , exhibits guest‐induced, electrostatically driven breathing. The crystal contains 2.6 Å π‐hole‐defined ultramicropores that act not as classical channels but as electrostatic triggers for guest‐induced single‐crystal‐to‐single‐crystal expansion. Dynamic modulation of interlayer spacing and surface contacts yields exceptional flexibility and molecular selectivity. Tetrafluorophenyl π‐holes generate positive quadrupole fields that drive adsorption through host–host repulsion and strong recognition of guests with negative quadrupole moments. Uniaxial voids occupy 12% of the volume, allowing uptake of molecules larger than the ultramicropore. N
                    2
                    , CO
                    2
                    , CH
                    4
                    , and benzene show type‐I adsorption from very low pressure, incorporating 1.2, 2.0, 1.5, and 1.0 molecules per [Zn(
                    L
                    )Py]
                    2
                    unit. CO
                    2
                    uptake is accompanied by fully reversible interlayer expansion, while benzene inclusion expands the void space to 186% of that of the guest‐free crystal. CO
                    2
                    is preferentially adsorbed over N
                    2
                    and CH
                    4
                    , corroborated by recognition trends among benzene, trifluorobenzene, and hexafluorobenzene. Guest molecules form one‐dimensional arrays within the expanded lattice, and the breathing two‐dimensional sheet combines the uptake capability of metal‐organic frameworks (MOFs) with the molecular precision of nonporous adaptive crystals (NACs), demonstrating an interaction‐programmed mode of selective molecular inclusion.",crossref,0
Cross-species identification of conserved and divergent locomotor kinematic strategies using AutoGaitA,https://www.pnas.org/doi/abs/10.1073/pnas.2534093123?mi=eymic2&af=R&access=on&content=articlesChapters&publication=pnas&sortBy=Earliest&target=default,Proceedings of the National Academy of Sciences: Keyword search for query,2026-08-24 07:00:00 UTC,2026-08-24 07:00:00+00:00,10.1073/pnas.2534093123,Graziana Gatto,"Distinct behaviors require the nervous system to execute specialized motor programs, each characterized by unique patterns of body muscle coordination. Whether the execution and adaptation of these programs follow conserved principles across species and perturbations remains unclear. To compare motor programs across species, perturbations, and behaviors, we developed the Python toolbox Automated Gait Analysis (AutoGaitA). Using AutoGaitA and inferring from kinematics, we found that locomotor programs in flies, mice, and humans rely on diverse mechanisms to generate limb propulsive strength, but employ a similar distal-to-proximal gradient of joint movement velocities. In addition, we showed that aging induces a loss of propulsive strength in all species while preserving the velocity gradient. Furthermore, we observed that in mice, locomotor programs adapt as an integrated function of concomitant perturbations, namely aging and task difficulty. Taken together, using our newly developed versatile quantitative framework AutoGaitA, we began to reveal the conserved and divergent mechanisms underlying the execution of locomotor programs in physiological and perturbed states.",crossref,0
Structural basis of GSDME pore formation and its regulation by S-palmitoylation,https://www.pnas.org/doi/abs/10.1073/pnas.2614339123?mi=eymic2&af=R&access=on&content=articlesChapters&publication=pnas&sortBy=Earliest&target=default,Proceedings of the National Academy of Sciences: Keyword search for query,2026-08-24 07:00:00 UTC,2026-08-24 07:00:00+00:00,10.1073/pnas.2614339123,Hao Wu,"Pyroptosis is defined as gasdermin-mediated lytic programmed cell death. Gasdermin E (GSDME), a substrate of the apoptotic caspase-3, can convert apoptosis into pyroptosis, with critical roles in antitumor immunity and chemotherapy-induced tissue damage. Despite its importance, the structural mechanism of GSDME pore formation and its regulation by posttranslational modifications remain largely unknown. Here, we present the cryo-electron microscopy (cryo-EM) structure at 3.16 Å resolution of the human GSDME N-terminal (NT) pore using proteins expressed from mammalian cells. The structure reveals a GSDME-NT pore assembled mainly as a 28-subunit homo-oligomer, and a dramatic conformational rearrangement from the autoinhibited state, with refolding of the two β-hairpins in each monomer to form a membrane-spanning β-barrel with an acidic conduit. Unexpectedly, we identify endogenous S-palmitoylation of C45, C168, and C180, required for membrane binding and pore formation. In addition, extra cryo-EM densities are visible adjacent to the C45 side chain, potentially corresponding to the flexibly linked palmitate chain. Structure-guided mutagenesis demonstrates that these palmitoylation sites synergistically control pore formation. The structure served as a molecular blueprint for analyzing cancer-associated mutations, known to disrupt GSDME function. These mutations cluster at functional hotspots in the oligomerization interfaces, membrane-contact regions, and the β-barrel, where they disrupt pore integrity. Collectively, our findings establish palmitoylation as an obligatory licensing step for membrane binding and pore formation, provide structural visualization of a palmitoylated gasdermin, and reveal how cancer-associated mutations impair pyroptotic function. This structure and these insights will be useful for developing strategies that target GSDME to treat cancer and inflammatory disease.",crossref,0
Calbindin stratifies midbrain dopaminergic neurons governing distinct aspects of locomotion,https://www.pnas.org/doi/abs/10.1073/pnas.2613593123?mi=eymic2&af=R&access=on&content=articlesChapters&publication=pnas&sortBy=Earliest&target=default,Proceedings of the National Academy of Sciences: Keyword search for query,2026-08-24 07:00:00 UTC,2026-08-24 07:00:00+00:00,10.1073/pnas.2613593123,Jean-François Poulin,"Despite advances in delineating the molecular diversity and projection patterns of midbrain dopamine (DA) neurons, subtype-specific contributions to motor learning and movement execution remain poorly defined. Here, we applied intersectional ablation and inhibitory chemogenetics to dissect the roles of calbindin-expressing (CALB1
                    +
                    ) and nonexpressing (CALB1
                    −
                    ) DA neurons in locomotion. Using newly engineered intersectional autocleavable Caspase3 constructs, we ablated CALB1
                    +
                    or CALB1
                    −
                    DA neurons in the mouse midbrain. CALB1
                    −
                    DA neuron ablation caused severe weight loss, whereas CALB1
                    +
                    DA neuron ablation produced no overt health impairments. Nonetheless, loss of either subtype led to a bradykinetic-like phenotype on the initiation and vigor of voluntary movements. Only ablation of CALB1
                    −
                    DA neurons impaired performance on the accelerated rotarod. To test if these phenotypes are the result of DA subtype activity, we silenced either population using the inhibitory DREADD hM4Di. Consistent with ablation, silencing CALB1
                    −
                    DA neurons impacted the initial performance on the rotarod, whereas inhibition of CALB1
                    +
                    DA neurons did not impact performance on the first day, but prevented across-day improvement. Silencing both populations impaired the initiation and vigor of voluntary movements. We next investigated whether this locomotor phenotype stemmed from reduced DA release in the dorsolateral striatum (DLS). While CALB1
                    −
                    silencing abrogated DA transients in the DLS, CALB1
                    +
                    silencing unexpectedly resulted in increased transients in DLS. Thus, our results demonstrate that DA transients in the DLS are not invariably coupled with movement execution. Altogether, these findings uncover both distinct and shared roles of molecularly defined DA subtypes in shaping different aspects of locomotion.",crossref,0
Pelagic food web realignment supports resilient larvae of Southern Bluefin Tuna in a warming ocean,https://www.pnas.org/doi/abs/10.1073/pnas.2601583123?mi=eymic2&af=R&access=on&content=articlesChapters&publication=pnas&sortBy=Earliest&target=default,Proceedings of the National Academy of Sciences: Keyword search for query,2026-08-24 07:00:00 UTC,2026-08-24 07:00:00+00:00,10.1073/pnas.2601583123,Luke Matisons,"Many of the oceans’ top predatory fishes at low to mid latitudes face an uncertain future as their vulnerable larvae deal with higher environmental temperature and reduced productivity associated with climate change. However, ocean ecosystem models that predict a general decline of zooplankton prey with warming and stratification hardly ever account for complexities in pelagic food webs that might make them resilient in providing food resources for larvae. We illustrate such complexities in comparing feeding interactions of larval Southern Bluefin Tuna (SBT) between two studies conducted 35 y apart in the same spawning region off northwest Australia. In the first (1987), SBT larvae fed and grew at low rates demonstrably limited by zooplankton prey. In the second (2022), feeding and growth were significantly higher despite substantially warmer conditions. The difference reflects a realignment in larval feeding preference from copepods to appendicularians, which allows a more direct and efficient energy transfer pathway from the microbially dominated food web base to higher-level consumers. These findings reset thinking on bluefin larvae feeding preferences, demonstrate high growth on an appendicularian diet up to 30 °C, and align with predictions of appendicularians being an environmentally selected zooplankton category in warming oligotrophic waters.",crossref,0
"Convergent roles of GDF-15 in mechanotransduction, vascular disorganization, and immune suppression in melanoma",https://www.pnas.org/doi/abs/10.1073/pnas.2602594123?mi=eymic2&af=R&access=on&content=articlesChapters&publication=pnas&sortBy=Earliest&target=default,Proceedings of the National Academy of Sciences: Keyword search for query,2026-08-24 07:00:00 UTC,2026-08-24 07:00:00+00:00,10.1073/pnas.2602594123,Gavin P. Robertson,"Melanoma, particularly in its advanced forms, remains one of the most lethal skin cancers, with limited effective treatments for both common cutaneous subtypes and rarer variants such as acral melanoma. The effects of the extracellular matrix (ECM) and other cancer-cell extrinsic processes on melanoma development remain underexplored. This study identifies growth differentiation factor-15 (GDF-15) as a mechanosensing-regulated driver of melanoma pathogenesis across melanoma types. GDF-15 is shown here to be mechanically induced by ECM rigidity and compressive forces occurring during metastatic progression, leading to significantly elevated levels in both cutaneous and acral melanoma cells. In this study, ECM rigidity was recapitulated using cell-adhesive gelatin methacryloyl (GelMA) hydrogel microparticles (microgels) with tunable stiffness, providing a biomimetic platform to investigate how mechanical cues in the tumor microenvironment regulate GDF-15 expression in melanoma. A previously unrecognized synergy between GDF-15 and inflammatory factors commonly present in tumors was identified and found to promote a disorganized, hyperpermeable vasculature, thereby facilitating tumor nutrient access and impeding effective immune cell infiltration. GDF-15 knockdown reduced the intratumoral hemorrhage phenotype, indicating a causal role. GDF-15 also functions by directly suppressing natural killer (NK) cell-mediated cytotoxicity, revealing a second cooperating mechanism of immune evasion. These effects position GDF-15 as a key node linking mechanical stress, co-operation with inflammatory factors, abnormal vascular development, and immune dysfunction, thereby converging on pathways and processes relevant to melanoma progression and treatment.",crossref,0
Structural evolution beyond carbon fullerenes: A family of metal–oxo clusters,https://www.pnas.org/doi/abs/10.1073/pnas.2602851123?mi=eymic2&af=R&access=on&content=articlesChapters&publication=pnas&sortBy=Earliest&target=default,Proceedings of the National Academy of Sciences: Keyword search for query,2026-08-24 07:00:00 UTC,2026-08-24 07:00:00+00:00,10.1073/pnas.2602851123,Changwen Hu,"Fullerenes are a unique class of stable molecular clusters whose structural evolution is constrained by the geometry and topology of pentagon–hexagon arrangements of sp
                    2
                    -hybridized carbons with (p–p)π conjugation. However, extending this geometry- and topology-driven structural evolution to other inorganic systems remains exceedingly rare, because it is highly challenging to achieve controlled assembly of distinct building units and precisely tune their numbers. Here, we report a family of metal–oxo clusters with
                    
                      V
                      30
                      Nb
                      12
                    
                    ,
                    
                      V
                      26
                      Nb
                      8
                    
                    ,
                    
                      V
                      24
                      Nb
                      6
                    
                    , and
                    
                      V
                      22
                      Nb
                      4
                    
                    cluster cores. They are constructed from
                    m
                    {(Nb)V
                    5
                    } pentagons and
                    l
                    {(V)V
                    4
                    } squares linked through shared vanadium centers. These clusters show a stepwise pentagon decrease (
                    m
                    = 12 → 8 → 6 → 4) and square increase (
                    l
                    = 0 → 2 → 3 → 4) and follow a mathematically defined evolution rule
                    l
                    = 6 –
                    m
                    /2. Quantum-chemical analyses show that, similar to the curved (p–p)π-conjugation characteristic of carbon fullerenes, a spherical multicenter (d–p)π-conjugated network stabilizes these curved {(Nb)V
                    5
                    } pentagons and {(V)V
                    4
                    } squares. Together, these findings demonstrate that fullerene-like structural evolution is not restricted to carbon frameworks, but can emerge in metal–oxo clusters through multicenter (d–p)π-conjugation interaction.",crossref,0
"The moisture dynamics in arid Central Asia over the last 47,000 years: Insights from the speleothem record",https://www.pnas.org/doi/abs/10.1073/pnas.2537342123?mi=eymic2&af=R&access=on&content=articlesChapters&publication=pnas&sortBy=Earliest&target=default,Proceedings of the National Academy of Sciences: Keyword search for query,2026-08-24 07:00:00 UTC,2026-08-24 07:00:00+00:00,10.1073/pnas.2537342123,Zhisheng An,"Water resources are crucial for the survival and development of human societies in arid Central Asia. However, our understanding of regional hydroclimate variability and moisture dynamics remains limited. Here, we present a precisely dated, high-resolution speleothem δ
                    18
                    O record from caves in northern Uzbekistan that reconstructs changes in precipitation δ
                    18
                    O over the last 47,000 years. During the glacial interval, relatively low speleothem δ
                    18
                    O values align with precipitation isotope records from high northern latitudes. The close correspondence between the Uzbekistan record and Greenland ice-core δ
                    18
                    O during Heinrich Stadial 1 indicates a strong temperature control on regional precipitation δ
                    18
                    O, although Dansgaard-Oeschger-scale variability is weakly expressed. During the Holocene, speleothem δ
                    18
                    O reached minimum values near 8 ka BP and then increased toward the present, broadly consistent with records from southern Uzbekistan and the Asian monsoon region, but with less coherent centennial- to millennial-scale variability. Supported by model simulations, we propose that during the glacial and mid-Holocene, when winter temperatures were low, the regional precipitation was dominated by northerly and northwesterly moisture transport linked to enhanced high-latitude temperature gradients and southward-shifted westerlies. In contrast, late Holocene hydroclimate increasingly reflected southerly to southwesterly cyclonic moisture transport from the eastern Mediterranean and the Near East, driven by northward-shifted westerlies. These results show that arid Central Asian hydroclimate and precipitation δ
                    18
                    O have been shaped by the position and strength of the westerlies through major reorganizations in moisture-source trajectories, with direct implications for understanding future water availability as subtropical and temperate circulation zones shift northward.",crossref,0
Pt Single‐Atom Catalysts on FTO for Optically Invisible pH‐Universal Hydrogen Evolution Electrodes,https://advanced.onlinelibrary.wiley.com/doi/10.1002/aenm.71493?af=R,Wiley: Advanced Energy Materials: Table of Contents,2026-08-24 08:12:16 UTC,2026-08-24 08:12:16+00:00,10.1002/aenm.71493,Patrik Schmuki,"ABSTRACT
                  
                    Transparent hydrogen‐evolution electrodes are essential for photoelectrochemical and optoelectronic energy‐conversion devices, yet typically suffer from a trade‐off between catalytic activity and optical transmission. Here, we demonstrate that an ultra‐low loading of Pt single atoms (SA, 0.03 at%) directly anchored on fluorine‐doped tin oxide (FTO) via a reactive deposition delivers hydrogen evolution reaction (HER) kinetics approaching bulk Pt, while remaining optically invisible. At this low SA loading, HAADF‐STEM directly resolves atomically isolated Pt sites, while x‐ray photoelectron and absorption spectroscopy confirm exclusively cationic Pt
                    δ
                    +
                    (δ ≈ 2) in Pt–O
                    4
                    coordination. The Pt SA/FTO electrodes exhibit pH‐universal HER activity, alongside turnover frequencies exceeding 500 s
                    −1
                    at moderate overpotentials. Density Functional Theory calculations support the high stability of Pt SA/FTO and explain exceptional HER activity by optimized energetics of intermediate formation. Achieving comparable kinetics with conventional sputtered Pt films requires &gt;1000‐fold higher Pt loading and leads to substantial optical losses. Owing to its optical neutrality, the Pt SA/FTO electrode enables 2–3 × higher photocurrents than activity‐matched Pt films when used as a counter electrode in sandwich‐type photoelectrochemical cells. These results on Pt SA‐decorated FTO thus describe a general strategy to unite noble‐metal utilization, high catalytic efficiency, and optical transparency in electro‐ and photoelectrochemical devices.",crossref,0
Temperature‐Responsive Electrical Double Layer for Self‐Adaptive Solid Electrolyte Interphase Unlocks Wide‐Temperature Aqueous Zinc Ion Batteries,https://advanced.onlinelibrary.wiley.com/doi/10.1002/aenm.71472?af=R,Wiley: Advanced Energy Materials: Table of Contents,2026-08-24 08:14:33 UTC,2026-08-24 08:14:33+00:00,10.1002/aenm.71472,Lingzhi Zhao,"ABSTRACT
                  
                    Constructing a self‐adaptive solid electrolyte interphase (SEI) for wide‐temperature aqueous zinc ion batteries (AZIBs) remains unexplored yet highly challenging. Herein, a temperature‐responsive electrical double layer (EDL) is designed via screening high donor‐number additive, and the EDL composition exhibits temperature‐responsive behavior where elevated temperatures promote anion accumulation and low‐to‐ambient temperatures favor additive enrichment, thereby driving distinct self‐adaptive interfacial chemistries. Experimental and theoretical analyses reveal that low‐to‐ambient temperatures facilitate organic‐inorganic hybrid SEI formation through preferential additive decomposition, whereas high temperatures yield a robust inorganic‐rich SEI via anion decomposition. The self‐adaptive SEIs can significantly modulate Zn
                    2+
                    nucleation kinetics across temperatures, promoting uniform Zn deposition with progressively increasing grain sizes during prolonged cycling. Consequently, Zn||Zn cell showcases highly reversible plating/stripping exceeding 5300 cycles at 50 mA cm
                    −2
                    , while exhibiting broad thermal tolerance across a wide temperature range of −40°C to 60°C. Zn||I
                    2
                    full batteries deliver good cycling life of 1000–30 000 cycles, and Ah‐level pouch cell further validates practicality. This work builds the correlation among the temperature‐responsive EDL, interfacial chemistry, and electrochemical performance, advancing wide‐temperature batteries.",crossref,0
Empowering Triboelectric Nanogenerators With Origami and Kirigami Mechanics: From Metamaterials to Self‐Powered Systems,https://advanced.onlinelibrary.wiley.com/doi/10.1002/aenm.71484?af=R,Wiley: Advanced Energy Materials: Table of Contents,2026-08-24 08:16:19 UTC,2026-08-24 08:16:19+00:00,10.1002/aenm.71484,Jie Wang,"ABSTRACT
                  Origami‐ and Kirigami‐inspired structures have emerged as transformative strategies for enhancing the performance and versatility of triboelectric nanogenerators (TENGs). Their folding mechanisms facilitate efficient for contact‐separation TENGs, as well as their geometric patterns provide essential stretchability for complex interfaces. This review emphasizes that the core mechanism of these architectures lies in their ability to bridge mechanical deformation and electrical output of TENGs. On this basis, we summarize the representative origami and kirigami configurations and their mechanical characteristics. More importantly, we propose a general design framework to clarify how these structural strategies adapt to different operating conditions by leveraging their inherent mechanical characteristics. Typical applications include blue energy harvesting, vibration and biomechanical energy harvesting for micro/nano energy systems, self‐powered sensing for environmental and health monitoring, tactile sensing, and wearable electronics that benefit from the stretchability and deformability of kirigami structures. Finally, the current challenges and outline emerging opportunities toward deeper functional integration and scalable implementation of origami‐ and kirigami‐inspired TENGs are concluded.",crossref,0
Delocalized Li2MnO3‐Like Domains for Enhanced Structural Stability in 4.2 V‐Class O3‐Type Sodium Layered Cathodes,https://advanced.onlinelibrary.wiley.com/doi/10.1002/aenm.71496?af=R,Wiley: Advanced Energy Materials: Table of Contents,2026-08-24 08:17:54 UTC,2026-08-24 08:17:54+00:00,10.1002/aenm.71496,Chao Li,"ABSTRACT
                  
                    Ni/Mn‐based O3‐type layered oxides are promising high‐energy‐density cathodes for sodium‐ion batteries, yet their practical application at high voltages is hindered by irreversible oxygen redox and structural degradation. Herein, we demonstrate that Li/Sn co‐doping in O3‐NaNi
                    0.5
                    Mn
                    0.5
                    O
                    2
                    induces the formation of delocalized Li
                    2
                    MnO
                    3
                    ‐like domains, deviating from the conventional random substitution model. These domains comprise spatially dispersed Li‐centered local configurations (e.g., LiMn
                    6
                    , LiNiMn
                    5
                    , LiSnMn
                    5
                    ) and serve as structural pillars within the layered framework. Multimodal characterizations reveal that these domains regulate both local structure and electronic configuration. Charge compensation is dominated by Ni redox, while lattice oxygen participation, irreversible oxygen redox, and O–O dimer formation are effectively suppressed. Meanwhile, the stabilized local structure inhibits transition metal migration, mitigates layer gliding, and suppresses
                    c
                    ‐axis contraction, enabling a reversible O3‐P3‐O3 phase transition. The optimized cathode delivers 98.06% capacity retention after 100 cycles at 0.1C and 82.42% after 200 cycles at 1C. This work provides atomic‐scale insights and a promising strategy for designing high‐performance sodium layered cathodes.",crossref,0
Molecular Regulation toward SAM/Perovskite Interface for Efficient p‐i‐n Perovskite Solar Cells,https://advanced.onlinelibrary.wiley.com/doi/10.1002/aenm.71482?af=R,Wiley: Advanced Energy Materials: Table of Contents,2026-08-24 08:20:26 UTC,2026-08-24 08:20:26+00:00,10.1002/aenm.71482,Qingbo Meng,"ABSTRACT
                  
                    Perovskite solar cells with a typical layered structure, defects and unsatisfied energy band arrangement at the interfaces have significantly affected carrier extraction/transportation even device stability. Therefore, appropriate interface modification is essential for constructing efficient and stable devices. In this work, we designed two asymmetric SAM materials, LW‐1 and LW‐2, to regulate the bottom interface of inverted perovskite solar cells, including passivating the FTO/SAM buried interface and the bottom interface of perovskite films by their substituted groups (Cl
                    −
                    and S
                    2−
                    ). Typically, Cl
                    −
                    substitution positions were found to have remarkable impact on dipole moment and interfacial properties, and detailed discussion about these effects has been carried out. More uniform perovskite grains and higher crystallinity on the LW‐1 substrate were obtained, thus leading to lower trap densities of the perovskite bulk and the perovskite interface and higher charge collection efficiency (
                    
                      η
                      C
                    
                    ). Consequently, LW‐1 based devices exhibited 26.38% efficiency, outperforming corresponding LW‐2 based devices. Moreover, LW‐1 based devices exhibited steady‐state output efficiency of 26.0% and maintained 90.9% of its original efficiency after 500 h MPP operational stability testing under 60 °C heating, continuous illumination from a white LED lamp and bias voltage close to the maximum power point voltages.",crossref,0
Composite Hydrogels With Controlled Liquid Metal Release for Dendrite‐Free Zinc Anodes,https://advanced.onlinelibrary.wiley.com/doi/10.1002/aenm.71504?af=R,Wiley: Advanced Energy Materials: Table of Contents,2026-08-24 08:22:56 UTC,2026-08-24 08:22:56+00:00,10.1002/aenm.71504,Jingyi Wu,"ABSTRACT
                  
                    Rechargeable aqueous zinc‐ion batteries offer a cost‐effective and safe solution for large‐scale energy storage. However, uncontrolled Zn dendrite growth, parasitic hydrogen evolution, and poor Zn plating/stripping reversibility still limit their practical deployment. Herein, a Ga‐In liquid metal‐containing hydrogel electrolyte is designed to stabilize the Zn anode. The controlled release of liquid metal regulates the Zn/electrolyte interfacial environment, promotes preferential Zn deposition along the (103) plane, and alleviates structural embrittlement, thereby improving long‐term interfacial stability. Meanwhile, liquid metal released within the hydrogel facilitates the dissolution of Zn dendrites, reducing the risk of internal short circuits. As a result, Zn symmetric cells using the designed hydrogel electrolyte deliver stable cycling for 6000 h at 1 mA cm
                    −2
                    and 1 mAh cm
                    −2
                    . Moreover, Zn || NH
                    4
                    +
                    ‐V
                    2
                    O
                    5
                    full cells operate steadily for over 1750 h at 200 mA g
                    −1
                    with 85% capacity retention. These results demonstrate that a hydrogel electrolyte with controllable liquid metal release provides an effective strategy for stabilizing Zn anodes in aqueous zinc‐ion batteries.",crossref,0
Transient Engineered Multigranular Superstructures in Binary Transition‐Metal Alloys for Enhanced Nanomagnetic Properties,https://advanced.onlinelibrary.wiley.com/doi/10.1002/adma.74764?af=R,Wiley: Advanced Materials: Table of Contents,2026-08-24 09:00:14 UTC,2026-08-24 09:00:14+00:00,10.1002/adma.74764,Renchao Che,"ABSTRACT
                  As high‐density information storage, integrated magnetic sensors, and ultrathin wearable devices continue to advance, nanoscale multielement transition‐metal alloys are required to retain stable exchange coupling, anisotropy, and resistance to thermally activated magnetization fluctuations. Here, we develop a binary CoNi multigranular superstructure (MGS), enabled by pulsed Joule heating, to reconstruct magnetic coupling states and stabilize collective magnetism at the nanoscale. Specifically, transient energy fluctuations drive structural reconfiguration, yielding high‐density interfacial networks and locally coherent magnetic units within individual superstructures. Reinforced interfacial pinning and dual magnetic coupling strengthen exchange interactions and suppress magnetothermal perturbations, thereby alleviating nanoscale‐induced magnetic degradation. The CoNi nanoalloy with the MGS achieves a ∼400% enhancement in coercivity and a 208% improvement in permeability relative to the conventionally annealed CoNi sample, outperforming representative ferromagnetic alloys. Moreover, the superstructure exhibits over 50% effective absorption across 5G wireless spectrum with thermal stability from 300 to 800 K. This work establishes a practical route to enhance the magnetic properties of binary transition‐metal nanoalloys for flexible, high‐performance electromagnetic (EM) devices.",crossref,0
Precise Surgical Navigation of Endometriosis via NIR‐II Fluorescence Imaging With a Semiconducting Polymeric Probe,https://onlinelibrary.wiley.com/doi/10.1002/anie.2407891?af=R,Wiley: Angewandte Chemie International Edition: Table of Contents,2026-08-24 09:13:11 UTC,2026-08-24 09:13:11+00:00,10.1002/anie.2407891,Ben Zhong Tang,"ABSTRACT
                  Endometriosis is a prevalent gynecological disorder characterized by ectopic growth of endometrial‐like tissue, often causing chronic pain, infertility, and systemic inflammation. Accurate detection and complete surgical resection remain challenging because lesions are frequently small, multifocal, and visually ambiguous. Fluorescence imaging in the second near‐infrared window (NIR‑II, 1000–1700 nm) enables deeper tissue visualization with reduced scattering and autofluorescence, offering improved contrast and spatial resolution. Here, we developed P‑BPTI, a NIR‑II–emissive semiconducting polymer designed to mitigate aggregation‐caused quenching (ACQ) and enhance in vivo bioimaging. P‑BPTI nanoparticles exhibit strong NIR‑II fluorescence, excellent photostability, and deep tissue penetration. In a multi‐lesion mouse model of endometriosis, P‑BPTI enabled noninvasive lesion visualization and real‐time image‐guided resection, outperforming both its monomeric counterpart and indocyanine green (ICG). Importantly, repeated administration of P‐BPTI NPs at 7‐day intervals enabled periodic NIR‐II imaging of lesion status for up to 49 days after surgery. Post‐operative histological analyses further supported effective lesion removal and reduced pathological activity. Overall, this work demonstrates the potential of P‑BPTI for NIR‑II image‐guided surgery and long‐term monitoring in endometriosis, with promise for improving lesion localization and therapeutic outcomes.",crossref,0
Operando Magnetometry Decodes Space‐Charge Storage in the Solid‐Electrolyte Interphase,https://advanced.onlinelibrary.wiley.com/doi/10.1002/adma.74811?af=R,Wiley: Advanced Materials: Table of Contents,2026-08-24 11:34:21 UTC,2026-08-24 11:34:21+00:00,10.1002/adma.74811,Qiang Li,"ABSTRACT
                  
                    The solid‐electrolyte interphase (SEI) is central to ion transport and electrode stability in lithium‐ion batteries (LIBs), yet how charges dynamically distribute and migrate across the SEI/electrode interface during cycling remains elusive. Here, we couple operando magnetometry with an Fe
                    3
                    C magnetic probe to track real‑time charge migration across this electrochemical interface. By further integrating operando ambient‐pressure x‐ray photoelectron spectroscopy (AP‐XPS) with multiscale structural and chemical characterizations, we provide converging evidence that supports SEI‐centered space‐charge storage at the electrode interface. This interfacial space‐charge layer delivers an additional ≈236 mAh g
                    −1
                    within 0.01–1.4 V. The inorganic‐rich SEI forms efficient ionic pathways, whereas Fe
                    3
                    C accommodates spin‑polarized electrons, enabling decoupled ionic and electronic storage across the interface. Additionally, the lithium‐ion hybrid capacitors assembled with the Fe
                    3
                    C NP@C electrode deliver an energy density of 98.9 Wh kg
                    −1
                    at a power density of 20,000 W kg
                    −1
                    together with sustained long‐term stability. These findings expand the functional role of the SEI and show that operando magnetometry can serve as a sensitive real‐time probe of magnetically coupled interfacial processes in the Fe
                    3
                    C‐based and related magnetic systems.",crossref,0
Over 7500 Cycles Achieved in Platinum‐Group‐Metal‐Free Ni–H2 Battery Through Reversible Hydrogen Spillover,https://onlinelibrary.wiley.com/doi/10.1002/anie.7674442?af=R,Wiley: Angewandte Chemie International Edition: Table of Contents,2026-08-24 13:52:55 UTC,2026-08-24 13:52:55+00:00,10.1002/anie.7674442,Shijia Mu,"ABSTRACT
                  
                    Traditional Ni–H
                    2
                    batteries employing platinum‐group metal (PGM) catalysts exhibit ultralong lifetimes (&gt; 10 000 cycles), yet comparable durability has not been achieved in recently developed PGM‐free systems, mainly due to sluggish hydrogen evolution and oxidation reactions (HER/HOR) in alkaline media. Herein, we employ reaction‐dependent hydrogen spillover across a metal‐support interface to decouple the physical and electrochemical hydrogen steps onto distinct active sites, thereby accelerating HER/HOR kinetics and markedly extending battery lifetime. As a proof of concept, we develop a low‐cost catalyst consisting of Ni nanoclusters supported on oxygen‐deficient TiO
                    2–x
                    . Owing to the difference in *H adsorption strength, hydrogen species migrate from Ni to TiO
                    2–x
                    during HOR and in the reverse direction during HER, enabling physical hydrogen processes on Ni and electrochemical steps on TiO
                    2–x
                    . The resulting electrode exhibits polarization performance surpassing that of Pt/C and outstanding durability for both HER and HOR, sustaining 3000 h operation at 15 mA cm
                    −2
                    . Moreover, the assembled Ni–H
                    2
                    battery delivers excellent wide‐temperature performance (−20°C to 55°C) and achieves over 7500 cycles at a practical capacity of 15 mAh cm
                    −2
                    . This work demonstrates that hydrogen spillover‐enabled decoupling of HER/HOR steps provides an effective route toward ultralong‐life PGM‐free Ni–H
                    2
                    batteries.",crossref,0
Photopatterning Block Copolymer Enables Mechanical Enhancement,https://onlinelibrary.wiley.com/doi/10.1002/anie.3898240?af=R,Wiley: Angewandte Chemie International Edition: Table of Contents,2026-08-24 13:54:53 UTC,2026-08-24 13:54:53+00:00,10.1002/anie.3898240,Haifeng Yu,"ABSTRACT
                  Soft–hard integrated architectures provide a powerful route to mechanical enhancement, but current fabrication methods often suffer from interfacial failure and limited mechanical tunability. We propose a multiscale strategy by combining molecular photoisomerization, nanoscale phase separation, and macroscopic photopatterning in block copolymers. Molecular photoisomerization allows for reversible conformational changes from trans to cis and mechanical tuning from stiffness to soft elastics. Microphase‐separated nanodomains permit switching of hard and soft microphases and alter the energy dissipation. Macroscale photopatterning enhances the toughness and guides the cracks. This establishes a multiscale coupling paradigm of molecular response‐nanoscale dissipation‐macroscopic geometry, addressing interfacial failure and broadening the tunable mechanical region. Using kirigami cutting and conductive layer coating, the system is integrated with complex surfaces to convert mechanical deformation into electrical signals, highlighting its potential in flexible sensing and electronics.",crossref,0
P‐Directed and Lewis Acid‐Assisted Pd‐Catalyzed Si─Me Bond Activation Enabling Alkyl Exchange at Silicon,https://onlinelibrary.wiley.com/doi/10.1002/anie.1850136?af=R,Wiley: Angewandte Chemie International Edition: Table of Contents,2026-08-24 13:57:02 UTC,2026-08-24 13:57:02+00:00,10.1002/anie.1850136,Didier Bourissou,"ABSTRACT
                  
                    A novel mode of Si─Me bond activation has been unveiled through the cooperative action of a P‐directing group, a palladium catalyst and a Lewis acid. The pivotal role of the Lewis acid in enabling the activation of the strong and low‐polarity Si─Me bond was elucidated via stoichiometric experiments. According to DFT calculations, the Lewis acid acts as a Me
                    −
                    acceptor and triggers the formation of the key cationic silyl Pd complex responsible for the alkyl exchange at Si. This unprecedented Si─Me bond transformation has been demonstrated in a four‐step sequence, enabling the stepwise upgrading of Me
                    3
                    SiCl into silanols bearing diverse organic substituents.",crossref,0
Adaptive Assembly of Dative B←N Frameworks for Dimension‐Controlled Hetero‐Engineering,https://onlinelibrary.wiley.com/doi/10.1002/anie.1750323?af=R,Wiley: Angewandte Chemie International Edition: Table of Contents,2026-08-24 14:01:07 UTC,2026-08-24 14:01:07+00:00,10.1002/anie.1750323,Zhangjing Zhang,"ABSTRACT
                  Luminescent heterostructures with spatially resolved emission hold great promise for optoelectronic applications, yet dimension‐controlled hetero‐assembly for stimuli‐responsive heterostructures remains a significant challenge owing to the uncertain integration of distinct components. Herein, we reported an adaptive assembly strategy in dative B←N framework, enabling dimension‐controlled synthesis of luminescent heterostructures with stimuli‐responsive properties. The conformational flexibility of boroxine units permit the epitaxial ligand to form the similar conformation as the seed ligand, triggering the adaptive hetero‐assembly between different frameworks. Moreover, the structural similarity on side chains of seed and epitaxial ligands determines the spatial matching degree at heterointerface, and thus adjusting the structural types of ligand side chains enables precise regulation of both the interfacial lattice matching and assembly orientation, thereby constructing one‐dimensional and two‐dimensional B←N framework heterostructures. The resulting heterostructures exhibit spatially‐resolved stimuli‐responsive emission by inheriting intramolecular charge transfer of ligands, functioning as photonic barcode labels with multi‐level authentication capability. These findings provide insights into optical heterostructures that combine tunable dimensionality with responsive functionality.",crossref,0
Interference‐Resisting Mechanoluminescence Ratiometric Dosimetry,https://advanced.onlinelibrary.wiley.com/doi/10.1002/adma.74687?af=R,Wiley: Advanced Materials: Table of Contents,2026-08-24 14:03:38 UTC,2026-08-24 14:03:38+00:00,10.1002/adma.74687,Yanmin Yang,"ABSTRACT
                  
                    Accurate and reliable radiation dosimetry is critical for applications ranging from cancer radiotherapy to nuclear safety and space exploration. While thermoluminescence and optically stimulated luminescence serve as benchmark technologies, their inherently destructive readout mechanisms preclude the straightforward, repeated verification of an absorbed dose and require complex laboratory procedures. Here, we propose a novel mechanoluminescence (ML) ratiometric dosimetry. It depends on KMgF
                    3
                    :Sm
                    2+,3+
                    that can exhibit both ML at 685 nm (Sm
                    2+
                    :
                    5
                    D
                    0
                    →
                    7
                    F
                    0
                    ) and 602 nm (Sm
                    3+
                    :
                    4
                    G
                    5/2
                    →
                    6
                    H
                    7/2
                    ) under external force stimulation. The ML intensity ratio of the 602 nm band to the 685 nm band increases linearly with increasing the radiation dosage of x‐rays. This ratiometric approach provides a robust internal self‐calibration, making the readout immune to fluctuations in stress magnitude or duration, a fatal flaw in prior ML intensity‐based methods. Therefore, we can obtain the x‐ray dose simply by pressing the KMgF
                    3
                    :Sm
                    2+,3+
                    samples. This strategy allows for multiple, nondestructive measurements, enabling on‐demand verification of radiation doses with unparalleled simplicity.",crossref,0
Pathogen‐Mimetic Liposomes Customizing Protein Corona for Precision Glioblastoma Therapy,https://advanced.onlinelibrary.wiley.com/doi/10.1002/adma.74780?af=R,Wiley: Advanced Materials: Table of Contents,2026-08-24 14:07:05 UTC,2026-08-24 14:07:05+00:00,10.1002/adma.74780,Zhanzhan Zhang,"ABSTRACT
                  Employing neutrophils (NEs) as endogenous moving gears offers a promising strategy for crossing the blood–brain barrier (BBB) in the treatment of central nervous system (CNS) malignancies such as glioblastoma (GBM). However, in vivo hitchhiking efficiency of NEs is severely limited by spontaneous formation of a nonspecific protein corona. Here, we present pathogen‐mimetic liposomes (PM‐Lipo) that enable efficient and precise NEs hitchhiking by programming the in vivo protein corona. PM‐Lipo is rationally engineered to preferentially enrich complement 3b (C3b) and inactivated C3b (iC3b), thereby recapitulating endogenous complement opsonization and promoting complement receptor 3 (CR3)‐mediated recognition by activated NEs. This effect arises from the synergistic integration of two functional lipids that activate distinct complement pathways, triggering a proteolytic cascade with positive feedback to amplify C3b/iC3b deposition. Our results demonstrate that PM‐Lipo achieved &gt;85% targeting efficiency toward activated NEs, enabling hitchhiking‐mediated transport across the BBB, with 8.94% of the administered PM‐Lipo successfully penetrating the brain, leading to marked tumor suppression and more than a twofold extension in median survival. Our research establishes a protein corona programming strategy to harness endogenous immune cells for targeted drug delivery, offering a broadly applicable paradigm for precision nanomedicine in CNS malignancies.",crossref,0
Hierarchical Flexible Ceramic Nanofiber Membrane for Simultaneous Membrane Distillation and Photocatalytic Hydrogen Evolution,https://advanced.onlinelibrary.wiley.com/doi/10.1002/adma.74777?af=R,Wiley: Advanced Materials: Table of Contents,2026-08-24 14:07:23 UTC,2026-08-24 14:07:23+00:00,10.1002/adma.74777,Alicia Kyoungjin An,"ABSTRACT
                  
                    The escalating demand for clean energy and freshwater necessitates integrated rather than compartmentalized technological solutions. However, conventional desalination and photocatalytic hydrogen production typically operate as disparate processes, resulting in suboptimal solar energy utilization and increased system complexity. Herein, a hierarchical and flexible ceramic nanofiber membrane is engineered to fundamentally couple photocatalytic hydrogen evolution with thermally assisted membrane distillation, enabling the simultaneous generation of freshwater and hydrogen. The La‐doped ZrO
                    2
                    nanofiber scaffold imparts exceptional mechanical robustness and irradiation stability, while in situ‐constructed superhydrophobic UiO‐66‐NH
                    2
                    /CdS heterojunctions facilitate highly efficient light harvesting, directed charge separation, and durable anti‐wetting performance. Consequently, the integrated membrane concurrently delivers an outstanding hydrogen evolution rate of 74.8 mmol m
                    −2
                    h
                    −1
                    and a sustainable vapor flux of 41.0 L m
                    −2
                    h
                    −1
                    with 99.95% salt rejection under simulated solar irradiation. Photoelectrochemical measurements and density functional theory calculations elucidate that the configured type‐II heterojunction intrinsically drives spatial charge separation to boost proton reduction. Furthermore, multiphysics simulations demonstrate that the three‐dimensional fibrous architecture remarkably amplifies light confinement and accelerates rapid gas‐product transport, fundamentally mitigating mass transfer limitations. By synergizing structural resilience with unified processes, this work establishes a scalable materials paradigm for high‐efficiency water–energy co‐generation.",crossref,0
All‐Amyloid Functional Coacervates,https://advanced.onlinelibrary.wiley.com/doi/10.1002/adma.74737?af=R,Wiley: Advanced Materials: Table of Contents,2026-08-24 14:12:17 UTC,2026-08-24 14:12:17+00:00,10.1002/adma.74737,Raffaele Mezzenga,"ABSTRACT
                  Electrostatic complex coacervates offer a robust pathway to convert homogeneous oppositely charged polyelectrolyte solutions into condensed structured liquids via liquid–liquid phase separation (LLPS). Directing these principles toward artificial, all‐proteinaceous complex coacervates enables the development of soft matter systems fully compatible with a broad range of advanced biotechnological products. Here, we employ charge‐tunable β‐lactoglobulin and lysozyme amyloid nanofibrils as building blocks toward fully proteinaceous functional materials. The functionality is dictated by engineering the composition and self‐organization of oppositely charged amyloid nanofibrils at the liquid–liquid interface. Depending on the path and process followed, we demonstrate all‐amyloid interfacial complex coacervates in the form of vein‐like tubular structures or capsules with tunable electrical or ionic conductivity, viscoelasticity, multidimensional morphology, and programmable macromolecular crowding. These constructs, made solely of amyloid constituents, provide a general platform for artificial protein scaffolds and advanced materials with potential applications in bioelectronics and bio‐optics.",crossref,0
Green‐Solvent‐Grown Perovskite Single Crystals With Suppressed Defect Densities for Superior Photo‐ and X‐Ray Detection,https://advanced.onlinelibrary.wiley.com/doi/10.1002/adma.74774?af=R,Wiley: Advanced Materials: Table of Contents,2026-08-24 14:21:31 UTC,2026-08-24 14:21:31+00:00,10.1002/adma.74774,Tae‐Woo Lee,"ABSTRACT
                  
                    Achieving environmentally sustainable synthesis of high‐quality metal halide perovskite single crystals (MHP‐SCs) is critical for advancing next‐generation optoelectronic devices. The constrained solvent choices within the green chemistry framework pose a significant challenge to the fine control of crystallization pathways required for the growth of perfect MHP‐SCs. Here, we introduce a new paradigm for crystallization control based on steric hindrance engineering using a quantitatively validated green solvent system with high GlaxoSmithKline green solvent scores. We demonstrate that the steric bulkiness of solvent molecules, rather than donor number alone, plays the dominant role in governing the coordination strength between Pb
                    2+
                    and solvent, thereby regulating precursor complex stability and crystallization kinetics. Finely tuned steric environments promote the unprecedented fast growth of MAPbI
                    3
                    SCs with a record‐low trap density (2.56 × 10
                    8
                    cm
                    −3
                    ) and narrowest x‐ray diffraction linewidth of 0.00802° (28.9″). These defect‐suppressed MAPbI
                    3
                    SCs enable photodetectors with an ultrahigh specific detectivity of 6.8 × 10
                    13
                    Jones and x‐ray detectors with a low detection limit of 3.6 nGy
                    air
                    s
                    −1
                    . The steric hindrance engineering strategy proves universal across perovskite compositions. This work establishes a sustainable, scalable platform for the growth of high‐quality MHP‐SCs using quantitatively green solvents.",crossref,0
Diversity‐Oriented Two‐Step Annulative π‐Extension Enables Access to Structurally Complex Nanographenes,https://onlinelibrary.wiley.com/doi/10.1002/anie.2205198?af=R,Wiley: Angewandte Chemie International Edition: Table of Contents,2026-08-24 15:01:14 UTC,2026-08-24 15:01:14+00:00,10.1002/anie.2205198,Kenichiro Itami,"ABSTRACT
                  
                    The development of a general strategy for accessing structurally diverse nanographenes and polycyclic aromatic hydrocarbons (PAHs) remains a central challenge in synthetic chemistry. Although annulative π‐extension (APEX) enables the direct construction of fused aromatic systems from unfunctionalized PAHs, its structural scope has been largely constrained by the limited diversity of applicable π‐extending reagents. Herein, we report on a diversity‐oriented two‐step APEX strategy that overcomes this limitation through the use of structurally diverse naphthalene‐based aryltrimethylsilanes in Pd/
                    o
                    ‐chloranil‐catalyzed C–H arylation, followed by oxidative cyclodehydrogenation. This approach enables the introduction of sterically congested polyaryl motifs and provides access to nanographenes with 8 to 10 fused rings and diverse ring‐fusion patterns. Notably, a negatively curved nanographene containing five‐, six‐, and seven‐membered rings was synthesized and fully characterized by x‐ray crystallography, spectroscopy, and theoretical calculations, highlighting the capability of this approach to access challenging nanographene architectures. This work establishes a general platform for diversity‐oriented APEX synthesis, thereby redefining the scope and synthetic potential of APEX chemistry.",crossref,0
Harnessing Molecular Tautomerism to Tune Precursor Coordination Chemistry for Efficient and Stable Perovskite Solar Cells,https://onlinelibrary.wiley.com/doi/10.1002/anie.7848549?af=R,Wiley: Angewandte Chemie International Edition: Table of Contents,2026-08-24 16:11:32 UTC,2026-08-24 16:11:32+00:00,10.1002/anie.7848549,Wanli Ma,"ABSTRACT
                  
                    Homogeneous crystallization remains a critical challenge for high‐performance perovskite photovoltaics, as conventional molecular additives typically exhibit fixed coordination characteristics that limit precise regulation of precursor evolution. Here, we demonstrate molecular tautomerism as an effective design principle for tuning precursor coordination chemistry by employing purine as a prototype coordination modulator. The intrinsic tautomerism of purine redistributes electron density among multiple nitrogen sites, enabling tautomer‐dependent Pb–N coordination and hydrogen‐bonding interactions with different precursor species. Density functional theory calculations reveal distinct interaction strengths of purine tautomers toward precursor species, establishing the fundamental basis for tautomerism‐enabled tunable coordination. Such tunable molecular interactions modulate the precursor coordination network and regulate intermediate‐state evolution, thereby retarding nucleation and promoting homogeneous crystal growth. Consequently, the resulting perovskite films exhibit enhanced crystallinity and a more homogeneous energetic landscape. The optimized solar cells achieve a champion power conversion efficiency of 27.05% (certified 26.51%), and the corresponding mini‐module delivers an aperture‐area (12.95 cm
                    2
                    ) efficiency of 21.52%. This work establishes molecular tautomerism as a design principle for tunable precursor coordination, providing a molecular‐level approach to controlling perovskite crystallization for efficient and scalable photovoltaics.",crossref,0
Designing Proton‐Selective Pathway on MnO2 Surface Toward Sustainable Protonation Electrochemistry,https://onlinelibrary.wiley.com/doi/10.1002/anie.4662687?af=R,Wiley: Angewandte Chemie International Edition: Table of Contents,2026-08-24 16:12:40 UTC,2026-08-24 16:12:40+00:00,10.1002/anie.4662687,Yifei Yuan,"ABSTRACT
                  
                    Manganese dioxide (MnO
                    2
                    ), known for its low‐cost, high‐theoretical capacity, and environmental friendliness, has garnered great attention in developing mild aqueous Zn‐MnO
                    2
                    batteries (AZMBs). However, Mn
                    2+
                    dissolution severely compromises cycling stability and practical viability; moreover, the ambiguity of charge storage mechanisms (e.g., Zn
                    2+
                    vs. H
                    +
                    ) makes the direction of strategic engineering uncertain. Herein, via advanced electron microscopy, we show that the charge storage in MnO
                    2
                    is dominated by H
                    +
                    intercalation rather than Zn
                    2+
                    insertion. Inspired by this finding and by referring to the recipe of proton exchange membrane, we uniformly coat individual MnO
                    2
                    particles with a proton‐selective surface, that is, Nafion, which successfully suppresses Mn
                    2+
                    dissolution as an “ion filter” and simultaneously facilitates reversible H
                    +
                    insertion/extraction as a “proton channel”. Therefore, the MnO
                    2
                    @Nafion cathode exhibits an outstanding specific capacity (277 mAh g
                    −1
                    after 100 cycles at 0.2 A g
                    −1
                    ) and remarkable cycling stability, retaining 91.7% of its capacity after 3000 cycles at 2 A g
                    −1
                    . These results outperform previously reported manganese‐based cathodes, demonstrating the potential of MnO
                    2
                    @Nafion as a high‐performance and durable cathode material for AZMBs. This work rationalizes the rising endeavors in the mechanism understanding of MnO
                    2
                    ‐based aqueous battery systems and provides new insights for developing more sustainable aqueous battery materials.",crossref,0
Dynamic Operations in Macromolecular Data Storage,https://onlinelibrary.wiley.com/doi/10.1002/anie.5128253?af=R,Wiley: Angewandte Chemie International Edition: Table of Contents,2026-08-24 16:22:32 UTC,2026-08-24 16:22:32+00:00,10.1002/anie.5128253,Maria Nerantzaki,"ABSTRACT
                  In recent years, numerous concepts have been reported for storing data on molecules, either small molecule mixtures, oligomer libraries or polymers. In the latter case, binary information is stored in a controlled monomer sequence. This can be achieved in biological polymers such as DNA but also in a variety of synthetic macromolecules. However, most existing approaches focus on passive “cold” storage, in which macromolecules serve as static archives. This minireview explores recent advances in reconfigurable macromolecular storage, highlighting strategies for erasing, rewriting, computing, repairing, or sorting‐out binary‐encoded macromolecules. All these options are discussed herein for both natural and synthetic polymers.",crossref,0
Farnesyltransferase Enables Modular Assembly of Dual‐Functional Nanobody Conjugates for in Vivo Imaging of Inflammation,https://onlinelibrary.wiley.com/doi/10.1002/anie.5009703?af=R,Wiley: Angewandte Chemie International Edition: Table of Contents,2026-08-24 16:25:44 UTC,2026-08-24 16:25:44+00:00,10.1002/anie.5009703,Mark D. Distefano,"ABSTRACT
                  Non‐invasive imaging of inflammation is critical for disease diagnosis, monitoring, and therapeutic evaluation. Nanobodies, due to their many unique properties, are emerging as powerful imaging agents; however, conventional non‐specific conjugation strategies often yield heterogeneous products that limit in vivo performance. Here, we report a chemoenzymatic strategy that enables precise and modular assembly of nanobody conjugates using farnesyltransferase (FTase)‐mediated site‐specific modification. We developed a trifunctional FTase substrate that introduces two orthogonal bioorthogonal handles, an aldehyde and an azide, onto nanobodies in a single enzymatic step. These handles enable independent and controlled conjugation of imaging payloads (fluorophores or radioisotopes) and pharmacokinetic modifiers (i.e. PEG), which enhance in vivo signal‐to‐noise ratios. Applying this strategy to nanobodies targeting CD45 and CD11b, markers broadly expressed on all immune cells and myeloid subsets, respectively, we generated well‐defined, dually modified constructs that enabled high‐contrast in vivo visualization of immune organs, including the spleen and lymph nodes. In a mouse model of localized inflammation, these probes robustly delineated inflamed tissue with high sensitivity and specificity. Together, this FTase‐enabled dual‐labeling approach provides a versatile and generalizable platform for the rapid generation of precisely defined nanobody‐based imaging agents, advancing non‐invasive detection and monitoring of inflammation across diverse disease contexts.",crossref,0
Assessing students in the AI era,https://www.nature.com/articles/d41586-026-02632-z,Nature,2026-08-25 00:00:00 UTC,2026-08-25 00:00:00+00:00,10.1038/d41586-026-02632-z,Yapei Wang,,,0
A two-stage coordinated scheduling method for multiple battery swapping stations considering traffic demand assignment and distribution network constraints,https://www.sciencedirect.com/science/article/pii/S0306261926013619?dgcid=rss_sd_all,ScienceDirect Publication: Applied Energy,2026-08-25 00:00:00 UTC,2026-08-25 00:00:00+00:00,,Qiuwei Wu,,,0
Triboelectric E-Fibers: Toward energy-autonomous wearable electronics,https://www.cell.com/matter/fulltext/S2590-2385(26)00333-4?rss=yes,Matter,2026-08-25 00:00:00 UTC,2026-08-25 00:00:00+00:00,10.1016/j.matt.2026.102970,Shuangxi Nie,"The intrinsic relationship between the structural advantages of fiber materials and their high performance remains insufficiently understood, hindering the rational development of high-performance wearable electronic devices. This review systematically elucidates the structure-performance relationships of triboelectric electronic fibers (E-Fibers) by using the inherent structural advantages of fiber architectures as its central theme. In doing so, it establishes a coherent framework that links structural advantages, performance enhancement, and functional applications, providing theoretical guidance for the development of next-generation E-Fibers.",rss_cell,0
Sequential guidance-derived custom interphase configuration for zinc anodes with deep reversibility and versatility,https://www.cell.com/matter/fulltext/S2590-2385(26)00336-X?rss=yes,Matter,2026-08-25 00:00:00 UTC,2026-08-25 00:00:00+00:00,10.1016/j.matt.2026.102973,Anqiang Pan,"Uncontrolled zinc dendrites and side reactions block practical zinc battery deployment. We design a sequentially in situ-formed layered solid electrolyte interphase (SEI) to stabilize zinc metal with deep reversibility and versatility. This work establishes a systematic research framework, exploring the structure-performance relationship of SEIs horizontally and deeply analyzing their formation mechanisms and underlying principles vertically.",rss_cell,0
Quantifying the impact of cell-to-cell inconsistency on electric vehicle battery degradation and utilization,https://www.nature.com/articles/s41560-026-02131-5,Nature Energy,2026-08-25 00:00:00 UTC,2026-08-25 00:00:00+00:00,10.1038/s41560-026-02131-5,Changfu Zou,"Enhancing utilization rates of battery systems in electric vehicles (EVs) substantially benefits economic efficiency and environmental sustainability. However, cell-to-cell inconsistency remains a critical barrier to fully realizing these advantages, and its system-level impact under real-world EV operation is still poorly quantified. Here we present a dataset containing 116 passenger cars and 17 buses, encompassing operational data spanning more than 3 years and up to 300,000 km per vehicle. Using practical measurements, we estimate individual cell capacity and resistance and construct a diagnostic framework of six metrics capturing variability in cell health, pack capacity retention, lifetime degradation, state-of-charge utilization, power capability and energy utilization. Our analysis reveals substantial performance degradation, including battery health reductions of 6.2% for passenger cars and 7.5% for buses, lifetime shortening by 17.7% and 22.8% and power capability decreases of 12.9% and 15.1%, respectively. Consequently, energy-resource utilization is limited to 80.7% for cars and 72.9% for buses over their operational lifespans. These findings underscore the necessity of consistency control for advancing EV battery technologies.",nature_html,0
Author Correction: Multimodal analysis of cfDNA methylomes for early detecting esophageal squamous cell carcinoma and precancerous lesions,https://www.nature.com/articles/s41467-026-75462-2,Nature Communications,2026-08-25 00:00:00 UTC,2026-08-25 00:00:00+00:00,10.1038/s41467-026-75462-2,Zhihua Liu,,,0
Scaling up plasma technology for decarbonization of the chemical industry,https://www.nature.com/articles/s44359-026-00201-1,Nature Reviews Clean Technology,2026-08-25 00:00:00 UTC,2026-08-25 00:00:00+00:00,10.1038/s44359-026-00201-1,Dirk van den Bekerom,"Electrification of the chemical industry is seen as an important approach to reduce carbon emissions. Among electrification technologies, plasma shows potential as it directly heats the process gas, operates at extremely high peak process temperatures (10,000–20,000 K), has start-up times of the order of seconds, has rapid electronic control response times and has an independence on critical materials. In this Review, we assess the challenges of scaling up plasma technology and its potential for replacing legacy chemical processes. Although thermal arc technology is ready for scale-up owing to its historical use in industrial cracking of hydrocarbons, key remaining challenges include high temperatures and gradients, short reaction times and electrode erosion. These challenges underscore the importance of controlling temperature–time trajectories and applying quench. Non-thermal plasmas are not as close to industrial deployment but potentially offer advantages owing to their non-equilibrium kinetic nature, particularly when combined with a catalyst. Reducing the high electricity demand by increasing efficiency remains a challenge. For both plasma types, integration with existing infrastructure becomes essential in process retrofits, particularly through effective heat recovery and thermal management. Plasma technology becomes cost-competitive if early commercialization efforts succeed in lowering production costs across applications and scales.",nature_html,0
Amide synthesis via molecular shuffling of carboxylic acids,https://www.nature.com/articles/s41467-026-77092-0,Nature Communications,2026-08-25 00:00:00 UTC,2026-08-25 00:00:00+00:00,10.1038/s41467-026-77092-0,Tieqiao Chen,"The amide bond is fundamental in chemistry and biology and its classical construction from carboxylic acids and amines is limited by positional connectivity of the carboxylic acid group. Herein, we report an approach to amide synthesis that relies on molecular shuffling of carboxylic acid group. In this reaction, amino benzoic acids engage in oxidative addition to a Pd(0) complex, and CO from decarbonylation inserts into the C–Pd bond formed by alkene insertion before the last reductive elimination, achieving carbonyl shuttle amidation. This amide synthesis is precisely controlled by ligand selection, where the reaction pathway can be fully switched to a divergent amine synthesis by decarbonylative amination. This method features wide substrate scope and excellent functional-group tolerance. Moreover, it is scalable and applicable to linear amides, highlighting its synthetic value. The study opens avenues for amide synthesis by carbonyl reshuffling and advances their use as critical building blocks in chemical science.",nature_html,0
The dual role of iron in alkaline water electrolysis: A friend or a foe?,https://www.cell.com/joule/fulltext/S2542-4351(26)00323-5?rss=yes,Joule,2026-08-25 00:00:00 UTC,2026-08-25 00:00:00+00:00,10.1016/j.joule.2026.102639,Meital Shviro,"Trace iron impurities are often viewed as beneficial for alkaline water electrolysis, yet their full role during long-term operation has remained unclear. We show that iron moves through the cell during operation, where it can both improve catalytic performance and form metallic deposits and dendrites that threaten long-term stability. By identifying the operating conditions that govern iron ion mobility, this work provides a framework for managing impurities toward improving electrolyzer durability.",rss_cell,0
Electrochemical conversion of (bi)carbonate-based CO2 capture solutions to ethylene on porous copper-based nanowire electrodes,https://www.cell.com/joule/fulltext/S2542-4351(26)00324-7?rss=yes,Joule,2026-08-25 00:00:00 UTC,2026-08-25 00:00:00+00:00,10.1016/j.joule.2026.102640,Drew Higgins,"Utilizing captured atmospheric CO2 is a promising route toward a circular carbon economy. This work studies feeding carbon capture solutions directly into electrolyzers to make ethylene, a key feedstock for the plastics industry, thus demonstrating that copper nanowire-modified porous electrodes promote the mass transport of reactants/intermediates, leading to improved ethylene selectivity.",rss_cell,0
Steric-gated dual-site chelation enables 27.3% efficient perovskite solar cells and ultra-stable 22% bifacial modules,https://www.cell.com/joule/fulltext/S2542-4351(26)00328-4?rss=yes,Joule,2026-08-25 00:00:00 UTC,2026-08-25 00:00:00+00:00,10.1016/j.joule.2026.102644,Cong Chen,"Making perovskite solar cells efficient and durable requires molecules that fix defects without blocking charge flow. This work shows that ADA-DA, a rigid 3D molecule with two binding arms, can strongly passivate lead-related defects while controlling interfacial packing. The strategy delivers 27.10% certified stabilized efficiency in inverted cells and stable, >22% bifacial modules, offering a molecular design rule for scalable perovskite photovoltaics.",rss_cell,0
Addendum: Sea level much higher than assumed in most coastal hazard assessments,https://www.nature.com/articles/s41586-026-11017-1,Nature,2026-08-25 00:00:00 UTC,2026-08-25 00:00:00+00:00,10.1038/s41586-026-11017-1,Philip S. J. Minderhoud,,,0
"The future of peer review requires AI support, not AI bans",https://www.nature.com/articles/d41586-026-02631-0,Nature,2026-08-25 00:00:00 UTC,2026-08-25 00:00:00+00:00,10.1038/d41586-026-02631-0,Xuegong Zhang,,,0
Ancient surveying instrument found in Egypt,https://www.nature.com/articles/d41586-026-02382-y,Nature,2026-08-25 00:00:00 UTC,2026-08-25 00:00:00+00:00,10.1038/d41586-026-02382-y,,,,0
Pulse-based state-of-charge and state-of-health estimation of randomly retired lithium-ion batteries for second-life applications,https://www.sciencedirect.com/science/article/pii/S0306261926013589?dgcid=rss_sd_all,ScienceDirect Publication: Applied Energy,2026-08-25 00:00:00 UTC,2026-08-25 00:00:00+00:00,,Torsten Wik,,,0
Protecting education in the middle of war zones,https://www.nature.com/articles/d41586-026-02634-x,Nature,2026-08-25 00:00:00 UTC,2026-08-25 00:00:00+00:00,10.1038/d41586-026-02634-x,Ali F. Meghdari,,,0
Maximizing electrochemical carbon dioxide reduction to achieve closed-loop reactive capture,https://www.nature.com/articles/s41893-026-01922-8,Nature Sustainability,2026-08-25 00:00:00 UTC,2026-08-25 00:00:00+00:00,10.1038/s41893-026-01922-8,Mengran Li,"Extracting carbon dioxide from factory exhausts or the open air is expensive, largely because it takes so much energy to free the trapped gas from the capture solvent. What if one device could instead convert that captured carbon directly into fuels and chemicals, while refreshing the solvent so it could be used again? This emerging route could make carbon capture cheaper and cleaner—but only if we master a tangle of competing reactions. This Review shows that converting as much of the captured carbon as possible is key to closing the loop and describes how researchers are starting to get there.",nature_html,0
How tech-enhanced sleep could improve rest but erode privacy,https://www.nature.com/articles/d41586-026-02573-7,Nature,2026-08-25 00:00:00 UTC,2026-08-25 00:00:00+00:00,10.1038/d41586-026-02573-7,Effy Vayena,,,0
China is changing the shape of global health. The terms are still up for negotiation,https://www.nature.com/articles/d41586-026-02622-1,Nature,2026-08-25 00:00:00 UTC,2026-08-25 00:00:00+00:00,10.1038/d41586-026-02622-1,Ruby Wang,,,0
How one researcher captured a vanished world of UK government science,https://www.nature.com/articles/d41586-026-02094-3,Nature,2026-08-25 00:00:00 UTC,2026-08-25 00:00:00+00:00,10.1038/d41586-026-02094-3,Emmeline Ledgerwood,,,0
A guide to securing your first research fellowship: what reviewers are looking for,https://www.nature.com/articles/d41586-026-02115-1,Nature,2026-08-25 00:00:00 UTC,2026-08-25 00:00:00+00:00,10.1038/d41586-026-02115-1,Christoph Salzmann,,,0
The brain struggles to make new neurons in people with depression,https://www.nature.com/articles/d41586-026-02661-8,Nature,2026-08-25 00:00:00 UTC,2026-08-25 00:00:00+00:00,10.1038/d41586-026-02661-8,Mariana Lenharo,,,0
How to manage AI risks while reaping the benefits,https://www.nature.com/articles/d41586-026-02567-5,Nature,2026-08-25 00:00:00 UTC,2026-08-25 00:00:00+00:00,10.1038/d41586-026-02567-5,,,,0
Asthma in some boys stops at puberty: mouse results hint at why,https://www.nature.com/articles/d41586-026-02611-4,Nature,2026-08-25 00:00:00 UTC,2026-08-25 00:00:00+00:00,10.1038/d41586-026-02611-4,,,,0
Amend copyright licences to halt AI misuse and reassert human control,https://www.nature.com/articles/d41586-026-02633-y,Nature,2026-08-25 00:00:00 UTC,2026-08-25 00:00:00+00:00,10.1038/d41586-026-02633-y,Katta Spiel,,,0
The changing economics of public lands in the USA,https://www.nature.com/articles/s41893-026-01915-7,Nature Sustainability,2026-08-25 00:00:00 UTC,2026-08-25 00:00:00+00:00,10.1038/s41893-026-01915-7,Tong Wu,"For over a century, economic ideas have shaped US public land management. This culminated with ‘maximum sustainable yield’ (MSY) becoming a central decision-making framework. However, the passage of major environmental legislation—echoing an American preservationist tradition—spurred the US Forest Service and other public agencies to reconsider this narrow utilitarian approach, setting the stage for the adoption of a social-ecological systems framework emphasizing ecosystem services and resilience—benefits that are largely public goods—aimed at achieving sustainability. However, a reorientation of US management priorities now may be afoot, with renewed emphasis on extractive uses of public lands.",nature_html,0
A physics-informed transformer-KAN network for privacy-enhanced multi-prosumer energy trading in distribution systems,https://www.sciencedirect.com/science/article/pii/S030626192601353X?dgcid=rss_sd_all,ScienceDirect Publication: Applied Energy,2026-08-25 00:00:00 UTC,2026-08-25 00:00:00+00:00,,Chengshan Wang,,,0
AI-driven smart home appliance optimization: A systematic review,https://www.sciencedirect.com/science/article/pii/S0306261926013218?dgcid=rss_sd_all,ScienceDirect Publication: Applied Energy,2026-08-25 00:00:00 UTC,2026-08-25 00:00:00+00:00,,Enver Ever,,,0
Control co-design of floating vertical-axis wind turbines,https://www.sciencedirect.com/science/article/pii/S030626192601336X?dgcid=rss_sd_all,ScienceDirect Publication: Applied Energy,2026-08-25 00:00:00 UTC,2026-08-25 00:00:00+00:00,,William Melek,,,0
Exploiting convexity of neural networks in dynamic operating envelope optimization for distributed energy resources,https://www.sciencedirect.com/science/article/pii/S0306261926012353?dgcid=rss_sd_all,ScienceDirect Publication: Applied Energy,2026-08-25 00:00:00 UTC,2026-08-25 00:00:00+00:00,,Zhaoyu Wang,,,0
Towards the integration of remote renewable energy hubs with CCUS chain for a future energy system: the Belgian case,https://www.sciencedirect.com/science/article/pii/S0306261926010822?dgcid=rss_sd_all,ScienceDirect Publication: Applied Energy,2026-08-25 00:00:00 UTC,2026-08-25 00:00:00+00:00,,Damien Ernst,,,0
Solid-solution-induced lattice hardening reinforces perovskite stiffness for stable solar cell,https://academic.oup.com/nsr/advance-article/doi/10.1093/nsr/nwag484/8770400?rss=1,National Science Review Advance Access,2026-08-25 00:00:00 UTC,2026-08-25 00:00:00+00:00,10.1093/nsr/nwag484,Pingqi Gao,"The operational instability of perovskite photovoltaics is mainly attributed to the soft, ionic nature of its lattice. However, the quantification and intrinsic tuning strategy of perovskite lattice stiffness, and its correlation with device performance and stability has not been well explored. Here, we propose a solid-solution-induced lattice hardening (SSILH) strategy to enhance the stiffness of perovskite through partial substitution of lead ions with lanthanum ions. The reinforcement mechanism stems from the beneficial lattice contraction and bond-strengthening induced by lanthanum dopant with smaller ionic radius and stronger chemical interaction, which collectively yield a denser and more rigid framework. Consequently, the strategy obviously enhances the perovskite stiffness with Young’s modulus increasing from 27.96 to 35.71 GPa. The enhanced lattice stiffness reduces the thermal expansion coefficient, suppresses defect formation and ion migration, thereby mitigating non-radiative recombination and structural degradation under external stress. By employing 4-Isopropyl-4’-methyldiphenyliodonium tetrakis(pentafluorophenyl) borate as a stable p-dopant for the hole transport layer, the resulting device achieves a champion power conversion efficiency (PCE) of 26.54% and a certified steady-state efficiency of 26.03%. The optimized devices retain >95% and >90% of their initial efficiencies after 1000 hours of continuous 1-sun illumination at 65°C and under damp-heat conditions, respectively.",rss_oup,0
Weak interfacial energy for magnesium salt-resistant ampere-level hydrogen production from natural seawater,https://academic.oup.com/nsr/advance-article/doi/10.1093/nsr/nwag535/8770399?rss=1,National Science Review Advance Access,2026-08-25 00:00:00 UTC,2026-08-25 00:00:00+00:00,10.1093/nsr/nwag535,Lin Jiang,"Hydrogen production from natural seawater is currently one of the important approaches to solve the problem of industrial hydrogen production that relies on freshwater resources. However, the deposition of Mg(OH)2 on the cathode surface at high current densities severely hinders its practical development. Herein, we loaded oxygen vacancy (Ov)-rich NiO@MoO2 (NMO) nanosheet catalysts onto the 3D-printed Ni-C (3DP NiC), effectively reducing the interfacial energy between Mg(OH)2 and the electrode while enabling continuous removal of Mg(OH)2 precipitates at high current densities. As a result, the Ov-rich 3DP NiC/NMO demonstrates outstanding durability lasting up to 668 h at 500 mA cm−2 and 200 h at 1000 mA cm−2, which is 39.3 times and 16.7 times the lifespan of Ni foam/NiO@MoO2 (NiF/NMO), respectively. Moreover, it enables solar-powered seawater electrolysis for up to 20 days, reducing the hydrogen production cost to US$0.24 per kg, which is below the DOE 2025 and 2030 targets (US$1.40 and US$1.00 per kg of H2, respectively). This work presents a strategy to prevent sedimentation by reducing the interfacial energy, advancing hydrogen production directly from natural seawater, breaking the limitation of freshwater resources, and opening a sustainable path for global energy transformation.",rss_oup,0
Magma as a carrier of non-stoichiometric oxygen linking Earth’s interior and atmosphere,https://academic.oup.com/nsr/advance-article/doi/10.1093/nsr/nwag539/8770398?rss=1,National Science Review Advance Access,2026-08-25 00:00:00 UTC,2026-08-25 00:00:00+00:00,10.1093/nsr/nwag539,Yanhao Lin,"Magma generation and transport governs planetary evolution. Although oxygen is the most abundant anion in Earth’s silicate interior, its role in magma is conventionally ignored, with magma oxygen contents assumed to be simply fixed by cation stoichiometry. Here we show, using high-pressure and high-temperature experiments supported by molecular dynamics simulations, that silicate magma can incorporate substantially more oxygen than permitted by traditional valence-state constraints. Excess oxygen acts as a previously unrecognized volatile component, increasing in concentration from near zero at 1 atmosphere to >∼5 wt.% above 5 GPa, more than five times the maximum oxygen increase attainable in Earth’s solid mantle through iron redox changes. As oxygen-rich magmas ascend and decompress, their capacity to retain excess oxygen decreases, driving the release of O2. This behaviour provides a direct mechanism with the potential to link mantle melting to oxidation of Earth’s shallow interior and atmosphere, and identifies magma as a dynamic reservoir in planetary oxygen cycles.",rss_oup,0
Digging high-speed hierarchical pores within zeolite crystals for deep desulfurization,https://academic.oup.com/nsr/advance-article/doi/10.1093/nsr/nwag536/8770397?rss=1,National Science Review Advance Access,2026-08-25 00:00:00 UTC,2026-08-25 00:00:00+00:00,10.1093/nsr/nwag536,Bao-Lian Su,"Environmental sustainability faces critical compromise from refractory sulfur pollutants in fuels, particularly sterically hindered benzothiophenes. Current technologies prove profoundly inadequate as conventional titanium silicalite-1 (C-TS-1) microporous catalysts suffer rapid pore-blocking and deactivation due to restricted molecular diffusion-rendering deep desulfurization an unresolved technological bottleneck. We pioneer a concept of molecular high-speed channels by creating hierarchically ordered macro-mesopores within TS-1 zeolite single crystals (OMMS-TS-1s), where strategically positioned active Ti sites drive unprecedented ultra-deep oxidative desulfurization (ODS). This breakthrough design enables complete molecular permeation with 10-fold enhanced surface permeability versus conventional TS-1 zeolite, effectively eliminating diffusion constraints. Such significant high-speed hierarchical channels effectively reduce diffusion barriers, enabling exceptional catalytic performance for bulky molecule ODS with an apparent rate constant of 4,6-dimethyldibenzothiophene (4,6-DMDBT) oxidation over OMMS-TS-1 being 16 times increase over C-TS-1, and a complete 4,6-DMDBT conversion in 1.5 hours being 8.3 times faster than C-TS-1.",rss_oup,0
PV-JSSR: Joint super-resolution and segmentation with cross-task interaction for photovoltaic panel mapping from multi-resolution imagery,https://www.sciencedirect.com/science/article/pii/S0306261926012833?dgcid=rss_sd_all,ScienceDirect Publication: Applied Energy,2026-08-25 00:00:00 UTC,2026-08-25 00:00:00+00:00,,Yung-Cheol Byun,,,0
"The role of small modular reactors with thermal energy storage in zero-carbon electricity systems: a technological, economic, and resilience analysis across 75 countries",https://www.sciencedirect.com/science/article/pii/S0306261926013413?dgcid=rss_sd_all,ScienceDirect Publication: Applied Energy,2026-08-25 00:00:00 UTC,2026-08-25 00:00:00+00:00,,Meiqi Song,,,0
A direct diagnosis method for degradation modes of LiFePO4 batteries based on mechanism analysis,https://www.sciencedirect.com/science/article/pii/S0306261926013450?dgcid=rss_sd_all,ScienceDirect Publication: Applied Energy,2026-08-25 00:00:00 UTC,2026-08-25 00:00:00+00:00,,Limei Wang,,,0
Geopolitical risk exposure and resilience of energy support-chain trade: A multilayer network diagnosis,https://www.sciencedirect.com/science/article/pii/S0301421526004830?dgcid=rss_sd_all,ScienceDirect Publication: Energy Policy,2026-08-25 00:00:00 UTC,2026-08-25 00:00:00+00:00,,Xiangyu Wang,,,0
Health and nutrition returns to clean cooking fuel access across the rural-urban divide,https://www.sciencedirect.com/science/article/pii/S0301421526004854?dgcid=rss_sd_all,ScienceDirect Publication: Energy Policy,2026-08-25 00:00:00 UTC,2026-08-25 00:00:00+00:00,,Camille Massié Gamard,,,0
Energy resources and geopolitical conflicts: ARDL analysis of Iraq's socioeconomic dynamics,https://www.sciencedirect.com/science/article/pii/S0301421526004350?dgcid=rss_sd_all,ScienceDirect Publication: Energy Policy,2026-08-25 00:00:00 UTC,2026-08-25 00:00:00+00:00,,Foued Saâdaoui,,,0
Artificial photosynthetic reduction of nitrogen to ammonia at room temperature using natural seawater,https://www.nature.com/articles/s41557-026-02218-2,Nature Chemistry,2026-08-25 00:00:00 UTC,2026-08-25 00:00:00+00:00,10.1038/s41557-026-02218-2,Dario M. Bassani,"Natural photosynthesis uses light and water to fuel cellular activity. While great strides have been made in reproducing elements of photosynthesis, efficiently coupling dinitrogen reduction to ammonia with water oxidation remains challenging. Here we report the light-driven production of ammonia from dinitrogen reduction with a quantum yield of 5.0% in water at normal temperature and pressure by leveraging inexpensive iron(II) salts, which produce solvated electrons upon ultraviolet C light irradiation, to reduce a Mo catalyst. The resulting Fe(III) ions also absorb ultraviolet light and undergo reduction back to Fe(II) while oxidizing water, thus coupling water oxidation with nitrogen reduction. Although the low solubility of nitrogen in water limits catalysis, we circumvented this limitation by using elevated dinitrogen pressures to reach photochemical quantum yields of 10.8%. We further demonstrate this reactivity to operate even in unpurified seawater or in ambient air. The process is calculated to be endoergonic by 329.2 kJ mol−1 in agreement with a photosynthetic process possessing a light-to-chemical energy conversion efficiency of 7.6%.",nature_html,0
Memory-assisted multimode microwave-to-optical transduction,https://www.nature.com/articles/s41467-026-77057-3,Nature Communications,2026-08-25 00:00:00 UTC,2026-08-25 00:00:00+00:00,10.1038/s41467-026-77057-3,Daniel Oblak,"Microwave-to-optical quantum transducers will enable coherent interconnection between distant superconducting quantum devices. Ongoing explorations have shown promising results at single-photon levels. However, eliminating noise arising from the concurrence of weak transduced signals with intense pump pulses remains a challenge, requiring high-suppression filtering. Memory-assisted transduction offers a versatile noise-mitigation approach and enables on-demand retrieval of transduced signals. Here, we integrate a quantum memory protocol with transduction in a three-level atomic system. Leveraging zero-first-order Zeeman transitions at zero magnetic field, providing long optical and spin coherence times, and GHz-range hyperfine splitting, we use a low-doping concentration 171Yb3+:Y2SiO5 crystal at 30 mK. We achieve on-demand memory-assisted transduction with 0.4 (and 0.3) noise photons at a storage duration of 460 (and 620) μs. Further, we establish coherence via interference patterns and demonstrate multimode capacity, utilizing spin and optical inhomogeneous broadening. The on-demand retrieval enables qubit synchronization in quantum repeaters, while multimode capacity boosts entanglement generation rates.",nature_html,0
Multi-dimensional weighted adaptive consensus control for resilient operation of a multi-microgrid system with HESS,https://www.sciencedirect.com/science/article/pii/S0306261926013474?dgcid=rss_sd_all,ScienceDirect Publication: Applied Energy,2026-08-25 00:00:00 UTC,2026-08-25 00:00:00+00:00,,Akshya Swain,,,0
Market power and distributed solar integration in microgrids under limited regulation,https://www.sciencedirect.com/science/article/pii/S0306261926013590?dgcid=rss_sd_all,ScienceDirect Publication: Applied Energy,2026-08-25 00:00:00 UTC,2026-08-25 00:00:00+00:00,,Sebastian Zwickl-Bernhard,,,0
A stabilized equivalent LCOE framework for assessing the economic potential of stable wind and solar power in China,https://www.sciencedirect.com/science/article/pii/S0306261926013632?dgcid=rss_sd_all,ScienceDirect Publication: Applied Energy,2026-08-25 00:00:00 UTC,2026-08-25 00:00:00+00:00,,Guanpeng Dong,,,0
Optothermal nanomotors for rhythmic neuromodulation,https://academic.oup.com/nsr/advance-article/doi/10.1093/nsr/nwag538/8770403?rss=1,National Science Review Advance Access,2026-08-25 00:00:00 UTC,2026-08-25 00:00:00+00:00,10.1093/nsr/nwag538,Xin Hongbao,"Light-driven nanomotors deliver rhythmic heat pulses that synchronize neuronal calcium and firing patterns, outperforming continuous stimulation to repair brain circuits and restore movement in Alzheimer’s zebrafish.",crossref,0
AI-detection tools have made huge leaps forward — how good are they?,https://www.nature.com/articles/d41586-026-02569-3,Nature,2026-08-25 00:00:00 UTC,2026-08-25 00:00:00+00:00,10.1038/d41586-026-02569-3,Richard Van Noorden,,,0
These rodent OnlyFans stars are helping to fund scientific research,https://www.nature.com/articles/d41586-026-02550-0,Nature,2026-08-25 00:00:00 UTC,2026-08-25 00:00:00+00:00,10.1038/d41586-026-02550-0,Elliot Yates,,,0
"Delivering building demand flexibility for grid-interactive operation: from perception and cognition to decision, execution, and verification",https://www.sciencedirect.com/science/article/pii/S0306261926013243?dgcid=rss_sd_all,ScienceDirect Publication: Applied Energy,2026-08-25 00:00:00 UTC,2026-08-25 00:00:00+00:00,,Wei Luo,,,0
"More than 18,000 questionable images found in antibody catalogues of 15 companies",https://www.nature.com/articles/d41586-026-02635-w,Nature,2026-08-25 00:00:00 UTC,2026-08-25 00:00:00+00:00,10.1038/d41586-026-02635-w,Dan Garisto,,,0
Recent advances in photocatalytic fragmentation and upgradation of lignin to high-value products using engineered metal sulphide photocatalysts,https://www.sciencedirect.com/science/article/pii/S030626192601175X?dgcid=rss_sd_all,ScienceDirect Publication: Applied Energy,2026-08-25 00:00:00 UTC,2026-08-25 00:00:00+00:00,,Xianfeng Fan,,,0
How single-atom catalysts reframe stability as adaptability,https://www.nature.com/articles/s41578-026-00960-0,Nature Reviews Materials,2026-08-25 00:00:00 UTC,2026-08-25 00:00:00+00:00,10.1038/s41578-026-00960-0,Gianvito Vilé,,,0
A circular protocol of amide-bond formation under physiological conditions,https://academic.oup.com/nsr/advance-article/doi/10.1093/nsr/nwag522/8770405?rss=1,National Science Review Advance Access,2026-08-25 00:00:00 UTC,2026-08-25 00:00:00+00:00,10.1093/nsr/nwag522,Zhenhua Jia,"Amide bond formation under physiologically relevant conditions remains a central challenge in chemical synthesis, particularly for peptide modification and bioconjugation, where biocompatibility, chemoselectivity, and stereochemical integrity are critical. Conventional methods rely on stoichiometric activating reagents, generating waste and compromising compatibility with complex biomolecules. Here we report an organophosphine-controlled approach that selectively converts readily available carboxylic acids and ynones into geometrically defined enol esters, which serve as acyl donors for amide-bond formation under physiological conditions across a broad scope of amines, including small molecules, drug derivatives, amino acids, peptides, and proteins. In addition, representative amino acid esters and dipeptides undergo stereoretentive amidation, while late-stage modification of peptides and proteins proceeds efficiently under physiological conditions. Notably, the diketone by-product generated during amide-bond construction can be recovered and transformed into the corresponding ynones, establishing a circular protocol. By redefining enol esters as practical acyl donors under physiological conditions, this strategy provides an alternative to conventional coupling technologies and expands the scope of amide bond formation in complex biological settings.",rss_oup,0
Crystal nucleation and growth in high-entropy alloys revealed by atomic electron tomography,https://www.nature.com/articles/s41563-026-02727-y,Nature Materials,2026-08-25 00:00:00 UTC,2026-08-25 00:00:00+00:00,10.1038/s41563-026-02727-y,Jianwei Miao,"High-entropy alloys combine multiple principal elements and can exhibit exceptional mechanical properties and catalytic activity. However, how they crystallize remains poorly understood because early nuclei are small, transient and chemically complex. Here we advance atomic electron tomography to determine the three-dimensional atomic structures and local chemical order of 8,160 high- and medium-entropy alloy nuclei. We find that nucleation proceeds through gradient ordering, in which structural order is highest at the core, decreases smoothly towards the boundary and is coupled to local chemical order. Most nuclei coalesce with nearly aligned crystal lattices, whereas a minority form twin boundaries. We develop the gradient nucleation pathways model, which generalizes classical nucleation theory by incorporating spatially varying structural order within each nucleus. The model captures diffuse, partially ordered nuclei, recovers classical nucleation theory in the sharp-interface limit and reveals multiple intermediate states. These results provide an atomistic framework for understanding crystal nucleation and growth across a broad range of materials.",nature_html,0
A 5 µm-thick electrolyte with a high-entropy interphase for practical solid-state lithium metal batteries,https://academic.oup.com/nsr/advance-article/doi/10.1093/nsr/nwag511/8770402?rss=1,National Science Review Advance Access,2026-08-25 00:00:00 UTC,2026-08-25 00:00:00+00:00,10.1093/nsr/nwag511,Hui-Ming Cheng,"Solid-state lithium metal batteries with ultrathin and lightweight electrolytes are promising for high-energy-density storage but are prone to dendrite penetration under practical current densities. This limitation arises primarily from the uncontrolled and chemically heterogeneous solid-electrolyte interphase (SEI), inducing obvious interfacial instability and leading to uneven and sluggish Li+ flux at the interface. Here, we design a homogeneous interphase with high configurational entropy, with its optimized composition screened by machine learning, providing dual functions by stabilizing the SEI structure and promoting efficient Li+ transport. The high-entropy nature of this interphase is experimentally supported and promotes uniform and fast interfacial Li+ flux, enabling a 5 µm-thick electrolyte to sustain a critical current density of 5.2 mA cm−2 and maintain stable long-term lithium plating/stripping at 3 mA cm−2 for 850 h. Li||LiNi0.8Co0.1Mn0.1O2 pouch cells with this ultrathin and lightweight electrolyte deliver an areal capacity of 5.4 mAh cm−2 and an energy density of 573 Wh kg−1, showing great potential for practical solid-state lithium metal batteries.",rss_oup,0
Silicon-compatible ideal antiferroelectricity with large digital electromechanical responses enabled by thermal–strain domain engineering,https://academic.oup.com/nsr/advance-article/doi/10.1093/nsr/nwag521/8770401?rss=1,National Science Review Advance Access,2026-08-25 00:00:00 UTC,2026-08-25 00:00:00+00:00,10.1093/nsr/nwag521,Zuhuang Chen,"Antiferroelectrics exhibit reversible antipolar-polar transformations, offering a compelling platform for multiple functionalities in modern nanoelectronics, yet deterministic control of antiferroelectric domains and switching pathways remain elusive. Moreover, their integration with ubiquitous silicon-based electronic devices has been limited by the structural and chemical incompatibilities of conventional oxide platforms. Here, we convert the conventional drawback of thermal mismatch into a functional advantage and realize ideal antiferroelectricity in epitaxial PbZrO3 thin films on silicon through thermal tensile-strain engineering, a strain regime unattainable on conventional perovskite oxide substrates. Combined theoretical and experimental studies show that tensile strain stabilizes the (004)o domain, enabling a direct one-step switching, whereas compressive-strain-stabilized (240)o domains switch through intermediate ferrielectric states. The resulting films exhibit near-zero remanent polarization (∼0.5 μC/cm2), square double hysteresis, nanosecond switching (∼75 ns), large reversible electrostrain (∼0.6%) and robust operation windows. These findings provide key insights into domain-engineered ideal antiferroelectricity on silicon, opening a viable route toward high-performance antiferroelectric nano-electronic devices.",rss_oup,0
Global geopolitical risk and energy poverty: New evidence from cross-country data,https://www.sciencedirect.com/science/article/pii/S0301421526004829?dgcid=rss_sd_all,ScienceDirect Publication: Energy Policy,2026-08-25 00:00:00 UTC,2026-08-25 00:00:00+00:00,,Amin Ullah Khan,,,0
Energy storage under extreme conditions: challenges and strategies for MXene-based supercapacitors,https://www.sciencedirect.com/science/article/pii/S0306261926013334?dgcid=rss_sd_all,ScienceDirect Publication: Applied Energy,2026-08-25 00:00:00 UTC,2026-08-25 00:00:00+00:00,,Jianqiao Liu,,,0
Purely Organic Room‐Temperature Phosphorescent Materials for Electrochemiluminescence,https://onlinelibrary.wiley.com/doi/10.1002/anie.4204423?af=R,Wiley: Angewandte Chemie International Edition: Table of Contents,2026-08-25 04:00:58 UTC,2026-08-25 04:00:58+00:00,10.1002/anie.4204423,Zhongfu An,"ABSTRACT
                  Purely organic room‐temperature phosphorescent (RTP) materials show great potential for enabling highly efficient electrochemiluminescence (ECL). However, current research has predominantly focused on photoluminescence (PL), electroluminescence (EL), mechanoluminescence (ML), and x‐ray radioluminescence (RL), their ECL behavior has not been investigated. In this study, we report a series of purely organic RTP materials (DPy, FPy, and TPy), constructed via a donor–acceptor (D–A) skeleton and heavy atom effect, with TPy demonstrating the highest phosphorescence quantum yield of 75.7%. Importantly, ECL emission from DPy, FPy, and TPy particles is successfully achieved. Mechanistic studies reveal that RTP‐based ECL operates via a dual‐pathway process involving both a low oxidation potential pathway and the annihilation reaction pathway. These findings significantly broaden the applicability of RTP materials, thereby advancing the development of ECL systems.",crossref,0
LEGO‐Like Granular‐Electrode Capacitive Deionization with Ultrahigh Mass Loading for Ultrafast Electrochemical Ion Capture,https://onlinelibrary.wiley.com/doi/10.1002/anie.9170775?af=R,Wiley: Angewandte Chemie International Edition: Table of Contents,2026-08-25 04:01:10 UTC,2026-08-25 04:01:10+00:00,10.1002/anie.9170775,Jie Ma,"ABSTRACT
                  
                    Advancing capacitive deionization (CDI) toward practical deployment requires moving beyond low‐mass‐loading, material‐focused demonstrations to high‐volumetric‐loading architectures with high system efficiency. Here, we report a membrane‐free LEGO‐like granular‐electrode CDI (GCDI) system, in which ultrahigh mass loading is achieved by assembling carbon granular electrodes (GE) rather than continuously thickening monolithic electrodes. This design avoids the conventional trade‐off between increased loading and impaired ion transport caused by longer transport distances and inaccessible internal active sites. Under forced convection, GCDI induces an ion‐entrainment effect that renews ions in both inter‐GE and intra‐GE domains. Hydrodynamic and electrochemical kinetic analyses confirm effective ion transport throughout the electrode volume. Consequently, GCDI reaches an ultrahigh mass loading of ∼274 mg cm
                    −2
                    and an areal ion flux of 0.59 µmol
                    NaCl
                    cm
                    −2
                    min
                    −1
                    , outperforming most flow‐by and flow‐through CDI systems. Even at a high areal flux of 7338 L h
                    −1
                    m
                    −2
                    , it maintains an areal ion‐capture capacity of 16.74 µmol
                    NaCl
                    cm
                    −2
                    . GCDI operates for over 500 cycles with ∼60% capacity retention. Cost analysis and carbon footprint estimates further indicate reduced electrode, membrane, and electricity‐related burdens for membrane‐free GCDI. These results establish membrane‐free GCDI as a scalable structural strategy for improving CDI system efficiency in practical saline and complex water treatment.",crossref,0
Tb3+ as an Energy‐Mediating Node: Boosting Ho3+ Upconversion in Metal–Organic Frameworks via Cascaded Energy Transfer,https://onlinelibrary.wiley.com/doi/10.1002/anie.4551166?af=R,Wiley: Angewandte Chemie International Edition: Table of Contents,2026-08-25 04:07:31 UTC,2026-08-25 04:07:31+00:00,10.1002/anie.4551166,Lining Sun,"ABSTRACT
                  
                    Upconverting luminescence in lanthanide‐based metal–organic frameworks (Ln‐MOFs) plays a pivotal role in emerging photonic applications, including information encryption, ion sensing, and bioimaging. Nevertheless, optimizing intrinsic energy transfer pathways to enhance the intensity and efficiency of upconverting luminescence in conventional systems remains a significant challenge. In this study, we report the successful observation of upconverting luminescence (under 980 nm excitation) from Tb
                    3
                    +
                    and Ho
                    3
                    +
                    ions in Yb/Tb and Yb/Ho co‐doped MOFs, respectively, constructed from oxalic acid and formic acid. Most notably, the tri‐doped Yb/Tb/Ho MOFs reveal a previously undocumented Tb
                    3+
                    →Ho
                    3+
                    energy transfer mechanism that significantly enhances Ho
                    3+
                    upconversion emission. To the best of our knowledge, this is the first observation of such energy transfer in MOFs under upconversion conditions. Tb
                    3+
                    serves as an efficient energy‐mediating node, establishing a cascading energy transfer pathway from Yb
                    3+
                    →Tb
                    3+
                    →Ho
                    3+
                    via its long‐lived
                    5
                    D
                    4
                    excited state. This pathway effectively suppresses detrimental back energy transfer from Ho
                    3+
                    to Yb
                    3+
                    , thereby promoting population of Ho
                    3+ 5
                    F
                    5
                    level and consequently enhancing its upconverting emission at 657 nm. This finding broadens the scope of energy transfer mechanisms in Ln‐MOFs. More importantly, it lays a foundation for rational design of upconverting luminescence in lanthanide‐based materials, opening new possibilities for advanced photonic applications.",crossref,0
Steric‐Electronic Engineering of Ester Carbonyls Enables Thermodynamic‐Kinetic Regulation of Electron Transfer for High‐Voltage and High‐Rate Lithium Metal Batteries,https://onlinelibrary.wiley.com/doi/10.1002/anie.5288915?af=R,Wiley: Angewandte Chemie International Edition: Table of Contents,2026-08-25 04:07:35 UTC,2026-08-25 04:07:35+00:00,10.1002/anie.5288915,Jinkui Feng,"ABSTRACT
                  
                    Ester‐based electrolytes, widely used in lithium‐ion batteries (LIBs), suffer from the intrinsically unstable carbonyl groups that trigger uncontrollable reductive decomposition, along with the narrow operating temperature window, limiting their application in high‐energy lithium metal batteries (LMBs). In this study, we establish a molecular‐level electron transfer regulation strategy toward ester carbonyls that simultaneously suppresses electron transfer thermodynamically and kinetically, while tailoring the solvation structure, thereby converting uncontrolled solvent decomposition into well‐defined interphase chemistry. This strategy ultimately yields a lightweight, wide‐temperature, and stable ethyl pivalate‐based electrolyte. The electrolyte supports stable operation from −40°C to 50°C and robust cycling in Li||NCM 811 cells at 4.6 V and 10 C. Commercially relevant Li||NCM 811 full cells further demonstrate exceptional durability at 4.6 V, with negligible capacity decay over 300 cycles. A 432 Wh kg
                    −1
                    pouch cell (2.5 Ah) with a low negative/positive ratio of 0.94 and lean electrolyte (1.17 g Ah
                    −1
                    ), stable cycling under high‐voltage (4.6 V) conditions. We believe the findings may extend to other ester‐based electrolytes and inform sodium/potassium/calcium/magnesium battery systems.",crossref,0
Expansion Microscopy Reveals the Spatial Association of Therapeutic Antibody–Receptor Complexes With Cholesterol‐Rich Membrane Domains,https://onlinelibrary.wiley.com/doi/10.1002/anie.1206161?af=R,Wiley: Angewandte Chemie International Edition: Table of Contents,2026-08-25 04:11:26 UTC,2026-08-25 04:11:26+00:00,10.1002/anie.1206161,Markus Sauer,"ABSTRACT
                  Understanding the complex interplay between therapeutic monoclonal antibodies (mAbs) and target receptors within the plasma membrane is essential for improving immunotherapy efficacy. However, direct visualization of lipid nanodomains remains challenging due to their nanoscale dimensions and dynamic behavior. Here, we combine expansion microscopy (ExM) with a fluorescent perfringolysin O domain‐4 probe to map cholesterol‐rich nanodomains in the membrane of whole intact cells with a spatial resolution approaching ∼40 nm on a confocal setup. We demonstrate that cholesterol‐rich domains predominantly localize to actin‐supported membrane protrusions in COS‐7 cells. We directly visualize how the binding of therapeutic mAbs rituximab (RTX) and daratumumab (DARA) redistributes CD20 and CD38 on lymphoma and multiple myeloma cells, respectively, into cholesterol‐rich nanodomains. Accumulation of receptor/mAb complexes within lipid nanodomains creates Fc fragment‐dense regions that enhance signal transduction, apoptotic signaling, and complement‐dependent cytotoxicity. Furthermore, RTX binding induces pronounced B‐cell polarization and accumulation of CD20/RTX complexes in cholesterol‐rich membrane nanodomains, whereas CD38/DARA complexes exhibit a more homogeneous membrane distribution indicating that mAb binding‐induced receptor reorganization occurs in a cell‐type‐ and receptor‐dependent manner at the nanoscale. Our results show how ExM can be used advantageously to improve our understanding of the complex interplay of mAbs and lipid nanodomains.",crossref,0
A Cytochrome P450 Enzyme‐Catalyzed Acetyl Migration in Cyanogramide Biosynthesis,https://onlinelibrary.wiley.com/doi/10.1002/anie.7360177?af=R,Wiley: Angewandte Chemie International Edition: Table of Contents,2026-08-25 04:11:42 UTC,2026-08-25 04:11:42+00:00,10.1002/anie.7360177,Changsheng Zhang,"ABSTRACT
                  
                    Cyanogramide (
                    1
                    ) is a unique spirooxindole alkaloid derived from a marine actinomycete and is characterized by its distinct spirocyclic pyrrolo[1,2‐c]imidazolidin‐4‐one scaffold. Although we have successfully elucidated the biosynthetic pathway of
                    1
                    , the mechanism underlying the formation of the characteristic imidazolidin‐4‐one remains unclear. In this study, we demonstrate that the cytochrome P450 monooxygenase CyaI catalyzes an oxidation reaction through a zwitterionic intermediate and facilitates a subsequent unusual C→N acetyl migration, which triggers a spontaneous intramolecular cyclization to forge the imidazolidin‐4‐one ring during
                    1
                    biosynthesis. In addition, CyaI is identified as a bifunctional enzyme that also catalyzes
                    N
                    ‐demethylation. High‐resolution crystallography and mutagenesis studies determine Thr245 as a crucial catalytic residue that modulates the balance between imidazolidine‐4‐one synthesis and demethylation. This work not only expands the catalytic repertoire of P450 enzymes but also opens the way for the development of multifunctional biocatalysts in the synthesis of complex natural products.",crossref,0
Olefin–Ag d–π Coupling Enables Organic Solar Cells With >83% Fill Factor,https://onlinelibrary.wiley.com/doi/10.1002/anie.7293232?af=R,Wiley: Angewandte Chemie International Edition: Table of Contents,2026-08-25 04:19:03 UTC,2026-08-25 04:19:03+00:00,10.1002/anie.7293232,Zhishan Bo,"ABSTRACT
                  In this study, we have discovered a previously neglected interface modification mechanism. Specifically, isolated olefin moieties are capable of donating π‐electrons to metal surfaces, which in turn generates an interfacial dipole and leads to a substantial reduction in the electrode work function. This strategy demonstrates broad applicability across a range of olefin‐containing molecules. Through comparative studies on various metals, it has been determined that silver (Ag) exhibits the most pronounced π→metal donation interaction. When olefin‐functionalized materials are employed as the cathode interlayer (CIL) in organic solar cells (OSCs), they can enhance the built‐in electric field, promote the formation of ohmic contact, improve charge extraction efficiency, and suppress trap‐assisted recombination, resulting in a power conversion efficiency (PCE) of 20.88% with a high fill factor over 83% in D18:L8‐BO system. Further analysis by depth‐profile x‐ray photoelectron spectroscopy (XPS) reveals a significant suppression of Ag migration, highlighting the ability of olefin CILs to enhance device stability. Our research indicates that olefins represent a novel class of electrode‐modifying groups with stable chemical properties and electron‐donating characteristics, offering promising prospects for the development of high‐performance, long‐lifetime organic photovoltaic cell technologies.",crossref,0
Graphdiyne‐Based Heteronuclear Dual‐Atom Catalysts Enable High‐Energy‐Density Lithium–Sulfur Batteries,https://onlinelibrary.wiley.com/doi/10.1002/anie.3002971?af=R,Wiley: Angewandte Chemie International Edition: Table of Contents,2026-08-25 04:23:45 UTC,2026-08-25 04:23:45+00:00,10.1002/anie.3002971,Guoxing Li,"ABSTRACT
                  
                    The practical application of lithium–sulfur (Li–S) batteries are hindered by lithium (Li) polysulfides (LiPSs) shuttling, sluggish sulfur (S) redox kinetics, and Li dendrite growth. Here, we report heteronuclear Co‐Pt dual‐atom catalysts (DACs) anchored on graphdiyne (GDY) (Co‐Pt DAs/GDY) to boost S redox conversion kinetics and promote uniform Li deposition to enable high‐energy‐density Li–S batteries. The unique electronic coupling between
                    sp
                    ‐hybridized carbon of GDY and Co‐Pt dual atoms triggers a
                    p
                    ‐
                    d
                    ‐
                    d
                    orbital resonance. This resonance optimizes the interfacial electronic configuration to promote strong
                    d
                    ‐
                    p
                    orbital hybridization with LiPSs, endowing dual‐atom sites with site‑isolated redox‑complementary catalytic behavior toward sequential S redox reactions. Meanwhile, adjacent Pt atoms tailor Co sites to a high‐spin state, further strengthening their adsorption and catalytic capabilities. Benefiting from these features, the redox kinetics and electrochemical performance of S cathodes are significantly enhanced, S@Co‐Pt DAs/GDY cathodes deliver a remarkable areal capacity of 21.3 mA h cm
                    −2
                    and an excellent cycling stability under realistic conditions. Moreover, Co‐Pt DAs/GDY exhibits strong Li‐ion affinity and offers dual‐atom Li nucleation sites, enabling stable cycling of Li@Co‐Pt DAs/GDY anodes for more than 9200 h. Assembled Ah‐level Li–S pouch cells achieve a high‐energy‐density of 502 Wh kg
                    −1
                    (based on the total cell mass).",crossref,0
Paired Electrocatalytic Valorization of Phenolic Pollutants Into p‐Benzoquinone and p‐Aminophenol,https://onlinelibrary.wiley.com/doi/10.1002/anie.8237151?af=R,Wiley: Angewandte Chemie International Edition: Table of Contents,2026-08-25 04:30:06 UTC,2026-08-25 04:30:06+00:00,10.1002/anie.8237151,Hongying Zhao,"ABSTRACT
                  
                    Electrocatalytic valorization of organic pollutants into value‐added chemicals offers a sustainable strategy for wastewater treatment and resource recovery; however, achieving high Faradaic and energy efficiency remains challenging. Herein, we report a bipolar electrocatalytic strategy integrating anodic phenol oxidation (PhOR) with cathodic
                    p
                    ‐nitrophenol reduction (NPRR) for simultaneously producing
                    p
                    ‐benzoquinone (
                    p
                    ‐BQ) and
                    p
                    ‐aminophenol (
                    p
                    ‐AP). The tailored Ni(OH)
                    2
                    /CeF
                    3
                    anode and Cu(OH)
                    2
                    /Ni(OH)
                    2
                    cathode achieve
                    p
                    ‐BQ and
                    p
                    ‐AP yields of 84.5% and 96.3%, respectively. Specifically, incorporation of CeF
                    3
                    induces the interfacial charge redistribution of Ni site and then facilitates Ni(OH)
                    2
                    reconstruction into active NiOOH. Operando x‐ray absorption fine structure (XAFS) reveals that the potential‐driven dynamic Ni–O evolution optimizes the binding strength of reaction intermediates to boost PhOR performance. The cathode with Cu and Ni sites favors the surface‐adsorbed H* formation for efficient NPRR via an indirect electron transfer pathway. The PhOR||NPRR system achieves an exceptional Faradaic efficiency of 129.3% with a low energy consumption of 1.06 kWh kg
                    −
                    1
                    . The practical applicability was validated through the successful production of high‐purity
                    p
                    ‐BQ and
                    p
                    ‐AP from phenolic pollutants with respective recovery efficiency of 83.1% and 87.9%. This work provides a viable approach for facilitating a sustainable recovery of phenolic wastewaters.",crossref,0
An Iridium Distannylidyne – Expanding the Scope of Tetrylidyne Transition Metal Coordination Chemistry,https://onlinelibrary.wiley.com/doi/10.1002/anie.1048718?af=R,Wiley: Angewandte Chemie International Edition: Table of Contents,2026-08-25 04:37:13 UTC,2026-08-25 04:37:13+00:00,10.1002/anie.1048718,Lars Wesemann,"ABSTRACT
                  
                    Although transition metal tetrylidynes have been known for several decades, analogous heavy ditetrylidynes have not been reported in the literature to this day. In this work we describe the synthesis and characterization of iridium distannylidyne [(Me
                    3
                    P)
                    2
                    Ir(SnAr*)
                    2
                    ][WCA] (
                    1a
                    /
                    1b
                    ) {[WCA] = [Al(O
                    
                      t
                    
                    Bu
                    F
                    )
                    4
                    ]
                    –
                    (
                    1a
                    ), [BAr
                    F
                    4
                    ]
                    –
                    (
                    1b
                    ); Ar* = 2,6‐bis(2,4,6‐tri‐
                    iso
                    ‐propylphenyl)phenyl,
                    
                      t
                    
                    Bu
                    F
                    = C(CF
                    3
                    )
                    3
                    , Ar
                    F
                    = 3,5‐bis(trifluoromethyl)phenyl} as the first transition metal ditetrylidyne.
                    1
                    reacts with two equivalents of CO
                    2
                    to give [(Me
                    3
                    P)
                    2
                    Ir(SnAr*)
                    2
                    (
                    μ
                    3
                    ‐
                    η
                    3
                    ‐
                    κ
                    3
                    ‐
                    O
                    ,
                    C
                    ,
                    O’
                    ‐CO
                    2
                    )
                    2
                    ][Al(O
                    
                      t
                    
                    Bu
                    F
                    )
                    4
                    ] (
                    2
                    ). In the presence of excess trimethylphosphine, trimethylsilyl azide reacts with
                    1
                    to form imido‐bridged [(Me
                    3
                    P)
                    3
                    Ir(SnAr*)
                    2
                    (
                    μ
                    2
                    ‐N–TMS)][BAr
                    F
                    4
                    ]  (
                    3
                    ) upon extrusion of N
                    2
                    .",crossref,0
Prophage Activation Triggers Extracellular Synthesis of DNA in Bacterial Biofilms via Rolling Circle Replication,https://onlinelibrary.wiley.com/doi/10.1002/anie.3695434?af=R,Wiley: Angewandte Chemie International Edition: Table of Contents,2026-08-25 04:37:16 UTC,2026-08-25 04:37:16+00:00,10.1002/anie.3695434,Kai Thormann,"ABSTRACT
                  
                    Extracellular DNA (eDNA) plays crucial roles in biofilm formation and function, yet the role of bacteriophages, which can exist in a dormant state as prophages, in controlling eDNA synthesis, structure, and activity remains obscure. Here, we demonstrate that prophages harbored by environmental bacteria can be exploited for synthesis of programmable eDNA superstructures with a distinct function. We designed a custom circular template and used it to direct rolling circle replication of G‐quadruplex (GQ) motifs in
                    Shewanella oneidensis
                    and
                    Bacillus subtilis
                    . Under nutrient‐limiting conditions, prophage activation and proliferation triggered cell lysis and subsequent eDNA synthesis, producing multimeric GQ concatemers that self‐assembled into spherical (≤10 µm) and wire‐like (&gt;50 µm) superstructures in
                    S. oneidensis
                    and
                    B. subtilis
                    , respectively. Real‐time monitoring using fluorescent reporter strains revealed that DNA synthesis occurred predominantly after bacterial lysis, coinciding with prophage replication. The resulting eDNA superstructures enhanced the electrochemical properties of
                    S. oneidensis
                    and exhibited peroxidase activity through GQ‐hemin DNAzyme formation in
                    S. oneidensis
                    and
                    B. subtilis
                    cocultured biofilm. This work unveils a previously unknown mechanism by which prophages contribute to biofilm architecture and establishes a novel biotechnological platform for engineering functional DNA materials in living bacterial communities with potential applications in synthetic biology.",crossref,0
Enantioselective Biohalogenation of Spiro‐Epoxyoxindoles Enabled by Engineered Halohydrin Dehalogenases,https://onlinelibrary.wiley.com/doi/10.1002/anie.6230875?af=R,Wiley: Angewandte Chemie International Edition: Table of Contents,2026-08-25 04:40:56 UTC,2026-08-25 04:40:56+00:00,10.1002/anie.6230875,Nan‐Wei Wan,"ABSTRACT
                  
                    We herein describe a biocatalytic halogenation approach that harnesses the reverse dehalogenation reaction of halohydrin dehalogenases. Through the integration of enzyme screening and structure‐guided protein engineering, a double mutant of HheC (T134S/W139M) was created for the enantioselective halogenation of spiro‐epoxyoxindoles, delivering chiral β‐haloalcohols in high yields (up to 50%) and optical purity (up to 98%
                    ee
                    ). Meanwhile, a nonenantioselective double mutant of HheG (I104F/N196G) was identified for the efficient halogenation of racemic or enantiopure spiro‐epoxyoxindoles, affording the corresponding β‐haloalcohols in up to 98% yield. The biohalogenation systems were performed using copper halides as the halogenating reagent under whole‐cell catalysis and exhibit satisfactory substrate generality. When cell‐free extract was used as the biocatalyst, several other halide salts were also proved effective for the biohalogenation reaction. Remarkably, seawater served as a natural halogenating agent, enabling gram‐scale synthesis of chiral β‐haloalcohols. Representative downstream transformations of chiral β‐haloalcohols further showcased the synthetic utility of the enantioselective biohalogenation platform. Together, these findings not only expand the catalytic repertoire of halohydrin dehalogenases but also provide a viable biohalogenation strategy for the synthesis of chiral β‐haloalcohols from readily available epoxides.",crossref,0
Mechanically Interlocked Networks Enable High‐Performance Propylene Carbonate‐Based Gel Electrolytes for Durable Lithium‐Ion Batteries,https://onlinelibrary.wiley.com/doi/10.1002/anie.1853847?af=R,Wiley: Angewandte Chemie International Edition: Table of Contents,2026-08-25 04:59:27 UTC,2026-08-25 04:59:27+00:00,10.1002/anie.1853847,Zheng Liang,"ABSTRACT
                  
                    Propylene carbonate (PC), with a wide liquid‐phase temperature range, represents an ideal electrolyte solvent for lithium‐ion batteries (LIBs) operating under extreme conditions. However, the strong Li
                    +
                    ‒PC coordination triggers severe solvent co‐intercalation of graphite anodes, leading to irreversible exfoliation and capacity decay. Herein, the mechanically interlocked network (MIN) is proposed to construct the gel polymer electrolyte (GPE) that effectively resolves this long‐standing incompatibility through a dual‐functional molecular design. The crown ether moieties within MIN establish dipole–dipole interactions with PC, disrupting the preferential Li
                    +
                    ‒PC coordination and thereby suppressing solvent co‐intercalation. The unique topological feature of MINs endows the gel host with high chain mobility, enabling rapid Li
                    +
                    transport that exceeds conventional GPEs. When integrated into 1 Ah‐level graphite||LiFePO
                    4
                    pouch cells, the MIN‐GPE (MGPE) with PC and LiPF
                    6
                    delivers improved cycling stability over 300 cycles and demonstrates reliable performance across a temperature range from −20°C to 30°C. Furthermore, MGPE exhibits favorable compatibility with high‐voltage LiNi
                    0.8
                    Co
                    0.1
                    Mn
                    0.1
                    O
                    2
                    cathodes. This work highlights the potential of MINs as a versatile framework for GPE design to address PC incompatibility of graphite and sluggish Li
                    +
                    transport of the polymer host, offering new insights into the development of PC electrolytes for durable LIBs.",crossref,0
In This Issue,https://www.pnas.org/doi/abs/10.1073/iti3426123?mi=eymic2&af=R&access=on&content=articlesChapters&publication=pnas&sortBy=Earliest&target=default,Proceedings of the National Academy of Sciences: Keyword search for query,2026-08-25 07:00:00 UTC,2026-08-25 07:00:00+00:00,10.1073/iti3426123,,,,0
Interactive representations of power and status signals in learning social hierarchies,https://www.pnas.org/doi/abs/10.1073/pnas.2532908123?mi=eymic2&af=R&access=on&content=articlesChapters&publication=pnas&sortBy=Earliest&target=default,Proceedings of the National Academy of Sciences: Keyword search for query,2026-08-25 07:00:00 UTC,2026-08-25 07:00:00+00:00,10.1073/pnas.2532908123,Jean-Claude Dreher,"Social hierarchies, which organize our social relationships, have heterogeneous effects on choice behavior. Two central dimensions of social hierarchies, status, which is earned through recognition of competence, and power, which is the capacity to control the outcomes of others, may contribute to different behavioral profiles. Yet, the neurocomputational processes by which status- and power-related signals are learned based on social feedback, and influence subsequent decision-making, remain unclear. Here, we combine functional neuroimaging with computational modeling to examine how individuals acquire knowledge about others’ status and power, and how these learned hierarchy signals shape social influence on advice-taking during a risky choice task. We found that the medial prefrontal cortex covaried with status estimates, whereas the amygdala covaried with power estimates. Moreover, estimates in one dimension influenced choices in the other during learning. This indicates interactions between status and power signals, with retrosplenial cortex activity associated with hierarchy signals beyond immediate choice demands. Finally, status broadly modulated response biases toward both safe and risky advice, whereas power primarily increased bias toward safe advice. These findings characterize how experimentally instantiated status and power signals are learned and influence risky decision-making, indicating partially separable yet interactive representations of these hierarchy signals.",crossref,0
Bright monomeric fluorescent protein elite-niRFP704 for two-channel near-infrared STED nanoscopy,https://www.pnas.org/doi/abs/10.1073/pnas.2533451123?mi=eymic2&af=R&access=on&content=articlesChapters&publication=pnas&sortBy=Earliest&target=default,Proceedings of the National Academy of Sciences: Keyword search for query,2026-08-25 07:00:00 UTC,2026-08-25 07:00:00+00:00,10.1073/pnas.2533451123,Stefan Jakobs,"The near-infrared (NIR) spectral region is attractive for live-cell imaging, due to low autofluorescence and reduced phototoxicity. Some phytochrome-derived fluorescent proteins absorb and emit fluorescence in the NIR, but have short fluorescence lifetimes and relatively low quantum yields, requiring higher laser powers thus limiting their usefulness for live-cell superresolution microscopy. Using the bacterial phytochrome miRFP703 as a template, we screened for variants with longer fluorescence lifetimes, because the quantum yield and fluorescence lifetime are linked. We identified the bright monomeric fluorescent protein elite-niRFP704, which has a longer lifetime (1.12 ns) and a correspondingly higher quantum yield (0.21) than its template, absorbing and emitting completely in the NIR spectral region. elite-niRFP704 was used to tag proteins in living cells and facilitated extended stimulated emission depletion (STED) microscopy on cell lines stably expressing a fusion protein. Finally, elite-niRFP704 and miRFP703 could be separated based on their significantly different lifetimes, enabling two-channel NIR STED microscopy of living mammalian cells.",crossref,0
Plasmodium thiamine pyrophosphokinase is essential for sporozoite formation and activation of an antiplasmodial thiamine analogue,https://www.pnas.org/doi/abs/10.1073/pnas.2534594123?mi=eymic2&af=R&access=on&content=articlesChapters&publication=pnas&sortBy=Earliest&target=default,Proceedings of the National Academy of Sciences: Keyword search for query,2026-08-25 07:00:00 UTC,2026-08-25 07:00:00+00:00,10.1073/pnas.2534594123,Kevin J. Saliba,"Oxythiamine, a thiamine analogue, inhibits
                    Plasmodium falciparum
                    proliferation by acting as an antimetabolite of vitamin B
                    1
                    . To elucidate in more detail its underlying mechanism of action, in vitro drug pressure was employed to generate oxythiamine-resistant
                    P. falciparum
                    lines. Whole-genome sequencing revealed that resistance was conferred by a single-point mutation in the thiamine pyrophosphokinase (TPK) gene. The mutated TPK has reduced activity, thereby likely limiting the conversion of oxythiamine into its active toxic form. To investigate the functional role of TPK across the parasite life cycle, a
                    TPK
                    -knockout line was generated in
                    Plasmodium berghei
                    .
                    TPK
                    -knockout parasites displayed a minor fitness cost during intraerythrocytic proliferation that could be overcome by infecting reticulocytes, but their sensitivity to oxythiamine was reduced fivefold in vivo, consistent with the hypothesis that activation of oxythiamine via TPK is essential for its antiplasmodial activity. In the
                    Anopheles
                    vector,
                    TPK
                    -knockout parasites produced a similar number of oocysts as wild-type parasites, but oocyst maturation was impaired and sporozoite formation was completely inhibited. These findings underscore an essential role for TPK in mediating the antiplasmodial activity of oxythiamine and reveal its critical function in sporogony within the mosquito, supporting its potential as a transmission-blocking target for antimalarial intervention.",crossref,0
"Rapid, HIF-1α-independent, response of VEGF secretion to decreased O2 in mouse retina",https://www.pnas.org/doi/abs/10.1073/pnas.2602872123?mi=eymic2&af=R&access=on&content=articlesChapters&publication=pnas&sortBy=Earliest&target=default,Proceedings of the National Academy of Sciences: Keyword search for query,2026-08-25 07:00:00 UTC,2026-08-25 07:00:00+00:00,10.1073/pnas.2602872123,Ian R. Sweet,"Vascular endothelial growth factor-A (VEGF) is a critical determinant of retinopathy due to vascular complications. Its expression is chronically regulated by transcription factors notably hypoxia-inducible factor-1α (HIF-1α) in response to decreased availability of oxygen [O
                    2
                    ]. We considered whether there is a distinct rapid response component of VEGF secretion in response to low O
                    2
                    , faster than could be achieved by HIF-1α. To investigate this possibility, we measured real time responses of VEGF, lactate, and HIF-1α by retinas and other tissues to rapid and precise decreases in dissolved O
                    2.
                    and showed that retinas, retinal pigment epithelium, and endothelial cells all can secrete VEGF within 5 min after a decrease in [O
                    2
                    ]. HIF-1α levels in retinas did not increase until 20 to 30 min after a decrease in dissolved [O
                    2
                    ]. Moreover, increased HIF-1α induced by the drug Roxadustat, did not stimulate VEGF secretion at atmospheric (21%) O
                    2
                    and a steady rate of VEGF secretion was sustained for over 120 min following elimination of HIF-1α and protein synthesis by exposure to the protein synthesis inhibitor cycloheximide. We then investigated the mechanism of VEGF release and found that VEGF was stored in the plasma membranes of retinas at 21% O
                    2
                    . These stores are depleted within 30 min once [O
                    2
                    ] is decreased. Taken together, these findings indicate that VEGF is constitutively made (under the influence of HIF-1α and other transcription factors) and stored within the retina, and rapid release occurs after a substantial decrease in available O
                    2
                    independent of HIF-1α.",crossref,0
Cannabinoid tolerance relies on CB1 receptor ubiquitination by NEDD4L,https://www.pnas.org/doi/abs/10.1073/pnas.2606671123?mi=eymic2&af=R&access=on&content=articlesChapters&publication=pnas&sortBy=Earliest&target=default,Proceedings of the National Academy of Sciences: Keyword search for query,2026-08-25 07:00:00 UTC,2026-08-25 07:00:00+00:00,10.1073/pnas.2606671123,Manuel Guzmán,"Cannabinoids, the active components of cannabis, exert numerous acute effects in the brain by engaging cannabinoid CB
                    1
                    receptors (CB
                    1
                    Rs). However, tolerance emerges rapidly after repeated drug exposure, undermining the efficacy of cannabinoid-based therapies and contributing to cannabis-associated adverse effects. Although the processes of CB
                    1
                    R short-term desensitization (i.e., receptor uncoupling and internalization) are well characterized, the mechanisms underlying CB
                    1
                    R long-term tolerance (i.e., downregulation of receptor protein levels) remain elusive. Here, we identify a ubiquitin-dependent pathway that couples CB
                    1
                    R activation to its proteasomal degradation. We show that cannabinoids engage a G
                    q/11
                    -PLC-PKC signaling cascade that phosphorylates and activates the E3 ubiquitin ligase neural precursor cell-expressed developmentally downregulated 4-like (NEDD4L), promoting its recruitment to CB
                    1
                    R and the ubiquitination of four specific lysine residues. This modification targets the receptor for proteasomal clearance, reducing neuronal CB
                    1
                    R abundance in vitro and in the mouse brain. Using molecular, pharmacological, and circuit-specific rescue approaches, we demonstrate that preventing CB
                    1
                    R ubiquitination stabilizes receptor levels and abolishes behavioral cannabinoid tolerance in mice without impairing acute drug responses. These findings reveal a molecular mechanism that controls CB
                    1
                    R stability and identify NEDD4L-mediated ubiquitination as a central driver of cannabinoid tolerance.",crossref,0
"Ank3 loss in adult forebrain excitatory neurons disrupts behavior, neuronal activity, membrane proteome, and myelination",https://www.pnas.org/doi/abs/10.1073/pnas.2606900123?mi=eymic2&af=R&access=on&content=articlesChapters&publication=pnas&sortBy=Earliest&target=default,Proceedings of the National Academy of Sciences: Keyword search for query,2026-08-25 07:00:00 UTC,2026-08-25 07:00:00+00:00,10.1073/pnas.2606900123,Peter Penzes,"ANK3
                    , encoding the scaffolding protein ankyrin-G, is a major risk gene for bipolar disorder and schizophrenia, but its cellular and circuit-level mechanisms remain poorly defined. Here, we demonstrate that deletion of
                    Ank3
                    in forebrain excitatory neurons-either prenatally (
                    
                      Ank3
                      –/
                      −
                      :Emx1-Cre
                    
                    ) or in adolescence (
                    
                      Ank3
                      –/
                      –
                      :CaMKIIα-Cre
                    
                    ) leads to convergent behavioral phenotypes in adulthood, including hyperactivity, reduced anxiety-like behavior, and decreased depression-like responses. Calcium imaging in cultured neurons and acute brain slices revealed that ankyrin-G loss reduces both spontaneous and evoked neuronal activity. Quantitative proteomic profiling of membrane-enriched cortical fractions uncovered widespread remodeling of the synaptic proteome, including upregulation of the kinase Taok2 and unexpected downregulation of myelin basic protein (Mbp), a structural component of oligodendrocyte-derived myelin. Importantly, chronic lithium treatment, known to reverse behavioral abnormalities in
                    Ank3
                    -deficient mice, also restored Mbp expression. Together, our findings identify ankyrin-G as a molecular bridge between excitatory neuronal activity, synaptic structure, and myelin-associated protein expression, revealing a pathway by which
                    ANK3
                    variants may contribute to neuropsychiatric disease.",crossref,0
A gut symbiotic filamentous fungus reprograms host metabolism and the microbiota to confer radioprotection,https://www.pnas.org/doi/abs/10.1073/pnas.2608386123?mi=eymic2&af=R&access=on&content=articlesChapters&publication=pnas&sortBy=Earliest&target=default,Proceedings of the National Academy of Sciences: Keyword search for query,2026-08-25 07:00:00 UTC,2026-08-25 07:00:00+00:00,10.1073/pnas.2608386123,Xingzhong Liu,"The gut mycobiome is increasingly linked to host physiology, yet functional insights are dominated by yeasts, leaving the roles of filamentous fungi largely unexplored. Here, we identify
                    Mucor racemosus
                    as a gut-resident symbiotic filamentous fungus that establishes intestinal colonization via both hyphal and spore forms.
                    M. racemosus
                    confers radioprotection through an integrated metabolic program coupling direct host support with microbiota-mediated amplification. The fungus produces L-glutamate, L-aspartate, and DL-lysine, which are transferred to the host to enhance DNA damage repair in radiation-exposed intestinal epithelial cells. In parallel,
                    M. racemosus
                    –derived methylthioadenosine remodels the gut bacterial community by enriching
                    Limosilactobacillus reuteri
                    and reprogramming sulfur metabolism to generate radioprotective methionine. This coordinated fungal–bacterial metabolic axis reinforces intestinal radiotolerance. Consistent with this mechanism, dietary administration of
                    M. racemosus
                    –fermented cheese confers radioprotection in vivo. Together, these findings establish gut filamentous fungi as active metabolic organizers of host–microbiota interactions.",crossref,0
SET7-mediated methylation of IRF3 at lysine 98 attenuates antiviral innate immunity,https://www.pnas.org/doi/abs/10.1073/pnas.2601297123?mi=eymic2&af=R&access=on&content=articlesChapters&publication=pnas&sortBy=Earliest&target=default,Proceedings of the National Academy of Sciences: Keyword search for query,2026-08-25 07:00:00 UTC,2026-08-25 07:00:00+00:00,10.1073/pnas.2601297123,Wuhan Xiao,"SET7 belongs to the SET domain (SETD) methyltransferase family, which catalyzes the monomethylation of lysine residues in histones and nonhistone proteins. This process can either enhance or suppress gene activation. Interferon regulatory factor 3 (IRF3) is a key transcription factor in the type I interferon (IFN) signaling pathway. This pathway is controlled by multiple posttranslational modifications that finely tune IRF3’s function. Here, we identify SET7 as a negative regulator of IRF3. SET7 interacts with IRF3 and catalyzes the monomethylation of IRF3 at lysine 98. This modification decreases IRF3 phosphorylation, dimerization, and subsequent nuclear translocation, thereby inhibiting the production of downstream type I interferons. Furthermore, zebrafish lacking
                    set7
                    , as well as those treated with the inhibitor (R)-PFI-2, exhibits greater resistance to viral infection.
                    Set7
                    -deficient mice also exhibit greater resistance to RNA and DNA viral infections. Our findings reveal a role for SET7 in regulating antiviral innate immunity and provide insight into the IRF3 monomethylation that affects its activation.",crossref,0
Multidomain interaction governs the filamentous assembly of the dominant-negative DNMT3A R882H mutant,https://www.pnas.org/doi/abs/10.1073/pnas.2609226123?mi=eymic2&af=R&access=on&content=articlesChapters&publication=pnas&sortBy=Earliest&target=default,Proceedings of the National Academy of Sciences: Keyword search for query,2026-08-25 07:00:00 UTC,2026-08-25 07:00:00+00:00,10.1073/pnas.2609226123,Jikui Song,"DNA methyltransferase DNMT3A-mediated de novo DNA methylation is important for proper regulation of gene expression and genomic stability in development. The DNMT3A R882H (DNMT3A
                    R882H
                    ) mutation, a hot-spot mutation in acute myeloid leukemia and developmental disorders, exerts a dominant-negative effect in DNMT3A-mediated DNA methylation through promoting high-order protein assembly. However, due to the lack of structural knowledge on DNMT3A homo-oligomers, the mechanism behind wild-type DNMT3A (DNMT3A
                    WT
                    ) and DNMT3A
                    R882H
                    polymerization remains unclear. Here, we report the single-particle cryo-EM structures of homo-oligomeric DNMT3A
                    WT
                    and filamentous DNMT3A
                    R882H
                    , revealing the role of the regulatory Pro-Trp-Trp-Pro (PWWP) and ATRX-DNMT3-DNMT3L (ADD) domains of DNMT3A in their dynamic assembly. While the oligomeric assembly of DNMT3A is mainly driven by the well-characterized oligomer interfaces in the methyltransferase domain, the autoinhibitory interaction of the PWWP and ADD domains in DNMT3A places them in a position for intermolecular contact, thereby contributing to the filamentous assembly of DNMT3A
                    R882H
                    . Disrupting the autoinhibitory interaction facilitates the transition of DNMT3A
                    R882H
                    polymer toward the low-order oligomeric assembly, reinforcing the aggregation-attenuation effect of the previously characterized oligomer-interface mutation R676K. Together, this study uncovers a multidomain cooperated assembly mechanism for DNMT3A, with important implication in development of effective therapeutic strategies against DNMT3A
                    R882H
                    -associated diseases.",crossref,0
On the origin of the ionic strength control of the motility of kinesin-14,https://www.pnas.org/doi/abs/10.1073/pnas.2618972123?mi=eymic2&af=R&access=on&content=articlesChapters&publication=pnas&sortBy=Earliest&target=default,Proceedings of the National Academy of Sciences: Keyword search for query,2026-08-25 07:00:00 UTC,2026-08-25 07:00:00+00:00,10.1073/pnas.2618972123,Arieh Warshel,"Kinesin-14 motors are a special class of the kinesin family proteins that walk toward the minus end along the microtubule. It has the reverse directionality compared to the general conventional kinesins. The motility of kinesin-14 has been found to depend on the ionic strength. That is, when the ionic strength changes, the motility of the protein changes significantly. Understanding the origin of such effect is important both as a fundamental problem and as a part of the overall understanding of intracellular transportation. Here, we explore the molecular origin behind the lowering of motility of kinesin-14 upon increase in the ionic strength. Our study combines steered molecular dynamics and umbrella sampling simulations and binding energy calculations. It is concluded that at a low ionic strength the ADP release from the trailing or back leg has a significantly lower barrier than that from the leading or front leg. However, at a higher ionic strength the barrier of ADP release becomes lower for both the trailing and leading legs, where now the barriers for both legs are similar. In this case although the ADP release for the trailing end becomes faster (which usually corresponds to higher motility) it is also faster for the leading end, and the overall motion of both heads balance each other and the motility becomes slower. The ionic strength effect and our binding free energy calculations indicated that the motility in this system is controlled by electrostatic energy. Such effects are likely to be prominent in in-vivo cellular conditions.",crossref,0
RNA aptamers for sodium and lithium are abundant in mammals,https://www.pnas.org/doi/abs/10.1073/pnas.2618832123?mi=eymic2&af=R&access=on&content=articlesChapters&publication=pnas&sortBy=Earliest&target=default,Proceedings of the National Academy of Sciences: Keyword search for query,2026-08-25 07:00:00 UTC,2026-08-25 07:00:00+00:00,10.1073/pnas.2618832123,Ronald R. Breaker,"Riboswitches are common in the bacterial domain of life where they regulate gene expression in response to binding metabolites, elemental ions, or other small ligands. We used comparative sequence analyses to identify numerous RNA motifs in humans and other mammals that are similar in sequence and structure to bacterial riboswitch aptamers for cationic sodium and lithium. Candidates are found in the mRNA transcripts for ~70 genes relevant to ion conductance, neuronal development and function, or to various neurological diseases. Bioinformatic and biochemical analyses support the hypothesis that mammals make extensive use of these RNA aptamers to selectively bind Na
                    +
                    and Li
                    +
                    . These structured RNA domains are often located in regions of mRNAs or their putative antisense transcripts that suggest they are components of riboswitches. Such associations also expose links between these alkali metal ions and genes whose expression is likely under monovalent ion regulation. These findings are also consistent with the hypothesis that Li
                    +
                    is a natural contributor to the regulation of genes relevant to certain mental disorders.",crossref,0
Mercury’s crustal magnetization indicates a stronger ancient dynamo,https://www.pnas.org/doi/abs/10.1073/pnas.2608701123?mi=eymic2&af=R&access=on&content=articlesChapters&publication=pnas&sortBy=Earliest&target=default,Proceedings of the National Academy of Sciences: Keyword search for query,2026-08-25 07:00:00 UTC,2026-08-25 07:00:00+00:00,10.1073/pnas.2608701123,John B. Biersteker,"Mercury is the only terrestrial planet in the solar system other than Earth with an active dynamo magnetic field (~200 nT at the equatorial surface). Furthermore, Mercury’s ~3.9- to 3.7-billion-year-old (Ga) crust is strongly magnetized (~10 nT at ~30-km altitude), indicating the presence of a past dynamo. However, the strength of the past dynamo field and the mechanism that generated it are unknown. To address this, we performed three-dimensional magnetohydrodynamic simulations of the ancient solar wind interaction with the planetary field coupled with crustal thermal evolution and magnetization models. We show that the crustal magnetization was likely produced by a dipole field with equatorial surface strength of at least ~2,000 nT and possibly as high as ~30,000 nT for a dynamo with a reversal frequency greater than once per million years. Such strong fields likely exclude both the solar wind feedback and thermoelectric dynamo mechanisms at ~3.7 Ga ago. Instead, our results are compatible with the past dynamo being generated by a nearly fully convective core.",crossref,0
Barcoded mutant library enables high-throughput functional genomics in a filamentous fungus,https://www.pnas.org/doi/abs/10.1073/pnas.2616888123?mi=eymic2&af=R&access=on&content=articlesChapters&publication=pnas&sortBy=Earliest&target=default,Proceedings of the National Academy of Sciences: Keyword search for query,2026-08-25 07:00:00 UTC,2026-08-25 07:00:00+00:00,10.1073/pnas.2616888123,N. Louise Glass,"Advances in sequencing technology enabling rapid and inexpensive whole-genome sequencing highlight how few genes are functionally characterized. This problem is particularly acute in filamentous fungi, where even in the best studied organisms upward of half of genes are poorly characterized or unannotated. High-throughput tools to identify gene function exist for single-celled organisms, like yeast and bacteria. However, filamentous fungi present challenges to high-throughput gene characterization, including low transformation efficiency and multinucleate cells. Filamentous fungi are critical components of nutrient cycling in ecosystems, form symbioses with plants that improve nutrient uptake, and are devastating human, plant, and animal pathogens causing millions of deaths and substantial crop loss each year. Thus, it is critical to overcome challenges to rapid gene characterization in filamentous fungi. We generated a library of hundreds of millions of uniquely barcoded plasmids containing a broad host-range drug resistance marker for ectopic insertion into filamentous fungal genomes by
                    Agrobacterium tumefaciens
                    . We then optimized
                    A. tumefaciens
                    mediated transformation of the biocontrol agent
                    Trichoderma atroviride
                    and made an insertional mutagenesis library containing 83,311 barcoded insertions, disrupting 5,331 of 11,863 predicted genes. This library enables high-throughput screens to rapidly connect genotype to phenotype. Quantifying relative barcode abundance in the pooled library before and after exposure to experimental conditions identified candidate genes and recovered known pathway components in amino acid biosynthetic, fructose utilization, and xylose utilization pathways. This resource establishes a scalable platform for high-throughput functional genomics in filamentous fungi, enabling investigations of fungal biology to improve medical outcomes, biotechnology, and sustainable agriculture.",crossref,0
Mechanisms behind facilitation–competition transition along rainfall gradients,https://www.pnas.org/doi/abs/10.1073/pnas.2615937123?mi=eymic2&af=R&access=on&content=articlesChapters&publication=pnas&sortBy=Earliest&target=default,Proceedings of the National Academy of Sciences: Keyword search for query,2026-08-25 07:00:00 UTC,2026-08-25 07:00:00+00:00,10.1073/pnas.2615937123,Niv DeMalach,"Woody cover is rapidly changing due to mortality, shrub encroachment, and afforestation, reshaping herbaceous communities and ecosystem functioning worldwide. Trees and shrubs often facilitate herb growth in dry sites but suppress it in wetter environments. Explanations for this facilitation-to-competition transition lack a clear link to resource competition theory, despite being a fundamental aspect of the broader Stress Gradient Hypothesis. While recent quantitative frameworks exist, explanations remain contested and have yet to reproduce the shift along a rainfall gradient from first principles. Here, we present a mechanistic framework consisting of two submodels: i) canopy shading, which reduces photosynthesis (competition) and evapotranspiration (facilitation), and ii) root effects, including water uptake (competition) and increased moisture via hydraulic redistribution (facilitation). We elucidate the conditions under which interactions shift from facilitation to competition. The models reproduce this reversal only when water is not the sole limiting factor at high rainfall or when woody density increases with precipitation. The two pathways leave distinct signatures: Canopy shading produces a hump-shaped pattern with maximum facilitation at intermediate stress, while the root pathway predicts a shift from positive to negative interactions as water availability increases. More generally, the reversal is robust across mechanisms and gradients: Enhanced infiltration can replace hydraulic redistribution, evaporative demand can replace rainfall, and combined canopy–root interactions preserve the transition. By translating a classic idea into a quantitative framework, this model enhances ecosystem management in a changing world.",crossref,0
Major role for internal variability in tropical Pacific warming pattern over satellite era,https://www.pnas.org/doi/abs/10.1073/pnas.2615883123?mi=eymic2&af=R&access=on&content=articlesChapters&publication=pnas&sortBy=Earliest&target=default,Proceedings of the National Academy of Sciences: Keyword search for query,2026-08-25 07:00:00 UTC,2026-08-25 07:00:00+00:00,10.1073/pnas.2615883123,Matthew T. Luongo,"Home to El Niño, the tropical Pacific is a key player in the global climate system. While most of the planet has warmed during the satellite era of 1982–2024, the eastern tropical Pacific surface has mysteriously cooled. What is troubling is that fully coupled global climate models mostly fail to simulate this distinctive pattern. By replacing wind stress applied to the ocean with observations, here we show that climate models successfully reproduce the La Niña-like (LN) trend pattern over the satellite era as well as the opposite decadal transition observed during the 1970s. Detailed analysis reveals that the LN (El Niño-like) surface temperature pattern is associated with a multidecadal intensification (slowdown) of the trade winds and deepened (shoaled) thermocline in the western equatorial Pacific. Averaging out cyclic internal variability, longer-term trends from the 1950s are in broad agreement with the radiatively forced response in the same models, with much reduced wind and ocean temperature anomalies in the equatorial Pacific compared to those during the satellite era. These results indicate that unforced internal variability largely explains the satellite-era tropical Pacific change. As such, the LN pattern is expected to wane as tropical Pacific decadal variability transitions from its current negative phase, causing worldwide shifts in rainfall, tropical cyclones, and ocean-atmospheric circulations.",crossref,0
"ST6GAL1-mediated sialyl linkage switching drives cancer-promoting α2,6-sialo-protrusions radiating from anti-inflammatory TAMs",https://www.pnas.org/doi/abs/10.1073/pnas.2623365123?mi=eymic2&af=R&access=on&content=articlesChapters&publication=pnas&sortBy=Earliest&target=default,Proceedings of the National Academy of Sciences: Keyword search for query,2026-08-25 07:00:00 UTC,2026-08-25 07:00:00+00:00,10.1073/pnas.2623365123,Morten Thaysen-Andersen,"Tumor-associated macrophages (TAMs) are functionally diverse effector cells in the tumor microenvironment (TME). Pro- and anti-inflammatory TAMs are central to cancer progression by shaping inflammation and immune homeostasis, but it remains unknown if polarization-induced remodeling of the TAM glycocalyx critical for cellular communication and interactions occurs within the TME. Taking a systems glycobiology approach, we first used cell surface-focused glycomics and lectin flow cytometry of ex vivo polarized monocyte-derived macrophages to demonstrate profound sialyl linkage switching in proinflammatory (α2,3-sialo-favored) and anti-inflammatory (α2,6-sialo-dominant) macrophages. ST6GAL1 catalyzing α2,6-sialylation was found to be elevated in anti-inflammatory compared to proinflammatory macrophages, suggesting that this glycoenzyme facilitates sialyl linkage switching, which was supported by
                    ST6GAL1
                    silencing.
                    Sambucus nigra
                    agglutinin (SNA)-focused lectin cytochemistry of anti-inflammatory macrophages revealed dense networks of dynamic α2,6-sialylated protein-based protrusions forming interconnecting extracellular structures that were absent in proinflammatory macrophages. Temporal ST6GAL1 suppression in anti-inflammatory macrophages disintegrated the cellular protrusions as evidenced by SNA and biotin fluorescence microscopy. Moreover, live cell recordings of anti-inflammatory macrophages cultured with and without colorectal cancer (CRC) cells showed reduced macrophage motility, attenuated intermacrophage and macrophage–CRC cell interactions and diminished CRC cell proliferation upon ST6GAL1 suppression indicating functional roles of the sialo-protrusions. Notably,
                    ST6GAL1
                    silencing in anti-inflammatory macrophages promoted transition toward proinflammatory-like phenotypes, as supported by altered morphology, phagocytotic capacity, and Siglec and cytokine expression. Finally, sialyl linkage switching was recapitulated in pro- and anti-inflammatory TAMs in tumor tissues of patients with advanced CRC. We report on the mechanistic basis for and functional consequences of glycocalyx remodeling accompanying TAM polarization.",crossref,0
Reconstruction of an extinct soundscape reveals ultrasonic communication in the Jurassic,https://www.pnas.org/doi/abs/10.1073/pnas.2615107123?mi=eymic2&af=R&access=on&content=articlesChapters&publication=pnas&sortBy=Earliest&target=default,Proceedings of the National Academy of Sciences: Keyword search for query,2026-08-25 07:00:00 UTC,2026-08-25 07:00:00+00:00,10.1073/pnas.2615107123,Dong Ren,"Very little is known about the acoustic landscape of long-gone environments, such as the Jurassic forests. The sounds made by dinosaurs and other charismatic vertebrates are not definitively known because their vocal organs rarely preserve well in fossils. Unlike tetrapod vocal cords, the sound-producing organs present in the sclerotized cuticle of some arthropods do fossilize well. For example, the stridulatory structures (file, plectrum) can be observed and measured in the fossilized forewings of male crickets and allies. These fossils incorporate a fingerprint of the acoustic signals they generated, offering a unique window into the soundscapes of the past. While call frequencies can be inferred from fossilized wings using phylogenetically informed predictions, the reconstruction of wing vibrations and the songs’ temporal patterns from fossil material remains elusive. Integrating phylogenetics, laser Doppler-vibrometry, numerical simulations, and an AI-based approach, 20 ensiferan fossils (nine species) from a single location (Jiulongshan Formation, Inner Mongolia, China) were studied to recreate the acoustic landscape of the Middle Jurassic. These insects produced pure-tone calls, an adaptation to avoid localization by eavesdropping predators. They also exhibited rich diversity in their calling song frequencies and repertoires, facilitated by specialized file morphologies and wing-size variation. One species called above 20 kHz, suggesting that ultrasonic communication in insects was established long before the emergence of bats in the Eocene. Evolving mammalian hearing thresholds suggest early predators imposed acoustic pressures before bats. This arms race with singing ensiferans likely drove Jurassic insect song diversity and the evolution of mammalian and insect auditory systems.",crossref,0
Reconciling strange metal transport in CeCoIn5 through the difference of optical and cyclotron effective masses,https://www.pnas.org/doi/abs/10.1073/pnas.2614197123?mi=eymic2&af=R&access=on&content=articlesChapters&publication=pnas&sortBy=Earliest&target=default,Proceedings of the National Academy of Sciences: Keyword search for query,2026-08-25 07:00:00 UTC,2026-08-25 07:00:00+00:00,10.1073/pnas.2614197123,N. P. Armitage,"The strange metal behavior in cuprate superconductors—characterized by linear in temperature resistivity and anomalous Hall transport—stands in stark contrast to the expectation of conventional Fermi liquid (FL) theory. Remarkably, the similar transport behavior has also been observed in the heavy fermion metal CeCoIn
                    5
                    , whose d-wave superconducting ground state and strong antiferromagnetic fluctuations draw parallels to the cuprates. Here we have investigated the optical conductivity of the strange metal state of CeCoIn
                    5
                    over a wide magnetic field range using time-domain THz spectroscopy. Using unique high-field THz spectroscopy we have shown that the current relaxation rate scales approximately as T
                    2
                    , giving evidence for a hidden Fermi liquid state over a large field range. This result can be reconciled with linear in T resistivity with the realization that heavy quasiparticles have an optical mass that becomes very enhanced at low
                    
                      
                        T
                      
                    
                    . This optical mass contrasts with the mass that characterizes cyclotron motion, which does not suffer the same large temperature-dependent renormalization. Although by itself anomalous, this allows one to understand a number of other phenomena in CeCoIn
                    5
                    that have been taken to be signatures of strange metals, including the coexistence of a conventional T
                    2
                    dependence of the cotangent of the Hall angle with the linear in T resistivity, which with our observation also reflects FL-like physics.",crossref,0
Loss of neuronal population organization links pathology to behavior in a model of Alzheimer’s disease,https://www.pnas.org/doi/abs/10.1073/pnas.2614164123?mi=eymic2&af=R&access=on&content=articlesChapters&publication=pnas&sortBy=Earliest&target=default,Proceedings of the National Academy of Sciences: Keyword search for query,2026-08-25 07:00:00 UTC,2026-08-25 07:00:00+00:00,10.1073/pnas.2614164123,Marlene R. Cohen,"Alzheimer’s disease and related dementias are typically described at two levels: the accumulation of molecular pathology and the emergence of cognitive impairment. Understanding the relationship between pathology, often studied in animal models, and human cognition will require measurements spanning intermediate scales, including single neurons, neuronal populations, and distributed networks. Here we combine longitudinal measurements of behavior and neuronal population activity with fluid and histological biomarkers in a macaque model of early-stage disease. We find in two animals that visually guided behavior becomes increasingly disorganized, with less consistent and more variable patterns of exploration, despite preserved performance on simple tasks. In parallel, coordinated activity within and between neuronal populations in visual and parietal cortex declines, even as single-neuron tuning and basic feature encoding remain stable. The magnitude of these physiological changes was broadly consistent with biomarker progression. These changes arise when pathology is largely confined to regions providing feedback to visual cortex, indicating that functional disruption extends beyond sites of prominent pathology. Together, these results show that early disease progression is not marked by the loss of individual functions at any single level, but by a selective disruption of coordination across levels, from neuronal populations to behavior. This disorganized state is measurable and modifiable: methylphenidate administration was associated with a transient restoration of behavioral organization. These findings identify disruption of neuronal population organization as a defining feature of early-stage Alzheimer’s disease and establish coordinated population activity as a candidate target for therapeutic intervention.",crossref,0
WNK-dependent phosphorylation of gephyrin tunes GABAA receptors at inhibitory synapses and modulates anxiety behavior,https://www.pnas.org/doi/abs/10.1073/pnas.2612761123?mi=eymic2&af=R&access=on&content=articlesChapters&publication=pnas&sortBy=Earliest&target=default,Proceedings of the National Academy of Sciences: Keyword search for query,2026-08-25 07:00:00 UTC,2026-08-25 07:00:00+00:00,10.1073/pnas.2612761123,Sabine Lévi,"The role of the chloride-sensitive kinase WNK1 and its effector SPAK in the brain remains poorly understood. Here, we identify a WNK-dependent regulatory mechanism that directly controls the synaptic diffusion and clustering of inhibitory GABA
                    A
                    receptors (GABA
                    A
                    Rs), as well as their membrane stability and endocytosis. We show that activation of WNK signaling stabilizes GABA
                    A
                    Rs at inhibitory synapses, while inhibition enhances receptor internalization. This regulation depends on the phosphorylation state of two residues in the central linker region of the gephyrin scaffold protein. Modulating WNK activity alters neuronal activity and the kinetics of GABAergic currents. In vivo, expression of a phospho-mimetic form of gephyrin at WNK-targeted sites produces anxiolytic-like effects. Together with prior evidence showing that WNK signaling regulates the chloride transporters KCC2 and NKCC1, key determinants of intracellular chloride homeostasis and GABAergic efficacy, our findings position the WNK pathway as a master regulator of inhibitory synapse function.",crossref,0
Morphing active networks,https://www.pnas.org/doi/abs/10.1073/pnas.2610243123?mi=eymic2&af=R&access=on&content=articlesChapters&publication=pnas&sortBy=Earliest&target=default,Proceedings of the National Academy of Sciences: Keyword search for query,2026-08-25 07:00:00 UTC,2026-08-25 07:00:00+00:00,10.1073/pnas.2610243123,Fan Xu,"Biological networks like leaf venation exhibit remarkable morphing capabilities that enable organisms to adapt and thrive in their environments. However, the underlying mechanisms that govern the morphing of such networks, especially when the network itself actively grows and imposes constraints, remain poorly understood. The inherent complexity of interconnected topological elements poses significant challenges for both theoretical modeling and experimental investigation. Here we develop an active Cosserat rod model capturing growth-induced network morphing, validated through polydimethylsiloxane swelling experiments and four-dimensional printing. By examining cellular lattices with varying geometries, we reveal how symmetry and chirality can be systematically programmed through network architecture. Using bioinspired venation patterns with tunable pinned sites, we demonstrate that the network functions as a mechanically constraining framework: Its geometry dictates the spatial distribution of growth-induced deformation, with model predictions matching biological observations. We further achieve precise control of nonuniform morphing, including chirality, bidirectional curvature, and edge rippling, through engineered inhomogeneous growth. Our findings uncover how network geometry and active growth can program three-dimensional shape transformations, offering a design strategy for morphing matter, soft robotics, and deployable structures.",crossref,0
Auxin-induced ARF transcription factor degradation defines tissue boundaries,https://www.pnas.org/doi/abs/10.1073/pnas.2612105123?mi=eymic2&af=R&access=on&content=articlesChapters&publication=pnas&sortBy=Earliest&target=default,Proceedings of the National Academy of Sciences: Keyword search for query,2026-08-25 07:00:00 UTC,2026-08-25 07:00:00+00:00,10.1073/pnas.2612105123,Yang Dong,"How organs partition themselves into discrete domains with distinct functions is a fundamental question in biology. The gynoecium of flowering plants provides an excellent system to address this question. Here, we show that the boundary between the stigma and style at the gynoecium apex is established by the complementary distribution of the phytohormone auxin and the Auxin Response Factor (ARF), ETTIN (ETT). Mechanistically, auxin induces ETT protein destabilization via the ubiquitin–proteasome pathway. A short sequence motif within an intrinsically disordered region is required for this auxin-triggered degradation. Disruption of this motif leads to ectopic ETT accumulation at the gynoecium apex and consequently abolishes stigma-style boundary development. We further demonstrate that this previously unrecognized mode of auxin-induced ARF instability is evolutionarily conserved among ETT orthologs across angiosperms. In summary, this study reveals how graded auxin distribution affects ARF transcription factor activity, contributing to the establishment of the stigma-style boundary, ensuring correct gynoecium formation and reproductive success in flowering plants.",crossref,0
Quantitative nanoscale imaging shows peptide–MHC I complexes are monomeric and spatially regulated in human dendritic cells,https://www.pnas.org/doi/abs/10.1073/pnas.2615838123?mi=eymic2&af=R&access=on&content=articlesChapters&publication=pnas&sortBy=Earliest&target=default,Proceedings of the National Academy of Sciences: Keyword search for query,2026-08-25 07:00:00 UTC,2026-08-25 07:00:00+00:00,10.1073/pnas.2615838123,Robert Tampé,"Major histocompatibility complex class I (MHC I) molecules present antigenic peptides to cytotoxic T cells, a process central to immune surveillance. However, the nanoscale spatial organization of peptide–MHC I (pMHC I) on human dendritic cells (DCs), key initiators of cytotoxic T cell responses, remains largely unexplored. Here, we combine high-affinity soluble T cell receptors with DNA-based point accumulation for imaging in nanoscale topography (DNA-PAINT) to quantitatively map and count defined pMHC I complexes at single-molecule resolution on HLA-A*02:01-expressing cells and primary human monocyte-derived DCs. We found no evidence for higher-order pMHC I nanoclusters under conditions of extracellular peptide exchange or physiological intracellular loading. Instead, detected signals correspond to individual pMHC I complexes. Notably, DC differentiation and activation modulate pMHC I surface abundance and spatial compartmentalization. These findings refine current models of antigen presentation by emphasizing regulation through surface density and spatial distribution, and establish a quantitative framework for epitope-specific, single-molecule quantification of antigen presentation in human immune cells.",crossref,0
Plasmon‐Driven Light Absorption and Hole Extraction in Efficient Tin‐Based Perovskite Solar Cells,https://advanced.onlinelibrary.wiley.com/doi/10.1002/adma.74769?af=R,Wiley: Advanced Materials: Table of Contents,2026-08-25 07:30:02 UTC,2026-08-25 07:30:02+00:00,10.1002/adma.74769,Jia Liang,"ABSTRACT
                  Tin halide perovskites are among the most promising candidate materials for high‐performance, lead‐free perovskite solar cells. However, insufficient light utilization, particularly at longer wavelength ranges, and inefficient interfacial hole extraction continue to limit the performance of tin (Sn)‐based perovskite solar cells (TPSCs). Herein, we introduce a plasmonic Ag nanostructured interlayer at the Sn‐based perovskite/PEDOT:PSS interface to synergistically regulate optical absorption and carrier transport through localized surface plasmon resonance (LSPR) and near‐electric field enhancement. The plasmonic interlayer reduces interfacial carrier accumulation, accelerates hole extraction, and suppresses non‐radiative recombination, while simultaneously improving long‐wavelength light harvesting through enhanced optical field confinement. As a result, the efficiency of TPSCs increases from 13.03% to 16.48%, accompanied by a pronounced enhancement in incident photon‐to‐current conversion efficiency in the long‐wavelength region. In addition, the TPSCs incorporating Ag nanoparticles exhibit improved operational stability, retaining over 86% of their initial efficiency after 800 h. This work demonstrates an effective strategy for integrating plasmonic metallic nanostructures into TPSCs to overcome key optical and electronic limitations and advance high‐efficiency lead‐free photovoltaics.",crossref,0
Defect Engineered Pyroelectric Ca3Co4O9−x Nanostructure Enables Pyroptosis and Trained Immunotherapy,https://advanced.onlinelibrary.wiley.com/doi/10.1002/adma.74768?af=R,Wiley: Advanced Materials: Table of Contents,2026-08-25 07:30:14 UTC,2026-08-25 07:30:14+00:00,10.1002/adma.74768,Piaoping Yang,"ABSTRACT
                  
                    Pyroelectric dynamic therapy is capable of triggering pro‐inflammatory cell death and anti‐tumor trained immunity. However, the high thermal conductivity, quick pyroelectric carrier recombination of traditional pyroelectric materials, and the limited immunogenicity of tumor cells greatly hinder the efficacy of trained immunotherapy. Herein, a nanoplatform integrating iron‐doped defect‐engineered misfit layered calcium cobalt oxide (Ca
                    3
                    Co
                    4
                    O
                    9−
                    
                      x
                    
                    ) nanostructure, immune adjuvant polyinosinic‐polycytidylic acid, and nanovesicles extracted from 4T1 cells is constructed to initiate pyroptosis and the anti‐tumor trained immunotherapy. The low thermal conductivity of misfit layered Ca
                    3
                    Co
                    4
                    O
                    9−
                    
                      x
                    
                    reduces the overall thermal conductivity. The oxygen vacancies created by defect engineering serve as electron traps, inhibiting charge carrier recombination. Therefore, Ca
                    3
                    Co
                    4
                    O
                    9−
                    
                      x
                    
                    achieves multi‐level energy conversion between thermal, electrical, and chemical fields, enriching various reactive oxygen species (ROS). Polyinosinic‐polycytidylic acid synergizing with ROS activates caspase‐1/Gasdermin D‐mediated pyroptosis, and stimulates the secretion of more types of inflammatory cytokines through the stimulator of interferon genes (STING) pathway, leveraging the limited immunogenicity of the tumor environment. Nanovesicles provide precisely homologous tumor‐targeting ability by efficient biomimetic fusion. The nanoplatform demonstrates excellent pyroptosis‐inducing efficiency and anti‐tumor immunity training ability, indicating the feasibility of the multi‐physical field energy conversion and defect engineering strategy for synergistic enhancement of pyroelectric dynamic therapy in anti‐tumor trained immunotherapy.",crossref,0
Multi‐Scale Lattice Strain Engineering Enables Reduced Deformation Potential and High Thermoelectric Performance in GeTe Alloys,https://advanced.onlinelibrary.wiley.com/doi/10.1002/aenm.71495?af=R,Wiley: Advanced Energy Materials: Table of Contents,2026-08-25 07:35:35 UTC,2026-08-25 07:35:35+00:00,10.1002/aenm.71495,Ran Ang,"ABSTRACT
                  
                    Chemical doping is a widely adopted strategy for optimizing carrier concentration and tailoring the electronic band structure in thermoelectric (TE) materials. However, in intrinsically cation‐deficient systems such as
                    p
                    ‐type GeTe, its effectiveness is often limited because the coexistence of abundant Ge vacancies and aliovalent dopants intensifies charge‐carrier scattering, thereby deteriorating carrier mobility (
                    µ
                    ). Herein, we report a facile dopant‐free strategy to enhance the TE performance of Ge
                    0.94
                    Bi
                    0.06
                    Te through the construction of multi‐scale lattice strain. Increasing lattice symmetry and preserving ordered domain boundaries, combined with reduced deformation potential and prolonged carrier relaxation time, thereby improving
                    µ
                    and further boosting weighted mobility (
                    
                      µ
                      W
                    
                    ) and power factor. Moreover, the engineered multi‐scale lattice defects strongly suppress lattice thermal conductivity (
                    κ
                    lat
                    ), yielding an increased
                    
                      µ
                      W
                    
                    /
                    κ
                    lat
                    ratio within the optimal carrier concentration range, indicating weakened electron‐phonon coupling. Consequently, the peak figure of merit (
                    ZT
                    ) of 2.21 and average
                    ZT
                    of 1.4 over 303–803 K are achieved. Furthermore, a single‐stage TE device fabricated using this material attains a conversion efficiency of 7.83% at a temperature difference of 400 K. This work highlights the effectiveness of strain engineering in decoupling electronic and phononic transport and demonstrates its broad applicability for developing high‐performance TE materials.",crossref,0
Defect‐Engineered Interfacial Water Structure for Enhanced Solar‐Driven Electrooxidation of KA Oil,https://advanced.onlinelibrary.wiley.com/doi/10.1002/adma.74766?af=R,Wiley: Advanced Materials: Table of Contents,2026-08-25 07:38:58 UTC,2026-08-25 07:38:58+00:00,10.1002/adma.74766,Yuqin Zou,"ABSTRACT
                  
                    Cyclohexanol electrooxidation reaction (CHAOR) offers a sustainable route for producing adipic acid. However, achieving high ring‐opening efficiency and stable long‐term yield remains challenging due to limited understanding of active oxygen species and reaction pathway. In this study, Ru single atoms and oxygen vacancies are used to construct a synergistic interface for efficient CHAOR. Oxygen vacancies serve as structural promoters by creating Lewis acid sites that enhance organic species adsorption and mitigate the agglomeration of Ru atoms. Atomically dispersed Ru sites act as functional modulators by disrupting the interfacial hydrogen‐bond network‐as confirmed by in situ Raman‐to lower the *OH formation barrier and facilitate the accessibility of organic molecules to the catalytic surface, as supported by quartz crystal microbalance experiments and density functional theory calculations. The tandem electrochemical‐chemical mechanism is elucidated: *OH formation is the electrochemical step, while its reaction with organics is the chemical step. Benefiting from the synergy, Ru‐NiO
                    
                      x
                    
                    achieves 100% conversion and 87% AA (adipic acid) yield at 1.45 V
                    RHE
                    . Furthermore, a photovoltaic‐electrolysis system is developed to address solar intermittency and power fluctuations, in which Ru‐NiO
                    
                      x
                    
                    exhibits excellent stability over 1000 h with a maximum productivity of 204.4 µmol cm
                    −2
                    h
                    −1
                    . Scaling to eight electrolyzers demonstrates good scalability, indicating strong potential for practical application.",crossref,0
Chain Conformation in Polymer Glassy Films Under Residual Stress,https://advanced.onlinelibrary.wiley.com/doi/10.1002/adma.74806?af=R,Wiley: Advanced Materials: Table of Contents,2026-08-25 07:41:16 UTC,2026-08-25 07:41:16+00:00,10.1002/adma.74806,Jiang Zhao,"ABSTRACT
                  The evolution of chain conformation in polymer glassy films under residual stress was investigated. Poly n‐butyl methacrylate (PnBMA) was selected as the model polymer. The polymers were labeled at the two chain ends with a fluorescence donor and acceptor, separately. By measuring the fluorescence resonance energy transfer (FRET) efficiency between them, the end‐to‐end distance of the polymer chains was determined. Polymer thin films fabricated by spin‐casting without thermal annealing were taken as the model sample with residual stress stored inside. It was found that the PnBMA chains are elongated as the molecular source of residual stress, as expressed by the increase in the scaling exponent, changing from 0.5 under zero residual stress to 0.8 at 8.5 MPa residual stress. Single‐molecule fluorescence defocused microscopy was used to track the rotational motion of the fluorescent probes, revealing that the donor's rotation is suppressed in the presence of the acceptor, with larger suppression at shorter distance.",crossref,0
Ultrafast Synthesis of High‐Purity LiMnxFe1‐xPO4 With Locked‐Nanosize From Spent LiFePO4,https://advanced.onlinelibrary.wiley.com/doi/10.1002/aenm.71487?af=R,Wiley: Advanced Energy Materials: Table of Contents,2026-08-25 07:41:41 UTC,2026-08-25 07:41:41+00:00,10.1002/aenm.71487,Huiqiao Li,"ABSTRACT
                  
                    The impending wave of large‐scale spent LiFePO
                    4
                    (S‐LFP) batteries makes the recycling and reuse of their materials an urgent priority. However, materials recovered via existing direct regeneration methods suffer from inferior performance and low added‐value, which directly leads to poor economic viability and hinders the establishment of a closed‐loop recycling process. Herein, we propose an innovative upcycling strategy that directly converts S‐LFP into high‐voltage, high‐energy‐density LiMn
                    x
                    Fe
                    1−x
                    PO
                    4
                    (LMFP) cathode via rapid thermal processing. This method simultaneously accomplishes structural repair and homogeneous Mn doping within seconds, effectively suppressing grain coarsening and lithium sources/carbon loss, and enabling the regeneration of a solid solution with precisely controlled composition. Consequently, the regenerated LMFP delivers a remarkable specific capacity of 161 mAh g
                    −1
                    at 0.1C, exceptional cycling stability (98% capacity retention after 500 cycles at 1C), and superior rate capability (79% retention at 5C). Notably, this process slashes energy consumption by approximately 30%, to 19.09 MJ kg
                    −1
                    and promises a high profit of USD 7.17 per kg feedstock, demonstrating both environmental and economic superiority. This work opens a new technical pathway for the low‐carbon and value‐added upcycling of spent LFP batteries.",crossref,0
Intermediate‐Phase Buffering Unlocks Reversible High‐Voltage Cycling in O3‐Type Sodium Oxide Cathodes,https://advanced.onlinelibrary.wiley.com/doi/10.1002/adma.74755?af=R,Wiley: Advanced Materials: Table of Contents,2026-08-25 07:48:56 UTC,2026-08-25 07:48:56+00:00,10.1002/adma.74755,Tingliang Xie,"ABSTRACT
                  
                    The irreversible O3‐P3 phase transition in layered sodium oxide cathodes leads to severe volumetric strain and capacity fading. While recent progress via high‐entropy design or dual‐phase structuring has improved structural stability, these strategies primarily focus on suppressing rather than guiding the phase transition pathway. Herein, we propose an “intermediate phase engineering” concept in a high‐entropy O3‐type cathode, Na
                    0.9
                    Ni
                    0.32
                    Zn
                    0.08
                    Co
                    0.1
                    Fe
                    0.1
                    Mn
                    0.3
                    Ti
                    0.1
                    O
                    2
                    (Na9NZCFMT), which enables the spontaneous formation of a strain‐buffering OP2 intermediate phase at 3.8 V. Unlike conventional approaches that suppress phase transitions, the OP2 phase acts as a structural buffer that actively guides oxygen‐layer gliding along an ordered, low‐strain pathway, reducing the volumetric strain from 6.86% to 3.12%. Through integrated in situ XRD, XAS, STEM, and DFT calculations, we unravel the formation condition and buffering mechanism of this OP2 phase: The local coordination environment modulated by specific elements lowers the energy barrier for its formation, leading to a thermodynamically favored and kinetically accessible intermediate state. The cathode exhibits highly reversible structural evolution and anionic redox, delivering 91.5% capacity retention after 100 cycles. This work offers a generalizable strategy for designing stable high‐voltage layered cathodes.",crossref,0
"Kinetic‐Locked Fiber Networks Enable Anti‐Fouling, Mechanically Robust Zwitterionic Hydrogels",https://advanced.onlinelibrary.wiley.com/doi/10.1002/adma.74810?af=R,Wiley: Advanced Materials: Table of Contents,2026-08-25 07:51:30 UTC,2026-08-25 07:51:30+00:00,10.1002/adma.74810,Zhuo Li,"ABSTRACT
                  
                    Zwitterionic hydrogels possess exceptional antifouling characteristics and biocompatibility, but their weak mechanical strength limits implantable applications. Existing enhancement strategies either introduce non‐zwitterionic phases that compromise antifouling performance or employ zwitterionic fillers that still fall short of achieving high mechanical robustness. Here, we present a kinetic‐locking strategy to fabricate strong, antifouling zwitterionic composite fibers for hydrogel reinforcement. Co‐dissolving hydrophilic zwitterionic and hydrophobic polymers followed by electrospinning kinetically traps molecular entanglement via ultrafast solvent evaporation, suppressing thermodynamic phase separation. The kinetically preserved molecular entanglement maintains the antifouling properties of the zwitterionic component while enabling the hydrophobic polymer to contribute substantial mechanical strength. In addition, the entanglement and electrostatic interaction between the fibers and the zwitterionic matrix form a robust interface for efficient load transfer. This approach is broadly applicable across polymer systems, producing hydrogels that integrate high tensile strength (2.48 MPa), extreme stretchability (1040%), and remarkable fracture toughness (27.76 kJ m
                    −2
                    —a three‐order‐of‐magnitude improvement over pure zwitterionic hydrogels) without sacrificing antifouling properties. These advances support reliable long‐term in vivo electromyography recording and effective sciatic nerve stimulation. The work establishes kinetic locking as a general design paradigm to overcome the strength–antifouling trade‐off in zwitterionic hydrogels, advancing durable, long‐term implantable bioelectronics.",crossref,0
Rationally Designed Cooperative Self‐Assembled Monolayers Enable Holistic Modulations of Wide‐Bandgap Perovskites for High‐Performance Perovskite‐Silicon Tandem Solar Cells,https://advanced.onlinelibrary.wiley.com/doi/10.1002/aenm.71512?af=R,Wiley: Advanced Energy Materials: Table of Contents,2026-08-25 08:02:51 UTC,2026-08-25 08:02:51+00:00,10.1002/aenm.71512,Sai Bai,"ABSTRACT
                  
                    Perovskite‐silicon tandem solar cells hold great promise for the development of next‐generation cost‐effective photovoltaic technologies, and their performance gains largely rely on advanced materials and interface engineering of wide‐bandgap perovskite sub‐cells. Herein, we develop a cooperative self‐assembled monolayer (co‐SAM) strategy by incorporating a rationally designed alkyl‐phosphonic acid, 12‐methoxydodecylphosphonic acid (MeODPA), into commonly used carbazole‐based SAMs, leading to an obvious enhancement in the performance of single‐junction wide‐bandgap (WBG) (1.68 eV) and tandem PSCs. We demonstrate that the methoxy terminal group and flexible alkyl chain of MeODPA synergistically improve substrate wettability and molecular coverage of SAMs on the buried substrate, promoting perovskite crystallization and stabilizing the buried interfacial contacts. Moreover, we uncover a previously overlooked function of the co‐SAMs in regulating the PbI
                    2
                    distribution at the top surface, which facilitates more effective surface passivation, leading to improved light stability of resultant perovskite films. Leveraging these advancements, we fabricate single‐junction WBG and perovskite‐silicon tandem devices with exceptional power conversion efficiencies (PCEs) of 24.11% and 32.16%, respectively. This work provides a comprehensive understanding of the coordinated effects of co‐SAM on bulk and dual‐interface properties of perovskite films, offering valuable insights for further performance improvements of both single‐junction and tandem perovskite photovoltaics.",crossref,0
Challenges and Design Strategies Toward Aqueous Zinc‐Ion Batteries Beyond Laboratory,https://advanced.onlinelibrary.wiley.com/doi/10.1002/aenm.71454?af=R,Wiley: Advanced Energy Materials: Table of Contents,2026-08-25 08:02:56 UTC,2026-08-25 08:02:56+00:00,10.1002/aenm.71454,Anqiang Pan,"ABSTRACT
                  Aqueous zinc‐ion batteries (ZIBs) are widely regarded as one of the most promising candidates for next‐generation large‐scale energy storage due to their high safety, cost‐effectiveness, and environmental benignity. Despite recent progress in materials design and interfacial chemistry, practical deployment remains hindered by the gap between laboratory‐scale breakthroughs and industrial requirements. In this review, the critical bottlenecks hindering the practical application of aqueous ZIBs are analyzed from the perspectives of energy density, fast‐charging capability, cycling stability, and wide‐temperature adaptability. The main limitations underlying these challenges, together with their physicochemical origins, are discussed. This is followed by the corresponding approaches involving cathode design, zinc anode regulation, electrolyte optimization, and separator modification for addressing these issues and challenges. Finally, fundamental perspectives on future development pathways toward practical application of high‐energy, safety, and long‐life aqueous ZIBs are presented.",crossref,0
