title,link,source,published_str,pub_date,doi,last_author,abstract,abstract_source,must_have_abstract
The first known cephalopod was only a millimetre long and lived about 520 million years ago,https://www.nature.com/articles/d41586-026-02319-5,Nature,2026-07-29 00:00:00 UTC,2026-07-29 00:00:00+00:00,10.1038/d41586-026-02319-5,,"The locomotion of modern cephalopods, such as squid and cuttlefish, relies on buoyancy control achieved mainly by a specialized structure called a siphuncle. The discovery of fossils of Eoceras — a millimetre-sized cephalopod with a siphuncle — suggests that the group had already emerged in the early Cambrian, around 520 million years ago. Small shelly fossils show that cephalopods with siphuncle structures lived in the early Cambrian period.",openalex,1
Intercalated conductive fibres,https://www.nature.com/articles/s41563-026-02681-9,Nature Materials,2026-07-29 00:00:00 UTC,2026-07-29 00:00:00+00:00,10.1038/s41563-026-02681-9,Guanlan Zhao,,,0
Intercalate to modulate,https://www.nature.com/articles/s41563-026-02708-1,Nature Materials,2026-07-29 00:00:00 UTC,2026-07-29 00:00:00+00:00,10.1038/s41563-026-02708-1,,,,0
Fast interlayer exciton drift driven by lattice reconstruction in a van der Waals heterobilayer,https://www.nature.com/articles/s41563-026-02688-2,Nature Materials,2026-07-29 00:00:00 UTC,2026-07-29 00:00:00+00:00,10.1038/s41563-026-02688-2,Andras Kis,"Modern short-scale information transmission mainly relies on dissipative charge transport, with electrons scattered by defects and phonons, leading to significant power losses. By contrast, excitons—charge-neutral quasiparticles—offer a playground for electro-optical energy-efficient information transduction and processing owing to their extended lifetimes, charge neutrality and efficient electrostatic control. In this work, we report the observation of fast exciton transport in a van der Waals heterostructure over distances exceeding 10 µm, constrained only by the heterostructure finite size. We observe the presence of excitonic potential ramps that leads to long-range rapid exciton drift and enables rapid dilution of the initial exciton population. Our measurements reveal fast exciton propagation, with interlayer exciton drift velocities of approximately 2.66 × 104 m s−1, within a transport regime that remains robust across a wide range of exciton densities and temperatures up to 150 K. Our work opens avenues for the development of high-speed, energy-efficient excitonic devices, such as field-effect switches and modulators.",nature_html,0
Modular synthesis of chemically programmable superlattices,https://www.nature.com/articles/s41563-026-02663-x,Nature Materials,2026-07-29 00:00:00 UTC,2026-07-29 00:00:00+00:00,10.1038/s41563-026-02663-x,Xiangfeng Duan,"Two-dimensional atomic crystals (2DACs), which feature non-bonding van der Waals (vdW) gaps between crystalline atomic layers, allow selected atoms or molecules to intercalate. When confined within these vdW gaps, the intercalants can self-assemble into ordered interlayers between adjacent 2D atomic lattices, forming well-defined intercalated superlattices. These structures combine the intrinsic properties of solid-state 2DACs with the chemically programmable electronic, optical and magnetic functionalities of self-assembled atomic or molecular interlayers. As a result, they can integrate disparate quantum and collective phenomena, enabling device functionalities beyond the reach of conventional heterostructures. However, the synthesis of intercalated superlattices with specific functions is more complex than arbitrarily combining 2DACs with functional intercalants. Electronically, optically or magnetically active interlayers are inherently more reactive than passive species and are often incompatible with conventional chemical or electrochemical intercalation strategies. In this Review, we classify the functional building blocks used to construct functional intercalated superlattices and examine the key challenges and emerging strategies for their synthesis and assembly. Our goal is to establish guiding principles for the modular design and synthesis of chemically programmable intercalated superlattices with tailored electronic, optical, magnetic and quantum functionalities.",nature_html,0
Intestinal stem cells count self-renewal divisions to switch multipotency,https://www.nature.com/articles/s41586-026-10814-y,Nature,2026-07-29 00:00:00 UTC,2026-07-29 00:00:00+00:00,10.1038/s41586-026-10814-y,Zheng Guo,"Multipotent stem cells maintain tissue homeostasis by producing distinct daughter cell types in defined proportions1,2, but how they coordinate type-specific ratios during repeated divisions remains unknown. Drosophila intestinal stem cells (ISCs) switch between producing enteroendocrine cells (EECs) and enterocytes (ECs)3,4, yet maintain a constant EEC:EC ratio despite rapid tissue turnover5,6,7. Here we show that ISCs intrinsically count self-renewal divisions through an epigenetic mechanism to control multipotency switching. After each asymmetrical division producing an enteroendocrine mother cell (EMC; which divides symmetrically to produce a pair of EECs), ISCs execute precisely eight divisions that generate ECs, before switching back to EMC production at the ninth division. This counting is driven by antagonistic histone modifications: Trithorax group (TrxG)-dependent active marks (H3K4me3 and H3K36me3) progressively decline, whereas Polycomb group (PcG)-dependent repressive marks (H3K27me3) accumulate over successive divisions, triggering fate switching at a threshold. The division count is tunable by modulating TrxG and PcG activities, but withstands acute injury. Crucially, EMC-derived transient Notch signalling establishes active marks in ISCs to initiate the count, designating each EMC production as the cycle’s start point. Our work identifies a histone-modification-based division counter that programs developmental fidelity in stem cells, with implications for engineered tissue growth and differentiation disorder therapies.",nature_html,0
In situ structures of plant photosystem supercomplexes,https://www.nature.com/articles/s41586-026-10847-3,Nature,2026-07-29 00:00:00 UTC,2026-07-29 00:00:00+00:00,10.1038/s41586-026-10847-3,Jiapeng Zhu,"Photosynthesis sustains life on Earth by converting light to chemical energy through the coordinated action of photosystem I (PSI) and photosystem II (PSII) within thylakoid membranes1,2,3,4. Although structures of isolated photosystems are available, their native organization in chloroplasts remains unknown. Here, using in situ cryo-electron microscopy, we directly imaged Oryza sativa (rice) chloroplasts and determined structures of photosystem supercomplexes in their native membrane environment. We resolved a C2S2M2L4-type PSII–light harvesting complex II (LHCII) supercomplex, including four LHCII antenna trimers that were not retained in purified preparations. Excitation energy transfer calculations based on this architecture closely reproduce in vivo measurements, indicating its physiological relevance. We also resolved asymmetric PSII–LHCII dimers, including side-by-side, trans-lumenal and trans-stromal architectures, and higher-order assemblies of trimers and tetramers. On the basis of these observations, we propose that PSII forms a trans-lumenal and trans-stromal ‘skeleton’ that shapes thylakoid morphology and supports grana stacking. In addition, we obtained high-resolution structures of PSI–LHCI–LHCII and PSI–LHCI supercomplexes. Together, these structures reveal extensive networks of lipids, pigments and cofactors, providing the first molecular framework for understanding how the native architecture of plant photosystem supports the exceptional photon-to-electron efficiency of photosynthesis.",nature_html,0
Diverse bacterial pattern recognition receptors sense the core phage proteome,https://www.nature.com/articles/s41586-026-10852-6,Nature,2026-07-29 00:00:00 UTC,2026-07-29 00:00:00+00:00,10.1038/s41586-026-10852-6,Alex Gao,"Recognition of foreign molecules inside cells is critical for immunity across all domains of life. Proteins of the STAND NTPase superfamily1,2, including eukaryotic NOD-like receptors, play a central role in this process3,4. In bacteria and archaea, although several STAND families sense phage proteins5,6,7,8,9, their functional diversity remains largely unexplored. Here we conduct a systematic phylogenetic analysis of prokaryotic STAND NTPases and identify at least 90 structurally distinct families associated with antiviral defence. We first show that the uncharacterized Avs7 family recognizes the major capsid protein (MCP) of tailed phages. Three cryogenic electron microscopy structures of Salmonella enterica Avs7 reveal an asymmetric, butterfly-shaped tetramer that assembles stepwise through large, MCP-induced conformational changes, incorporating bacterial elongation factor Tu (EF-Tu) as a structural component that enhances defence. Using genetic screens with a library of 687 phage genes, we further show that 13 additional STAND families sense 13 conserved phage proteins, encompassing most of the core structural and replicative components of tailed phages. These include 2 distinct MCP-sensing families (Avs8 and Avs10) and 11 others (Avs11–21), which recognize the portal, portal adaptor, tail nozzle, head–tail connector, tail terminator, tail tube protein, tail assembly chaperone, tape measure protein, DNA polymerase, helicase/RecA-type ATPase and single-stranded DNA annealing protein, respectively. Together, our findings reveal a mechanism of host-factor repurposing and establish structure-based pattern recognition as a fundamental strategy of bacterial immunity.",nature_html,0
Forecasting Extreme Temperature Events by Hankel-Augmented Contrastive Learning,https://academic.oup.com/nsr/advance-article/doi/10.1093/nsr/nwag456/8746772?rss=1,National Science Review Advance Access,2026-07-29 00:00:00 UTC,2026-07-29 00:00:00+00:00,10.1093/nsr/nwag456,Luonan Chen,"Accurate forecasting of extreme temperature events is critically important for climate adaptation and disaster preparedness, yet remains a fundamental challenge due to the abrupt and non-stationary nature of such phenomena. Current time series models often fail to capture rapid transitions and anomalous patterns that deviate significantly from historical behaviors. Here, we propose Hankelformer, a novel deep learning architecture that integrates structured Hankel-based augmentation with contrastive learning to significantly improve the forecasting of extreme weather events. The model employs a structured augmentation module that constructs Hankel matrices to capture local spatiotemporal dynamics without disrupting temporal coherence, generating delay-embedding-inspired views of the original input data in terms of states. These views are processed together with the original input in a dual-stream Transformer encoder, followed by a contrastive learning between them that forms spatiotemporal representations, thus significantly enhancing feature invariance and robustness against distribution shifts. We evaluated Hankelformer on the curated extreme weather datasets: the TexasFreeze, the Pacific Northwest Heatwave and the Antarctic Heat, in addition to six standard benchmarks in energy and transportation. Hankelformer consistently achieves state-of-the-art performance, demonstrating remarkable accuracy in predicting extreme temperature collapses and spikes, with up to 34% improvement in MSE over leading baselines. The framework offers a promising tool for reliable extreme temperature forecasting and underscores the value of constructing topologically equivalent sequences to the original sequence for spatiotemporal representation learning in handling real-world non-stationary time series.",rss_oup,0
Breaking the shuttle limitation in aqueous halogen batteries toward durable energy storage systems,https://academic.oup.com/nsr/advance-article/doi/10.1093/nsr/nwag459/8746764?rss=1,National Science Review Advance Access,2026-07-29 00:00:00 UTC,2026-07-29 00:00:00+00:00,10.1093/nsr/nwag459,Dongliang Chao,"Fulong Zhu, Zhehao Zhang, Fanxing Bu, Dongliang Chao; Breaking the shuttle limitation in aqueous halogen batteries toward durable energy storage systems, N",openalex,1
Enzymatic glycosylation and amidation reshapes polyene bioactivity,https://www.nature.com/articles/s41586-026-10834-8,Nature,2026-07-29 00:00:00 UTC,2026-07-29 00:00:00+00:00,10.1038/s41586-026-10834-8,Jason Micklefield,"Fungal diseases are an escalating threat to human health, driven by rising antimicrobial resistance and a lack of new antifungal treatments1,2. Polyenes, a class of complex natural products, have been widely used as antifungal agents due to their broad-spectrum activity3. However, their clinical use is limited by severe toxicity and poor solubility, making safer and more effective alternatives urgently needed4. Previous efforts to generate improved polyenes have relied on costly, step-inefficient and atom-inefficient chemical syntheses5,6. Here we describe the discovery and characterization of pathways to previously undescribed polyenes, including unusual glycosyltransferase enzymes that introduce sugars onto polyene scaffolds. We also show how the reaction scope of an amidotransferase enzyme can be expanded to transform the detrimental carboxylate substituent of polyenes to alternative functionality. Introduction of a second sugar combined with carboxylate modifications leads to more potent polyene antifungals, with reduced toxicity, that are accessible by clean and efficient fermentation or enzymatic routes.",nature_html,0
Miniaturizing and modifying natural proteins with Raygun,https://www.nature.com/articles/s41586-026-10842-8,Nature,2026-07-29 00:00:00 UTC,2026-07-29 00:00:00+00:00,10.1038/s41586-026-10842-8,Rohit Singh,"Proteins have evolved over billions of years through coordinated substitutions, insertions and deletions, yet computational protein design cannot fully replicate nature’s ability to engineer new proteins from existing templates. Protein language models1,2,3 generate informative per-residue representations, but harnessing them for large-scale, function-preserving sequence modifications has remained beyond reach. Here we introduce Raygun, a generative artificial intelligence framework that enables miniaturization, modification and augmentation of proteins, using a probabilistic encoding of protein sequences constructed from language model embeddings. Our key conceptual advance is to encode each protein not as a sequence of variable length in high-dimensional space, but as a probability distribution in fixed dimensions, making proteins of any length directly commensurable. Controlled by just two parameters governing substitutions and length changes, Raygun can shrink proteins by 10–25% (sometimes more than 50%), expand them beyond their natural size, and introduce extensive sequence diversity, all while preserving predicted structural integrity and functional sites. In cell-based validation, Raygun miniaturized fluorescent proteins (2 shorter than 96% of fluorescent proteins in FPbase) and TurboID, a synthetic biotin ligase that has been widely adopted for proteomics. It also expanded epidermal growth factor (EGF), generating variants with higher EGFR-binding affinity than the wild type. These results show that protein function can be faithfully captured in a length-agnostic representation, enabling the kind of coordinated, large-scale sequence modifications that characterize natural protein evolution.",nature_html,0
Avalanche-like intercalation and intraparticle correlations in graphite,https://www.nature.com/articles/s41586-026-10862-4,Nature,2026-07-29 00:00:00 UTC,2026-07-29 00:00:00+00:00,10.1038/s41586-026-10862-4,Akshay Rao,"Although graphite is the most widely used negative electrode material in lithium-ion batteries1, its lithium insertion processes and associated dynamics, particularly those of the dilute stages, remain poorly understood. A fundamental understanding of how symmetry-breaking phase transitions occur continuously under operating conditions is lacking. Here, using operando optical microscopy, we provide a unified picture of ion intercalation dynamics during the dilute stages of graphite intercalation, showing that the graphitic particles undergo rapid, localized deintercalation–intercalation step events, leading to deintercalation–intercalation of micrometre-sized regions within seconds. These are reminiscent of a phase-transition phenomenon, ‘avalanches’, which occurs in disordered materials, involving step changes in the order parameter due to jumps between multiple metastable states2,3. Using a modified random field Ising model, the avalanches are related to static disorder, which disrupts intercalation dynamics. The model can also account for the apparently continuous transitions between stages and the experimental avalanche statistics. Finally, we develop a methodology to spatio-temporally analyse the sequences of avalanche events, revealing considerable heterogeneous connectivity. Our work highlights the role of local and static disorder in explaining unexpected phase-transition behaviour and provides new tools and concepts for studying layered battery materials.",nature_html,0
Sequential reading of a stepwise-shortened peptide immobilized on nanopore,https://www.nature.com/articles/s41586-026-10881-1,Nature,2026-07-29 00:00:00 UTC,2026-07-29 00:00:00+00:00,10.1038/s41586-026-10881-1,Shuo Huang,"Accurate decoding of peptide sequences is crucial in proteomics. However, achieving this goal is a technical challenge, owing to the compositional and structural complexity of peptides1. Studies inspired by the success of nanopore nucleic acid sequencing have shown that nanopore-based techniques can also be applied to peptide sequencing2,3. The key is to generate narrowly distributed, consistent and sequence-dependent events during sequential nanopore readout. Here we introduce a nanopore-based strategy termed transient pore analyte looping (tPAL). We develop an engineered Mycobacterium smegmatis porin A (MspA) nanopore that is dual modified with a nickel-ion-bound nitrilotriacetic acid (NTA-Ni) adapter and the target peptide. This distinctive sensing configuration enables precise recognition of the N terminus of the immobilized peptide by multiple re-readings. With the aid of cholesterolized aminopeptidase, the immobilized peptide can be shortened sequentially in single-amino-acid increments, yielding sequence-dependent, stepwise and narrowly distributed signal alterations that provide clues to allow peptide sequence decoding. Our strategy achieves single-amino-acid resolution and effectively identifies single-amino-acid mutations, post-translational modifications and unnatural-amino-acid insertions—indicative of its versatility in nanopore proteomics and chiral peptide analyses.",nature_html,0
Plasmonic metamaterial time crystal,https://www.nature.com/articles/s41586-026-10825-9,Nature,2026-07-29 00:00:00 UTC,2026-07-29 00:00:00+00:00,10.1038/s41586-026-10825-9,Yannis Laplace,"Spatial photonic crystals (SPCs) are unique structures for light–matter interactions because they achieve a large and spatially periodic dielectric contrast on wavelength scales1,2,3,4. Their temporal analogues, photonic time crystals (PTCs), promise similar advances by periodically modulating optical properties in time5,6,7,8,9,10,11, but require strong, ultrafast modulation, which is challenging to obtain experimentally5,12,13,14,15. Driven metamaterials have been considered as a route to realize PTCs, yet all-optical implementations have remained unknown because of the challenge of achieving modulation on such short timescales. Here we demonstrate the all-optical realization of a photonic time crystal, achieved with a surface plasmon cavity metamaterial operating at terahertz frequencies. We demonstrate strong (near-unity) and coherent (sub-optical cycle) periodic driving of the plasmonic metamaterial enabled by field-induced dynamical modulation of the kinetic energy of the carriers and effective mass reaching up to 80% of their rest mass. Our spectroscopic measurements show a transition into the PTC regime mediated by an exceptional point, at which two Floquet-driven optical eigenmodes coalesce. In the PTC regime, emergent gain is shown to reduce plasmonic losses by more than 50% (refs. 16,17), and we predict plasmonic lasing to be within experimental reach. These results establish a robust platform for time-domain photonics in plasmonic systems.",nature_html,0
Relapsed childhood cancers show genomic scars left by previous therapy,https://www.nature.com/articles/d41586-026-02329-3,Nature,2026-07-29 00:00:00 UTC,2026-07-29 00:00:00+00:00,10.1038/d41586-026-02329-3,,"Whole-genome sequencing of hundreds of childhood tumours, enriched for pretreated, relapsed and metastatic samples, shows that cancer therapies, especially platinum-based ones, are associated with rapid acquisition of distinctive patterns of DNA damage. These mutational signatures are linked with worse outcomes and could be used to track relapses and guide treatment decisions. Platinum-based treatments are associated with more DNA damage in relapsed childhood tumours than other therapies.",openalex,1
The piezochiral effect,https://www.nature.com/articles/s41586-026-10845-5,Nature,2026-07-29 00:00:00 UTC,2026-07-29 00:00:00+00:00,10.1038/s41586-026-10845-5,P. G. Radaelli,"Chirality is a pervasive property of matter that underpins many important phenomena across physics1, chemistry2 and biology3. Given its broad importance, the development of protocols for rational control of chirality in solid-state systems is highly desirable, especially if this effect can be tuned continuously and in two directions. Yet, this goal has remained elusive owing to the absence of a universal conjugate field that couples linearly to this structural order4,5,6. Here we introduce the piezochiral effect, which enables control of chirality through mechanical strain. We show by symmetry analysis that uniaxial strain induces chirality in a broad class of achiral crystals that host fragments of opposite chirality within each unit cell7,8, an effect that has so far remained unrecognized. The strain-induced handedness can be tuned either by changing the strain direction or by switching between compressive and tensile strain. We experimentally verify this effect in AgGaS2, using measurements of the optical activity under strain. Our discovery establishes a new scheme for chirality control, with potential applications that range from spintronics to asymmetric catalysis, and enantioselective interactions in biosystems.",nature_html,0
Climate benefit and ecological cost trade-offs for ocean iron fertilization,https://www.nature.com/articles/s41586-026-10795-y,Nature,2026-07-29 00:00:00 UTC,2026-07-29 00:00:00+00:00,10.1038/s41586-026-10795-y,Adam C. Martiny,"Ocean iron fertilization (OIF) is being discussed as a potential carbon dioxide removal (CDR) strategy1. Yet the trade-offs between climate benefits and ecological costs remain poorly understood2,3,4. Here we use a process-rich ocean biogeochemical model with validated representations of marine biodiversity and biogeochemistry5 to quantify fertilization potential and ecosystem impact across ten ocean biomes over 60 years. We find regional disparities in climate ecosystem trade-offs: biomes with comparable CDR efficiency have contrasting ecological outcomes. The Southern Ocean and the equatorial Pacific achieve the highest efficiencies through distinct pathways: the former through non-local downstream carbon export, the latter through local export with downstream loss, as fertilized blooms deplete macronutrients in source water, suppressing non-local productivity. Consequently, equatorial fertilization reduces energy flows to higher trophic levels, expands oxygen-minimum zones (OMZs) and reduces macrozooplankton biomass. These ecosystem impacts are potentially avoidable by shifting deployment to higher latitudes. Post-fertilization recovery experiments reveal ecosystem resilience in the Southern Ocean but persistent perturbations in the equatorial Pacific owing to regional iron retention. Balancing climate benefits and ecological risks yields three tiers: the Southern Ocean (higher efficiency/lower risk); the equatorial Pacific and global fertilization (higher efficiency/higher risk); and the subtropics (lower efficiency/moderate risk). Sixty years of fertilization yield net CDR of 1.1–5.3 ppm, with more than half re-emitted within decades post-fertilization. The disconnect between local interventions and global outcomes complicates robust carbon crediting and raises equity and governance concerns.",nature_html,0
Photocatalytic water splitting by 2D polymer with out-of-plane carrier flow,https://www.nature.com/articles/s41586-026-10866-0,Nature,2026-07-29 00:00:00 UTC,2026-07-29 00:00:00+00:00,10.1038/s41586-026-10866-0,Xinchen Wang,"Solar-driven water splitting with semiconductor particulates offers a sustainable pathway for hydrogen production1,2. Two-dimensional (2D) π-conjugated polymers have emerged as promising photocatalysts owing to their cost effectiveness and optoelectronic tunability3,4. However, photoexcited states in polymers are largely confined within π-conjugated 2D planes, making charge carriers vulnerable to recombination. Despite widespread modification of the electronic structure to enhance in-plane charge separation, long-term experimental efforts continue to highlight a persistent bottleneck in quantum efficiency5. To maximize charge utilization efficiency, the main challenge lies in inducing out-of-plane carrier migration, namely, fostering carrier flow through van der Waals-bonded layers. Here, using polymeric carbon nitride crystals as model systems, we demonstrate that out-of-plane carrier transport can be activated over surprisingly long distances (about 200 nm) by applying lateral or vertical internal electric fields by means of encapsulating nanofilms on different polymer facets. The lateral and vertical electric fields boost apparent quantum efficiency for overall water splitting to 53.4% and 82.1%, respectively. Our study introduces a strategy for transitioning from intrinsic 2D-confined excited states into kinetic-driven 3D spatially separated states and paves the way for maximizing energy conversion by polymer photocatalysis.",nature_html,0
"Over 20,000 precolonial earthworks in the Southwest Amazonia",https://www.nature.com/articles/s41586-026-10835-7,Nature,2026-07-29 00:00:00 UTC,2026-07-29 00:00:00+00:00,10.1038/s41586-026-10835-7,Evandro Ferreira,"Numerous geometric earthworks have been found in southwestern Amazonia, evidence of a monument-building precolonial civilization1,2,3. This knowledge has contributed to the discussion about the deep history and the precolonial urbanism of Amazonia, its sociocultural contexts and its environmental legacy2,4,5,6,7,8. Estimates of the geographical extent and population size of the forest civilization have remained weak, because the detection of earthworks has been almost exclusively limited to deforested areas where vegetation does not completely hide the structures. Here we used canopy-penetrating LiDAR data over 4,430 km of flight to define the geographical distribution and quantity of earthworks in this region better. On the basis of both existing data and our LiDAR documentation, we show that this cultural area alone contains as many earthworks as previously estimated for the whole of Amazonia. We also propose that the total human population of the area in 100–300 ad was 1.25–3 million people. If similar results are found elsewhere in Amazonia, the total precolonial population density and its effect on the current Amazonian soil and forest structure, biodiversity and even some modelling of the global climate should be re-evaluated.",nature_html,0
Relatively few Black people benefited in the 1930s and 1940s from mortgages backed by the US government,https://www.nature.com/articles/d41586-026-02246-5,Nature,2026-07-29 00:00:00 UTC,2026-07-29 00:00:00+00:00,10.1038/d41586-026-02246-5,,"Newly digitized mortgage records from 38 US states reveal the profound racial inequality of two mortgage programmes during the 1930s and 1940s. These loans, supported by the Federal Housing Administration and the Veterans Administration, were mainly responsible for the emergence of a US society that idealized home ownership. However, Black households were systematically excluded from receiving such loans. By contrast, immigrants received mortgages proportional to their number. Immigrants, who were mainly from Europe at the time, were proportionally represented among loan recipients in the United States.",openalex,1
Octahedral-coordinated Co3O4 for water electrolysis in acid,https://www.nature.com/articles/s41586-026-10851-7,Nature,2026-07-29 00:00:00 UTC,2026-07-29 00:00:00+00:00,10.1038/s41586-026-10851-7,Xiaoqing Huang,"The development of highly active and stable non-noble metal oxide catalysts to replace iridium-based materials for efficient acidic water electrolysis is crucial1,2,3. However, traditional spinel cobalt oxide suffers from intrinsic performance limitations from coexistence of inactive tetrahedral (Td) and highly active octahedral (Oh) coordination sites4,5. Here we report a new trigonal-phase Co3O4 (Tri-Co3O4) produced by a vacuum-mediated molten-alkali mechanochemical method, which shows edge-shared [CoO6] octahedral coordination with the space group P-3m1 (164). The three-layer compact structure provides Co2+ and Co3+ located in octahedral coordination in the ratio 1:2. Tri-Co3O4 achieves a low overpotential of 269 millivolts (mV) at the current density of 10 mA cm−2 in the acidic oxygen evolution reaction (OER), 181 mV less than spinel-type Co3O4. It also achieves a current density exceeding 1,800 mA cm−2 at a cell voltage of 1.80 V in proton-exchange membrane water electrolysis (PEMWE) devices. The catalytic mechanism shows that the 2D layered structure with edge-shared octahedral coordination can effectively optimize the adsorption of intermediates and reduce the dissolution of Co, thereby substantially improving the activity and stability of the non-noble metal catalysts.",nature_html,0
How fruit flies track the edge of odour plumes,https://www.nature.com/articles/d41586-026-02325-7,Nature,2026-07-29 00:00:00 UTC,2026-07-29 00:00:00+00:00,10.1038/d41586-026-02325-7,,"Ants and bees are known to use spatial memories to navigate to fixed locations, such as a nest. Virtual-reality experiments in which Drosophila fruit flies follow fictive odour plumes now show that these insects use components of a similar memory-guided navigational toolkit to track the edge of a plume towards its source. Neurons in the fly’s brain encode a spatial memory that guides them back to the plume.",openalex,1
Earliest siphuncle-bearing cephalopod from the early Cambrian,https://www.nature.com/articles/s41586-026-10868-y,Nature,2026-07-29 00:00:00 UTC,2026-07-29 00:00:00+00:00,10.1038/s41586-026-10868-y,Hanjie Wen,"Modern cephalopods are unique among molluscs in ancestrally possessing a chambered, gas- and fluid-filled shell, the internal septa of which are penetrated by a siphuncle. Combined with jet propulsion, the siphuncle enables cephalopods to engage in a nektonic and mostly predatory lifestyle through long-term regulation of their bouyancy1. The origin of this key innovation remains unknown, as major gaps exist between the earliest accepted cephalopod, Plectronoceras cambria2 from the late Cambrian era, and molecular clock estimates placing the divergence of the lineage from other molluscs in the early Cambrian3,4. Here we report Eoceras shaanxiense gen. et sp. nov., a millimetre-sized cephalopod with an orthoconic shell from the Shuijingtuo Formation (Cambrian Stage 3) of South China. Internally, the shell exhibits multiple septa along with a peripherally situated segmented tube that appears to bridge the septa through minute canals, indicating that the soft body migrated aperturally to form successive chambers during growth while maintaining contact with earlier chambers via the tube. Collectively, these features identify the segmented tube in E. shaanxiense gen. et sp. nov. as a candidate primordial cephalopod siphuncle, thus extending the known range of stem cephalopods back to the early Cambrian and revealing the early stages in the evolutionary assembly of a chambered phragmocone employed in buoyancy regulation.",nature_html,0
Strain-isolated microneedles for ambulatory hormonal and metabolic monitoring,https://www.nature.com/articles/s41565-026-02247-5,Nature Nanotechnology,2026-07-29 00:00:00 UTC,2026-07-29 00:00:00+00:00,10.1038/s41565-026-02247-5,Wei Gao,"Hormones and metabolites jointly regulate physiology yet their dynamic interplay remains difficult to resolve due to the lack of technologies for continuous, multiplexed monitoring. Microneedle biosensors that access dermal interstitial fluid offer a minimally invasive approach to molecular profiling, but deployment is limited by trade-offs between fabrication scalability and precision, and by mechanical instability under skin deformation. Here we present a strain-isolated microneedle platform fabricated by combining two-photon polymerization with ultrasound-assisted moulding, enabling scalable replication of submicrometre-sharp microneedles (∼430-nm apex width) bearing hierarchical, high-surface-area microstructures. Nanostructured gold and platinum electrodes enable high-fidelity sensing at the single-needle level, providing a 4.7-fold higher peak current and a 9-fold larger electrochemical surface area, respectively. Mechanical decoupling of the sensing interface from tissue deformation preserves stable molecular access during motion. When integrated with battery-free wireless electronics and multiplexed aptameric and enzymatic sensors, the system enables continuous in vivo monitoring of serotonin and glucose for 12 h. In freely moving rats, the platform captures biomolecular dynamics associated with stress, feeding and circadian rhythms. This work establishes a mechanically robust, scalable microneedle biointerface for ambulatory molecular monitoring and context-aware assessment of physiological state.",nature_html,0
Perpendicular switching of polarization in layered ferroelectrics,https://www.nature.com/articles/s41586-026-10839-3,Nature,2026-07-29 00:00:00 UTC,2026-07-29 00:00:00+00:00,10.1038/s41586-026-10839-3,Ramamoorthy Ramesh,"Ferroelectric materials exhibit a spontaneous electric polarization that can be reversed by an electric field1, a property central to non-volatile memories2,3, sensors4 and actuators5,6. In most conventional ferroelectrics, the polarization originates from a softening of a polar mode7. The amplitude of the mode along a given direction couples with the applied field along the same direction8. Ferroelectrics with a predominant in-plane polarization are harder to use in standard device geometries and therefore the field has mostly focused on out-of-plane ferroelectrics. Developing approaches that enable manipulation of the in-plane polarization component with an out-of-plane field would therefore provide new opportunities for device design and functionality. Here we have discovered that a trilinear coupling between the in-plane and out-of-plane polarization, mediated by means of the octahedral tilts and rotations in the layered ferroelectric Bi4Ti3O12, naturally fulfils this challenge and enables perpendicular switching of the polarization state. In its bulk monoclinic phase, this material hosts a large in-plane polarization (about 50 μC cm−2) driven by a proper ferroelectric instability, together with smaller out-of-plane polarization (about 5 μC cm−2) of improper origin, induced by oxygen octahedral distortions. We demonstrate that, in c-axis-oriented epitaxial films, the in-plane polarization switches deterministically under an out-of-plane electric field. This cross-coupling between orthogonal polarization components provides a route to transverse manipulation of ferroic order parameters and establishes layered ferroelectrics as a platform for capacitive computing concepts.",nature_html,0
Rational design of disordered proteins for sequence–function investigation,https://www.nature.com/articles/s41586-026-10849-1,Nature,2026-07-29 00:00:00 UTC,2026-07-29 00:00:00+00:00,10.1038/s41586-026-10849-1,Ryan J. Emenecker,"Despite lacking a stable three-dimensional structure, intrinsically disordered protein regions (IDRs) are ubiquitous across all kingdoms of life and have essential cellular roles1. While rational design of folded proteins has seen substantial recent progress2, our ability to design IDRs remains more limited3. Here we present GOOSE (Generate disOrdered prOteins Specifying propErties), a comprehensive computational framework for the rational design of IDRs. GOOSE’s versatility and throughput enable us to design and test thousands of IDR sequences to reveal distinct sequence-to-function relationships. Using GOOSE to explore these relationships, we examine how sequence properties influence IDR structural ensembles in cells, design IDRs that respond to structural changes associated with cell volume decrease, create scaffold IDRs that self-assemble and recruit specific clients, and design novel IDRs that protect cells from desiccation. Our work uses rational sequence design as a powerful method for exploring function in IDRs and provides a versatile tool for designing functional disordered proteins.",nature_html,0
New-deal mortgage programmes benefited white borrowers disproportionately,https://www.nature.com/articles/s41586-026-10850-8,Nature,2026-07-29 00:00:00 UTC,2026-07-29 00:00:00+00:00,10.1038/s41586-026-10850-8,Jacob W. Faber,"We show that the Federal Housing Administration (FHA) and Veterans’ Administration (VA) mortgage programmes had few Black borrowers and proportionate foreign-born borrowers in their early years. Although scholars have long posited that the beneficiaries of these programmes were disproportionately white, evidence of the identities of these early borrowers was scant and lacking information on their nativity1,2,3. Here we fill this void by linking records from the Reconstruction Finance Corporation Mortgage Company (RFCMC), consisting of 29,921 FHA-insured and VA-guaranteed loans from 1935 to 1947, to Census data. Although the population of the USA was 9.9% Black in 1940, we find that only 2.1% of FHA-insured loans and 5.1% of VA-guaranteed loans went to Black borrowers. We also show that immigrants were proportionally represented in FHA lending (10.0% of loans) relative to their share of the population and in VA lending (2.2% of loans) relative to their share of Second World War veterans4. Our results indicate substantial racial inequality in the two foundational homeownership policies in the USA5,6. We anticipate our findings to be a starting point for nascent scholarship exploring the roles of FHA and VA lending in shaping racial disparities in access to homeownership and related outcomes, such as neighbourhood attainment and wealth7,8.",nature_html,0
A global view of human centromere variation and evolution,https://www.nature.com/articles/s41586-026-10841-9,Nature,2026-07-29 00:00:00 UTC,2026-07-29 00:00:00+00:00,10.1038/s41586-026-10841-9,Glennis A. Logsdon,"Centromeres are essential chromosomal regions that ensure accurate chromosome segregation during cell division, yet their highly repetitive sequence has historically hindered their complete assembly and characterization1. Consequently, the full spectrum of centromere diversity across individuals, populations and evolutionary contexts remains largely unexplored. Here we address this gap in knowledge by assembling and characterizing 2,110 centromeres from diverse individuals representing 5 continental and 28 population groups. Using bioinformatic tools tailored for centromeres, we identify variation, including 226 centromere haplotypes and 1,870 α-satellite higher-order repeat variants. While most centromeres have a single kinetochore site, we find that around 6% have di-kinetochores, and less than 1% have tri-kinetochores, which we confirm using long-read chromatin profiling and multigenerational inheritance. We also show that kinetochore position is closely associated with the underlying sequence and structure of the centromere. To understand the nature of evolutionary change, we compared these centromeres to 5,747 centromeres assembled by the Human Pangenome Reference Consortium. We show that centromeres have a 20-fold variation in mutation rate, and a subset of centromeres has evidence of archaic hominin introgression. We validate these mutation rates in a 4-generation, 28-member family and show that the kinetochore site is the most rapidly mutating region in the centromere. We propose a model that reveals an ‘arms race’ between centromeric sequence and proteins, with frequent mutations within the kinetochore site that lead to changes in genetic and epigenetic landscapes and, ultimately, rapid evolution of these critically important regions.",nature_html,0
A digitally controlled silicon quantum processing unit,https://www.nature.com/articles/s41586-026-10754-7,Nature,2026-07-29 00:00:00 UTC,2026-07-29 00:00:00+00:00,10.1038/s41586-026-10754-7,Andrew Ziegler,"Commercially relevant quantum computers will require large numbers of high-performing qubits that can be manufactured, integrated and controlled at scale. Silicon exchange-only qubits
                    1–10
                    are a strong candidate modality owing to their control-signal simplicity and compatibility with advanced semiconductor manufacturing
                    11–13
                    , but questions remain around the achievability of sufficiently low noise and a scalable control and wiring solution
                    13–19
                    . Here we introduce a quantum processing unit composed of a custom-designed cryogenic complementary metal–oxide–semiconductor (CMOS) controller, a high-density superconducting ribbon cable and a low-noise exchange-only qubit device. The quantum chip features a 3-rail array of 54 exchange-coupled quantum dots, configurable to host up to 18 exchange-only qubits. We integrate and use these components to demonstrate qubit performance for both single-qubit and entangling operations that advances the exchange-only state of the art
                    7,8,10
                    by an order of magnitude. We further validate this system by implementing a distance-5 repetition code
                    20
                    and a distance-2 quantum error-detecting code
                    21–26
                    and then make detailed comparisons with simulations. Our work facilitates the development of future utility-scale quantum computers with manageable operational and capital requirements.",crossref,0
Weight-four parity checks in a spin-shuttling architecture,https://www.nature.com/articles/s41586-026-10766-3,Nature,2026-07-29 00:00:00 UTC,2026-07-29 00:00:00+00:00,10.1038/s41586-026-10766-3,Lieven M. K. Vandersypen,"Recent advances in coherent spin shuttling have made sparse semiconductor spin-qubit arrays an appealing solid-state platform to realize quantum processors1,2,3,4,5,6,7. The dynamic and long-range connectivity enabled by shuttling is also essential for many quantum error-correction schemes8,9,10. Here we demonstrate a silicon spin-qubit device comprising a shuttling bus for coherently transporting qubits that can interact at four isolated locations that we call bus stops. We dynamically populate the array and tune all single- and two-qubit operations using shuttling and quantum non-demolition spin measurements, without access to charge sensing in most of the device. We achieve universal control of the effective five-qubit processor and select the connectivity required to form a surface-code stabilizer plaquette that supports X- and Z-type parity checks up to weight four. We use the parity checks to generate multi-qubit entanglement between all qubit combinations in the array and report the genuine entanglement of a five-qubit Greenberger–Horne–Zeilinger state, constituting one of the largest such states constructed with gate-defined semiconductor spins. The protocols developed here lay the groundwork for modular calibration and operation of sparse spin-qubit arrays, and we highlight the feasibility of near-term quantum error-correction experiments with mobile spin qubits.",nature_html,0
In situ structure of the poxvirus portal complex,https://www.nature.com/articles/s41586-026-10856-2,Nature,2026-07-29 00:00:00 UTC,2026-07-29 00:00:00+00:00,10.1038/s41586-026-10856-2,Peter B. Rosenthal,"Poxviruses are a family of large, complex double-stranded DNA viruses that includes human pathogens such as variola—the cause of smallpox—and monkeypox. Recent outbreaks of mpox underscore the need for a better understanding of poxvirus biology1,2. Poxvirus assembly is a conserved process that involves the formation of a biconcave core inside the membrane of the maturing virus3,4. Here we use cryo-electron tomography combined with subtomogram averaging and structure prediction to determine the structure and composition of the portal complex—a pore that spans the core wall—in vaccinia virus, the prototypical poxvirus. The hexameric complex consists of the E8, E6 and L3 proteins, which are conserved across poxviruses and essential for mRNA release during the establishment of infection5,6,7. E6, which is also required for virus assembly8,9,10, forms the central chamber of the portal and interacts with the surrounding core wall. A hexamer of E8 attaches to the exterior side of E6. L3, a target of TRIM5α-mediated restriction11, binds as a hexamer of dimers to the interior side. Furthermore, the viral helicase D5, which is required for genome release from cores12, associates with cytoplasmic cores during infection by docking onto the exterior E8 rim of the portal complex. We propose that the portal complex represents an attractive target for the development of anti-poxvirus therapeutics.",nature_html,0
Mitochondrial metabolism and epigenetic crosstalk drive SASP,https://www.nature.com/articles/s41586-026-10791-2,Nature,2026-07-29 00:00:00 UTC,2026-07-29 00:00:00+00:00,10.1038/s41586-026-10791-2,João F. Passos,"Senescent cells promote tissue dysfunction in part through the senescence-associated secretory phenotype (SASP)1. Cytosolic mitochondrial nucleic acids activate innate immune signalling to initiate this inflammatory programme2,3. Here we show that mitochondrial metabolism provides a second layer of control that enables execution of the inflammatory programme. In senescent cells, the mitochondrial pyruvate–citrate–acetyl-CoA axis is upregulated, increasing the availability of acetyl-CoA to support histone acetylation at SASP genes. Whereas mitochondrial DNA-driven signalling activates inflammatory transcription factors, acetyl-CoA availability is required for robust transcription of SASP genes. Accordingly, enhancing acetyl-CoA levels promotes SASP gene expression, whereas inhibition of SLC25A1, the mitochondrial citrate exporter, reduces histone acetylation at SASP loci, limiting activity of this programme. In vivo, inhibition of SLC25A1 reduces chromatin accessibility at SASP loci, dampens inflammation and improves healthspan in aged mice. Together, these findings identify a mitochondrial metabolic checkpoint that enables the epigenetic execution of innate immune signalling, revealing a mechanism that selectively controls the inflammatory output of senescent cells.",nature_html,0
The past and future impact of climate change on childhood malaria in Africa,https://www.nature.com/articles/s41586-026-10840-w,Nature,2026-07-29 00:00:00 UTC,2026-07-29 00:00:00+00:00,10.1038/s41586-026-10840-w,Christopher H. Trisos,"Despite recent advances in climate change attribution, many health impacts remain unmeasured1. Here we leverage over a century of clinical data2 to investigate whether human-caused climate change has increased the burden of childhood malaria across sub-Saharan Africa. We find a robust effect of temperature and extreme precipitation on prevalence, consistent with previous findings at local scales and in laboratory experiments. We estimate that rising temperatures have probably increased malaria in East and southern Africa, but averted a comparable number of cases in West Africa, with a net impact of 1 excess case per 1,000 children (95% confidence interval (CI) −4 to 6) across the continent. Over the coming century, we project that climate change could marginally accelerate the elimination of malaria in West and central Africa, where the present-day burden is highest; across the continent, this could avert 1 (low greenhouse gas emissions: 95% CI −2 to 6) to 20 (high greenhouse gas emissions: 95% CI 0–52) cases per 1,000 children by the end of the century. However, reducing future global warming from 3 °C to under 2 °C could prevent an average of 5 excess cases per 1,000 in high-elevation (more than 1 km) East Africa and in southern Africa (95% CIs −3 to 13 and −4 to 14, respectively) by 2100. Our study resolves a decades-old debate about one of the first suspected health impacts of climate change, providing a template for future work measuring its true global burden.",nature_html,0
Cretaceous zhelestid mammals are zalambdalestoids,https://www.nature.com/articles/s41586-026-10861-5,Nature,2026-07-29 00:00:00 UTC,2026-07-29 00:00:00+00:00,10.1038/s41586-026-10861-5,Michael J. Novacek,"Placental mammals (the clade that includes bats, primates and whales) developed highly varied molars as they diversified in the Palaeogene, indicating derived diets such as carnivory and herbivory1. Cretaceous eutherian stem taxa to Placentalia had, however, more conservative dentitions—typically molars with high, sharp cusps for insectivory. The discovery 38 years ago of molars of Late Cretaceous zhelestid mammals2 with relatively low (bunodont) cusps, convergent with those of herbivorous placental ungulates, suggested a previously unknown Cretaceous radiation of more placental-like fossils3,4,5. However, as associated dental, cranial and skeletal material of a single individual zhelestid has never been found6, the hypothesis of what zhelestids are—physically and phylogenetically—has eluded rigorous testing. Here we describe Tamirkhan balcarceli, a new fossil from the Upper Cretaceous of Mongolia, whose type specimen represents a single individual with quadrangular, zhelestid-like molars in a skull and a cursorially adapted partial hind limb. Tamirkhan reveals that zhelestid molars co-occur with features that are historically diagnostic of the well-known Cretaceous clade Zalambdalestidae: elongate first lower incisors with restricted enamel and an open root extending under the cheek teeth; translacrimal canals; and fused distal hindlimbs with elongate metatarsals7,8,9. Zhelestids are therefore a dental variant within Zalambdalestoidea with skeletal features of that clade.",nature_html,0
Alternating CO2 and bicycloalkane copolymerization to circular polyesters,https://www.nature.com/articles/s41586-026-10848-2,Nature,2026-07-29 00:00:00 UTC,2026-07-29 00:00:00+00:00,10.1038/s41586-026-10848-2,Eugene Y.-X. Chen,"Transforming abundant but inert CO2 into useful polymers has been pursued since the 1960s (ref. 1) and has typically been achieved by copolymerization with a reactive comonomer, aided by a catalyst, which can address both thermodynamic constraints and high kinetic barriers associated with CO2 fixation and incorporation2,3,4,5. However, making polyesters remains a challenge as alternating copolymerization of CO2 with alkenes is thermodynamically infeasible6. Here we introduce a closed-loop CO2-based polyester platform for producing high-performance yet recyclable polyesters by direct alternating copolymerization of CO2 with bicycloalkanes, bicyclic butane (BCB) and pentane (BCP) monomers. This copolymerization is initiated by a simple organic catalyst and proceeds in a perfectly alternating fashion to high-molar-mass polyesters with maximum (50 mol%) CO2 incorporation and architecturally defined backbones, in which the in-chain ring structure enables tailorable thermal and mechanical properties. These polyesters exhibit desired orthogonal performance and end-of-life outcomes. Although the BCB-CO2 polyesters exhibit exceptional thermal and hydrolytic stability across the full pH range, they can be selectively depolymerized in bulk and base-catalysed conditions to regenerate pure BCB monomers in >90% isolated yield. The BCP-CO2 polyesters can also be selectively depolymerized but to bicyclolactones. Sequential depolymerization–repolymerization cycles establish circular lifecycles for BCB/BCP-CO2 high-performance polyesters.",nature_html,0
Amazonian earthwork survey indicates ancient population was much larger than thought,https://www.nature.com/articles/d41586-026-02321-x,Nature,2026-07-29 00:00:00 UTC,2026-07-29 00:00:00+00:00,10.1038/d41586-026-02321-x,,"Aerial laser-scanning data reveal that, from ad 100 to ad 300, an area spanning less than 3% of the Greater Amazonia region probably supported between 1.25 million and 3 million people and contained more than 20,000 human-made earthworks. These findings call for a re-evaluation of the density of pre-colonial Amazonian populations and the influence these civilizations had on present-day tropical soils and forests. The Aquiry civilization comprised between 1.25 million and 3 million people around AD 100–300.",openalex,1
"Molecular Engineering of Polytriphenylamine: A Fluorinated Cathode for High‐Voltage, Ultrafast, and Stable Sodium‐Ion Batteries",https://advanced.onlinelibrary.wiley.com/doi/10.1002/aenm.71367?af=R,Wiley: Advanced Energy Materials: Table of Contents,2026-07-29 05:59:47 UTC,2026-07-29 05:59:47+00:00,10.1002/aenm.71367,Seung‐Taek Myung,"ABSTRACT
                  
                    Organic electrodes are promising candidates for sustainable battery materials owing to their tunable molecular structures, cost‐effectiveness, and use of earth‐abundant elements. However, the operating voltage of organic cathodes generally remains lower than that of their inorganic counterparts. Herein, we propose a molecular design strategy to increase the redox potential of nitrogen‐based conjugated polymers by fluorinating poly(triphenylamine) (PTPA). Using this approach, a new conjugated polymer, poly(pentafluorophenyl)diphenylamine (PFTPA), is developed as a high‐voltage p‐type cathode material for sodium‐ion batteries (SIBs). The introduction of pentafluorophenyl (PFP) groups modulates the electronic structure and minimizes structural reorganization during redox reactions, enabling fast and reversible anion storage. As a result, the PFTPA cathode delivers a specific capacity of 77 mAh g
                    −1
                    at 1C with a high average discharge voltage of 3.75 V vs. Na/Na
                    +
                    as well as excellent rate capability, retaining 60.5% of its capacity even at an ultrahigh rate of 200 C. Moreover, the polymer exhibits outstanding cycling stability, maintaining stable operation over 10 000 cycles at 10 C. Owing to the combination of high‐voltage, fast kinetics, and long cycle life, PFTPA represents a promising redox‐active polymer for high‐performance and sustainable SIBs.",crossref,0
Polymer Electrolytes for Energy Storage and Electrochromic Energy Devices: From Design Strategy to Multifunctional Applications,https://advanced.onlinelibrary.wiley.com/doi/10.1002/aenm.71332?af=R,Wiley: Advanced Energy Materials: Table of Contents,2026-07-29 06:01:11 UTC,2026-07-29 06:01:11+00:00,10.1002/aenm.71332,Pooi See Lee,"ABSTRACT
                  Polymer electrolytes are key enabling materials for advanced energy‐storage and electro‐optical devices because they couple ion transport with interfacial stabilization, mechanical compliance, and operational safety within a single platform. While their roles in batteries and supercapacitors are well established, recent advances have extended their importance to multifunctional electrochromic systems, including electrochromic supercapacitors, electrochromic batteries, and smart windows, where electrochemical operation is directly coupled with reversible optical modulation. These systems impose tighter design constraints, requiring simultaneous control of ionic conductivity, electrochemical stability, optical transparency, switching uniformity, processability, and environmental durability. This review establishes the general design logic of polymer electrolytes in conventional energy‐storage devices by defining their core functions, major classes, and governing design variables. Representative systems are organized into hydrogels, organogels/ionogels, and free‐standing solid or semi‐solid electrolytes, highlighting how polymer chemistry, salt–solvent interactions, network architecture, and processing strategy govern device‐level behavior. This review discusses how these variables are reweighted in multifunctional electrochromic systems under coupled electrochemical and optical demands. By linking electrolyte classification with device‐dependent design criteria, this review provides a transferable framework for polymer‐electrolyte design across both conventional energy‐storage technologies and next‐generation electro‐optical systems.",crossref,0
Tailoring the Orbital Overlap of RuO2 via Inductive Effect for Durable Proton Exchange Membrane Water Electrolysis,https://advanced.onlinelibrary.wiley.com/doi/10.1002/aenm.71371?af=R,Wiley: Advanced Energy Materials: Table of Contents,2026-07-29 06:02:24 UTC,2026-07-29 06:02:24+00:00,10.1002/aenm.71371,Hongyi Li,"ABSTRACT
                  
                    RuO
                    2
                    is a promising anode catalyst for PEMWE but suffers rapid degradation at ampere‐level current densities. Previous studies have linked the instability of ruthenium‐based catalysts to excessive Ru─O covalency, yet the mechanism governing this covalency remains unclear. Here, we introduce isovalent metals (M: Ti
                    4+
                    /Hf
                    4+
                    ) to modulate the Ru─O bond strength. Density functional theory calculations show that the strong inductive effect of Hf─O enables Hf
                    4+
                    to optimize the Ru(4d)–O(2p) orbital overlap, which in turn weakens the Ru─O covalency, thereby suppressing lattice oxygen activity. Experimental results demonstrate that Hf
                    4+
                    , which possesses stronger oxophilicity, exhibits superior performance in enhancing both the catalytic activity and durability of Ru
                    0.7
                    M
                    0.3
                    O
                    2
                    (M = Ti or Hf) for the acidic oxygen evolution reaction. In a practical PEMWE device, Ru
                    0.7
                    Hf
                    0.3
                    O
                    2
                    achieves 3 A cm
                    −2
                    at 1.71 V, corresponding to a specific energy consumption of 44.58 kWh kg
                    −1
                    H
                    2
                    , meeting the U.S. DOE 2026 target (specific energy consumption of 48 kWh kg
                    −1
                    H
                    2
                    ). Moreover, the catalyst operates stably for over 250 h at 1 A cm
                    −2
                    with a degradation rate more than 48 times lower than that of commercial RuO
                    2
                    . This work provides a new strategy for designing high‐performance catalysts through the inductive effect.",crossref,0
"Mechanistic‐Driven, Phosphorescence‐Enhanced HOF‐Based Bionic Dual‐Channel Sensor for Precision Bimodal Monitoring of Displacement and Angle Enabled by Photon Flux Modulation",https://advanced.onlinelibrary.wiley.com/doi/10.1002/adma.74339?af=R,Wiley: Advanced Materials: Table of Contents,2026-07-29 06:02:38 UTC,2026-07-29 06:02:38+00:00,10.1002/adma.74339,Bing Yan,"ABSTRACT
                  Recent years have witnessed growing interest in flexible luminescent devices for physical stimulus sensing, with numerous studies exploring the coupling between film deformation and external physical fields. However, the direct mechanism connection between macroscopic physical motion and the resulting luminescent response has remained elusive. Herein, a phosphorescence‐enhanced hydrogen‐bonded organic framework‐based cotton fiber film (PBA@TPA‐PEA@CF)—fabricated via spraying method—was integrated with a self‐built mechanically actuated platform to construct a fluorescence‐phosphorescence dual‐channel sensing system. This insect antennae‐inspired sensing system enables high‐speed, high‐sensitivity, and high‐precision measurement of displacement and angular rotation. Crucially, displacement and angle function not merely as input parameters but as intrinsic transduction variables that directly couple mechanical input to optical output. Opto‐mechanical coupling simulations uncover a previously unrecognized mechanism for physical stimulus luminescence sensing: mechanical motion dynamically modulates both the incident photon flux and effective optical density, thereby governing luminescence intensity variations in a deterministic, reversible manner. Practical utility in two distinct applications was further achieved: (i) real‐time, noncontact monitoring of robotic arm kinematics via smart wearable textiles, and (ii) a reversible, motion‐triggered luminescent switch. This work establishes a mechanism framework for mechanical luminescence conversion, paving the way for next‐generation, precision‐oriented flexible luminescent sensors tailored for advanced physical sensing.",crossref,0
Chiral Titanium Dioxide Nanoparticles Induce Breast Cancer Lung Metastasis,https://advanced.onlinelibrary.wiley.com/doi/10.1002/adma.74340?af=R,Wiley: Advanced Materials: Table of Contents,2026-07-29 06:39:18 UTC,2026-07-29 06:39:18+00:00,10.1002/adma.74340,Aihua Qu,"ABSTRACT
                  
                    In this study, chiral titanium dioxide nanoparticles (NPs) with a
                    g
                    ‐factor of 0.008 at 930 nm wavelength were fabricated, and their effect on breast cancer metastasis was systematically investigated. Cellular experiments demonstrated that left‐handed titanium dioxide NPs (
                    L
                    ‐TiO
                    2
                    NPs) enter MODE‑K intestinal epithelial cells via toll‑like receptor 4 and trigger the generation of intracellular reactive oxygen species (ROS), which activating the nuclear factor‑κB and NOD‑like receptor thermal protein domain‑associated protein 3 (NLRP3) signaling pathway to drive the release of inflammatory mediators, which subsequently induced epithelial‑mesenchymal transition (EMT) in 4T1‑luc breast cancer cells and remodel the lung microenvironment, significantly enhancing the migration and adhesion of 4T1‑luc cells to 3B‑11 lung endothelial cells, verified in a mouse model of breast cancer, indicating that
                    L
                    ‐TiO
                    2
                    NPs not only increased the migratory and invasive capacities of the primary tumor, but also shaped a microenvironment in the lungs that facilitated the colonization of circulating tumor cells (CTCs), thereby driving the acceleration of breast cancer lung metastasis. This work systematically elucidates that chiral TiO
                    2
                    NPs regulate the distal microenvironment through the ROS‐inflammatory signaling cascade to accelerate lung metastasis of breast cancer, suggesting that the risk of inducing tumor metastasis should be carefully evaluated when designing chiral nanomedicines.",crossref,0
Robust Biomass Hydrogel Electrolyte via Cytoplasm Reconstruction for Ah‐Level Aqueous Batteries,https://advanced.onlinelibrary.wiley.com/doi/10.1002/adma.74309?af=R,Wiley: Advanced Materials: Table of Contents,2026-07-29 06:40:36 UTC,2026-07-29 06:40:36+00:00,10.1002/adma.74309,Zhong‐Wei Chen,"ABSTRACT
                  
                    Developing sustainable and economic biomass hydrogel electrolyte is highly desired but confronts significant challenges for solid‐state aqueous batteries. Herein, we propose biomass‐cytoplasm reconstruction strategy and develop a type of biomass hydrogel electrolyte with robust mechanical strength of 11.6 MPa, high ion conductivity of 20.27 mS cm
                    −1
                    , and ultrahigh diffusion coefficient of 1.4 × 10
                    −5
                    cm
                    2
                    s
                    −1
                    , where hydrogel electrolyte is fabricated by the facile and energy‐efficiency brining technique. The brining of natural biomass in aqueous electrolytes maintains the self‐supported cytoderm framework but in situ induce polysaccharide/protein cytoplasm reconstruction to acquire ion channels. As a proof of concept, kombu‐based hydrogel electrolyte endows zinc metal batteries with the high current discharge ability of 100 mA cm
                    −2
                    , the ultra‐wide working temperature from −60°C to 80°C, and the stable cycling‐life of 400 cycles for Ah‐level pouch batteries, as well as the practical verification of the integrated photovoltaic‐battery energy storage systems. Biomass‐cytoplasm reconstruction concept is also demonstrated by aluminum metal batteries to verify the universality, and endow biomass hydrogel electrolyte with threefold cost reductions and notable sustainability advantages compared with petroleum‐based hydrogel electrolyte. This work not only provides a new prototype to design high‐performance hydrogel electrolyte for aqueous batteries but also realizes green and sustainable development.",crossref,0
Metal‐Oxide Heterostructure on Hierarchical Nanoporous Alloy for Highly Efficient Ethylene Glycol Electrooxidation Toward Sustainable PET Upcycling,https://advanced.onlinelibrary.wiley.com/doi/10.1002/adma.74377?af=R,Wiley: Advanced Materials: Table of Contents,2026-07-29 06:42:24 UTC,2026-07-29 06:42:24+00:00,10.1002/adma.74377,Qing Jiang,"ABSTRACT
                  
                    Renewable electricity‐driven polyethylene terephthalate (PET) hydrolysate electrolysis is a sustainable plastic upcycling technique to produce valuable chemicals, but it usually undergoes insufficient efficiency and selectivity to complicate product separation processes. Here we report nonprecious Co
                    3
                    O
                    4
                    ‐CuO heterostructure in‐situ integrated on CuCo alloy skeleton as an efficient electrocatalyst to selectively mediate electrooxidation of ethylene glycol in PET hydrolysate to formate and hydrogen for simple and cost‐effective monomer separation. It exhibits exceptional activity (∼930 mA cm
                    −2
                    at 1.5 V vs. reversible hydrogen electrode) and selectivity (&gt;98 %) as a result of the construction of Co─O─Cu linked CoOOH─CuO multiple active regions for *OH and *OHCH
                    2
                    CH
                    2
                    OH co‐adsorption, which enables the formation of interfacial hydrogen‐bond coordination to accelerate C─H and C─C bond cleavage. This electrocatalyst is successfully applied in PET hydrolysate electrolyser for stable operation at ∼500 mA cm
                    −2
                    over 1000 h to continuously produce formate and green hydrogen without performance degradation, showing an industrial perspective of plastic upcycling.",crossref,0
Integrated Multiscale Nanoarrays With MnO2‐Mediated Ru─O Clusters for Stable Acidic Chlorine Evolution,https://advanced.onlinelibrary.wiley.com/doi/10.1002/adma.74344?af=R,Wiley: Advanced Materials: Table of Contents,2026-07-29 06:44:53 UTC,2026-07-29 06:44:53+00:00,10.1002/adma.74344,Chuangang Hu,"ABSTRACT
                  
                    The electrochemical chlorine evolution reaction (CER) is crucial for the chlor–alkali industry. While atomic Ru–O active sites hold great promise for the CER, they are severely hindered by instability and strong OH* poisoning. Herein, we report an interlayer‐engineered electrode where a MnO
                    2
                    nano‐interlayer epitaxially wraps a nanocone array to confine and modulate atomic Ru–O clusters. This interlayer induces strong electronic coupling via Ru‒O‒Mn‒O‒Ti linkages that spatially confine and anchor the clusters to suppress dissolution while triggering substantial interfacial electron redistribution. Crucially, this modulated electronic environment effectively promotes optimizes *Cl adsorption, thereby significantly enhancing intrinsic CER selectivity and kinetics. Consequently, the electrode achieves exceptional durability over 1200 h with negligible Ru dissolution. When integrated into a proton‐exchange‐membrane electrolyzer, the catalyst demonstrates superior activity and stability, benefiting from the hierarchical architecture that facilitates superaerophobic bubble release and enhanced mass transport. These findings establish a generalizable strategy unifying atomic confinement, electronic modulation, and transport engineering for designing durable CER electrocatalysts.",crossref,0
Ferrous Pyrophosphate Hollow Nanorods Enable Lithium Metal Batteries Under Low Negative/Positive Capacity Ratios,https://advanced.onlinelibrary.wiley.com/doi/10.1002/adma.74276?af=R,Wiley: Advanced Materials: Table of Contents,2026-07-29 06:58:05 UTC,2026-07-29 06:58:05+00:00,10.1002/adma.74276,Xiong Wen (David) Lou,"ABSTRACT
                  
                    Lithium (Li) metal batteries (LMBs) exhibit a promising paradigm for their high energy density. However, their realization is still hindered by the inherent instability and excess of Li metal. Herein, we rationally design and synthesize ferrous pyrophosphate hollow nanorods encapsulated by an N‐doped carbon shell (Fe
                    2
                    P
                    2
                    O
                    7
                    @NC) as a Li host for Li metal anodes (LMAs). The Fe
                    2
                    P
                    2
                    O
                    7
                    @NC‐casted Cu electrode (Fe
                    2
                    P
                    2
                    O
                    7
                    @NC‐Cu) guides uniform Li deposition and suppresses volume expansion, enabling uniform Li plating and enhanced Coulombic efficiency. Time‐of‐flight secondary ion mass spectrometry and in‐depth X‐ray photoelectron spectroscopy analyses reveal that the existence of Fe
                    2
                    P
                    2
                    O
                    7
                    promotes the generation of LiF and Li
                    2
                    O in LMAs, thereby promoting uniform Li plating. The Fe
                    2
                    P
                    2
                    O
                    7
                    @NC‐Li electrode presents stable Li deposition/stripping with small voltage polarization for 1400 h at 1 mA cm
                    −2
                    and 1 mAh cm
                    −2
                    . Furthermore, a full cell coupled with a LiFePO
                    4
                    cathode, demonstrates consistent cycling stability, maintaining a capacity retention of 80.6% over 136 cycles at a low negative/positive capacity ratio of 1.5, highlighting the great potential of Fe
                    2
                    P
                    2
                    O
                    7
                    @NC for practical high‐energy‐density LMBs.",crossref,0
Astrocyte redox imbalance underlies prelimbic neuronal hypoactivity and maladaptive affective behaviors in epilepsy,https://www.science.org/doi/abs/10.1126/sciadv.aef6777?af=R,AAAS: Science Advances: Table of Contents,2026-07-29 07:00:00 UTC,2026-07-29 07:00:00+00:00,10.1126/sciadv.aef6777,Akira Sawa,"A fundamental but unanswered question in neuropsychiatry is whether the psychiatric symptoms of epilepsy are caused by the same or a separate pathophysiology as seizures. To address this question, we investigated a monogenic form of epilepsy (pyridoxine-dependent epilepsy) caused by aldehyde dehydrogenase 7 family member A1 (ALDH7A1) mutations. ALDH7A1 global knockout mice exhibited both seizure-associated and maladaptive affective behavioral phenotypes. However, seizure phenotypes were caused by ALDH7A1 deletion in hepatocytes whereas maladaptive affective behaviors were caused by ALDH7A1 deletion in astrocytes. Deletion in astrocytes disrupted astrocyte redox homeostasis, impairing regulation of extracellular ion concentrations and reducing neuronal activity in the prelimbic cortex. Sulforaphane, which activates the NRF2 antioxidant pathway, restored prelimbic neuronal activity and rescued maladaptive affective behaviors in ALDH7A1 knockout mice but did not prevent seizures. These studies implicate astrocyte redox homeostasis and prelimbic hypoactivity in maladaptive affective behavioral phenotypes in a congenital form of epilepsy, which are mechanistically and therapeutically dissociable from seizure pathophysiology.",crossref,0
Radiation-resilient monolithic wide-bandgap perovskite/p-type heterojunction silicon tandem solar cells for space photovoltaics,https://www.science.org/doi/abs/10.1126/sciadv.aef6600?af=R,AAAS: Science Advances: Table of Contents,2026-07-29 07:00:00 UTC,2026-07-29 07:00:00+00:00,10.1126/sciadv.aef6600,Fei Zhang,"Perovskite/silicon tandem solar cells (TSCs) are attractive candidates for efficient, low-cost space photovoltaics, but radiation tolerance and operational stability limit deployment. Here, a monolithic tandem architecture integrating a stabilized 1.72–electron volt wide-bandgap perovskite top cell with a radiation-hardened p-type heterojunction silicon bottom cell is reported. The perovskite absorber is stabilized by a multifunctional ionic liquid additive, which enhances crystallinity, suppresses phase segregation, and improves thermal and photostability, resulting in a power conversion efficiency of 24.0% and a certified value of 23.58%. The resulting TSCs exhibit a certified zero air mass efficiency of 27.49% (12.56 square centimeters). Under 1 mega–electron volt electron irradiation at 1 × 10
                    14
                     electrons per square centimeter, the TSC retains nearly 80% of its initial performance, whereas under 150 kilo–electron volt proton irradiation at 1 × 10
                    12
                     protons per square centimeter, it retains 93% of its initial performance, accompanied by a recoverable response. A high-altitude balloon campaign further records a stable power output of up to 387.4 milliwatt at ∼30-kilometer altitude. This work demonstrates a viable pathway for next-generation space photovoltaics.",crossref,0
Integrating structurally defined DNA-carbon nanotube sensors with machine learning for cancer detection,https://www.science.org/doi/abs/10.1126/sciadv.aef9530?af=R,AAAS: Science Advances: Table of Contents,2026-07-29 07:00:00 UTC,2026-07-29 07:00:00+00:00,10.1126/sciadv.aef9530,Zhiwei Lin,"Liquid biopsy is a promising, noninvasive approach for cancer detection, but current methods often trade off accuracy, operability, and cost. To address these limitations, we introduce an artificial perception system (APS) for liquid biopsy that combines a structurally defined DNA-carbon nanotube sensor array with machine learning (ML) models. The array produces multichannel fluorescence fingerprints from serum, which are decoded by ML models to classify disease state. In a total of 253 serum samples spanning liver, lung, and ovarian cancers and noncancer controls, the APS achieved mean sensitivity of 89% and specificity of 96%. Notably, early-stage lung cancer was detected with 92% sensitivity and 95% specificity at an estimated cost of ∼$4 USD per test. Insights from SHAP analysis and Mantel test revealed the detection mechanisms of APS, supporting biological plausibility and clinical translation. These results highlight a path toward accurate, scalable, and affordable multicancer detection and early cancer screening.",crossref,0
"Twist-encoded magnetic plasmon interferometry for label-free, orientation-resolved single-molecule imaging",https://www.science.org/doi/abs/10.1126/sciadv.aef5199?af=R,AAAS: Science Advances: Table of Contents,2026-07-29 07:00:00 UTC,2026-07-29 07:00:00+00:00,10.1126/sciadv.aef5199,Xian-Wei Liu,"Molecular twist-related rotational dynamics at solid-liquid interfaces governs recognition, dissipation, and barrier crossing, yet direct label-free visualization of single-molecule torsion remains challenging. Here, we present twist-encoded magnetic plasmon interferometry (TEMPi), which converts nanorod twist near a metal film into a phase-encoded, orientation-resolved optical signal. Near-field coupling between a gold nanorod and its mirror image in the film excites a localized magnetic plasmon, enabling quantitative mapping of probe twist to interferometric phase. Wide-field, label-free operation in native buffers enables real-time tracking of rotational dynamics and interfacial conformational changes. TEMPi resolves three confinement-dependent rotational regimes, distinguishes effective dual- and single-contact protein anchoring, and localizes single binding sites on the probe through twist-dependent centroid shifts. Applied to DNA hybridization, it quantifies an effective ninefold increase in torsional stiffness and an order-of-magnitude faster twisting relaxation upon duplex formation. These results establish TEMPi as a general twist-resolved metrology for probing effective interfacial molecular mechanics and designing torsion-responsive interfaces in chemistry, biology, and nanotechnology.",crossref,0
A comprehensive map of missense trafficking variants in rhodopsin and their response to pharmacologic correction,https://www.science.org/doi/abs/10.1126/sciadv.aef3518?af=R,AAAS: Science Advances: Table of Contents,2026-07-29 07:00:00 UTC,2026-07-29 07:00:00+00:00,10.1126/sciadv.aef3518,Jason Comander,"Rhodopsin (
                    RHO
                    ) missense variants are a leading cause of autosomal dominant retinitis pigmentosa (adRP), a progressive retinal degeneration. Interpreting
                    RHO
                    variant pathogenicity is challenging, and understanding their disease mechanisms is essential for developing therapeutics. We present a high-resolution map of
                    RHO
                    missense variant trafficking using deep mutational scanning approaches, including a surface abundance immunoassay and a complementary membrane proximity assay. This comprehensive, reproducible dataset encompassed all 6612 possible missense variants. Over 700 variants had pathogenic trafficking scores, substantially expanding the number of
                    RHO
                    variants with functional data. Trafficking scores correlated with the magnitude of ER stress markers and ClinVar pathogenicity classifications. Data also identified structurally clustered mutational intolerance around the intradiscal beta-plug region. Treatment with the chaperone YC-001 restored surface trafficking in most mistrafficking variants. This functional map of
                    RHO
                    variants provides a valuable resource for pathogenicity assessment, genotype-phenotype correlations, and the development of targeted therapeutic strategies for
                    RHO
                    -adRP.",crossref,0
"IoT-enabled wireless neural implant for chronic, programmable neuropharmacology and optogenetics",https://www.science.org/doi/abs/10.1126/sciadv.aee8648?af=R,AAAS: Science Advances: Table of Contents,2026-07-29 07:00:00 UTC,2026-07-29 07:00:00+00:00,10.1126/sciadv.aee8648,Jae-Woong Jeong,"Wireless in vivo neuropharmacology and optogenetics offer a powerful way to link molecular signaling, defined neural populations, and behavior in freely moving animals. However, existing implantable wireless systems developed for this purpose often suffer from imprecise dosing, backflow contamination, and nonrefillable reservoirs, and their reliance on experimenter presence can itself alter neural activity and behavior. Here, we introduce a remotely actuated and programmable implant for drug delivery and optical stimulation (RAPIDO), which integrates a refillable, replaceable, and backflow-free fluidic module with a microscale inorganic light-emitting diode probe in a single miniaturized implant. A replaceable cartridge with an integrated unidirectional valve enables rapid refilling with contamination-free dosing, while a programmable electrochemical pump provides multilevel flow-rate control and linear dose modulation. Dual wireless modes combine smartphone control for on-site interactive experiments with internet connectivity for remotely scheduled, observer-free operation. In freely behaving rodents, RAPIDO enabled repeated wireless pharmacological modulation of locomotor behavior and independent optogenetic manipulation of intracellular signaling during cocaine conditioning. This platform establishes a foundation for chronic multimodal neuromodulation, supporting long-term circuit studies across distributed laboratories.",crossref,0
Contrasting slab decarbonation patterns control deep carbon cycling efficiency in hot vs. cold subduction zones,https://www.science.org/doi/abs/10.1126/sciadv.aee3217?af=R,AAAS: Science Advances: Table of Contents,2026-07-29 07:00:00 UTC,2026-07-29 07:00:00+00:00,10.1126/sciadv.aee3217,Jason P. Morgan,"Subducting slabs play a crucial role in deep Earth carbon cycling, yet the carbon-cycling efficiency of different subduction zones remains debated. Here, we systematically compare decarbonation characteristics in the extremely cold Tonga and hot Colombia subduction zones using observation-constrained thermo-petrological modeling, integrated with volcanic degassing and arc geochemistry. Two contrasting slab decarbonation patterns are identified: efficient “focused” decarbonation in hot subduction zones versus sluggish “diffuse” decarbonation in cold subduction zones. Hot Colombia exhibits a high decarbonation efficiency &gt;15%, dominated by metamorphic carbon release within a narrow depth range of ∼75–115 km and supplemented by partial melting-induced decarbonation. In contrast, cold Tonga shows a much lower decarbonation efficiency of ∼1% by dissolution-dominated carbon removal over a broad depth range of ∼75–310 km. These findings suggest a contrasting efficiency of different subducting slabs for deep carbon cycling and volcanic degassing in present-day and ancient subduction systems.",crossref,0
Structural and mechanistic basis for the heterotetrameric benzaldehyde synthase from petunia,https://www.science.org/doi/abs/10.1126/sciadv.aec7733?af=R,AAAS: Science Advances: Table of Contents,2026-07-29 07:00:00 UTC,2026-07-29 07:00:00+00:00,10.1126/sciadv.aec7733,Jing-Ke Weng,"Benzaldehyde is a widespread volatile compound produced by plants. Its final biosynthetic step is catalyzed by benzaldehyde synthase (BS), a peroxisomal enzyme composed of α and β subunits, both belonging to the short-chain dehydrogenase/reductase (SDR) family. Here, we report the crystal structure of
                    Petunia hybrida
                    BS, which reveals an α
                    2
                    β
                    2
                    heterotetrameric arrangement. Structural and biochemical analyses show that the α subunits contain the canonical catalytic site, whereas the β subunits have lost catalytic activity but are essential for heterotetramer assembly. Notably, the C terminus of the β subunit extends into the diagonally positioned α subunit, contributing to the formation of the composite benzoyl-CoA substrate-binding pocket. Site-directed mutagenesis and subunit-mixing experiments support noncooperative, additive contributions of protomers within the heterotetramer. This work establishes BS as a rare heterotetrameric plant SDR and demonstrates how subunit specialization and intersubunit arrangement enable function, providing principles for understanding and engineering multimeric enzyme complexes.",crossref,0
Ion-electron coupling–enabled mechanical ion transistor with ultralow subthreshold swing,https://www.science.org/doi/abs/10.1126/sciadv.aed9096?af=R,AAAS: Science Advances: Table of Contents,2026-07-29 07:00:00 UTC,2026-07-29 07:00:00+00:00,10.1126/sciadv.aed9096,Yahui Xue,"Biological mechanosensitive (BMS) ion channels can activate selective cationic permeation beyond a threshold driving force and switch sharply between on and off states that are essential for life functions. However, it remains a grand challenge to experimentally replicate such biological systems using artificial structures with distinct on-off states for life science, sensing, and energy applications. Here, we report a mechanical ion transistor that exhibits stepwise streaming-current versus pressure response through graphene nanochannels under electrostatic gating. The mechanical ion transistor exhibits an ultralow subthreshold swing (around 4.8 millibars per decade) defined by the minimum required pressure to increase the streaming current by 10 folds. Such a value is orders of magnitude lower than the current state-of-the-art of artificial structures and even sharper than most BMS channels. Our experimental observation of the threshold pressure and the current oscillation at the transition pressure evidences that the mechanical gating effect is attributed to the ionic Coulomb blockade induced by ion-electron coupling. The abrupt threshold transition behavior facilitates the mimicking of ultrasensitive detection of blood pressure pulsation in the olfactory bulb. The discovery here not only enables a better understanding of the functional mechanisms of BMS channels but also offers alternative routes for precise control of ion transport for applications in water filtration, energy harvesting, and neuromorphic sensing.",crossref,0
PBRM1-dependent PBAF targeting is required for EMT and metastasis in breast cancer,https://www.science.org/doi/abs/10.1126/sciadv.aed8038?af=R,AAAS: Science Advances: Table of Contents,2026-07-29 07:00:00 UTC,2026-07-29 07:00:00+00:00,10.1126/sciadv.aed8038,Emily C. Dykhuizen,"SWI/SNF chromatin remodelers are represented by three biochemically distinct subcomplexes, the abundant cBAF and the less abundant PBAF and GBAF. Genetics have identified important roles for PBAF in development and disease; however, relating PBAF-mediated phenotypes to biochemical function in chromatin regulation and gene activation has been challenging. Here, we show that the PBRM1 subunit of PBAF is critical for the completion of TGFβ1-mediated epithelial-mesenchymal transition (EMT) of mammary cells in vitro as well as the metastasis of murine breast cancers in vivo. Using epigenomics to profile different stages of EMT, we find that PBRM1 is necessary for targeting PBAF to inducible promoters marked by H3K14ac. We further find that PBRM1 facilitates DNA accessibility at sites bound by TGFβ1-inducible transcription factors, such as Atf3, for the induction of genes involved in migration, cell survival, and inflammation, providing evidence that PBAF is a vulnerability in late-stage metastatic cancers.",crossref,0
Architecting mechanosensitive nanofluidic transport in graphite nanoslits,https://www.science.org/doi/abs/10.1126/sciadv.aed4451?af=R,AAAS: Science Advances: Table of Contents,2026-07-29 07:00:00 UTC,2026-07-29 07:00:00+00:00,10.1126/sciadv.aed4451,Lydéric Bocquet,"Mechanosensitive ion transport plays a central role in enabling living systems to perceive and adapt to their environment through the deformation of soft, embedded ion channels. In this work, we demonstrate that ion transport within a two-dimensional graphite nanoslit can be rationally engineered to achieve a bipolar, pressure-sensitive response without any structural deformation. The mechanosensitivity arises from the selective charging of one channel inlet, which acts as a reversible source of mobile charge carriers. These excess ions can then be advected in or out of the channel by the pressure-driven water flow, thereby modulating the ionic conductance. This mechanism is captured through a comprehensive electrohydrodynamic model that analytically accounts for coupled diffusion, convection, surface transport, diffusio-osmosis, and interfacial slippage, both inside and outside the nanoslit. The theoretical framework quantitatively reproduces the experimental data, showing that a simple surface charge pattern can give rise to complex, pressure-dependent conductance. These findings reveal how rich nonlinear couplings at the nanoscale can be harnessed to design adaptive, bioinspired nanofluidic systems, exemplified here by ionic pressure sensors.",crossref,0
CD36 is a receptor for human sapovirus,https://www.science.org/doi/abs/10.1126/sciadv.aed1300?af=R,AAAS: Science Advances: Table of Contents,2026-07-29 07:00:00 UTC,2026-07-29 07:00:00+00:00,10.1126/sciadv.aed1300,Kazuhiko Katayama,"Human sapovirus (HuSaV) is a major cause of gastroenteritis but has long lacked a defined receptor. Here, we identify the scavenger receptor CD36 as essential for infection. Comparative transcriptomics identified CD36 as the key susceptibility factor. CRISPR knockout abolished replication, while ectopic expression restored permissiveness across diverse cells. Binding assays showed nanomolar affinity between CD36 and HuSaV particles. Infection also required the bile acid glycocholic acid, which promoted CD36 internalization and viral entry. In human intestinal organoids, CD36 knockout abrogated infection, confirming physiological relevance. Our findings establish CD36 as the long-sought HuSaV receptor, uncover a bile acid–assisted entry mechanism that confines infection to the intestine and point to opportunities for antiviral and vaccine development.",crossref,0
Multispectral infrared-to-full-color upconversion expanding human vision,https://www.science.org/doi/abs/10.1126/sciadv.aed0245?af=R,AAAS: Science Advances: Table of Contents,2026-07-29 07:00:00 UTC,2026-07-29 07:00:00+00:00,10.1126/sciadv.aed0245,Ge Mu,"The human visual system is inherently blind to infrared radiation due to the insufficient energy of infrared photons to trigger the photoisomerization of the retinal chromophore, resulting in the loss of over half of the solar spectrum. Here, we report a colloidal quantum dot (CQD)-based infrared-to-visible upconverter that enables ultrasensitive upconversion of multispectral infrared light radiation as full-color visible vision. The photon-energy-selective excitonic transitions in quantum-confined states and the photon flux, respectively, enable infrared wavelength- and intensity-dependent number of photogenerated carriers. A dual-emissive-layer organic architecture with the strategically engineered hole-injection barrier could route these carriers into distinct color emission channels, resulting in correlated wavelength/intensity-to-color/luminance mapping. This paradigm shift yields a discrimination sensitivity for subtle infrared variations exceeding more than two orders of magnitude higher than conventional single-color modes, capitalizing on the human eye’s intrinsic superiority in chromatic differentiation over only brightness contrast. The resulting upconverter exhibits broadband detection extending beyond 2 μm, luminance exceeding 700 cd m
                    −2
                    , and a photon-to-photon conversion efficiency of 3.85%. The upconverter could be applied as a lightweight, semi-transparent wearable eyeglass that projects multispectral infrared as full-color vision directly onto the retina. Besides, upconverters bound to light-sensitive proteins, potentially as an implantable retinal photoreceptor, confer innate infrared vision. By surpassing the evolutionary constraints of natural vision, this work establishes a versatile foundation for next-generation visual prosthetics and human-integrated sensory expansion.",crossref,0
Operando state monitoring of diversified lithium-ion batteries via laser-excited ultrasonic sensing with transformer networks,https://www.science.org/doi/abs/10.1126/sciadv.aec5358?af=R,AAAS: Science Advances: Table of Contents,2026-07-29 07:00:00 UTC,2026-07-29 07:00:00+00:00,10.1126/sciadv.aec5358,Shifeng Guo,"Emerging contact-based and immersion-based piezoelectric ultrasonic techniques encounter challenges in achieving accurate battery state monitoring under high-rate operations, where temperature fluctuations distort ultrasound and couplant contamination compromises practical applicability. Here, we propose air-coupled (couplant-free), noncontact laser-excited ultrasonic sensing (LEUS) with transformer networks for operando battery state estimation. The unique LEUS system pioneers a dual-laser design that uses a ring-shaped pulsed laser and a continuous laser to generate and detect high-quality ultrasound with a 10-fold increase in amplitude and a signal-to-noise ratio of 30 dB (16 dB higher than typical configurations), thereby enabling precise tracking of internal changes associated with state of charge (SoC) and state of health (SoH). By transforming ultrasonic signals into time-frequency scalograms, transformer networks autonomously extract discriminative features, eliminating manual feature engineering while achieving accurate prediction with mean errors below 5.7% for SoC and 2.1% for SoH. Through transfer learning, the base model generalizes rapidly to unseen chemistries, high-rate cycling, reducing training time and cost with minimal ultrasonic data. Extensive validation on over 100,000 ultrasonic signals from 40 commercial batteries, spanning two chemistries, three capacities, and 13 protocols, demonstrates the method’s robustness and reliability for operando battery state monitoring, paving the way for next-generation battery-management systems.",crossref,0
"Remote sensing of aerosols over drylands: Challenges, uncertainties, and paths forward",https://www.science.org/doi/abs/10.1126/sciadv.aec4247?af=R,AAAS: Science Advances: Table of Contents,2026-07-29 07:00:00 UTC,2026-07-29 07:00:00+00:00,10.1126/sciadv.aec4247,Zhengqiang Li,"Remote sensing of atmospheric aerosols has advanced substantially over recent decades, driven by progress in satellite instrumentation and the expansion of ground-based networks such as AERONET. While agreement between satellite aerosol optical depth (AOD) retrievals and AERONET reference data has improved, our analysis highlights a critical yet underrecognized imbalance in global validation frameworks. Specifically, AERONET sites are disproportionately concentrated in urban and vegetated regions, where fine-mode aerosols over dark surfaces favor retrieval accuracy, while drylands, dominated by coarse-mode aerosols over bright surfaces, are underrepresented by nearly a factor of two. This sampling bias introduces a systematic distortion in global validation outcomes. We show that nearly half of the global grid cells with elevated disagreement between MODIS and POLDER AOD products are located in drylands with angström exponent values below 0.75. In these areas, the mean top-of-atmosphere aerosol radiative cooling is weaker by 0.24 watts per square meter than in other regions and has an associated uncertainty of 22% higher. These findings highlight that, for improving estimation of global aerosol effects on climate, there is a need for a more stratified validation framework based on surface type and aerosol regime and an importance of continuing improving ground-based observations over drylands, with some network expansion if possible.",crossref,0
COQ8 chaperones coenzyme Q lipid intermediates through ATP-driven structural gating,https://www.science.org/doi/abs/10.1126/sciadv.aeg1124?af=R,AAAS: Science Advances: Table of Contents,2026-07-29 07:00:00 UTC,2026-07-29 07:00:00+00:00,10.1126/sciadv.aeg1124,Andrea Mattevi,"Coenzyme Q biosynthesis requires two atypical kinase-like proteins (COQ8A and COQ8B), whose detailed molecular mechanism remains unclear. Here, we show that both paralogs function as adenosine triphosphatases (ATPases) that promote coenzyme Q biosynthetic metabolon activity by engaging in loose protein-protein interactions and delivering insoluble biosynthetic intermediates. Structural bioinformatics and pathological variant–driven mutagenesis identify a previously uncharacterized pocket that selectively recognizes coenzyme Q biosynthetic intermediates via their head groups. X-ray crystallography reveals that access to this pocket is gated by long-range conformational changes controlled by adenosine 5′-triphosphate hydrolysis. Last, excess coenzyme Q suppresses binding of early-stage intermediates and thereby abolishes the promoting effect of COQ8 on the metabolon. Together, these findings support a model in which COQ8 tunes coenzyme Q biosynthesis by coupling ATPase-driven intermediate chaperoning to feedback inhibition by the final product.",crossref,0
Shared striatal neurons exhibit context-specific dynamics for internally and externally driven actions,https://www.science.org/doi/abs/10.1126/sciadv.aed9386?af=R,AAAS: Science Advances: Table of Contents,2026-07-29 07:00:00 UTC,2026-07-29 07:00:00+00:00,10.1126/sciadv.aed9386,Tanya Sippy,"Animals can initiate movements either in response to external cues or from internal drive, yet how the brain flexibly supports both remains unclear. Disorders such as Parkinson’s disease disrupt these modes differently, suggesting distinct underlying mechanisms. These differences could arise from specialized circuits or from shared neuronal populations that shift their dynamics across contexts. To distinguish between these possibilities, we performed two-photon calcium imaging in the dorsolateral striatum as mice executed the same lever press either spontaneously or in response to a cue. Unsupervised clustering identified neurons modulated during cue, movement, or postaction periods. Critically, the same neurons encoded movement across initiation contexts, but their population dynamics diverged before movement. Both D1- and D2-expressing spiny projection neurons contributed to these dynamics, with D1-SPNs more active at the time of the sensory stimulus. These results show that context shapes neural dynamics within a shared movement-encoding population, revealing a context-generalizable striatal code that supports flexible movement initiation across internal and external drives.",crossref,0
Determining the molecular and physiological actions of subtype-selective nanobodies of GABAA receptors,https://www.science.org/doi/abs/10.1126/sciadv.aeg3548?af=R,AAAS: Science Advances: Table of Contents,2026-07-29 07:00:00 UTC,2026-07-29 07:00:00+00:00,10.1126/sciadv.aeg3548,Paul S. Miller,"γ-Aminobutyric acid type-A (GABA
                    A
                    ) receptors are the principal mediators of inhibitory neurotransmission in the human central nervous system. The α
                    2
                    - and α
                    3
                    -containing subtypes have tightly controlled spatial expression profiles, which influence anxiety, nociception, epilepsy, and autism. α
                    2
                    /α
                    3
                    -Selective small molecules compromise on strength of effect (efficacy) to avoid off-subtype modulation. To break this pharmacological deadlock, we study here a panel of nanobodies (NBs) raised against α
                    2
                    - and α
                    3
                    -containing GABA
                    A
                    receptors. We identify subtype selective silent binders, positive allosteric modulators (PAMs), and inhibitors. Cryo–electron microscopy structures explain the binding modes and molecular mechanisms of action of representative NBs. Modulators exhibit distinct synaptic and extrasynaptic functional profiles in brain slices and neuronal networks and can reduce anxiety in vivo. These selective and efficacious NBs (whether inhibitors or positive modulators) enable strong yet precise pharmacological control of α
                    2
                    /α
                    3
                    -containing subtypes to advance basic research and as potential therapeutic leads to treat neuropsychiatric disorders.",crossref,0
Parallel nonlinear neuromorphic computing with temporal encoding,https://www.science.org/doi/abs/10.1126/sciadv.aea1114?af=R,AAAS: Science Advances: Table of Contents,2026-07-29 07:00:00 UTC,2026-07-29 07:00:00+00:00,10.1126/sciadv.aea1114,Hongsheng Chen,"The proliferation of deep learning applications has intensified the demand for electronic hardware with low energy consumption and fast computing speed. Neuromorphic photonics have emerged as a viable alternative to process high-throughput information at the physical space. However, the simultaneous attainment of high linear and nonlinear expressivity poses a considerable challenge due to the power efficiency and impaired manipulability in conventional nonlinear materials and optoelectronic conversion. Here, we introduce a parallel nonlinear neuromorphic processor that enables arbitrary superposition of information states in multidimensional channels, only by leveraging the temporal encoding of spatiotemporal metasurfaces. We experimentally demonstrated the concept based on distributed spatiotemporal metasurfaces, showcasing robust performance in multilabel recognition and multitask parallelism with asynchronous modulation. Our nonlinear processor demonstrates dynamic memory capability in real-time responsiveness to canonical maze-solving problem. Our work opens up a flexible avenue for a variety of temporally modulated neuromorphic processors tailored for complex scenarios.",crossref,0
"Diffraction-quality, ultraflexible protein single crystals engineered with DNA",https://www.science.org/doi/abs/10.1126/sciadv.aeh2948?af=R,AAAS: Science Advances: Table of Contents,2026-07-29 07:00:00 UTC,2026-07-29 07:00:00+00:00,10.1126/sciadv.aeh2948,Chad A. Mirkin,"DNA-functionalized colloidal nanoparticles assemble through flexible, nanoscale DNA hybridization interactions that limit atomic-level structural order. Here, we report a valence-centric strategy that enables DNA-bonded, protein single crystals with unconventional mechanical properties. An octameric enzyme, glutarate L-2-hydroxylase, was site- and number-selectively conjugated with eight self-complementary single-stranded DNA, yielding octavalent molecular bonds. The resulting conjugate assembled into the designed body-centered tetragonal crystals that diffracted to 1.42- to 2.61-angstrom resolution, with contacts mediated by B-form DNA helices spanning 17 to 25 angstroms. Increasing oligonucleotide length induces anisotropic lattice expansion while preserving atomic periodicity, even with partial DNA occupancy. Mechanistic studies suggest that the dynamic motion of unhybridized DNA facilitates crystallization, analogous to fluctuating electron clouds in atomic bonding. Compared with native protein crystals, DNA-hybridized crystals are 23-fold softer. These results challenge the assumption that flexibility is incompatible with structural order and establish a programmable framework for biomolecular crystallization and nanomaterials engineering with atomic precision.",crossref,0
Genome-wide analyses of an avian herpesvirus identify 10 loci associated with tumorigenicity and vaccine escape,https://www.science.org/doi/abs/10.1126/sciadv.aee9024?af=R,AAAS: Science Advances: Table of Contents,2026-07-29 07:00:00 UTC,2026-07-29 07:00:00+00:00,10.1126/sciadv.aee9024,Moriah L. Szpara,"Comparative genomic studies of Marek’s disease virus (MDV) conducted in the past two decades have proven powerful for identifying genomic loci driving historical shifts in virulence. However, past efforts were limited to comparing a few strains at a time, lacked access to certain regions of the MDV genome, and were restricted in their ability to characterize viral phenotypes. To address these limitations, we performed whole-genome sequencing on a collection of 65 MDV strains previously characterized using a standardized phenotyping assay. In addition to phylogenetic and recombination analyses, this approach enabled us to perform a genome-wide association study of virulence for this pathogen. In total, we identified 10 genome-wide significant loci associated with virulence, including a tandem repeat variant resulting from two alternative versions of a 132-bp repeating motif. Our findings support prior descriptions of virulence as a complex trait in MDV, and highlight the potential contribution of repeat-based and intergenic variants to the phenotypic diversity of herpesviruses.",crossref,0
Stardust as nucleation seeds for the earliest solids in the Solar System,https://www.science.org/doi/abs/10.1126/sciadv.ady2311?af=R,AAAS: Science Advances: Table of Contents,2026-07-29 07:00:00 UTC,2026-07-29 07:00:00+00:00,10.1126/sciadv.ady2311,François L. H. Tissot,"Recent reports of extreme strontium-84 excesses in primitive Solar System condensates, known as fine-grained calcium-aluminum–rich inclusions (fg-CAIs), suggest that presolar stardust may be preserved in refractory meteoritic components. This is at odds with preconceptions that presolar grains were completely vaporized in the CAI-forming region. Here, we reappraise the role of presolar materials in early condensation and overall disk heterogeneity by isolating strontium from primary fg-CAI phases. We demonstrate that extreme strontium-84 anomalies are likely hosted in a subpopulation of CAI oxides. The anomalies of primitive noncarrier phases are shown to be attenuated but correlated with the abundance of presolar precursors, which suggests that carriers exert leverage on ensuing condensate compositions. We propose that this relationship between isotope anomalies in refractory CAI components stems from stardust acting as nucleation seeds for the earliest solids formed in the Solar System.",crossref,0
Altered Gi signaling in enteroendocrine K cells in vivo causes pronounced changes in glucose homeostasis,https://www.science.org/doi/abs/10.1126/sciadv.aeb9805?af=R,AAAS: Science Advances: Table of Contents,2026-07-29 07:00:00 UTC,2026-07-29 07:00:00+00:00,10.1126/sciadv.aeb9805,Jürgen Wess,"Glucose-dependent insulinotropic polypeptide (GIP) is an incretin hormone that promotes postprandial insulin release and euglycemia. Although GIP is the dominant incretin in humans, the precise mechanisms regulating GIP release from enteroendocrine K cells in vivo remain to be elucidated. Heterotrimeric G proteins of the G
                    i
                    family regulate numerous key physiological functions. To explore the potential role of these proteins in modulating K cell function in vivo, we analyzed mutant mice that allowed us to selectively stimulate G
                    i
                    signaling in K cells or studied mice lacking functional G
                    i
                    in K cells only. Stimulation of K cell G
                    i
                    signaling in vivo and in vitro led to reduced GIP release via an exchange protein directly activated by 3ʹ-5ʹ-cyclic adenosine monophosphate 2–dependent pathway and various metabolic deficits. In contrast, inactivation of this class of G proteins in K cells caused elevated plasma GIP levels and pronounced improvements in glucose homeostasis in lean and obese mice. These data provide important insights into the mechanisms of GIP release.",crossref,0
Faster-and-tighter nitrogen cycle supports mature forest productivity under elevated CO2,https://www.science.org/doi/abs/10.1126/sciadv.aed2732?af=R,AAAS: Science Advances: Table of Contents,2026-07-29 07:00:00 UTC,2026-07-29 07:00:00+00:00,10.1126/sciadv.aed2732,Sami Ullah,"Rising atmospheric carbon dioxide (CO
                    2
                    ) concentration could enhance forest carbon (C) uptake, but nitrogen (N) is thought to progressively constrain this effect. Yet, significant biomass gains were demonstrated in a mature oak forest after 6 years of Free Air CO
                    2
                    Enrichment. This study investigates whether changes in soil N fluxes explain these gains. We show that enhanced N mineralization and ecosystem N conservation support increased productivity under elevated CO
                    2
                    (eCO
                    2
                    ). In situ net and gross N ammonification was enhanced by ∼30%, with a pronounced effect at oak budburst. Higher N ammonification rates were associated with increases in both fine root biomass and soil respiration. Gross nitrification was reduced, revealing a faster-yet-tighter cycle facilitated by plant-soil interactions. Hence, forest N cycling can adapt to support C uptake under eCO
                    2
                    , but in the longer term, this capacity may be constrained by soil-accessible organic N stocks and reductions in anthropogenic N deposition.",crossref,0
Glial heterogeneity shapes region-specific angiogenesis and neurovascular integrity in the CNS,https://www.science.org/doi/abs/10.1126/sciadv.aec8123?af=R,AAAS: Science Advances: Table of Contents,2026-07-29 07:00:00 UTC,2026-07-29 07:00:00+00:00,10.1126/sciadv.aec8123,Xuelian He,"Proper function of the central nervous system (CNS) requires adequate blood supply to both gray and white matter, yet the mechanisms governing the region-specific angiogenesis remain poorly understood. Through analyzing glial cell profiles combined with genetic ablation approaches, we uncover distinct pro-angiogenic programs in astrocytic and oligodendroglial lineages that differentially regulate gray and white matter vascularization. Astrocyte depletion selectively disrupted gray matter angiogenesis, whereas oligodendrocyte lineage loss caused white matter hypovascularization. Gray matter astrocytes are selectively enriched for the hypoxia-inducible factor HIF1α and promote vascular growth via VEGF-dependent signaling, while the oligodendrocyte-enriched chromatin-remodeler CHD8 directly activated pro-angiogenic genes, including
                    Tgfa
                    and
                    Sema5a
                    , to promote white matter vascularization. Conditional
                    Chd8
                    deletion recapitulated white matter vascular defects and visual dysfunction without neuronal loss. These findings define lineage-specific mechanisms of CNS angiogenesis and establish astrocytes and oligodendrocytes as distinct drivers of region-specific vascular development, providing a conceptual framework for targeted therapies in neurovascular and neurodevelopmental disorders.",crossref,0
Direct single-molecule visualization of Hsp90-mediated relief of an Hsp70-folding block,https://www.science.org/doi/abs/10.1126/sciadv.aeg5464?af=R,AAAS: Science Advances: Table of Contents,2026-07-29 07:00:00 UTC,2026-07-29 07:00:00+00:00,10.1126/sciadv.aeg5464,Heath Ecroyd,"Heat shock protein 70 (Hsp70) and Hsp90 are essential molecular chaperones that cooperate to fold diverse client proteins, yet how their activities are coordinated to remodel clients remains unclear. To address this, we used a combination of single-molecule fluorescence resonance energy transfer and total internal reflection fluorescence microscopy to observe individual firefly luciferase proteins during sequential engagement with
                    Escherichia coli
                    Hsp70 (DnaK) and Hsp90 (HtpG). We show that HtpG reduces rebinding of DnaK to folding intermediates while still allowing engagement with misfolded clients, enabling productive refolding in the presence of typically inhibitory concentrations of DnaK. HtpG couples adenosine 5′-triphosphate binding and hydrolysis to promote progressive folding through localized compaction across multiple regions of the client, reducing misfolding and establishing native interdomain contacts. Kinetic simulations support a model whereby heterogeneous DnaK binding generates region-specific folding kinetics and conformational dynamics. This enables efficient subdomain folding by DnaK/HtpG and suggests that the number and position of DnaK binding sites on clients provide a mechanism by which proteins can harness chaperone promiscuity for optimal folding.",crossref,0
Regulating the microporous structure by cavity-shaped molecular sieving channels,https://www.science.org/doi/abs/10.1126/sciadv.aee9782?af=R,AAAS: Science Advances: Table of Contents,2026-07-29 07:00:00 UTC,2026-07-29 07:00:00+00:00,10.1126/sciadv.aee9782,Jiangtao Liu,"Membrane separation technology represents a promising and effective alternative to traditional energy-intensive gas separation technologies. However, most commercial membranes have low permeability and moderate selectivity, which limits their ability to meet the stringent gas purity requirements for hydrogen purification and natural gas upgrading. In this study, Matrimid, a widely used commercial polymer, was selected as the matrix material. Cucurbituril (CB) with selective cavity was incorporated into Matrimid as short-path gas transport channels. This modification increased the gas transport pathways and enhanced the connectivity of gas transmission networks within the membrane structure. The H
                    2
                    permeability of Matrimid-CB-5% membrane decreased from 113 to 74 Barrer, while the H
                    2
                    /CH
                    4
                    selectivity increased from 169 to 743 during 600-day aging. Notably, the membranes achieved separation efficiencies that surpassed the latest upper bound line for CO
                    2
                    /N
                    2
                    and CO
                    2
                    /CH
                    4
                    separations. These results indicate a substantial improvement over widely used commercial materials such as Matrimid, cellulose acetate, polysulfone, and other mixed matrix membranes.",crossref,0
Musculoskeletal actuators with programmable morphology and tunable dynamics,https://www.science.org/doi/abs/10.1126/sciadv.aeg4524?af=R,AAAS: Science Advances: Table of Contents,2026-07-29 07:00:00 UTC,2026-07-29 07:00:00+00:00,10.1126/sciadv.aeg4524,Yihui Zhang,"Inspired by natural species exploiting morphological changes to adapt to complex environments, morphable robots have emerged as a frontier of robots with embodied intelligence, particularly for multimodal and cross-domain locomotion. However, the development of small-scale flexible actuators with dual programmability in morphology and dynamics remains elusive, hindering miniaturization of untethered morphable robots. Inspired by biological musculoskeletal systems, we present artificial musculoskeletal actuators constructed with serially connected morphable skeleton modules and stiffness-tunable muscle modules, enabling programming of both morphology and dynamics. The muscle module exploits a multilayer PDMS-based dielectric elastomer and an electrothermally actuated shape memory polymer, allowing modulation of resonant frequency, resonant vibration amplitude, and actuation force. Geometrically sophisticated musculoskeletal actuators are constructed to reproduce complex dynamic behaviors of species like woodpecker and scorpion. Demonstrations of an untethered sugar glider–inspired multimodal small-scale robot and a morphable small-scale robot with quadruped and humanoid locomotion modes suggest promising applications of proposed actuators.",crossref,0
Immunoglobulin heavy chain locus duplication in bats,https://www.science.org/doi/abs/10.1126/sciadv.aeb6714?af=R,AAAS: Science Advances: Table of Contents,2026-07-29 07:00:00 UTC,2026-07-29 07:00:00+00:00,10.1126/sciadv.aeb6714,Hannah K. Frank,"Bats are major reservoirs of viruses that can be transmitted to humans in zoonotic outbreaks. Antibody-mediated immunity plays an important role in shaping viral evolution and immune evasion but remains understudied in bats. All known mammals have a single immunoglobulin heavy chain (IgH) gene locus and up to two light chain loci. We have identified dual IgH loci on separate chromosomes in 26 bat species, highlighting extreme variation of immunogenetic architecture in order Chiroptera. In a model species,
                    Eptesicus fuscus
                    , we leveraged single-cell transcriptomes to confirm functional rearrangement and expression of both loci, but with different mechanisms for generating antibody diversity and function. These results provide a foundation for analysis of humoral immunity and pathogen response in bats.",crossref,0
Vulnerability to high temperature shapes global warming impacts on rice yield,https://www.science.org/doi/abs/10.1126/sciadv.aed9226?af=R,AAAS: Science Advances: Table of Contents,2026-07-29 07:00:00 UTC,2026-07-29 07:00:00+00:00,10.1126/sciadv.aed9226,Feng Zhou,"Complex and spatially varying warming impacts on rice yield hinder climate change impact assessments on food security. To address this issue, we compiled a global dataset of field-warming experiments (
                    n
                     = 214) and analyzed stage-specific crop responses to temperature variations. Results show that exposures to high (30° to 35°C) and extreme high (&gt;35°C) temperatures are the dominant drivers of warming-induced rice yield losses, primarily through harvest index reductions. One additional exposure day above 30°C during the reproductive stage reduces rice yields by 1.1 to 1.8%. In contrast, current global gridded crop models underestimate this sensitivity, simulating only 0.1 to 1.3% yield loss per exposure day. After adjusting the model biases, we estimate that global rice yield losses decrease by 8.1% under 1°C of global warming, approximately twice the unadjusted estimates, with South and Southeast Asia being the most vulnerable regions. Our results highlight the critical role of high-temperature exposure in shaping warming impacts on rice yield.",crossref,0
Reconstitution of actomyosin networks in cell-sized liposomes dissects distinct mechanisms of membrane blebbing and symmetry breaking,https://www.science.org/doi/abs/10.1126/sciadv.aed8818?af=R,AAAS: Science Advances: Table of Contents,2026-07-29 07:00:00 UTC,2026-07-29 07:00:00+00:00,10.1126/sciadv.aed8818,Taeyoon Kim,"The actin cortex, a thin layer of actomyosin network beneath the plasma membrane, regulates various cell functions by generating active forces and inducing membrane deformations, including blebs. Although upstream signaling is involved in regulating cell shape, the extent to which downstream actomyosin molecules can control the shape remains elusive. Here, using a minimal reconstituted system combined with an agent-based computational model, we show that actin-membrane coupling strength determines the magnitude of membrane deformation, while its balance with actin network connectivity governs the bleb initiation mechanism, either by detachment of the cortex from the membrane or by rupture of the cortex. This balance also modulates single versus multiple bleb formation, thereby regulating symmetry breaking. Furthermore, our results suggest that not only the dense cortical network but also the sparse volume-spanning network actively contributes to the regulation of bleb number. These findings provide mechanistic insights into how cells tune actin network organization to control their shape and polarity.",crossref,0
Observation of mirror-odd and mirror-even spin texture in ultrathin epitaxially strained RuO2 films,https://www.science.org/doi/abs/10.1126/sciadv.aec2917?af=R,AAAS: Science Advances: Table of Contents,2026-07-29 07:00:00 UTC,2026-07-29 07:00:00+00:00,10.1126/sciadv.aec2917,Ming Yi,"Recently, rutile ruthenium dioxide (RuO
                    2
                    ) has attracted renewed interest due to expectations of prominent altermagnetic spin splitting. However, accumulating experimental evidence suggests that, in its bulk and thick-film forms, RuO
                    2
                    does not display any form of magnetic ordering. Despite this, the spin structure of RuO
                    2
                    remains largely unexplored in the ultrathin limit, where substrate-imposed epitaxial strain can be substantial. Here, we use spin-resolved angle-resolved photoemission spectroscopy, supported by ab initio calculations, to reveal the electronic structure of 2-nanometer-thick epitaxial RuO
                    2
                    heterostructures. We observe an unconventional spin texture characterized by the coexistence of mirror-even and mirror-odd momentum-dependent components. A comprehensive symmetry analysis rules out nonmagnetic origins of this spin texture. These findings suggest an emergent nonrelativistic spin structure enabled by epitaxial strain in the ultrathin limit, marking a distinct departure from the behavior of relaxed or bulk RuO
                    2
                    . Our work opens previously unexplored perspectives for exploring symmetry-breaking mechanisms and spin textures in oxide heterostructures.",crossref,0
Dynamic stiffness enables stage-specific properties mediating functional endothelialization on vascular implants,https://www.science.org/doi/abs/10.1126/sciadv.adw8744?af=R,AAAS: Science Advances: Table of Contents,2026-07-29 07:00:00 UTC,2026-07-29 07:00:00+00:00,10.1126/sciadv.adw8744,Xingdong Zhang,"Achieving healthy, functional endothelialization represents the goal of neointima healing in cardiovascular implants but remains challenging due to strategies that fail to adapt dynamically to complex material-tissue interactions. We develop a biomimetic coating with dynamic stiffness via layer-by-layer assembly of recombinant humanized type III collagen and cystamine-modified hyaluronic acid, followed by postcrosslinking. The coating incorporates ECM-mimetic components and exhibits tunable stiffness that dynamically decreases in response to microenvironmental stimuli such as glutathione and reactive oxygen species. It exhibits stage-specific properties: initially suppressing acute thrombosis and directing cell adhesion; then facilitating a confluent, functional endothelial monolayer; driving smooth muscle cell contractile phenotype; and inducing anti-inflammatory macrophage polarization. In vivo, stents coated with our coating suppressed neointimal hyperplasia, achieving neointimal healing with morphology and function resembling native endothelium at 12 months. These findings reveal how dynamic stiffness guides material-tissue responses and provide a promising approach to enhance vascular implant healing.",crossref,0
Noncoplanar multidentate contacts reinforce buried interface for perovskite/silicon tandem solar cells,https://www.science.org/doi/abs/10.1126/sciadv.aei2945?af=R,AAAS: Science Advances: Table of Contents,2026-07-29 07:00:00 UTC,2026-07-29 07:00:00+00:00,10.1126/sciadv.aei2945,Jia Zhu,"The buried interface between the self-assembled monolayers (SAMs) and the perovskite plays a critical role in device performance and stability in inverted perovskite solar cells (PSCs). However, severe desorption and agglomeration of self-assembled molecules lead to interfacial losses and shorten device longevity. Herein, we design a molecule, 5,5′,5″-(nitrilotri-4,1-phenylene)tris[2-thiophenecarboxylic acid] (TTA) with a noncoplanar molecular configuration and multiple functional groups. The noncoplanar molecular configuration could effectively suppress π-π stacking-induced aggregation and enable more regulated molecular packing. Its thiophene functional unit and tridentate carboxylic anchoring groups enhance interactions with substrates and the upper perovskites, assisted by the noncoplanar configuration, which is confirmed by density functional theory (DFT) calculations. When combined with the commonly used 4-(3,6-dimethyl-9
                    H
                    -carbazol-9-yl)butane-1-phosphonic acid (Me-4PACz), this strategy enables a more homogeneous self-assembled molecular film, improved perovskite crystallinity, and reduced trap density. Consequently, the wide-bandgap (WBG) PSC (∼1.67 electron volts) demonstrates a champion power conversion efficiency (PCE) of 23.7%, with enhanced thermal-cycling and light-soaking stability. In addition, the perovskite/silicon tandem devices based on this strategy achieve a PCE of 33.3% (certified at 33.1%) and demonstrate real-world operational stability of no observed PCE loss after 30 days of outdoor operation.",crossref,0
Lipidomic profiling reveals age-dependent changes in plasma membrane lipids that affect neural stem cell aging,https://www.science.org/doi/abs/10.1126/sciadv.aeh9771?af=R,AAAS: Science Advances: Table of Contents,2026-07-29 07:00:00 UTC,2026-07-29 07:00:00+00:00,10.1126/sciadv.aeh9771,Anne Brunet,"The aging brain exhibits a decline in the regenerative populations of neural stem cells (NSCs). While mechanisms that restore old NSC function have started to be identified, the role of lipids—especially complex lipids—in NSC aging remains largely unclear. Using lipidomic profiling by mass spectrometry, we identify age-related changes in complex lipids in quiescent NSCs in vitro and in vivo. Moreover, several polyunsaturated fatty acids increase across lipid classes in quiescent NSCs during aging. Using spatial lipidomics, we find that some of the changes in complex lipids are also observed in situ. Several age-related changes in complex lipids and side chain composition are occurring at the plasma membrane, as revealed by lipidomic profiling of isolated plasma membrane vesicles. Experimentally, we show that aging is accompanied by a decrease in plasma membrane order, a key membrane biophysical property, in old quiescent NSCs in vitro and in vivo. To determine the functional role of plasma membrane lipids in aging NSCs, we performed genetic and supplementation studies. Knocking out the phospholipid acyltransferase MBOAT2 exacerbates age-related lipidomic changes in old quiescent NSCs and impedes their ability to activate.
                    Mboat2
                    overexpression reverses age-related lipidomic changes in old quiescent NSCs and boosts their ability to activate in vitro and in vivo. Moreover, supplementation of plasma membrane lipids from young NSCs improves the ability of old quiescent NSCs to activate. Our work could lead to lipid-based strategies for restoring the regenerative potential of NSCs, which has important implications for countering brain decline during aging.",crossref,0
Mechanism visualization of nanocluster catalysis via in situ mass spectrometry,https://www.science.org/doi/abs/10.1126/sciadv.aeh8480?af=R,AAAS: Science Advances: Table of Contents,2026-07-29 07:00:00 UTC,2026-07-29 07:00:00+00:00,10.1126/sciadv.aeh8480,Xiaoyan Sun,"Visualizing catalytic reaction processes and elucidating their mechanisms continue to pose substantial challenges in the field of catalysis. A comprehensive understanding is often hindered by the inherent heterogeneity of most catalysts and the scarcity of tools capable of correlating structure with activity at atomic resolution. Here, we describe the potency of paper spray ionization mass spectrometry to study molecularly defined nanoclusters in catalytic reactions. We identified key reaction intermediates and tracked their evolution during the reduction of 4-nitrophenol and Suzuki-Miyaura cross-coupling reactions. Critical information about the rate-determining step, the dynamics of active sites, and the catalyst evolutions was obtained, which is difficult to acquire using conventional techniques prevalent in heterogeneous catalysis research. Moreover, we uncovered reaction mechanisms distinct from those previously reported. The approach presented here is expected to play an important role in decoding the “black box” of catalytic reaction processes.",crossref,0
Optical maneuvering of dandelion-inspired fliers with vortex-enabled stability,https://www.science.org/doi/abs/10.1126/sciadv.aee8014?af=R,AAAS: Science Advances: Table of Contents,2026-07-29 07:00:00 UTC,2026-07-29 07:00:00+00:00,10.1126/sciadv.aee8014,Ignazio Maria Viola,"Maneuvering untethered, centimeter-scale airborne structures has been a long-standing challenge. Active flight systems, relying on high-power-density actuators alongside mechanical and electronic components, are constrained by critical limitations in energy delivery and miniaturization. In contrast, passive systems transported and distributed by the wind typically lack the capability for mid-air controlled maneuverability. Here, we report an ultralight (1.2 milligrams) hexagonal polymeric assembly capable of passive flight with optical control of its trajectory. This dandelion-inspired drone, dandidrone hereafter, incorporates six radially arranged filamentous structures, of which morphology is dynamically controlled through photomechanical deformation by six independent soft actuators made of liquid crystalline elastomer thin films. Compared to the diaspore of the dandelion, dandidrones demonstrate a similar terminal velocity (∼0.5 meters per second), 45% better positional stability and nearly zero rotational rate (1.68 ± 1.0° per second; natural seeds: 50.8 ± 17.7° per second). Particle image velocimetry and computational fluid dynamics simulation reveal that a stable asymmetric separated vortex ring underlies its flight stability, enabling mid-air steerability. When free-falling in a low-turbulent airstream, the light-driven hexapodal fliers demonstrate precise altitude control, reversible body flipping, pattern formation, interactive swarm, and controlled trajectories across the three-dimensional space. The results show that responsive materials with light-induced asymmetry can bring about maneuverability in air, paving the way for agile, untethered controlled microfliers.",crossref,0
Highly aquatic marine stem archosaur with soft tissue preservation,https://www.science.org/doi/abs/10.1126/sciadv.aeb7528?af=R,AAAS: Science Advances: Table of Contents,2026-07-29 07:00:00 UTC,2026-07-29 07:00:00+00:00,10.1126/sciadv.aeb7528,Chun Li,"Archosauromorpha is a dominant reptile clade that primarily occupied terrestrial ecosystems with limited secondarily aquatic invasions that are poorly known. Here we report on a well-preserved Triassic reptile representing the earliest stem-archosaur to evolve unequivocal aquatic specializations. This taxon exhibits a suite of aquatic adaptations previously unknown in stem-archosaurs, such as hyperphalangy, enhanced paddle-like forelimbs, and a loss of articulation between the sacrum and pelvis, indicating an advanced aquatic lifestyle. The fossil exhibits the oldest known stomach, liver, and intestinal preservations in reptiles. Our findings provide unexpected insights into the early aquatic diversification of Archosauromorpha during the Triassic marine ecosystem recovery and highlight a conservative gastrointestinal system in an early Mesozoic vertebrate. In the absence of clear terrestrial members of the other major Mesozoic marine reptile lineages (e.g., ichthyosaurs and sauropterygians), this discovery provides an unambiguous example of such a lineage including both decidedly terrestrial and extensively marine forms, providing tantalizing evidence for the land-to-sea transition in Triassic reptiles.",crossref,0
Declining coccolithophore blooms in the North Atlantic and Western Barents Sea,https://www.science.org/doi/abs/10.1126/sciadv.adw5268?af=R,AAAS: Science Advances: Table of Contents,2026-07-29 07:00:00 UTC,2026-07-29 07:00:00+00:00,10.1126/sciadv.adw5268,Chunmiao Zheng,"Coccolithophores are vital to marine ecosystems and play a central role in the global carbon cycle. Although abundant in the temperate North Atlantic and Barents Sea, their long-term bloom dynamics remain poorly understood. Using two decades of satellite observations, we reveal a substantial decline in coccolithophore blooms between 2003 and 2022, with a 36.1% reduction in bloom area and a 51.2% decrease in bloom frequency. The decline is most pronounced in the temperate North Atlantic and western Barents Sea, while the eastern Barents Sea shows notable increases. Decreasing sea surface temperatures (SSTs) in the North Atlantic and warming in the eastern Barents Sea are identified as key drivers of these trends. However, SST changes alone do not explain the asymmetric patterns across the Barents Sea, suggesting additional environmental drivers and phytoplankton competition. Our study provides the most spatially and temporally resolved assessment of coccolithophore bloom trends in this region to date, with broader implications for marine ecosystems and carbon cycling.",crossref,0
Turing-type high-entropy oxide nanosheets for efficient seawater electrolysis,https://www.science.org/doi/abs/10.1126/sciadv.aeb2204?af=R,AAAS: Science Advances: Table of Contents,2026-07-29 07:00:00 UTC,2026-07-29 07:00:00+00:00,10.1126/sciadv.aeb2204,Junwu Zhu,"Owing to the merit of twin boundaries, Turing-type nanostructures have received increasing attention in electrocatalysis. Integrating high-entropy design holds great promise for further improved activities due to compositional flexibility and high-entropy effects. Here, Turing-type high-entropy oxide nanosheets of spinel (Co
                    0.19
                    Mn
                    0.21
                    Cu
                    0.20
                    Ni
                    0.20
                    Zn
                    0.20
                    )
                    3
                    O
                    4
                    are designed for seawater electrolysis. The high density of twin boundaries causes severe distortion and compressive strain. The compressive strain weakened metal-ligand interaction and induced a spin transition of active cobalt(III) ion from low-spin (LS) to high-spin (HS) configuration, which favors hydroxide ion adsorption, deprotonation, and strong repulsion toward chloride ions during seawater oxidation. Consequently, the optimized Turing HEO-300 achieves an overpotential of 340 millivolts at 100 milliampere per square centimeter for over 350 hours, outperforming the Turing-type low-entropy oxides, non-Turing high-entropy oxides, and most of reported oxide-based catalysts. Moreover, a seawater electrolyzer with Turing HEO-300 anode maintains 1 ampere per square centimeter at 1.80 volts for over 100 hours. This work paves the way for designing Turing-type high-entropy catalysts.",crossref,0
Insular routing to orbitofrontal cortex enables breathing awareness,https://www.science.org/doi/abs/10.1126/sciadv.aeb3326?af=R,AAAS: Science Advances: Table of Contents,2026-07-29 07:00:00 UTC,2026-07-29 07:00:00+00:00,10.1126/sciadv.aeb3326,José L. Herrero,"How does the human brain detect and respond to disruptions in breathing? While animal studies have advanced our understanding of respiratory control, breathing distress in humans remains difficult to treat. It often arises not only from pulmonary lesions or brainstem dysfunction but also from how higher brain regions interpret breathing signals shaped by emotion and experience. We recorded intracranial cortical activity in neurosurgical patients during an interoceptive task involving transient breathing challenges. Conscious detection of these disruptions was predicted by early responses in the anterior insula, which routed signals to orbitofrontal and premotor cortices for appraisal and compensation. These cortical regions preferentially encoded inspiratory effort or airflow, revealing signal-specific processing that echoes functional segregation in brainstem centers. The present findings identify a dynamic insular-frontal circuit for sensing and adapting to respiratory challenges, offering insight into the neural basis of breathing awareness and its disruption in disease.",crossref,0
Developmental changes in memory structure and precision alter the use of retrieved episodes during decisions for reward,https://www.pnas.org/doi/abs/10.1073/pnas.2525494123?mi=eymic2&af=R&access=on&content=articlesChapters&publication=pnas&sortBy=Earliest&target=default,Proceedings of the National Academy of Sciences: Keyword search for query,2026-07-29 07:00:00 UTC,2026-07-29 07:00:00+00:00,10.1073/pnas.2525494123,Catherine A. Hartley,"Most widely studied option evaluation strategies rely on knowledge accumulated across repeated experiences. But how should options be evaluated in unfamiliar environments, in which knowledge is sparse? In these situations, how do decision makers make efficient use of limited past experience to guide their choices? One possible strategy is episodic sampling, in which a decision maker retrieves a small number of past decisions from memory to estimate the value of present options. By virtue of their age, children and adolescents have less experience than adults, making episodic sampling a particularly useful strategy for them. At the same time, the effectiveness of episodic sampling derives from memory’s precision and context sensitivity—properties that continue to develop into adolescence and young adulthood. This tension raises a key question: are developmental differences in episodic memory associated with differences in episodic sampling? To address this question, 106 participants, ages 8 to 25, completed a 2-d choice task that dissociated the influence of a single episodic memory from the influence of multiple episodes sharing a common context. At all ages, single episodes biased choices. But, only adults were sensitive to the broader evoked context. Further clarifying the relationship between episodic memory and decision making, differences in memory precision predicted differences in episodic sampling, even after taking into account age, while episodic sampling, in turn, accounted for individual differences in forward planning. Together, these findings suggest that episodic memory guides decision making throughout development, but the character of its influence evolves as memory becomes more precise and richly structured.",crossref,0
RelB NF-κB tunes Notch2 signaling to promote IL-23-secreting solitary isolated lymphoid tissue–resident DCs critical for gut immunity,https://www.pnas.org/doi/abs/10.1073/pnas.2600771123?mi=eymic2&af=R&access=on&content=articlesChapters&publication=pnas&sortBy=Earliest&target=default,Proceedings of the National Academy of Sciences: Keyword search for query,2026-07-29 07:00:00 UTC,2026-07-29 07:00:00+00:00,10.1073/pnas.2600771123,Soumen Basak,"While preserving tolerance toward commensals, dendritic cells (DCs) also orchestrate response against pathogens. The noncanonical RelB NF-κB pathway in DCs curbs tolerogenic Tregs in the intestine. Whether RelB-dependent DC regulations also impact intestinal immunity remains less clear. Here, we show that genetic ablation of RelB in DCs compromises IL-23-dependent immune response in the intestine, imparting vulnerability in
                    
                      Relb
                      ΔCD11c
                    
                    mice to infection with
                    
                      Citrobacter
                      rodentium
                    
                    , an enteropathogen. Our mechanistic studies revealed that RelB supported the expression of RBP-J from a κB site-driven promoter, tuning Notch2 response in DCs. This RelB-mediated Notch2 control specified a solitary isolated lymphoid tissue–resident DC subset, which served as a dominant source of IL-23 in infected mice. Indeed, we found that IL-23 supplementation readily rescued the immune deficiency of
                    
                      Relb
                      ΔCD11c
                    
                    mice, improving bacterial clearance. In sum, we illustrate a previously unrecognized crosstalk between RelB and Notch2 underpinning IL-23-secreting DCs critical for gut immunity.",crossref,0
Mitochondrial pearling is controlled by the inner membrane and mediates segregation of the luminal content and membrane scission,https://www.pnas.org/doi/abs/10.1073/pnas.2602775123?mi=eymic2&af=R&access=on&content=articlesChapters&publication=pnas&sortBy=Earliest&target=default,Proceedings of the National Academy of Sciences: Keyword search for query,2026-07-29 07:00:00 UTC,2026-07-29 07:00:00+00:00,10.1073/pnas.2602775123,Liting Duan,"Membrane pearling, the transformation of a smooth tubule into a chain of bead-like swellings connected by narrow membrane tethers, is a widely observed shape change. While it has been well studied for synthetic lipid and unilamellar intracellular membranes, the mechanism underlying the pearling of the peculiar double-membrane architecture of tubular mitochondria remained elusive. Here, we addressed the role of the strongly convoluted inner mitochondrial membrane (IMM) in pearling driven by stretching. Using a light-gated, mitochondria-specific mechanostimulator to apply stretching forces to mitochondria in live cells, we demonstrated that stretching triggers pearling of whole tubular mitochondria. Moreover, we found that pearling requires the presence of the IMM, as unilamellar tubules derived solely from the mitochondrial outer membrane elongate uniformly under stretching and never undergo pearling. To understand the physical mechanism by which IMM controls pearling, we developed a theoretical model that considers the lumen, effectively spanned and volumetrically stiffened by cristae, as an elastic continuum. Our computations show that pearling requires the luminal volume to be sufficiently resistant to change, with its effective bulk rigidity modulus exceeding a critical value. Our experimental observations further revealed the functionally important consequences of stretching-induced pearling. mtDNA nucleoids partitioned into the bulges of pearled configurations, suggesting a role for pearling in the reorganization of luminal components. In addition, the membrane fission GTPase DRP1 accumulated at the constrictions of pearled shapes, leading to membrane scission and mitochondrial fragmentation. Our work uncovers the unique biophysical mechanism of mitochondrial pearling and its functional significance for organelle dynamics.",crossref,0
A fungal effector inhibits plant MAPK signaling by acting as a decoy substrate of MKK5,https://www.pnas.org/doi/abs/10.1073/pnas.2603182123?mi=eymic2&af=R&access=on&content=articlesChapters&publication=pnas&sortBy=Earliest&target=default,Proceedings of the National Academy of Sciences: Keyword search for query,2026-07-29 07:00:00 UTC,2026-07-29 07:00:00+00:00,10.1073/pnas.2603182123,Chen Zhu,"Plant immune responses rely on mitogen-activated protein kinase (MAPK) cascade that integrates pattern-triggered immunity and effector-triggered immunity. How fungal pathogens suppress this central signaling hub remains poorly understood. Here, we identify a secreted effector from phytopathogenic fungus
                    Verticillium dahliae
                    , VdHCE1, that is required for full virulence and directly targets host MAPK signaling. VdHCE1 interacts with the MAPK kinase MKK5 and is phosphorylated at threonine 166 in planta. Biochemical analyses demonstrated that VdHCE1 competes with MPK3 and MPK6 as a substrate of MKK5, thereby attenuating downstream MAPK activation. Consistently, VdHCE1 suppresses elicitor- and NLR-triggered immune responses, while deletion of VdHCE1 compromises fungal virulence in
                    Arabidopsis
                    and cotton. Genetic disruption of MKK5 restores the virulence of VdHCE1-deficient strains, establishing MKK5 as the functional target of VdHCE1. These findings reveal a strategy by which a filamentous fungal pathogen suppresses plant immunity by acting as a decoy substrate within the MAPK cascade and provide a molecular framework for engineering resistance to vascular wilt disease.",crossref,0
Spatiotemporal control of Atg2 association with the ER during autophagosome formation,https://www.pnas.org/doi/abs/10.1073/pnas.2606606123?mi=eymic2&af=R&access=on&content=articlesChapters&publication=pnas&sortBy=Earliest&target=default,Proceedings of the National Academy of Sciences: Keyword search for query,2026-07-29 07:00:00 UTC,2026-07-29 07:00:00+00:00,10.1073/pnas.2606606123,Hitoshi Nakatogawa,"Autophagy degrades various intracellular components by sequestering them within membrane vesicles called autophagosomes and delivering them to lysosomes or vacuoles. Previous studies have revealed that the conserved, bridge-like lipid transfer protein Atg2 tethers autophagosome precursors to the endoplasmic reticulum (ER) and mediates lipid supply from the ER to drive their expansion into autophagosomes. However, how Atg2 docks onto the ER has remained unclear. Here, we show in
                    
                      Saccharomyces cerevisiae
                    
                    that Atg2 interacts with the ER-resident VAP family protein Scs2. This interaction is mediated by a phospho-FFAT motif in Atg2 and the major sperm protein domain of Scs2 and enhanced by phosphorylation of the motif by the autophagy-initiating kinase Atg1, which is activated at the autophagosome formation site upon autophagy induction. This interaction cooperates with the N-terminal region of Atg2, which contains a weakly amphipathic helix, to mediate Atg2 association with the ER. Thus, the Atg2–Scs2 interaction functions as a spatiotemporal switch that controls Atg2–ER association. We also show that mammalian ATG2 interacts with the VAP-like proteins MOSPD1 and MOSPD3 to promote autophagosome formation. Collectively, this study reveals a conserved mechanism that initiates lipid transfer during autophagosome formation.",crossref,0
Effective mass of a migrating interface,https://www.pnas.org/doi/abs/10.1073/pnas.2608055123?mi=eymic2&af=R&access=on&content=articlesChapters&publication=pnas&sortBy=Earliest&target=default,Proceedings of the National Academy of Sciences: Keyword search for query,2026-07-29 07:00:00 UTC,2026-07-29 07:00:00+00:00,10.1073/pnas.2608055123,Chuang Deng,"Interfaces are ubiquitous in materials and play a central role in microstructural evolution and material properties. Although interface migration has been studied for more than a century and remains an active field, several foundational assumptions of interface kinetics remain largely untested. In particular, interfaces are commonly treated as massless objects governed by overdamped dynamics. In this study, we show that grain boundaries exhibit measurable inertial behavior under high-frequency oscillatory driving. We introduce a quantitative method to extract an effective interface mass from the phase lag between the applied force and the interface velocity and find that this mass scales with the atoms participating in boundary migration. Using this framework, we identify regimes in which inertial effects significantly modify interfacial kinetics, especially at frequencies relevant to thermal fluctuations. These results challenge the conventional overdamped description and establish effective interface mass as a key ingredient in a physically complete theory of interface migration.",crossref,0
Cryoelectron tomography reveals an age-related decline in mitoribosomes that contributes to T cell dysfunction in older individuals,https://www.pnas.org/doi/abs/10.1073/pnas.2608102123?mi=eymic2&af=R&access=on&content=articlesChapters&publication=pnas&sortBy=Earliest&target=default,Proceedings of the National Academy of Sciences: Keyword search for query,2026-07-29 07:00:00 UTC,2026-07-29 07:00:00+00:00,10.1073/pnas.2608102123,Jun Jin,"Mitochondrial dysfunction drives T cell aging in mice. Yet, due to fundamental differences in T cell aging mechanisms between species, whether human T cells exhibit similar mitochondrial alterations remains unclear, with existing evidence often conflicting. Using cryoelectron tomography, we resolved the structure and spatial organization of mitochondrial ribosomes in primary human CD8
                    +
                    T cells under physiological conditions. Comparative analysis with human aging models revealed an age-related reduction in mitoribosome abundance and in higher-order mitoribosome organization, which is necessary for cooperative translation. Defective mitochondrial translation suppressed cytosolic ribosomal protein expression, thereby limiting mitochondrial biogenesis. The consequent reduction in mitochondrial mass induced an aged T cell phenotype characterized by compromised memory phenotypes and proliferative capacity. Enhancing mitochondrial translation via overexpression of the mitoribosomal component Mrps5 reversed aged T cell phenotypes in a mouse model of viral infection or tumor. Together, our findings provide nanoscale-resolution views of internal mitochondrial structures in situ, revealing an age-related loss of mitoribosomes. This loss contributes to mitochondrial dysfunction and the subsequent decline in T cell function observed in older individuals. Restoring mitochondrial translation may therefore represent a strategy for mitigating T cell dysfunction in the aging population.",crossref,0
An expanded apolipoprotein D family provides spider mites with dual-layer protection against dietary oxidative stress,https://www.pnas.org/doi/abs/10.1073/pnas.2608132123?mi=eymic2&af=R&access=on&content=articlesChapters&publication=pnas&sortBy=Earliest&target=default,Proceedings of the National Academy of Sciences: Keyword search for query,2026-07-29 07:00:00 UTC,2026-07-29 07:00:00+00:00,10.1073/pnas.2608132123,Jinzhi Niu,"Plant defense has driven the evolution of species-dependent adaptive strategies in many herbivores, but the molecular mechanisms of adaptation in most arthropods remain largely unknown. The two-spotted spider mite (
                    Tetranychus urticae
                    ) is a generalist herbivore that feeds by sucking the contents of mesophyll cells, a feeding strategy distinct from that of phloem-feeding insects. Here, we show the unexpected differential expression of
                    apolipoprotein D
                    (
                    ApoD
                    ) genes during feeding when mites are transferred to different host plant species, as well as extreme gene family expansion (64
                    ApoD
                    paralogs, the largest reported in any organism). We find that ApoD proteins protect mites against reactive oxygen species (ROS) during feeding, and we identify a dual-layer mechanism by which ApoD proteins counteract plant ROS defenses during ingestion and digestion. First, the salivary protein TuApoD2 is secreted during the ingestion of mesophyll cell contents, where it interacts with glycolate oxidase 2 (GOX2) to inhibit H
                    2
                    O
                    2
                    generation. After ingestion, TuApoD33 in the gut cells also interacts with GOX2 to maintain the inhibition of H
                    2
                    O
                    2
                    generation. These findings suggest that the evolutionary expansion of the
                    ApoD
                    gene family is a key component of the molecular arms race between herbivorous mites and host plants.",crossref,0
Comparative archaeology reveals recurrent but nondeterministic pathways through complexification,https://www.pnas.org/doi/abs/10.1073/pnas.2610959123?mi=eymic2&af=R&access=on&content=articlesChapters&publication=pnas&sortBy=Earliest&target=default,Proceedings of the National Academy of Sciences: Keyword search for query,2026-07-29 07:00:00 UTC,2026-07-29 07:00:00+00:00,10.1073/pnas.2610959123,Robert D. Drennan,"The amount of variation observed among early complex societies has challenged efforts to understand their social dynamics. We advocate for a comparative approach that directly investigates the forces producing this variation. By holistically ranking 63 trajectories of societal change along five axes of differentiation, we characterize their development from a multidimensional perspective. Our analysis reveals that the majority of these trajectories align with one of six recurrent pathways through “complexification,” identified from broadly similar courses of development shared across multiple trajectories. These patterns provide a framework for understanding the conditions under which different forms of complexity emerged—or failed to do so. Particular attention is paid to the ways in which social and demographic forces interact along these pathways. Crucially, these forces interact probabilistically rather than deterministically, producing widespread tendencies rather than inevitable outcomes. Focusing future research on mediating and confounding variables, expanding the sample of trajectories available for analysis, identifying additional complexification pathways and the social forces at work in them, and leveraging the explanatory potential of trajectories that do not align well with any developmental pattern, will further enrich our understanding of the complexification process.",crossref,0
Depletion-induced interactions modulate nanoscale protein diffusion in polymeric crowder solutions,https://www.pnas.org/doi/abs/10.1073/pnas.2524733123?mi=eymic2&af=R&access=on&content=articlesChapters&publication=pnas&sortBy=Earliest&target=default,Proceedings of the National Academy of Sciences: Keyword search for query,2026-07-29 07:00:00 UTC,2026-07-29 07:00:00+00:00,10.1073/pnas.2524733123,Christian Gutt,"Macromolecular crowding plays a crucial role in modulating protein dynamics in cellular and in vitro environments. Polymeric crowders such as dextran and Ficoll are known to induce entropic forces, including depletion interactions, that promote structural organization, yet their nanoscale consequences for protein dynamics remain poorly understood. Here, we employ megahertz X-ray photon correlation spectroscopy (MHz-XPCS) at the European X-ray Free Electron Laser (XFEL) to probe the dynamics of the protein ferritin in solutions containing sucrose, dextran, and Ficoll. We find pronounced changes in collective protein dynamics in polymeric crowders, revealing depletion-driven short-range attractions that, combined with long-range repulsions, give rise to intermediate-range organization. These mesoscale correlations undergo collective relaxation on microsecond to millisecond timescales, as directly resolved by XPCS through the decay of ferritin density fluctuations. The magnitude of this depends sensitively on crowder molecular weight and type. Normalizing the crowder concentration by
                    c
                    * reveals scaling behavior of ferritin self-diffusion with a crossover near 2
                    c
                    *, marking a transition from depletion-enhanced mobility to viscosity-dominated slowing. Our results demonstrate that bulk properties alone are insufficient to describe protein dynamics in crowded solutions, highlighting the need to include polymer-specific interactions and depletion theory in models of crowded environments.",crossref,0
Nature’s antivenom: Combinations of conserved rattlesnake serum metalloproteinase inhibitors block the lethal action of viper venoms,https://www.pnas.org/doi/abs/10.1073/pnas.2612168123?mi=eymic2&af=R&access=on&content=articlesChapters&publication=pnas&sortBy=Earliest&target=default,Proceedings of the National Academy of Sciences: Keyword search for query,2026-07-29 07:00:00 UTC,2026-07-29 07:00:00+00:00,10.1073/pnas.2612168123,Elda E. Sanchez,"Snakebite maims or kills several hundred thousand people each year. For more than a century, treatment has relied on antivenoms derived from animals immunized with whole venoms, but their efficacy, safety, and availability are highly variable, and it is often not well understood which specific venom components must be inhibited to prevent mortality and major morbidities. New therapeutic approaches are needed. Here, we take an evolutionary approach to antivenom design inspired by the longstanding observation that vipers have evolved serum-borne toxin inhibitors that confer resistance to their own venoms. We have investigated the abilities of a family of four rattlesnake metalloproteinase (MP) inhibitors derived from the ancestral serum glycoprotein Fetuin-A (FETUAs) to neutralize the enzymatic, hemorrhagic, and lethal activities of viper venoms. We find that while certain individual FETUA proteins are able to inhibit enzymatic or hemorrhagic activity, they are unable or only partially able to inhibit venom lethality. However, we show that specific combinations of FETUA proteins complement one another’s activities and are sufficient to fully neutralize rattlesnake venom lethality with approximately 10 times greater potency than commercial antivenom. Moreover, we demonstrate that FETUA proteins are well conserved among viper subfamilies and that rattlesnake FETUAs are able to inhibit the MPs and neutralize the lethality of several evolutionarily distant pit viper or true viper venoms. Our results highlight the critical importance of inhibiting MPs in hemorrhagic venoms and the potential general utility of combinations of naturally evolved, recombinant MP inhibitors in the treatment of viper snakebite.",crossref,0
A generative model for bipartite gene-sharing networks,https://www.pnas.org/doi/abs/10.1073/pnas.2613187123?mi=eymic2&af=R&access=on&content=articlesChapters&publication=pnas&sortBy=Earliest&target=default,Proceedings of the National Academy of Sciences: Keyword search for query,2026-07-29 07:00:00 UTC,2026-07-29 07:00:00+00:00,10.1073/pnas.2613187123,José A. Cuesta,"Gene-sharing networks provide a powerful framework to study the evolution of viruses and mobile genetic elements. These bipartite networks, which link genes to the genomes that contain them, exhibit characteristic degree distributions: a scale-free distribution for genes and an exponential-like decay for genomes. Here, we propose a mechanistic model that explains these patterns through fundamental evolutionary processes including horizontal gene transfer, capture of new genes, emergence of new genomes, and gene loss. Using a mean-field approximation, we derive analytical expressions for the asymptotic gene and genome degree distributions, recapitulating a power-law distribution for genes and an exponential distribution for genomes. Numerical simulations validate these predictions and yield parameter values that closely fit empirical data from dsDNA viruses, RNA viruses, and prokaryotic pangenomes. This simple model with only two parameters provides a generative framework for bipartite gene-sharing networks, offering qualitative and quantitative insights into the main evolutionary forces driving genome plasticity. Setting the gene loss rate to zero, the gene and genome degree distributions of the model closely fit the empirically observed distributions. Thus, evolution of viruses appears to be dominated by gene gain, in agreement with the results of independent reconstructions of viral evolution.",crossref,0
Sediment accumulation rate predicts the temporal resolution of marine fossil assemblages,https://www.pnas.org/doi/abs/10.1073/pnas.2615368123?mi=eymic2&af=R&access=on&content=articlesChapters&publication=pnas&sortBy=Earliest&target=default,Proceedings of the National Academy of Sciences: Keyword search for query,2026-07-29 07:00:00 UTC,2026-07-29 07:00:00+00:00,10.1073/pnas.2615368123,Matthew A. Kosnik,"Time averaging (TA), the mixing of noncontemporaneous organisms in fossil assemblages, governs the resolution of paleontological data and determines which biological and environmental processes are recorded in the geological record. To assess variation in TA and its dependence on external drivers, we used amino acid and radiocarbon methods to individually date 7,593 specimens across 384 samples from late Quaternary marine assemblages of calcifying organisms. Bivalve mollusks dominated the data, but 65 samples represented other taxa. Estimates of TA, measured by dispersion of specimen ages within samples, ranged from decades to millennia and scaled proportionally (
                    r
                    2
                    = 0.77) with sediment accumulation time (SAT), an inverse of sediment accumulation rate (SAR) that accounts for the stratigraphic span of samples. In agreement with numerical modeling, the observed TA estimates were an order-of-magnitude higher than SAT and modulated by SAT-dependent effects of vertical mixing and skeletal disintegration. When SAT is short, effective disintegration rates are too slow to suppress the amplifying role of mixing but increase in importance when SAT is long. The strong dependency of TA on SAT points to the overriding role of SAR in controlling the temporal resolution of fossil assemblages, notwithstanding other interacting drivers known to influence TA. These results demonstrate a long-suspected paleontological rule: The temporal resolution of fossil assemblages scales predictably with SAR. This straightforward relationship provides a quantitative guideline for determining the temporal adequacy of sedimentary records as archives of Earth system processes.",crossref,0
Profile of Morris Moscovitch,https://www.pnas.org/doi/abs/10.1073/pnas.2624049123?mi=eymic2&af=R&access=on&content=articlesChapters&publication=pnas&sortBy=Earliest&target=default,Proceedings of the National Academy of Sciences: Keyword search for query,2026-07-29 07:00:00 UTC,2026-07-29 07:00:00+00:00,10.1073/pnas.2624049123,Sarah C. P. Williams,"Morris Moscovitch’s five-decade career has reshaped scientists’ understanding of how the brain stores and retrieves memories. His Multiple Trace Theory challenged the view that the hippocampus serves only as temporary storage, showing instead that richly detailed episodic memories remain dependent on the hippocampus indefinitely. Moscovitch demonstrated that the hippocampus contributes not just to remembering but to imagination, problem-solving, and social cognition. His recent work reveals that people detect episodic richness in others’ memories and use this signal to guide social preferences. Through collaborative research spanning hemispheric specialization and face recognition, Moscovitch has revealed memory as central to human cognition.",crossref,0
Pathogenic variants in the human TONSL protein associated with SPONASTRIME dysplasia impair protein dimerization and DNA repair,https://www.science.org/doi/abs/10.1126/sciadv.aee1129?af=R,AAAS: Science Advances: Table of Contents,2026-07-29 07:00:00 UTC,2026-07-29 07:00:00+00:00,10.1126/sciadv.aee1129,Siddhartha Roy,"TONSL safeguards genome stability by facilitating replication-dependent DNA damage repair and protecting stalled replication forks through homologous recombination. Mutations in TONSL cause SPONASTRIME dysplasia, a rare skeletal disorder. We reveal that TONSL homo-dimerizes via its ubiquitin-like domain (UBL), and two recurrent SPONASTRIME dysplasia causative variants (R934W and G973R) abolish this dimerization. Crystal structures at 1.9 Å resolution show UBL
                    WT
                    forms domain-swapped dimers that assemble into ring-like octamers. The R934W variant eliminates critical hydrogen bonds and introduces steric clashes, forcing monomeric conformation. G973R destabilizes an evolutionarily conserved residue within a conformationally restricted β-turn. Biochemically, UBL
                    WT
                    exists as dimers while UBL
                    R934W
                    remains monomeric. Functionally, dimerization-deficient variants fail to suppress replication stress-induced DNA damage, show impaired RAD51 foci formation, and exhibit severely compromised survival following genotoxic stress. These findings establish TONSL dimerization as essential for genome maintenance and provide structural and mechanistic insights into SPONASTRIME dysplasia pathogenesis.",crossref,0
Unveiling cascading lag effects of wetland methane emissions: Evidence from Lake Chad in Africa,https://www.science.org/doi/abs/10.1126/sciadv.adx9866?af=R,AAAS: Science Advances: Table of Contents,2026-07-29 07:00:00 UTC,2026-07-29 07:00:00+00:00,10.1126/sciadv.adx9866,Xiangming Xiao,"Wetland methane (CH
                    4
                    ) emission seasonality is a major yet uncertain component of the global CH
                    4
                    seasonal cycle, with its quantification primarily limited by the challenges in accurately characterizing wetland dynamics and emission processes. Here, we proposed a remote sensing–based framework to analyze the seasonality of tropical wetland CH
                    4
                    emission systems by integrating satellite methane inversions with high-resolution wetland inundation mapping (distinguishing open water and inundated vegetation). Our results reveal a strong seasonal amplitude (4.75 teragrams per year) and pronounced seasonal hysteresis between precipitation and CH
                    4
                    emissions (7 months) in Lake Chad. We demonstrate that the cascading chain of precipitation–wetland inundation–vegetation succession–CH
                    4
                    emissions drives emission seasonality, characterized by a 3-month lag from precipitation to wetland inundation and a subsequent 4-month lag from inundation to peak emissions. These findings provide comprehensive and mechanistically generalizable insights into tropical wetland CH
                    4
                    seasonality and offer critical constraints for improving tropical CH
                    4
                    flux estimates.",crossref,0
Untrustworthy sources on Facebook and Instagram in 2020: Concentrated exposure but no attitudinal effects,https://www.science.org/doi/abs/10.1126/sciadv.adz6502?af=R,AAAS: Science Advances: Table of Contents,2026-07-29 07:00:00 UTC,2026-07-29 07:00:00+00:00,10.1126/sciadv.adz6502,Joshua A. Tucker,"Despite concern about exposure to content from untrustworthy sources on social media, little is known about the frequency or effects of exposure to their content. We examine 2020 data from all active US adults on Facebook and Instagram to measure exposure to content from Pages, groups, and web domains on Facebook and public accounts on Instagram that repeatedly publish misinformation. We find that average users saw relatively little content in their feeds from these untrustworthy sources; exposure was highly concentrated. A multimonth field experiment during the 2020 election among consenting users reduced feed-based exposure to content from untrustworthy sources by approximately 70% on both platforms but had no measurable effects on numerous preregistered outcomes, even among participants with high pretreatment exposure. Our results demonstrate that a feasible platform intervention can successfully reduce exposure to content from untrustworthy sources but suggest that these changes are unlikely to have immediate effects on attitudes and beliefs.",crossref,0
Neptune’s inner moons and rings are exposed icy body interiors,https://www.science.org/doi/abs/10.1126/sciadv.aeb1437?af=R,AAAS: Science Advances: Table of Contents,2026-07-29 07:00:00 UTC,2026-07-29 07:00:00+00:00,10.1126/sciadv.aeb1437,Michael E. Brown,"Neptune’s single large moon, Triton, is accompanied by a set of dusty rings and small moons whose composition and origin are uncertain. Using the James Webb Space Telescope, we observed Neptune’s rings and three moons: Larissa, Galatea, and Proteus. These moons and rings have spectra that are distinct from other outer Solar System objects and show no evidence of water ice despite hosting deep 3-micrometer OH absorption bands. In addition, Larissa, Galatea, and the rings show a compositional signature unique among outer Solar System bodies: a 2.72-micrometer absorption band diagnostic of magnesium-rich phyllosilicates—a signpost of extensive aqueous alteration. These minerals likely formed in the interior of primordial satellites destroyed during Triton’s violent capture or a tidally shredded dwarf planet. Our findings suggest that Neptune’s present-day inner moons and rings reaccreted from this deep interior material and therefore uniquely access the interior composition of icy outer Solar System differentiated bodies.",crossref,0
Selective autophagy receptor VISP1 enhances cytokinin signaling by modulating the Type-A/B ARR feedback loop during root development,https://www.science.org/doi/abs/10.1126/sciadv.aeb2089?af=R,AAAS: Science Advances: Table of Contents,2026-07-29 07:00:00 UTC,2026-07-29 07:00:00+00:00,10.1126/sciadv.aeb2089,Ying Wang,"Selective autophagy maintains intracellular homeostasis by selectively targeting cytoplasmic components through autophagy receptors. While virus-induced small peptide 1 (VISP1) has been identified as an autophagy receptor regulating plant-virus interactions, its function in phytohormone responses remains poorly understood. Here, we demonstrate that VISP1 positively regulates cytokinin responses during root development by modulating the feedback loop between type-A and -B
                    Arabidopsis
                    Response Regulators (ARRs).
                    VISP1
                    overexpression transgenic lines displayed shorter primary roots, fewer lateral roots, and elongated root hairs, accompanied with an induced cytokinin response compared to wild-type plants. Conversely, the
                    visp1
                    mutant exhibited attenuated cytokinin sensitivity. Mechanistically, cytokinin induces
                    VISP1
                    transcription, with the type-B ARR1 transcription factor directly binding to the
                    VISP1
                    promoter to activate its expression. VISP1 physically interacts with multiple type-A ARRs and promotes their autophagic degradation, thereby alleviating their repression on type-B ARRs. Collectively, our findings reveal a regulatory mechanism in which VISP1 amplifies cytokinin signaling by disrupting the negative feedback loop of type-A and type-B ARRs.",crossref,0
A posttranslational modification of fimbriae drives pathogenicity in Klebsiella pneumoniae,https://www.pnas.org/doi/abs/10.1073/pnas.2611142123?mi=eymic2&af=R&access=on&content=articlesChapters&publication=pnas&sortBy=Earliest&target=default,Proceedings of the National Academy of Sciences: Keyword search for query,2026-07-29 07:00:00 UTC,2026-07-29 07:00:00+00:00,10.1073/pnas.2611142123,Anne-Catrin Uhlemann,"Antimicrobial resistance is a severe public health burden. Especially concerning are multidrug resistant (MDR) infections, which restrict treatment options and significantly increase mortality risk. A major cause of MDR infections worldwide is carbapenem-resistant
                    Klebsiella pneumoniae
                    (CR
                    Kp
                    ). The predominant CR
                    Kp
                    sequence type worldwide is ST258. However, the factors underlying ST258’s epidemic success are not well defined. Genomic analyses of clinical isolates of CR
                    Kp
                    have found that the two-component regulatory system CrrAB is a genomic feature of ST258, suggesting that it may contribute to its global dominance. Despite this, the molecular details underpinning CrrAB’s contribution to ST258
                    Kp
                    biology and pathogenicity are poorly understood. We used RNA-sequencing to identify the regulon of CrrA and found that CrrAB induces the expression of a gene, encoding Crr-regulated fimbriae modifying protein (CfmP), that is essential for pathogenesis driven by this two-component system. We performed mass spectrometry analyses of fimbriae purified from
                    Kp
                    expressing or lacking
                    cfmP
                    and found that CfmP induces a novel oxidation to a histidine residue in the major pilin subunit of fimbriae, FimA. We demonstrate that this oxidation significantly increases host cell adhesion and high bacterial loads within the host. CrrAB also drives high antibiotic resistance in CR
                    Kp
                    . Thus, our results place CrrAB at the intersection of pathogenicity and antibiotic resistance supporting its function as an important regulatory system driving the global dominance of ST258.",crossref,0
Biomineralized Shewanella Exploits Tumor Lactate Metabolism via Biological Nanowires for Radiotherapy‐Synergized Bioelectric Ablation and Systemic Immunity,https://advanced.onlinelibrary.wiley.com/doi/10.1002/adma.74300?af=R,Wiley: Advanced Materials: Table of Contents,2026-07-29 07:00:13 UTC,2026-07-29 07:00:13+00:00,10.1002/adma.74300,Junyong Wu,"ABSTRACT
                  
                    Bioelectronic therapy is an emerging strategy that ablates tumor cells via electrical signals. However, achieving precisely controllable bioelectronic ablation remains challenging. Here, we report a living bioelectronic platform, termed PSDT, for radiotherapy (RT)‐activated tumor intervention and immune activation. PSDT consists of a Pd/Pt‐modified
                    Shewanella
                    core (SDT) encapsulated within a ROS‐responsive polymeric shell (PEI‐Se‐Se‐PEG). The ROS‐responsive shell keeps the platform inert systemically and confines its activity to irradiated tumors, achieving spatiotemporal control. Upon RT activation, the released SDT core utilizes the anaerobic characteristics of the tumor microenvironment to specifically construct nanowire connections with tumor cells, thereby establishing the electronic synapse for current delivery. Simultaneously, the Pd/Pt bio‐alloy enhances
                    Shewanella
                    's lactate metabolism and electron transfer. This enhancement enables the platform to generate a continuous bioelectric current fueled by tumor lactate. RT also induces the Pd/Pt bio‐alloy to release high‐energy electrons, which are then delivered to the tumor cells alongside the amplified bioelectric current through the nanowire. This dual‐pathway electron delivery enhances tumor cell ablation and yields prominent inhibition of primary tumor growth. The treatment also induces systemic antitumor effects, as the release of tumor antigens from electro‐ablation and bacterial antigens from RT‐mediated bacterial disruption triggeres local immune activation and an abscopal effect. Moreover, the combination with anti‐PD‐1 treatment further enhances these effects, resulting in nearly complete tumor eradication and durable tumor control. This work demonstrates a bioelectronic therapy that integrates tumor metabolic intervention with systemic immune activation for the treatment of immunologically cold solid tumors.",crossref,0
High‐Performance Bio‐Glue From the Berries of a Parasitic Plant,https://advanced.onlinelibrary.wiley.com/doi/10.1002/adma.74322?af=R,Wiley: Advanced Materials: Table of Contents,2026-07-29 07:04:55 UTC,2026-07-29 07:04:55+00:00,10.1002/adma.74322,Oliver Lieleg,"ABSTRACT
                  
                    Most commercial adhesives are still petroleum‐based. Despite extensive efforts to develop sustainable alternatives, bio‐based adhesives often require chemical modification of their components, or they fail to achieve rapid, high‐performance bonding. Here, we report a fully bio‐based adhesive derived primarily from a (poly)saccharide extract obtained from the berries of the hemi‐parasitic plant mistletoe (
                    Viscum album
                    ). This (poly)saccharide extract is supplemented with tannic and malic acid without any further chemical functionalization. Through a combination of heat‐treatment and rapid curing, the developed adhesive exhibits remarkable bonding strength across diverse substrates—including various types of wood and metal, glass, and polytetrafluoroethylene (Teflon)—and under various conditions. Furthermore, if samples are separated by force, the remaining adhesive layers can be reactivated via heat‐treatment to allow for efficient re‐bonding of the adherends. The fully bio‐based formulation not only enables multiple repair cycles but also valorizes a parasitic plant, thereby serving as an eco‐friendly, high‐performance alternative to petroleum‐derived adhesives.",crossref,0
Angstrom‐Scale Confined Ion Sieve and Accelerator for Efficient Aqueous Zinc Batteries,https://advanced.onlinelibrary.wiley.com/doi/10.1002/adma.74289?af=R,Wiley: Advanced Materials: Table of Contents,2026-07-29 07:32:33 UTC,2026-07-29 07:32:33+00:00,10.1002/adma.74289,Junwu Zhu,"ABSTRACT
                  
                    The commercialization of aqueous zinc–metal batteries (AZMBs) is hindered by dendrite growth caused by uncontrolled Zn
                    2+
                    transport and side reactions involving water and anions. Here, an angstrom–scale confined ion sieve and accelerator is designed using unilamellar Ti
                    0.87
                    O
                    2
                    nanosheets with atomic Ti vacancies (∼3.0 × 3.8 Å) and interlayer spacing (∼3.5 Å) to enable selective Zn
                    2+
                    (∼1.5 Å) transport while blocking H
                    2
                    O (∼4.0 Å) and SO
                    4
                    2−
                    (∼5.9 Å). This design facilitates selective Zn
                    2+
                    ion transport with high flux and Zn/SO
                    4
                    2−
                    selectivity, effectively mitigating water–/anion–induced parasitic reactions at the Zn anode. Consequently, the Ti
                    0.87
                    O
                    2
                    @Zn anode exhibits significantly suppressed dendrite growth and parasitic side reactions during repeated Zn plating/stripping, with stable cycle lives exceeding 5000 and 4000 h at 1 and 5 mA cm
                    −2
                    , respectively. The Ah–level Ti
                    0.87
                    O
                    2
                    @Zn//VO
                    2
                    pouch cell retains 85.4% of its initial capacity after 300 cycles at 3 A g
                    −1
                    . This strategy provides a promising interfacial design concept for improving the reversibility of aqueous Zn metal anodes and may inspire the rational design of confined ion–transport interphases for related aqueous battery systems.",crossref,0
Establishing Atomic Coherence in Twisted Oxide Membranes Containing Volatile Elements,https://advanced.onlinelibrary.wiley.com/doi/10.1002/adma.74365?af=R,Wiley: Advanced Materials: Table of Contents,2026-07-29 07:33:55 UTC,2026-07-29 07:33:55+00:00,10.1002/adma.74365,Miaofang Chi,"ABSTRACT
                  
                    Twisted oxide membranes represent a promising platform for exploring moiré physics and emergent quantum phenomena. However, the presence of amorphous interfacial “dead” layers in conventional oxide heterostructures impedes coherent coupling and suppresses moiré‐induced interactions. While high‐temperature thermal treatments can facilitate interfacial bonding, additional care is needed for materials containing volatile elements, where elevated temperatures may cause elemental loss. This study demonstrates the realization of an atomically coherent, chemically bonded interface in twisted NaNbO
                    3
                    membranes through controlled oxygen‐annealing treatment. Atomic‐resolution imaging and spectroscopy reveal ordered perovskite registry accompanied by systematic lattice contraction and modified electronic structure at the twisted interface, providing signatures of chemical reconstruction rather than physical adhesion. This reconstructed interface mediates highly asymmetric strain propagation in which the bottom membrane remains nearly relaxed while the top membrane accommodates substantial shear strain. By resolving the nature of the reconstructed interface, these findings establish a pathway for achieving coherent and strain‐tunable oxide moiré superlattices.",crossref,0
Electrochromic Adaptive Solar Heater and Sub‐Ambient Passive Daytime Radiative Cooler,https://advanced.onlinelibrary.wiley.com/doi/10.1002/adma.74359?af=R,Wiley: Advanced Materials: Table of Contents,2026-07-29 07:38:00 UTC,2026-07-29 07:38:00+00:00,10.1002/adma.74359,Po‐Chun Hsu,"ABSTRACT
                  
                    Heating, ventilation, and air‐conditioning (HVAC) systems are major contributors to global energy consumption, underscoring the urgent need for energy‐efficient building envelope technologies. Synergistic solar and radiative electrochromism offers a promising solution by leveraging the sun and outer space as sustainable thermodynamic resources. In this study, we demonstrate a dual‐mode electrochromic device that enables reversible, non‐volatile switching between solar heating and sub‐ambient radiative cooling, achieving annual energy savings of 73.7 MBtu and CO
                    2
                    emission savings of 4063 kg CO
                    2
                    in specific U.S. climate zones. The device can achieve true sub‐ambient passive daytime radiative cooling by 1°C in the cooling mode and raise it by 33°C above ambient in the heating mode during daytime operation, controlled by electrical voltage. The device employs electrodeposited lossy amorphous Cu‐Bi nanoclusters on defect‐activated monolayer graphene, yielding high optical contrast between cooling (solar absorptance
                    α
                     = 7.99%, thermal emittance
                    ε
                     = 93.58%) and heating (
                    α
                     = 47.7%,
                    ε
                     = 20.14%) modes, with outstanding long‐term durability. This work paves the way for scalable, durable, and dynamic thermal regulation, advancing sustainable building technologies.",crossref,0
Realizing Precise Molecular Differentiation in Heterogeneous Polyamide Nanofilms Formed via Multi‐Stage Interfacial Polymerization,https://advanced.onlinelibrary.wiley.com/doi/10.1002/adma.74320?af=R,Wiley: Advanced Materials: Table of Contents,2026-07-29 08:12:38 UTC,2026-07-29 08:12:38+00:00,10.1002/adma.74320,Santanu Karan,"ABSTRACT
                  
                    High‐flux nanofiltration membranes capable of precisely separating similar‐sized molecules in solvents are essential for sustainable separations. Realizing such molecular‐level differentiation requires stringent control over mean pore size, pore uniformity, and the nature of the surface charge of the membrane. However, this remains a bottleneck in conventional thin‐film composite membranes due to their structural limitations, as a outcome of the interfacial polymerization at a single liquid‐liquid interface. Here, a surfactant‐mediated multi‐stage interfacial polymerization forming a tri‐layer polyamide nanofilm with structural heterogeneity along its thickness in the form of a composite membrane is reported. This tri‐layer structure is formed as a mould of the liquid‐liquid interface defined by three distinct reaction zones with two sub‐interfaces. The multi‐stage interfacial polymerization enables precise control over the thickness, degree of crosslinking, and the mean pore size of the nanofilms. The resulting nanofilm composite membranes show high methanol permeance (8.3 Lm
                    −2
                    h
                    −1
                    bar
                    −1
                    ), efficient methanol‐rich mixed solvent separation, and precise molecular differentiation between two similar‐sized molecules (azobenzene and neutral red) with an extremely high selectivity of &gt;480. This selectivity surpasses that of state‐of‐the‐art organic‐solvent‐nanofiltration membranes (OSN). The combination of outstanding separation performance and scalable fabrication establishes a strategy for the rational design of application‐specific OSN membranes.",crossref,0
A Bifunctional Artificial Antibody for Universal Antimicrobial Therapy,https://advanced.onlinelibrary.wiley.com/doi/10.1002/adma.74355?af=R,Wiley: Advanced Materials: Table of Contents,2026-07-29 08:14:27 UTC,2026-07-29 08:14:27+00:00,10.1002/adma.74355,Xingyu Jiang,"ABSTRACT
                  Antimicrobial resistance (AMR) is a global health crisis, and multidrug‐resistant ESKAPE pathogens pose a significant threat to current treatments. Antibody therapy is a promising antibacterial strategy to combat AMR, but the inherent instability and limited functional diversity of biological antibacterial antibodies hinder the development of universal therapies. Here, we report the chemically engineered gold‐based bifunctional antibody biomimetic (AuriFAB), which achieves universal antimicrobial therapy against all multidrug‐resistant ESKAPE pathogens. By utilizing dithiocarbamate ligation, AuriFAB attains exceptional colloidal stability under harsh biological conditions and long‐term storage stability exceeding one year in solution. Chemical epitope screening identifies a disulfiram‐engineered AuriFAB that features a bispecific Fab‐mimicking recognition mechanism, targeting FtsZ in Gram‐positive bacteria and lipopolysaccharide in Gram‐negative bacteria, unlocking picomolar binding affinity and enabling nanogram‐per‐milliliter antibacterial efficacy. AuriFAB demonstrates low toxicity, high selectivity, favorable pharmacokinetics, and in vivo metabolizable clearance. This chemical strategy addresses the stability and functionality limitations of biological antibacterial antibodies and provides a universal solution to combat AMR, demonstrating the therapeutic potential of chemistry‐driven biologic mimics.",crossref,0
Controlling Radiative Phonons in the van der Waals Ferroelectric NbOI2,https://advanced.onlinelibrary.wiley.com/doi/10.1002/adma.74337?af=R,Wiley: Advanced Materials: Table of Contents,2026-07-29 08:16:59 UTC,2026-07-29 08:16:59+00:00,10.1002/adma.74337,Ranjan Singh,"ABSTRACT
                  
                    The optical properties of quantum systems are fundamentally governed by their electromagnetic environment through the local density of optical states (LDOS), enabling powerful control over atomic, excitonic, and electronic transitions. However, the radiative properties of phonons have remained largely unexplored within this framework of environmental engineering. Here we demonstrate LDOS control of terahertz (THz) phonon emission in the van der Waals ferroelectric NbOI
                    2
                    using a simple mirror geometry. By modifying the photonic environment, we achieve pronounced and reversible tuning of the phonon
                    Q
                    ‐factor, peak frequency, linewidth, and emission intensity, with modulation approaching an order of magnitude. The observed behavior arises from Purcell‐like enhancement and suppression of the phonon radiative rate, revealing a near‐unity radiative quantum efficiency in NbOI
                    2
                    . Our results establish radiative phonons as tunable quasiparticles governed by photonic boundary conditions, extending LDOS engineering from electronic to lattice excitations. This framework enables deterministic control of phonon lifetimes and emission spectra, opening new opportunities for compact tunable THz sources and phonon‐based quantum and photonic technologies.",crossref,0
Rapid Identification of Nanoscale Point Defects in Two‐Dimensional Crystals by Rare‐Earth‐Enhanced Fluorescence,https://advanced.onlinelibrary.wiley.com/doi/10.1002/adma.74351?af=R,Wiley: Advanced Materials: Table of Contents,2026-07-29 10:49:43 UTC,2026-07-29 10:49:43+00:00,10.1002/adma.74351,Li Wang,"ABSTRACT
                  
                    Identifying nanoscale point defects (NPDs) is essential for producing high‐quality two‐dimensional (2D) crystals and moving them towards scalable device integration. However, existing methods face a fundamental compromise between spatial resolution and detection throughput: atomic‐resolution techniques provide limited testing area or sampling rates, whereas conventional optical methods often lack sufficient sensitivity required for low‐density NPDs. Here, we present a highly sensitive, non‐destructive strategy that employs erbium chloride (ErCl
                    3
                    ) to form erbium‐rich nanoparticles (Er‐NPs) as fluorescent markers at NPD sites on 2D crystal surfaces, enabling rapid and precise mapping of NPDs in large‐area samples. Both theoretical modeling and experimental observations demonstrate that Er‐NPs preferentially accumulate at defect sites, substantially enhancing localized photoluminescence (PL) signals and enabling direct visualization of NPD locations and distributions. This approach complements established optical techniques, including Raman spectroscopy, by providing higher‐contrast and more efficient localization of low‐density nanoscale defects across large‐area samples. Importantly, Er‐NPs can be fully removed through annealing under ultrahigh vacuum (UHV), ensuring the non‐destructive nature of the method. This work provides a powerful tool for quality control of 2D materials, supporting their transition from laboratory synthesis to large‐scale industrial applications.",crossref,0
Atomic Editing of the First‐Shell to Modulate the d‐Electron State of Transition Metal Sites for Accelerated Redox Kinetics in Lithium−Sulfur Batteries,https://advanced.onlinelibrary.wiley.com/doi/10.1002/adma.74394?af=R,Wiley: Advanced Materials: Table of Contents,2026-07-29 10:51:13 UTC,2026-07-29 10:51:13+00:00,10.1002/adma.74394,Gan Qu,"ABSTRACT
                  
                    Organometallic macrocyclic molecules have shown great potential to accelerate the reaction kinetics in Li−S batteries. However, it is still challenging to precisely tailor the microenvironment of metal sites and enhance its intrinsic reactivity. Herein, inspired by single‐atom editing in organic chemistry, we prepared a series of isolobal nickel‐based organometallic macrocyclic molecules (denoted as Ni−N
                    
                      x
                    
                    C
                    
                      y
                    
                    ) to optimize the steric configuration and d‐orbital states of Ni sites by tuning the first coordination shell at atom‐level. In situ x‐ray absorption spectroscopy revealed the dynamic evolution of nickel sites, while in situ Raman spectra demonstrated the accelerated sulfur conversion kinetics for Ni−N
                    2
                    C
                    2
                    in Li−S batteries. Theoretical calculations confirmed that the geometric configuration of Ni−N
                    
                      x
                    
                    C
                    
                      y
                    
                    can be modulated by first‐shell atoms, when the d
                    
                      xy
                    
                    and d
                    x
                    2
                    −
                    y
                    2
                    orbitals of nickel can be activated for N
                    2
                    C
                    2
                    ‐coordinated Ni site. In addition, the up‐shift of d‐band center for Ni−N
                    2
                    C
                    2
                    further facilitates its hybridization with sulfur species. Consequently, cells with Ni−N
                    2
                    C
                    2
                    deliver 1277 mA h g
                    −1
                    at 0.5 C, while showing a decay rate of 0.04% at 2 C. Furthermore, an Ah‐level pouch cell with energy density of 393 W h kg
                    −1
                    can be achieved based on the total mass of cell. This work provides mechanistic insights into the microenvironment regulation of single‐metal‐site and structure–activity relationships in Li−S batteries.",crossref,0
Nanomaterials Enable Spatiotemporally Controlled Ultrasound‐Triggered Pyroptosis for Cancer Immunotherapy,https://advanced.onlinelibrary.wiley.com/doi/10.1002/adma.74250?af=R,Wiley: Advanced Materials: Table of Contents,2026-07-29 11:44:10 UTC,2026-07-29 11:44:10+00:00,10.1002/adma.74250,Jun Lin,"ABSTRACT
                  Pyroptosis, a highly inflammatory form of programmed cell death (PCD), holds exceptional promise for activating antitumor immunity. However, achieving precise and tumor‐selective pyroptosis induction while preserving normal tissue integrity remains a major translational hurdle. Ultrasound has emerged as an ideal exogenous stimulus for this purpose, owing to its noninvasiveness, deep tissue penetration, and precise spatiotemporal control. Through integration with tailored nanomaterials, ultrasound energy can be specifically converted into localized biochemical signals at the tumor site, thereby triggering pyroptosis that potently stimulates antitumor immunity. This review systematically elucidates how rational nanomaterial design enables ultrasound‐triggered pyroptosis (sonopyroptosis) through distinct mechanisms, including sonodynamic, sonopiezocatalytic, enzyme‐mimetic, and multimodal synergistic pathways. It further delineates the ensuing immune cascade, from innate immune activation and adaptive T cell responses to the remodeling of the immunosuppressive tumor microenvironment (TME), and evaluates the synergistic potential of this approach with emerging immunotherapies such as immune checkpoint blockade (ICB) and cGAS‐STING pathway activation. Finally, key challenges in clinical translation are outlined, and future perspectives are proposed to accelerate the development of nanomaterial‐mediated ultrasound‐triggered pyroptosis for cancer immunotherapy.",crossref,0
Oxygen‐Radical Capture Enabled Nickel‐Catalyzed Carbon(sp2)‐Heteroatom Coupling of Two Nucleophiles,https://onlinelibrary.wiley.com/doi/10.1002/anie.8724182?af=R,Wiley: Angewandte Chemie International Edition: Table of Contents,2026-07-29 11:45:57 UTC,2026-07-29 11:45:57+00:00,10.1002/anie.8724182,Qiang Cheng,"ABSTRACT
                  
                    Hypervalent transition‐metal complexes serve as pivotal intermediates enabling reductive elimination for carbon–heteroatom bond formation. Significant efforts have focused on nickel‐catalyzed couplings of aryl (pseudo)halides with nucleophiles, utilizing, for example, photo‐ or electrochemical strategies to access high‐valent Ni(III) species. Nevertheless, the analogous Ni(III)‐mediated oxidative cross‐coupling of two nucleophilic partners for carbon–heteroatom bond construction remains elusive, despite the central role of such nucleophiles, for example, boronic acids, in cross‐coupling chemistry. Herein, we report a general oxygen‐radical capture strategy that accelerates the single‐electron oxidation of Ni(II) and subsequent reductive elimination, enabling diverse carbon–heteroatom bond formations with aryl boronic acids. We demonstrate the oxidative coupling of aryl boronic acids with alcohols, a transformation that has never been realized by nickel catalysis, likely due to the facile β‐hydride elimination of the corresponding metal alkoxides. Mechanistic investigations and DFT calculations suggest the crucial role of the
                    tert
                    ‐butoxyl radical in the transformation of Ni(II) to Ni(III), enabling facile reductive elimination that bypass other possible side pathways. Furthermore, we show that a broad range of nucleophiles can be employed for the construction of C–O, C–S, C–N, and C–P bonds using this method.",crossref,0
Solvent Hydrogen Bonding Determines Adsorption Geometry of Trimesic Acid on Cu,https://onlinelibrary.wiley.com/doi/10.1002/anie.3523377?af=R,Wiley: Angewandte Chemie International Edition: Table of Contents,2026-07-29 11:50:01 UTC,2026-07-29 11:50:01+00:00,10.1002/anie.3523377,Katrin F. Domke,"ABSTRACT
                  The adsorption geometry of functional molecules largely determines the interfacial behaviour in various applications like catalysis, photovoltaics and molecular electronics. Understanding adsorbate orientation has remained a challenge due to lack of suitable in situ methods, thus hindering controlled device behaviour. Here, a combined tip‐enhanced Raman spectroscopy, density functional theory and molecular dynamics simulation approach elucidates the prevailing controversy about the adsorption geometry of showcase trimesic acid, one of the most widely used functional organic linkers, on Cu. We find that subtle energy differences in adsorbate–substrate–solvent interactions on the scale of 0.25 eV are decisive for the molecular orientation at solid/liquid versus solid/gas interfaces, emphasising the strength of combined theoretical and experimental quantitative in situ nanoscale characterisation for the rational design of functional molecular interfaces.",crossref,0
Photoinduced Copper‐Catalyzed Stereoselective C(sp3)‐H Amination Enabled by Preorganized Multiple Noncovalent Interactions,https://onlinelibrary.wiley.com/doi/10.1002/anie.6908076?af=R,Wiley: Angewandte Chemie International Edition: Table of Contents,2026-07-29 11:51:06 UTC,2026-07-29 11:51:06+00:00,10.1002/anie.6908076,Rui Guo,"ABSTRACT
                  
                    Chiral
                    α
                    ‐amino cyclic amines are essential bioactive molecular skeletons that play a crucial role in regulating the biological functions of diverse molecules. Despite their significance, the asymmetric C─H amination of saturated cyclic amines using readily available nitrogen sources has not been accomplished. In this work, a photoinduced copper‐catalyzed highly enantioselective
                    α
                    ‐C(sp
                    3
                    )‐H amination of cyclic amines with pharmaceutically valuable aromatic and
                    α
                    ,
                    β
                    ‐unsaturated amides is developed. In addition to amides, diverse aromatic
                    N
                    ‐heterocycles, as well as the unstable and challenging imine, can also participate in the reaction, delivering various functionalized
                    α
                    ‐amino cyclic amines with high diastereoselectivity. Mechanistic study and DFT calculation indicate that the C─N bond is formed through the radical addition of
                    α
                    ‐amino radical to Cu(II)‐amide species followed by the inner‐sphere reductive elimination. The preassembly of (
                    R
                    )‐BINOL with the BOPA‐copper(II) benzamide via hydrogen bonding and CH···π interactions can enhance the stereoselectivity through exclusive π···π stacking interaction in (
                    R
                    )‐pathway. The unique reaction model featuring photoredox transition‐metal catalysis, radical cross‐coupling, and multiple noncovalent interactions is the key to success of this chemistry.",crossref,0
Network‐Anchored Nanocages Create Weakly Solvating Electrolytes for Subzero Aqueous Zinc Batteries,https://onlinelibrary.wiley.com/doi/10.1002/anie.9405074?af=R,Wiley: Angewandte Chemie International Edition: Table of Contents,2026-07-29 11:52:31 UTC,2026-07-29 11:52:31+00:00,10.1002/anie.9405074,Hao Bin Wu,"ABSTRACT
                  
                    Low‐temperature operation of aqueous zinc batteries is fundamentally limited by electrolyte freezing and sluggish interfacial kinetics, originating from strong ion‐solvent interactions. Here, we report a steric‐regulated weakly solvating hydrogel electrolyte enabled by network‐anchored fluorinated Zr‐based metal–organic polyhedra (MOPs). The rigid, hydrophobic nanocage architecture simultaneously anchors Zn
                    2+
                    through coordination and sterically excludes active water molecules, thereby diluting the local electrostatic field, lowering the desolvation barrier, and disrupting extended hydrogen‐bond networks to suppress ice crystallization. As a result, Zn||Zn symmetric cells cycle stably for over 3700 h at −40°C, while Zn||MnHCF full cells deliver 65.8 mAh g
                    −1
                    at −20°C with 82% capacity retention after 350 cycles, and still maintain 24.6 mAh g
                    −1
                    at −40°C. Spectroscopic, electrochemical, and theoretical analyses reveal that Zr‐based MOPs reconstruct the Zn
                    2+
                    solvation shell into a spatially expanded, weakly bound structure that accelerates charge transfer and suppresses parasitic reactions. This work establishes a steric‐architecture design paradigm for engineering weakly solvating electrolytes, offering a robust strategy for aqueous batteries operating under extreme low‐temperature conditions.",crossref,0
The Reproducibility Crisis: Shining a Light Where Photo‐Induced Process Descriptions Fall Short,https://onlinelibrary.wiley.com/doi/10.1002/anie.5910350?af=R,Wiley: Angewandte Chemie International Edition: Table of Contents,2026-07-29 12:00:00 UTC,2026-07-29 12:00:00+00:00,10.1002/anie.5910350,Christopher N. Bowman,"ABSTRACT
                  Ensuring reproducibility should be a central priority for authors, editors, and reviewers throughout manuscript preparation and evaluation. Reports of photo‐mediated processes are particularly susceptible to reproducibility challenges because their apparent simplicity often obscures how strongly reliable outcomes depend on carefully controlled and thoroughly reported experimental conditions. To assess current practice, 150 articles describing photo‐mediated processes were randomly selected from high‐impact journals in the Web of Science categories of “polymer science,” “chemistry,” and “physics.” Each was evaluated for the minimum information necessary to reproduce a photo‐induced process: exposure conditions (light source emission spectrum, incident irradiance, and irradiation duration), sample geometry (boundary conditions and thickness), and sample composition (identity and amount of the active chromophore and any other absorbing species). Only 8% of polymer science, 4% of chemistry, and 10% of physics papers provided sufficient detail to enable reproduction. The most significant deficiencies involved the light source; just 25% reported enough to reproduce both emission spectrum and irradiance. This work explains why each element is essential across diverse photo‐induced processes and presents modeling and representative case studies illustrating the variability that arises when conditions are under‐specified, using photopolymerization as a sensitive benchmark.",crossref,0
Unlocking High‐Rate Sodium Storage in Hard Carbon via Interfacial Conformation Entropy Modulation in Localized High‐Concentration Electrolytes,https://onlinelibrary.wiley.com/doi/10.1002/anie.8176173?af=R,Wiley: Angewandte Chemie International Edition: Table of Contents,2026-07-29 12:00:11 UTC,2026-07-29 12:00:11+00:00,10.1002/anie.8176173,Bin Xu,"ABSTRACT
                  
                    Ether‐based electrolytes are extensively employed in sodium‐ion batteries (SIBs) featuring hard carbon (HC) anodes, owing to their favorable interfacial wettability and intrinsically low solvation energy. Nevertheless, conventional NaPF
                    6
                    ‐based systems are still hindered by limited initial Coulombic efficiency, suboptimal rate capability, and inadequate low‐temperature ion transport. Here, the concept of interfacial conformation entropy (
                    S
                    ICE
                    ) is introduced as a mechanistic descriptor to capture the reconfigurability of solvation sheath and its influence on Na
                    +
                    desolvation and interfacial migration. To validate this concept, a locally high‐concentration electrolyte (LHCE) is formulated by incorporating 10 vol% 1,4‐dioxane (14DX), a sterically hindered and weakly coordinating cyclic ether, into 1 M NaPF
                    6
                    in diethylene glycol dimethyl ether (DEGDME). This tailored solvation microenvironment enhances
                    S
                    ICE
                    effectively, enabling solvent conformational flexibility that accelerates Na
                    +
                    desolvation and directs the formation of a highly conductive, mechanically robust interphase. Consequently, the HC|Na cell delivers ultrafast‐charging durability and maintains a reversible capacity of 154.28 mAh g
                    −1
                    after 9000 cycles at 10C with a capacity retention as high as 89.46%. Simultaneously, an Ah‐level NVP|HC pouch cell further substantiates the practical viability of this strategy. These findings highlight
                    S
                    ICE
                    as a powerful paradigm for the rational design of high‐rate SIB electrolytes.",crossref,0
n‐Type Oxazine‐Fused Higher‐Acene Analogues With High Stability and High Charge Mobility,https://onlinelibrary.wiley.com/doi/10.1002/anie.8366566?af=R,Wiley: Angewandte Chemie International Edition: Table of Contents,2026-07-29 12:02:34 UTC,2026-07-29 12:02:34+00:00,10.1002/anie.8366566,Lingcheng Chen,"ABSTRACT
                  
                    Acenes are a fascinating class of molecules. And higher‐acenes (&gt;7 rings) with big beautiful structures are more likely to be continuously pursued. However, the instability, poor solubility, and challenging synthesis of higher‐acenes significantly hinder their fundamental investigation. Of greater concern is that no stable n‐type higher‐acene analogues have been obtained to date. Here, using oxazine and benzene units as the building blocks, a novel series of higher‐acene analogues (9 rings) named pentaphenotetraoxazines (
                    PPTOs)
                    , is synthesized by chemical solution method. These compounds exhibit high solubility in common organic solvents, high stability under ambient conditions, deep lowest unoccupied molecular orbital levels below −4.1 eV, strong NIR absorbance, and narrow optical bandgap (&lt;1.4 eV). In solution‐processed organic field‐effect transistors (OFETs), the devices demonstrate electron mobilities exceeding 0.1 cm
                    2
                     V
                    −1
                     s
                    −1
                    , which are two and three orders of magnitude higher than those of prior reported higher‐acene analogues and the homologous 5‐ring derivative—triphenodioxazine (
                    TPDO
                    ), respectively. Moreover, these n‐type OFETs demonstrate excellent stability under ambient conditions without encapsulation. These results highlight the high stability and outstanding n‐type semiconductor performance of oxazine‐fused higher‐acene analogues and demonstrate the potential of this strategy to develop even larger acene systems.",crossref,0
White‐Light‐Mediated Imidazole Catalysis Toward Terpene‐Based Thermosets,https://onlinelibrary.wiley.com/doi/10.1002/anie.3667594?af=R,Wiley: Angewandte Chemie International Edition: Table of Contents,2026-07-29 12:03:40 UTC,2026-07-29 12:03:40+00:00,10.1002/anie.3667594,Véronique Michelet,"ABSTRACT
                  
                    Light‐mediated curing of terpene‐derived polymers generally depends on UV irradiation and photoinitiators. We report herein that environmentally friendly limonene‐ and carvone‐derived diepoxides cure with glutaric anhydride under white light through imidazole‐mediated catalysis, without conventional photoinitiators, to afford fully bio‐based thermosets.
                    1
                    H NMR reveals a switch in ring‐opening selectivity relative to thermal curing, from predominant
                    exo
                    ‐epoxide opening under heating to preferential
                    endo
                    ‐epoxide activation under white light, evidencing a distinct light‐responsive pathway. The resulting novel thermosets are colorless, transparent and exhibit enhanced thermomechanical properties over thermally cured counterparts, with a
                    Tg
                    of 110°C, tensile strength of 42 MPa, and strain at break of 15%. This strategy is underexplored in terpene‐derived epoxy–anhydride systems and may broaden the scope of terpene‐based thermoset networks.",crossref,0
Stable Full‐Color and Single‐Phase White Emission in a Family of Isomeric Organic Cu(I) Iodides,https://onlinelibrary.wiley.com/doi/10.1002/anie.2260330?af=R,Wiley: Angewandte Chemie International Edition: Table of Contents,2026-07-29 12:06:54 UTC,2026-07-29 12:06:54+00:00,10.1002/anie.2260330,Bingsuo Zou,"ABSTRACT
                  
                    Organic Cu(I) halides feature highly designable structures, systematic tunability, and efficient emission; however, simultaneously achieving full‐color tunable emission and single‐phase white emission with thermal‐ and chemical‐stimulated optical responses in organic isomeric Cu(I) halides polymorphs have never been reported. Herein, we synthesized a family of zero‐dimensional organic isomeric Cu(I) iodides of α‐/β‐/γ‐/δ‐/ε‐(ITPP)
                    2
                    Cu
                    2
                    I
                    4
                    , all of which have the same molecular formula and crystallize in monoclinic space group
                    P
                    2
                    1
                    /
                    n
                    . However, due to the different arrangement orientation of [Cu
                    2
                    I
                    4
                    ]
                    2−
                    clusters and the surrounding molecular environment, α‐/β‐/γ‐/δ‐/ε‐(ITPP)
                    2
                    Cu
                    2
                    I
                    4
                    exhibits blue, green, yellow, red, and white emission, with an optimal luminous efficiency of 92.4%. Interestingly, α‐/β‐/γ‐/δ‐/ε‐(ITPP)
                    2
                    Cu
                    2
                    I
                    4
                    shows tunable dual self‐trapped excitons emission under different temperatures, making them suitable for optical thermometry with an ultrahigh relative thermal sensitivity of 13.17%
                    ·
                    K
                    −1
                    . Moreover, external chemical stimuli can induce luminescent transformation between different hybrid Cu(I) iodides, which enables us to demonstrate their application in multiple anti‐counterfeiting. Parallelly, hybrid Cu(I) iodides also exhibit efficient x‐ray scintillation with a high light yield of 63500 ± 1200 photons/MeV, and a customizable large‐area flexible paper‐based film has been prepared in situ using an “ancient fabric dyeing process”, demonstrating its application in x‐ray imaging with an ultrahigh spatial resolution of 20.8 lp/mm.",crossref,0
Structure‐Guided Redesign of Terminal Deoxynucleotidyl Transferase Enables Scalable Enzymatic DNA Synthesis for Data Storage,https://onlinelibrary.wiley.com/doi/10.1002/anie.4267702?af=R,Wiley: Angewandte Chemie International Edition: Table of Contents,2026-07-29 12:09:42 UTC,2026-07-29 12:09:42+00:00,10.1002/anie.4267702,Jiangchao Qian,"ABSTRACT
                  
                    DNA, with its exceptional information capacity and chemical stability, represents a promising material for next‐generation data storage to meet the exponential growth of global digital information demands. Enzymatic DNA synthesis provides a sustainable route to DNA production. However, the practical scalability of the underlying polymerization chemistry has been fundamentally constrained by the low catalytic efficiency and aggregation‐induced inactivation of terminal deoxynucleotidyl transferase (TdT) that is responsible for nucleotide polymerization. Here, we report a structure‐guided enzyme design framework that overcomes these intrinsic limitations by decoupling solubility and catalytic performance in a processive polymerase. Computational redesign of aggregation‐prone regions markedly enhances soluble expression, while targeted active‐site engineering improves catalytic efficiency toward 3′‐ONH
                    2
                    ‐dNTPs used in enzymatic DNA synthesis. The resulting TdT variant HL2‐LKI achieves 3.4 g L
                    −1
                    soluble expression in a 5 L fermenter without fusion tags and exhibits high polymerization efficiency (99.9%) and DNA writing fidelity (98.9%). This redesign reduces enzyme production costs to approximately $0.7 g
                    −1
                    , nearly seven orders of magnitude lower than the catalog price of commercially available TdT. This work establishes a generalizable strategy for transforming aggregation‐limited enzymatic polymerization reactions into scalable and low‐cost molecular manufacturing processes, thereby advancing the practical implementation of DNA as an information material.",crossref,0
Narrowband Deep‐Red and Near‐Infrared Tetradentate Platinum(II) Complexes for High‐Performance OLEDs With Emission Peaks up to 715 nm and EQEs Over 20%,https://onlinelibrary.wiley.com/doi/10.1002/anie.5933955?af=R,Wiley: Angewandte Chemie International Edition: Table of Contents,2026-07-29 12:10:36 UTC,2026-07-29 12:10:36+00:00,10.1002/anie.5933955,Chuluo Yang,"ABSTRACT
                  
                    Narrowband heavy‐metal phosphorescent complexes have been achieved in the visible region recently, yet such narrowband deep‐red/near‐infrared (DR/NIR) emitters have not been reported. In this study, four new tetradentate Pt(II) emitters (
                    
                      Pt‐
                      1,3
                      ‐DZF
                    
                    ,
                    
                      Pt‐
                      2,4
                      ‐DZF
                    
                    ,
                    
                      Pt‐
                      1,3
                      ‐PhCz
                    
                    , and
                    
                      Pt‐
                      2,4
                      ‐PhCz
                    
                    ) are rationally designed by combining donor π‐extension with linkage‐position isomerization based on dibenzo[
                    b,d
                    ]furan (DZF)‐ and 9‐phenyl‐9
                    H
                    ‐carbazole (PhCz)‐functionalized triarylamine frameworks. This strategy effectively modulates the emissive excited‐state character and enables narrowband DR/NIR phosphorescence. Vacuum‐deposited OLEDs based on these emitters achieve emission maxima of 670–715 nm, maximum external quantum efficiencies (EQEs) up to 20.4%, and small efficiency roll‐offs at high radiance. Moreover, the full width at half maximums (FWHM) of electroluminescence spectra realize as narrow as 51 nm (0.14 eV), which is comparable to state‐of‐the‐art DR/NIR multiple‐resonance thermally activated delayed fluorescence (MR‐TADF) emitters, highlighting the potential of these Pt(II) complexes for high‐performance narrowband DR/NIR OLEDs.",crossref,0
Harnessing Supramolecular Circularly Polarized Scattering for Enhanced Chiroptical Performance,https://onlinelibrary.wiley.com/doi/10.1002/anie.5198135?af=R,Wiley: Angewandte Chemie International Edition: Table of Contents,2026-07-29 12:13:04 UTC,2026-07-29 12:13:04+00:00,10.1002/anie.5198135,Yafei Wang,"ABSTRACT
                  
                    Recent advancements in circularly polarized luminescence (CPL) materials have shifted the emphasis from optimizing intrinsic CPL properties to leveraging synergistic photophysical processes for enhanced system‐level performance. In this study, we designed and synthesized a class of chiral small organic molecules, termed (
                    R
                    /
                    S
                    )‐4LC, whose supramolecular assemblies exhibit Rayleigh‐like scattering behavior. More importantly, these nanostructures exhibit circularly polarized scattering (CPS) behavior, selectively amplifying left‐ or right‐handed CPL signals and achieving an unprecedented 200‐fold increase in the luminescence dissymmetry factor (
                    g
                    lum
                    = 0.73), compared with the
                    g
                    lum
                    value obtained in the absence of scattering contributions. Furthermore, these architectures serve as efficient chiral energy donors, transferring polarized energy to achiral quantum dots (QDs) through radiative energy transfer, thereby inducing CPL activity in otherwise nonchiral emitters. Leveraging this platform, we developed two types of CPS‐enhanced QD light‐emitting diodes (CPS‐QLEDs), demonstrating amplified chiroptical signals in both photoluminescence and electroluminescence systems. This work marks the first demonstration of utilizing supramolecular CPS effects to enhance chiroptical performance, offering a robust framework for the design of next‐generation polarized optoelectronic devices.",crossref,0
Polymer Brushes Govern Defect‐Selective Oxidative Etching of Penta‐Twinned Gold Nanorods,https://onlinelibrary.wiley.com/doi/10.1002/anie.8508304?af=R,Wiley: Angewandte Chemie International Edition: Table of Contents,2026-07-29 12:18:16 UTC,2026-07-29 12:18:16+00:00,10.1002/anie.8508304,Eugenia Kumacheva,"ABSTRACT
                  Oxidative etching of plasmonic nanoparticles provides an effective approach to the variation of their morphology and optical properties, yet polymer ligands are generally treated as passive steric barriers. Here, we show that polymer molecules end‐grafted to the surface of penta‐twinned gold nanorods (AuNRs) perform as active interfacial regulators controlling defect‐selective oxidative metal etching. Through a combination of experiments and simulations, we show that polymer brushes localize etchant ions on the AuNR surface, lowering the energetic barrier for Au atom removal at defect‐rich regions. This defect–ligand interplay leads to the emergence of surface corrugations along the AuNR longitudinal facets, in stark contrast to the etching behavior of single‐crystal AuNR counterparts. By varying polymer molecular weight and grafting density, we achieve precise control of the plasmonic properties of etched AuNRs. These findings establish polymer brushes as active modulators of nanoscale interfacial reaction pathways, providing a strategy for defect‐directed nanoengineering with applications in catalysis, sensing, and photonics.",crossref,0
"Spatially Homogeneous Mg3(Sb, Bi)2 With Suppressed Parasitic Transport Enables Ultrahigh Thermoelectric Performance",https://onlinelibrary.wiley.com/doi/10.1002/anie.2307998?af=R,Wiley: Angewandte Chemie International Edition: Table of Contents,2026-07-29 12:18:24 UTC,2026-07-29 12:18:24+00:00,10.1002/anie.2307998,Tongmin Wang,"ABSTRACT
                  
                    Chemical inhomogeneity widely exists in thermoelectric materials, yet its effects are mainly ascribed to local interface scattering and compositional fluctuations. Here, we show that the spatial connectivity of chemical inhomogeneity governs thermoelectric performance by enabling parasitic transport pathways. In Mg
                    3
                    (Sb, Bi)
                    2
                    , multiscale Bi‐related chemical inhomogeneity forms spatially connected percolation pathways that deteriorate both the Seebeck coefficient and thermal conductivity. Cyclic pressure sintering disrupts these percolative networks, thereby inhibiting parasitic transport and enhancing phonon scattering. As a result, a high
                    zT
                    of ∼2.08 at 673 K and an exceptional average
                    zT
                    of ∼1.58 over 323–723 K are achieved, placing these values among the highest reported for Mg
                    3
                    (Sb, Bi)
                    2
                    ‐based materials. Furthermore, a single‐leg device delivers a conversion efficiency of ∼12.1% (Δ
                    T
                     = 410 K). These findings establish the spatial connectivity of heterogeneity as a key parameter governing thermoelectric transport and provide a general strategy for performance optimization.",crossref,0
CO2* Luminescence‐Navigated Oxide Overlayer Engineering for CO Oxidation,https://onlinelibrary.wiley.com/doi/10.1002/anie.3712617?af=R,Wiley: Angewandte Chemie International Edition: Table of Contents,2026-07-29 12:19:28 UTC,2026-07-29 12:19:28+00:00,10.1002/anie.3712617,Chao Lu,"ABSTRACT
                  
                    Strong metal‐support interaction (SMSI)‐induced oxide overlayers critically govern the CO oxidation activity of metal‐supported catalysts. However, it remains challenging to predict the optimal oxide overlayer structure in CO oxidation due to its intertwined geometric and electronic effects. To address this, we introduce the luminescence of excited‐state CO
                    2
                    molecules (CO
                    2
                    *)‐ generated during their relaxation to the ground state in the CO oxidation reaction‐ as a novel “navigation gauge” for determining the ideal oxide overlayer on Au nanoparticles. The CO
                    2
                    * luminescence intensity in CO oxidation revealed a volcano‐shaped dependence on ZnO
                    
                      x
                    
                    overlayer coverage. More interestingly, such a volcano profile of the luminescence intensity directly aligned with the CO conversion tested in the fixed‐bed reactor, demonstrating a linear correlation between luminescence intensity and catalytic activity. Therefore, the CO
                    2
                    * luminescence served as an indicator for both the overlayer structure and the catalytic activity. Finally, the universality of the CO
                    2
                    * luminescence‐lighted strategy was validated over classical Au/MO
                    
                      x
                    
                    systems, including Au/TiO
                    2
                    ‐R (rutile), Au/TiO
                    2
                    ‐A (anatase), and Au/CeO
                    2
                    . It is anticipated that the CO
                    2
                    * luminescence‐lighted strategy not only lights up the intricate oxide overlayer structures but also provides a promising navigation tool for guiding the rational design of highly active CO oxidation catalysts, circumventing conventional trial‐and‐error optimization approaches.",crossref,0
Vicinal‐Diboron Reinforced [9]Helicene Enables Narrowband Blue Circularly Polarized Emitter With Large Dissymmetry Factor and High Device Efficiency,https://onlinelibrary.wiley.com/doi/10.1002/anie.1030078?af=R,Wiley: Angewandte Chemie International Edition: Table of Contents,2026-07-29 14:03:38 UTC,2026-07-29 14:03:38+00:00,10.1002/anie.1030078,Chuluo Yang,"ABSTRACT
                  
                    Circularly polarized multiple‐resonance thermally activated delayed fluorescence (CP‐MR‐TADF) emitters that simultaneously combine narrowband emission, high efficiency, and pronounced chiroptical activity remain rare because amplification of helicity often compromises the localized electronic structure required for spectral narrowing. Here we report a tetraborated B,N‐embedded [9]helicene, B
                    4
                    ONA, constructed through
                    ortho
                    ‐diboron reinforcement of a multiple‐resonance framework. Structural and theoretical analyses reveal that the
                    ortho
                    ‐diboron configuration strengthens helical rigidity and excited‐state confinement, thereby suppressing structural relaxation and vibronic coupling. B
                    4
                    ONA exhibits pure‐blue emission at 462 nm with a full width at half‐maximum (FWHM) of 20 nm and pronounced chiroptical activity, reaching a high photoluminescence dissymmetry factor of 5.03 × 10
                    −3
                    in the emissive film. Organic light‐emitting diodes (OLEDs) based on B
                    4
                    ONA deliver pure‐blue electroluminescence at 464 nm with a FWHM of 21 nm and external quantum efficiencies of up to 34.4%, ranking among the best performances reported to date for blue CP‐MR‐TADF OLEDs. These findings establish
                    ortho
                    ‐diboron reinforcement of high‐order B,N‐embedded helicenes as an effective molecular design strategy for CP‐MR‐TADF emitters.",crossref,0
Triple Framework Isomerism and Efficient Ethane/Ethylene Separation of Single‐Crystal Covalent Organic Frameworks With 2D hcb Sheets,https://onlinelibrary.wiley.com/doi/10.1002/anie.5362334?af=R,Wiley: Angewandte Chemie International Edition: Table of Contents,2026-07-29 14:23:18 UTC,2026-07-29 14:23:18+00:00,10.1002/anie.5362334,Jianzhuang Jiang,"ABSTRACT
                  
                    Constructing triple framework isomerism with atom‐resolution structures is of great significance but remains highly challenging for covalent organic frameworks (COFs). Herein, [3+3] imine condensation of 1,3,5‐trimethyl‐2,4,6‐tris(4‐aminophenyl)benzene with 1,3,5‐triethyl‐2,4,6‐tris(4‐formylphenyl)benzene affords three single‐crystal COF isomers composed of
                    hcb
                    nets. Their AB
                    hcb
                    stacking, double [2D+2D], and triple [2D+2D+2D] crossing entangled structures have been resolved by 3D electron diffraction. Among the three desolvated COFs, GZU‐4a exhibits the highest ethane uptake (100.7 cm
                    3
                    g
                    −1
                    ) and ethane/ethylene selectivity (1.6), enabling one‐step production of high‐purity ethylene (&gt;99.99%) in dynamic breakthrough experiments. The superior and inverse separation performance originates from its rigid non‐interpenetrated framework with optimized pore confinement for strengthened ethane binding. This work not only presents an unprecedented example of triple isomeric COFs with atom‐resolution structures from non‐interpenetration to inclined interpenetration of 2D nets, but also shows an inverse adsorption selectivity for ethane over ethylene, greatly enriching the diversity of COFs.",crossref,0
Kinetic Trapping of Pressure‐Induced Symmetry Breaking in Hybrid Metal Halides via Fluorine‐Mediated Molecular Locking,https://onlinelibrary.wiley.com/doi/10.1002/anie.6957654?af=R,Wiley: Angewandte Chemie International Edition: Table of Contents,2026-07-29 14:41:54 UTC,2026-07-29 14:41:54+00:00,10.1002/anie.6957654,Lingling Mao,"ABSTRACT
                  
                    Permanently capturing pressure‐induced metastable phases at ambient conditions is a fundamental challenge that, if solved, would unlock a new realm of materials with exotic functionalities. A central obstacle is the reversibility of pressure‐driven transitions, particularly symmetry‐breaking ones that yield valuable properties like nonlinear optical activity. Here, we report a kinetic trapping strategy that permanently preserves high‐pressure noncentrosymmetric phases in hybrid tin bromides via a fluorine‐mediated “molecular lock.” Using a two‐dimensional perovskite (3‐CF
                    3
                    py)
                    2
                    SnBr
                    4
                    (3‐CF
                    3
                    py
                    +
                    = 3‐(trifluoromethyl)pyridinium) as a model system, we demonstrate that hydrostatic compression induces a symmetry‐breaking transition at ∼4.0 GPa with a strong second‐harmonic generation (SHG) response, which peaks at ∼8 GPa with a staggering ∼400‐fold enhancement relative to the signal at ∼4.0 GPa. Remarkably, the noncentrosymmetric phase and its SHG activity remain after full pressure release. Single‐crystal x‐ray diffraction reveals that pressure‐enhanced directional F···F interactions cooperatively reorganize the organic–inorganic framework, suppressing elastic recovery and locking in the metastable structure. Importantly, this design principle is generalizable, as demonstrated by trapping of the high‐pressure noncentrosymmetric phase in the one‐dimensional analogue, (3‐CF
                    3
                    py)SnBr
                    3
                    . Our work establishes a powerful design strategy to induce and stabilize high‐pressure phases, making their otherwise inaccessible functionalities available for ambient‐condition applications.",crossref,0
Evaluation of dual-tower optical efficiency limit for guiding the design of solar power tower systems,https://www.sciencedirect.com/science/article/pii/S0306261926012018?dgcid=rss_sd_all,ScienceDirect Publication: Applied Energy,2026-07-30 00:00:00 UTC,2026-07-30 00:00:00+00:00,,Ya-Ling He,,,0
Prediction-informed distributional deep reinforcement learning for energy management of fuel cell tracked vehicles: A hybrid control framework,https://www.sciencedirect.com/science/article/pii/S0306261926011906?dgcid=rss_sd_all,ScienceDirect Publication: Applied Energy,2026-07-30 00:00:00 UTC,2026-07-30 00:00:00+00:00,,Hongwen He,,,0
Dynamic soiling-state inversion and power prediction for photovoltaic modules via gradient-coupled physics-informed neural networks,https://www.sciencedirect.com/science/article/pii/S0306261926011700?dgcid=rss_sd_all,ScienceDirect Publication: Applied Energy,2026-07-30 00:00:00 UTC,2026-07-30 00:00:00+00:00,,Xiaojuan Han,,,0
NATTrek: A network-aware trajectory gamified visual framework for cooperative EV fleet charging under feeder constraints,https://www.sciencedirect.com/science/article/pii/S0306261926011827?dgcid=rss_sd_all,ScienceDirect Publication: Applied Energy,2026-07-30 00:00:00 UTC,2026-07-30 00:00:00+00:00,,Yonghan Ahn,,,0
Dynamic characteristics inside proton exchange membrane fuel cell with high-resolution current distribution measurement,https://www.sciencedirect.com/science/article/pii/S0306261926012158?dgcid=rss_sd_all,ScienceDirect Publication: Applied Energy,2026-07-30 00:00:00 UTC,2026-07-30 00:00:00+00:00,,Xiufang Gong,,,0
The impact of solar photovoltaics on the energy-industry transition in the Nordic and Baltic countries,https://www.sciencedirect.com/science/article/pii/S0306261926011311?dgcid=rss_sd_all,ScienceDirect Publication: Applied Energy,2026-07-30 00:00:00 UTC,2026-07-30 00:00:00+00:00,,Christian Breyer,,,0
Operando investigation of current density distribution in a large-area vanadium redox flow battery,https://www.sciencedirect.com/science/article/pii/S0306261926012134?dgcid=rss_sd_all,ScienceDirect Publication: Applied Energy,2026-07-30 00:00:00 UTC,2026-07-30 00:00:00+00:00,,Cong Yin,,,0
Reliability and economics enhanced dispatch of distributed energy storage: A fatigue-aware online learning based aggregation approach,https://www.sciencedirect.com/science/article/pii/S0306261926011682?dgcid=rss_sd_all,ScienceDirect Publication: Applied Energy,2026-07-30 00:00:00 UTC,2026-07-30 00:00:00+00:00,,Zaijun Wu,,,0
Physics-guided semantic source free adaptation for fast-charging batteries degradation prognosis,https://www.sciencedirect.com/science/article/pii/S0306261926011608?dgcid=rss_sd_all,ScienceDirect Publication: Applied Energy,2026-07-30 00:00:00 UTC,2026-07-30 00:00:00+00:00,,Rui Xiong,,,0
Optimization of hybrid energy system integrating novel concentrated solar power plant: a bi-level approach at second-level time scale,https://www.sciencedirect.com/science/article/pii/S030626192601144X?dgcid=rss_sd_all,ScienceDirect Publication: Applied Energy,2026-07-30 00:00:00 UTC,2026-07-30 00:00:00+00:00,,Gang Xiao,,,0
From corporate net-zero pledges to credible climate action,https://www.nature.com/articles/s41893-026-01908-6,Nature Sustainability,2026-07-30 00:00:00 UTC,2026-07-30 00:00:00+00:00,10.1038/s41893-026-01908-6,Jürgen P. Kropp,"Corporate net-zero pledges have proliferated, yet evidence increasingly suggests that most fall short of real-world impacts. This reflects not a lack of ambition but a lack of scientific foundations needed to ensure credibility and integrity in corporate climate action. This uncertainty underpins a trillion-dollar question: how capital and policy mechanisms can be directed towards actions that genuinely reduce emissions. A scientific infrastructure built around four interconnected research frontiers can close this gap, making corporate climate commitments credible, comparable and policy-relevant at scale. This could redirect trillions of dollars in investments towards genuine climate action.",nature_html,0
GridGraph-LLM: A grid topology and graph-aware large language model for contingency analysis and transmission outage localization,https://www.sciencedirect.com/science/article/pii/S0306261926011013?dgcid=rss_sd_all,ScienceDirect Publication: Applied Energy,2026-07-30 00:00:00 UTC,2026-07-30 00:00:00+00:00,,Yuzhou Chen,,,0
Underground bio-methanation of hydrogen and carbon dioxide in depleted gas reservoirs: Thermo-hydro-bio coupled modeling,https://www.sciencedirect.com/science/article/pii/S0306261926012110?dgcid=rss_sd_all,ScienceDirect Publication: Applied Energy,2026-07-30 00:00:00 UTC,2026-07-30 00:00:00+00:00,,Ru Zhang,,,0
Generative modeling for long-term load forecasting with customer energy asset adoption trends,https://www.sciencedirect.com/science/article/pii/S0306261926008305?dgcid=rss_sd_all,ScienceDirect Publication: Applied Energy,2026-07-30 00:00:00 UTC,2026-07-30 00:00:00+00:00,,Ning Lu,,,0
Cold-start of high-power PEMFC stacks: inhomogeneity control and edge cell performance enhancement,https://www.sciencedirect.com/science/article/pii/S0306261926010494?dgcid=rss_sd_all,ScienceDirect Publication: Applied Energy,2026-07-30 00:00:00 UTC,2026-07-30 00:00:00+00:00,,Qing Du,,,0
A bi-level planning model of integrated energy capacity configuration for data center cluster considering computing-electricity coupling operation and supply-demand uncertainties,https://www.sciencedirect.com/science/article/pii/S0306261926011554?dgcid=rss_sd_all,ScienceDirect Publication: Applied Energy,2026-07-30 00:00:00 UTC,2026-07-30 00:00:00+00:00,,Qinliang Tan,,,0
Optimising national energy systems integrating heat pumps: Effects of rising cooling demand and heating demand-side management strategies,https://www.sciencedirect.com/science/article/pii/S0306261926011645?dgcid=rss_sd_all,ScienceDirect Publication: Applied Energy,2026-07-30 00:00:00 UTC,2026-07-30 00:00:00+00:00,,Martin K. Patel,,,0
Distribution market operators in transmission-distribution operation coordination under dual-layer uncertainty,https://www.sciencedirect.com/science/article/pii/S0306261926012183?dgcid=rss_sd_all,ScienceDirect Publication: Applied Energy,2026-07-30 00:00:00 UTC,2026-07-30 00:00:00+00:00,,Fushuan Wen,,,0
"A parallel distributed approach for AI-enabled online optimization of building cooling systems with enhanced efficiency, reliability and scalability",https://www.sciencedirect.com/science/article/pii/S0306261926011451?dgcid=rss_sd_all,ScienceDirect Publication: Applied Energy,2026-07-30 00:00:00 UTC,2026-07-30 00:00:00+00:00,,Shengwei Wang,,,0
A physics-guided semi-empirical degradation model for lifetime prediction of proton exchange membrane fuel cells,https://www.sciencedirect.com/science/article/pii/S0306261926011657?dgcid=rss_sd_all,ScienceDirect Publication: Applied Energy,2026-07-30 00:00:00 UTC,2026-07-30 00:00:00+00:00,,Jianqiu Li,,,0
When do consumers lose from variable electricity pricing?,https://www.sciencedirect.com/science/article/pii/S0301421526004088?dgcid=rss_sd_all,ScienceDirect Publication: Energy Policy,2026-07-30 00:00:00 UTC,2026-07-30 00:00:00+00:00,,Saurabh Amin,,,0
Environmental taxation and biofuel production in the EU: Heterogeneous effects across producer scales,https://www.sciencedirect.com/science/article/pii/S0301421526004593?dgcid=rss_sd_all,ScienceDirect Publication: Energy Policy,2026-07-30 00:00:00 UTC,2026-07-30 00:00:00+00:00,,Monica Auteri,,,0
When diversification fails: Geopolitical contagion and hidden vulnerabilities in Europe’s energy transition,https://www.sciencedirect.com/science/article/pii/S0301421526004544?dgcid=rss_sd_all,ScienceDirect Publication: Energy Policy,2026-07-30 00:00:00 UTC,2026-07-30 00:00:00+00:00,,Jules Sadefo Kamdem,,,0
The critical challenges of energy diversification and environmental sustainability in the European Green Deal: Empirical evidence from European countries,https://www.sciencedirect.com/science/article/pii/S0301421526004519?dgcid=rss_sd_all,ScienceDirect Publication: Energy Policy,2026-07-30 00:00:00 UTC,2026-07-30 00:00:00+00:00,,Rana Umair Ashraf,,,0
Geopolitical risks and energy prices: Impacts of Russia-Ukraine Conflict1,https://www.sciencedirect.com/science/article/pii/S0301421526004647?dgcid=rss_sd_all,ScienceDirect Publication: Energy Policy,2026-07-30 00:00:00 UTC,2026-07-30 00:00:00+00:00,,Hakan Yilmazkuday,,,0
Approaching cumulative quintuple bonds in all-metal uranyl analogs,https://academic.oup.com/nsr/advance-article/doi/10.1093/nsr/nwag462/8747578?rss=1,National Science Review Advance Access,2026-07-30 00:00:00 UTC,2026-07-30 00:00:00+00:00,10.1093/nsr/nwag462,Congqing Zhu,"While the progression from single (H2), double (O2), and triple (N2) bonds in diatomic molecules to the discovery of transition metal quadruple (Re–Re) and quintuple (Cr–Cr) bonds has significantly expanded our understanding of covalent interactions, the exploration of cumulative multiple bonds in trinuclear systems has remained largely unexplored. Until now, cumulative bonds beyond triple multiplicity have neither been experimentally isolated nor theoretically predicted. Here, we propose a new bonding model—cumulative quintuple bonds—and report the synthesis and characterization of a novel trinuclear species, [Co–U–Co], which exhibits bonding interactions approaching cumulative quintuple bonds. Advanced quantum chemical calculations reveal that the cumulative multiple bonds consist of one pair of U–Co σ bonds, two pairs of U–Co π bonds, one pair of U–Co δ bonds, a three-center-two-electron δ bond, and a δ hyperconjugation. This species represents the first example of an all-metal uranyl analog featuring a linear M–U–M core with cumulative multiple bonds. This discovery not only extends the theoretical boundaries of cumulative multiple bonds but also establishes a transformative precedent for cumulative bonding multiplicity in trinuclear species.",rss_oup,0
"The vegetation map of the Tibetan Plateau (1:500,000)",https://academic.oup.com/nsr/advance-article/doi/10.1093/nsr/nwag418/8747579?rss=1,National Science Review Advance Access,2026-07-30 00:00:00 UTC,2026-07-30 00:00:00+00:00,10.1093/nsr/nwag418,Ke Guo,"The Tibetan Plateau is the highest and largest plateau in the world, which is also the most important ecological security barrier in China, with its vegetation serving as a critical foundation for this ecological function. The vegetation on the Tibetan Plateau has undergone drastic changes duo to climate change, human disturbances, and natural succession. A large-scale vegetation map is urgently needed for elucidating the distribution patterns of vegetation types. Based on 211 538 vegetation samples and 322 vertical vegetation zonation spectra, hierarchical and regional mapping strategies were employed to produce the vegetation map of the Tibetan Plateau (1:500 000) at the alliance level. This vegetation map accurately depicts the distribution patterns of 561 vegetation types (including 523 alliances, 32 alliance groups, 2 vegetation subformations, and 4 vegetation formations) and 12 non-vegetated types, and 61 alliances are recorded for the first time on the Tibetan Plateau. The overall accuracy and kappa coefficient are 66.76% and 0.66 at the alliance level. Compared with the vegetation of China (1:1000 000), the number of mapping units of the current vegetation map has increased from 327 to 573. The number of mapping patches has grown from 15 082 to 117 325, with the average area of patches decreasing from 171.13 to 22.00 km2. Compared with the vegetation map of China, the current map shows that forests, shrublands, grasslands, deserts, alpine sparse vegetation and agricultural vegetation have changed by 23.87%, 66.40%, 21.36%, 48.05%, 41.48%, 64.87%, respectively. This vegetation map can reflect the current vegetation distribution patterns on the Tibetan Plateau more precisely, which could provide stronger foundational supports for ecosystem management, biodiversity conservation, and national strategic decisions.",rss_oup,0
Solar-driven artificial hybrid systems for beyond natural biotransformation,https://academic.oup.com/nsr/advance-article/doi/10.1093/nsr/nwag461/8747582?rss=1,National Science Review Advance Access,2026-07-30 00:00:00 UTC,2026-07-30 00:00:00+00:00,10.1093/nsr/nwag461,Yafei Dai,"Biotransformation plays a crucial role in addressing global challenges related to resource utilization and energy sustainability. Natural processes, such as photosynthesis and microbial metabolism, transform external resources into functional compounds. However, these processes are often constrained by inefficiencies, slow reaction rates, and limited product diversity. Recent advancements across the physical, chemical, and biological sciences have led to the convergence of natural and artificial strategies that effectively tackle these challenges. These developments, alongside progress in artificial photosynthesis, offer solutions for CO2 reduction, N2 fixation, and sustainable chemical production, thereby broadening the scope of biotransformation beyond traditional natural processes. Herein, we first introduce recent representative achievements in resolving the structures and catalytic mechanisms of proteins/protein complexes/enzymes involved in natural biotransformation processes. Our review then highlights natural photosynthesis-inspired organic-biological hybrid systems, focusing on the conversion of CO2 and N2 as well as the diverse range of value-added products they enable. Furthermore, this paper will explore the potential of artificial photosynthesis systems, examining their integration and applications in advancing biotransformation processes. Finally, we discuss key challenges and propose future strategies to advance research in this field. The ongoing advancements in artificial systems hold immense promise for revolutionizing and paving the way for a sustainable future that extends beyond natural biotransformation.",rss_oup,0
SOC-agnostic rapid state-of-health estimation of lithium-ion batteries,https://www.sciencedirect.com/science/article/pii/S0306261926011074?dgcid=rss_sd_all,ScienceDirect Publication: Applied Energy,2026-07-30 00:00:00 UTC,2026-07-30 00:00:00+00:00,,Chao Hu,,,0
"Pathways towards a carbon-free energy system: Technological advances, policy barriers, and integrated decarbonization strategies",https://www.sciencedirect.com/science/article/pii/S0306261926012043?dgcid=rss_sd_all,ScienceDirect Publication: Applied Energy,2026-07-30 00:00:00 UTC,2026-07-30 00:00:00+00:00,,Praveen Barmavatu,,,0
Coherent room-temperature dipole synchronization in plasmonic nanocavities,https://www.nature.com/articles/s41565-026-02242-w,Nature Nanotechnology,2026-07-30 00:00:00 UTC,2026-07-30 00:00:00+00:00,10.1038/s41565-026-02242-w,Jeremy J. Baumberg,"Plasmonic nanocavities enable the synchronization of spatially distant emissive dipoles through strong near-field coupling in subnanometre gaps. Yet, it remains unclear how collective phase order can emerge in nanoscale optical systems where dissipation, disorder and ultrafast radiative loss normally suppress long-lived coherence. Here we report the formation of a room-temperature synchronized dipole state in locally ordered plasmonic nanogap two-dimensional arrays under non-resonant continuous-wave pumping. The system consists of methylene blue emitters confined in cucurbit[7]uril-defined subnanometre gaps between close-packed gold nanoparticles. Unlike lasers, photonic Bose–Einstein condensates or exciton–polariton condensates, this system exhibits spatial coherence across the dipoles, while rapid radiative emission suppresses temporal photon coherence. Increased coherence is observed with increasing pumping, marked by the spatial spread of g(1) coherence, but without spectral narrowing or directional emission. This driven-dissipative system exhibits fast temporal coherence formation within 10 fs and complex spatial correlations. Combining ultralow mode volumes and high Purcell enhancement, it offers a scalable platform for studying dipole synchronization at room temperature for photonic and quantum technologies.",nature_html,0
Author Correction: Industrial reliability testing of transistor gate dielectrics,https://www.nature.com/articles/s41928-026-01690-5,Nature Electronics,2026-07-30 00:00:00 UTC,2026-07-30 00:00:00+00:00,10.1038/s41928-026-01690-5,Mario Lanza,,,0
Stereoelectronic Additive Engineering Enables Solvation Regulation and Dual‐Interphase Stabilization for High‐Voltage and High‐Temperature Lithium Metal Batteries,https://advanced.onlinelibrary.wiley.com/doi/10.1002/aenm.71359?af=R,Wiley: Advanced Energy Materials: Table of Contents,2026-07-30 05:55:07 UTC,2026-07-30 05:55:07+00:00,10.1002/aenm.71359,Shimou Chen,"ABSTRACT
                  
                    High‐voltage lithium metal batteries (LMBs) suffer from unstable Li
                    +
                    solvation and fragile electrode/electrolyte interphases, especially at elevated temperatures. Here, difluorotrimethylsilanylacetic acid ethyl ester (DTAE) is introduced as a stereoelectronically engineered additive for conventional carbonate electrolytes to regulate Li
                    +
                    solvation and stabilize both cathode and anode interphases. The push–pull effect of the ─Si(CH
                    3
                    )
                    3
                    and ─CF
                    2
                    ─ groups on the same carbon center weakens Li
                    +
                    –carbonyl coordination, promotes anion involvement in the primary solvation sheath, and facilitates Li
                    +
                    desolvation. Meanwhile, DTAE scavenges HF and contributes to the formation of robust LiF/Si─O‐rich interphases on both the LiNi
                    0.8
                    Co
                    0.1
                    Mn
                    0.1
                    O
                    2
                    (NCM811) cathode and Li metal anode. As a result, transition‐metal dissolution, cathode surface degradation, and heterogeneous lithium deposition are effectively suppressed, leading to improved interfacial kinetics and electrochemical stability under harsh conditions. Li||NCM811 cells achieve 82.91% capacity retention after 330 cycles at 4.6 V and 82.32% after 250 cycles at 60°C and 4.5 V. In addition, a 5 Ah pouch cell with an energy density of 415 Wh kg
                    −1
                    retains 83.40% of its initial capacity after 100 cycles at 4.6 V. This work highlights stereoelectronic additive engineering as an effective strategy to couple solvation regulation with dual‐interphase stabilization for practical high‐energy LMBs.",crossref,0
Magnetic Field‐Tailored Copper Layers With Fast Dissolution‐Redeposition Kinetics for Stable Zinc Metal Anodes,https://advanced.onlinelibrary.wiley.com/doi/10.1002/aenm.71376?af=R,Wiley: Advanced Energy Materials: Table of Contents,2026-07-30 05:55:15 UTC,2026-07-30 05:55:15+00:00,10.1002/aenm.71376,Yong Jiang,"ABSTRACT
                  
                    Chemical displacement offers a straightforward route to fabricate metal protective layers on zinc anodes. However, stochastic and inhomogeneous nucleation and growth of the displaced metal, together with uncontrollable dynamic evolution, often culminate in a limited protective effect. Herein, we propose a magnetic field‐assisted strategy to modulate displacement reaction kinetics, yielding a uniform and compact Cu protective layer on Zn (ZnCu‐MF). The magnetohydrodynamic effect governs Cu
                    2+
                    transport during displacement, promotes uniform Cu nucleation, and suppresses the “galvanic cell” dominated displacement pathway. Furthermore, we verify the interfacial reaction mechanisms involving copper dissolution‐redeposition and Zn‐Cu co‐deposition, which accelerate interfacial kinetics and foster the formation of a zincophilic CuZn
                    5
                    alloy layer, thereby enabling stable long‐term and high‐rate cycling. Consequently, ZnCu‐MF||ZnCu‐MF symmetric cells achieve a cycle life exceeding 5000 h at 2 mA cm
                    −2
                    and over 4800 h at 10 mA cm
                    −2
                    . Moreover, ZnCu‐MF||Cu half‐cells deliver an average coulombic efficiency of 99.8% over 1300 cycles. A full cell with a vanadium‐based cathode exhibits superior rate capability and a lifespan surpassing 1000 cycles. Remarkably, a pouch cell with high loading of 19.35 mg cm
                    −2
                    (4.7 mAh cm
                    −2
                    ) and a low N/P ratio of 3.7 attains about 0.3 Ah and sustains stable operation for over 300 cycles.",crossref,0
"Binder Free NiP‐Textile Electrodes for Ultrahigh Capacity and 40,000 Cycle Stability in Battery Supercapacitor Hybrid",https://advanced.onlinelibrary.wiley.com/doi/10.1002/aenm.71357?af=R,Wiley: Advanced Energy Materials: Table of Contents,2026-07-30 05:59:12 UTC,2026-07-30 05:59:12+00:00,10.1002/aenm.71357,Tharamani C. Nagaiah,"ABSTRACT
                  
                    Advancement of flexible, high‐capacity energy storage systems is vital for next‐generation wearable electronics. Cotton cloth with its intrinsic flexibility, porosity, &amp; electrolyte absorption ability, offers an ideal platform, but its insulating nature necessitates functional enhancement. Herein, we report a dual‐function, conductive textile electrode (NiP@Ni/NiB‐CC) synthesized via electroless followed by electrodeposition eliminating binder serves as both active material &amp; current collector. The designed flexible electrode exhibits an excellent conductivity (1.07 ×10
                    4
                     S m
                    −
                    1
                    ) &amp; demonstrated an ultrahigh specific capacitance of 2446 F g
                    −
                    1
                    with 130% capacitance retention over 10,000 cycles at a practical mass loading of 10.1 mg cm
                    −
                    2
                    &amp; delivers an areal capacitance of 45.5 F cm
                    −
                    2
                    at 27.3 mg cm
                    −
                    2
                    . As a current collector for mango‐seed‐derived activated carbon (MSAC), it enables remarkable stability over 40,000 cycles with 94% retention at 100 mA cm
                    −
                    2
                    and retained 77% capacitance after repetitive mechanical deformations by 1000 bending cycles. The assembled cotton‐cloth battery‐supercapacitor hybrid (CC‐BSH) exhibits an energy density of 441 µWh cm
                    −
                    2
                    &amp; power density of 37.5 mW cm
                    −2
                    . Further two flexible CC‐BSH devices successfully powered an LED panel (36 red LEDs) for over 2 h, 50 green LEDs &amp; 50 yellow LEDs showcasing a sustainable, scalable approach for high‐performance flexible energy storage.",crossref,0
"n-Type polymer layers enable efficient, scalable, and thermally stable perovskite solar modules",https://www.science.org/doi/abs/10.1126/science.aed8175?af=R,AAAS: Science: Table of Contents,2026-07-30 06:00:13 UTC,2026-07-30 06:00:13+00:00,10.1126/science.aed8175,Zonglong Zhu,"Fullerene-based electron transport layers (ETLs) used in inverted (p-i-n) perovskite solar cells face issues regarding cost, scalability, and instability, whereas highly stable inorganic oxides feature unfavorable energy alignment and enhance hysteresis, which reduce power conversion efficiency (PCE). We report a nonfullerene conjugated polymer, 2PB-T, that incorporates coplanar and electron-withdrawing perylene bisimide (PBI) units into its backbone. The PBI polymeric backbone and side-chain engineering address the instability of small-molecule ETLs by optimizing electron transport properties, film uniformity, and interfacial binding. Small-area devices achieved a champion PCE of 27.8%, with a certified maximum power point tracking (MPPT) efficiency of 27.3%. Perovskite modules with areas of 20.6 and 625 square centimeters reached PCEs of 24.4 and 22.5%, respectively. Small-area devices retained more than 98.6% of their initial PCE after 1752 hours of continuous MPPT at 85°C in air, and the 625-square-centimeter module maintained 96.9% of its initial PCE after 5900 hours of outdoor operation.",crossref,0
Calcium isotopes link ocean acidification to Aptian–Albian foraminiferal extinctions,https://www.science.org/doi/abs/10.1126/science.aed9359?af=R,AAAS: Science: Table of Contents,2026-07-30 06:00:13 UTC,2026-07-30 06:00:13+00:00,10.1126/science.aed9359,Bradley B. Sageman,"The second-largest extinction event in the evolutionary history of planktic foraminifera occurred at the Aptian–Albian boundary. This extinction may reflect ocean acidification (OA) associated with Oceanic Anoxic Event 1b. As calcium isotope ratios (δ
                    44/40
                    Ca) can track how biocalcification rates respond to OA, we measured δ
                    44/40
                    Ca records for planktic and benthic foraminifera, bulk carbonates, and authigenic calcite across the Aptian–Albian boundary in the South Atlantic. Benthic and bulk δ
                    44/40
                    Ca data display a distinct sequence of negative and positive excursions, similar to δ
                    44/40
                    Ca variations across other OA events. Planktic δ
                    44/40
                    Ca values increase markedly, tracking a reduction in calcification rates coincident with decreases in the size, diversity, and shell thickness of planktic foraminifera. These results suggest that OA drove extinctions of planktic foraminifera at the Aptian–Albian boundary.",crossref,0
A 10-million-year biogeographic holding pen primed the Great American Biotic Interchange,https://www.science.org/doi/abs/10.1126/science.aef2893?af=R,AAAS: Science: Table of Contents,2026-07-30 06:00:13 UTC,2026-07-30 06:00:13+00:00,10.1126/science.aef2893,Xiaoming Wang,"The movement of taxa between North and South America across the Panamanian land bridge, known as the Great American Biotic Interchange (GABI), established modern-day mammal assemblages in the Americas, heralding the decisive end of what has been called the “splendid isolation” of the South American fauna. Lacking substantive low-latitude records, previous work on this pattern relied on South American and temperate North American fossils to conclude that pulsed interchanges began about 2.8 million years ago (mya). Based on new low-latitude fossil data from México, we found evidence for a prolonged, triphasic interchange. Phase 1 consisted of the initial accumulation of northern higher-latitude mammals in a Mexican “holding pen” beginning 10 mya. Dispersal began in phase 2, with a strong north-south gradient and increasing biogeographic connections (7 to 3 mya). The final phase consisted of the already well-described taxonomic pulses (from ~2.8 mya).",crossref,0
Plasma surface engineering for efficient and stable perovskite solar cells and modules,https://www.science.org/doi/abs/10.1126/science.aeg1730?af=R,AAAS: Science: Table of Contents,2026-07-30 06:00:13 UTC,2026-07-30 06:00:13+00:00,10.1126/science.aeg1730,Huanping Zhou,"The instability of perovskite solar cells (PSCs) stems largely from the formation and evolution of interfacial defects associated with the soft, multicomponent perovskite lattice. We report a scalable, plasma-based passivation strategy that forms conformal, uniform, and strong-bonded heterostructure through in situ chemical reactions on large-area perovskite films. This approach also mitigates defect accumulation within the laser-scribed interconnection regions, where localized damage often dominates module-level performance losses. We achieved a power conversion efficiency (PCE) of 27.2% in small-area devices (active area 8.313 square millimeters) and 24.0% (certified efficiency of 23.5%) in 100-square-centimeter (cm
                    2
                    ) modules (aperture area 65.05 cm
                    2
                    ). The small-area device retained 98.1% of its initial PCE after 2000 hours of maximum power point tracking at 85°C under 1-sun illumination, and the 100-cm
                    2
                    module retained 99.3% of its initial PCE after 1600 hours at 65°C under 1-sun illumination.",crossref,0
Catalytic Appel fluorination of alcohols with potassium fluoride,https://www.science.org/doi/abs/10.1126/science.aec6298?af=R,AAAS: Science: Table of Contents,2026-07-30 06:00:13 UTC,2026-07-30 06:00:13+00:00,10.1126/science.aec6298,Véronique Gouverneur,"Appel halogenation reactions are widely used to convert alcohols to alkyl halides but are not suitable to prepare alkyl fluorides because fluoride is sequestered as a difluorophosphorane. In this work, we introduce bench-stable neopentoxyphosphonium salts to solve this enduring challenge. With these reagents, various alcohols undergo fluorination with potassium fluoride under hydrogen bonding phase-transfer catalysis, a manifold offering a pathway to enantioselective fluorination of alcohols. Mechanistically, a neopentoxyfluorophosphorane is formed, which undergoes reversible exchange with the alcohol substrate in preference to difluorophosphorane formation. The catalyst assists with potassium fluoride solubilization and with phosphorus–fluorine bond dissociation, leading to the alkoxyphosphonium fluoride ion pair undergoing stereoinvertive fluorination. Turnover results from stronger binding of the catalyst to fluoride than phosphine oxide, the by-product of the reaction, which is recyclable as starting material for the synthesis of the phosphonium reagents.",crossref,0
Signatures of aging and disease in a single organelle,https://www.science.org/doi/abs/10.1126/science.aej5901?af=R,AAAS: Science: Table of Contents,2026-07-30 06:00:13 UTC,2026-07-30 06:00:13+00:00,10.1126/science.aej5901,Anne Brunet,Changes in lysosomal metabolites are associated with both aging organs and lysosomal storage diseases,crossref,0
The optimism of doubt,https://www.science.org/doi/abs/10.1126/science.aei1519?af=R,AAAS: Science: Table of Contents,2026-07-30 06:00:13 UTC,2026-07-30 06:00:13+00:00,10.1126/science.aei1519,Sorin M. S. Krammer,"Embracing uncertainty, not banishing it, is what makes science powerful",crossref,0
Crick: A Mind in Motion,https://www.science.org/doi/abs/10.1126/science.aek0526?af=R,AAAS: Science: Table of Contents,2026-07-30 06:00:13 UTC,2026-07-30 06:00:13+00:00,10.1126/science.aek0526,,,,0
The molecular architecture of mammalian vitreous body collagen fibrils,https://www.science.org/doi/abs/10.1126/science.aec2906?af=R,AAAS: Science: Table of Contents,2026-07-30 06:00:13 UTC,2026-07-30 06:00:13+00:00,10.1126/science.aec2906,Chuangye Yan,"Collagen, a fundamental constituent of the extracellular matrix, has long remained elusive to high-resolution structural characterization. Using a tailored system and optimized cryo–electron microscopy processing for long-period filaments, we determined the structure of native collagen fibrils from the porcine vitreous body, with local resolutions extending from 2.6 to 7 angstroms. Each 67-nanometer periodic unit contains type II, V/XI, and IX collagen triple helices together with opticin, at a stoichiometry of 8:4:4:4, which reveals their detailed higher-order molecular packing. Abundant galactose-glucose disaccharides modify hydroxylysine residues in conserved -glycine-X-hydroxylysine- motifs, mediating fibril packing and structural stability. Our structure uncovers the glycan-mediated assembly principle of collagen fibrils and clarifies the structure-function basis of collagens in the vitreous body.",crossref,0
The genomic identity of early smallpox in South America,https://www.science.org/doi/abs/10.1126/science.aee6957?af=R,AAAS: Science: Table of Contents,2026-07-30 06:00:13 UTC,2026-07-30 06:00:13+00:00,10.1126/science.aee6957,Shigeki Nakagome,"Smallpox was a major driver of population collapse in the Americas after European contact, yet the genetic identity of the causal strains remains unknown. Here, we report the first ancient smallpox genomes in the Americas, dating to approximately 1492–1631 common era (CE), recovered from two Inca-Colonial individuals in northern Chile. These genomes form a now-extinct lineage that diverged around 1296 CE, after the splitting of early medieval European strains but before the emergence of modern variola lineages, providing direct molecular evidence for smallpox introduction through European colonization. We further identify a constant tempo of gene inactivation until the late 16th century, followed by a phase of constraint and a subsequent rebound in substitution rates, linking variola virus evolution to major shifts in human demography and epidemiology.",crossref,0
Beyond the scales: Marine archaeogenomics for the conservation and restoration of fisheries,https://www.science.org/doi/abs/10.1126/science.aeg0333?af=R,AAAS: Science: Table of Contents,2026-07-30 06:00:13 UTC,2026-07-30 06:00:13+00:00,10.1126/science.aeg0333,Bastiaan Star,"Protection and restoration of marine environments are essential for food security and climate change mitigation. Yet historical and archaeological research have shown that conservation and management often rely on arbitrary ecological baselines in ecosystems already shaped by long-term human impacts. Archaeogenomics, the combination of ancient DNA (aDNA) and whole-genome sequencing, provides invaluable insights into these impacts. Recent improvements in laboratory and computational techniques enable the assessment of past fish population dynamics, migration patterns, historical trade routes, long-term anthropogenic pressures, and responses to environmental change. This Review compiles aDNA research on archaeological fish remains, emphasizing studies from 2020 to 2025 that used whole-genome analysis to investigate historical fisheries and marine ecosystem change. We highlight the growing potential of archaeogenomics to inform restoration, conservation, sustainable fisheries management, and climate adaptation strategies worldwide.",crossref,0
In Other Journals,https://www.science.org/doi/abs/10.1126/science.aek9789?af=R,AAAS: Science: Table of Contents,2026-07-30 06:00:13 UTC,2026-07-30 06:00:13+00:00,10.1126/science.aek9789,Yevgeniya Nusinovich,Editors’ selections from the current scientific literature,crossref,0
The perils of fluency,https://www.science.org/doi/abs/10.1126/science.aek9790?af=R,AAAS: Science: Table of Contents,2026-07-30 06:00:13 UTC,2026-07-30 06:00:13+00:00,10.1126/science.aek9790,Seungyeon Lee,,,0
Toward an exact quantum many-body treatment of Kondo correlation in magnetic impurities,https://www.science.org/doi/abs/10.1126/science.adq7402?af=R,AAAS: Science: Table of Contents,2026-07-30 06:00:13 UTC,2026-07-30 06:00:13+00:00,10.1126/science.adq7402,Garnet Kin-Lic Chan,"The Kondo effect is a prototypical quantum phenomenon arising from the interaction between localized electrons in a magnetic impurity and itinerant electrons in a metallic host. Although this phenomenon has served as the testing ground for quantum many-body methods for decades, the precise description of Kondo physics with material specificity remains challenging. Here, we present a systematic ab initio approach to converge toward an exact zero-temperature electronic treatment of Kondo correlations. Across a series of 3d transition metals, we extracted Kondo temperatures matching subtle experimental trends, with accuracy exceeding that of standard models. We further obtained microscopic insight into the origin of these trends. More broadly, we demonstrate the possibility to start from fully ab initio many-body simulations and push toward the realm of converged predictions.",crossref,0
When mammals crossed between continents,https://www.science.org/doi/abs/10.1126/science.aei5362?af=R,AAAS: Science: Table of Contents,2026-07-30 06:00:13 UTC,2026-07-30 06:00:13+00:00,10.1126/science.aei5362,Claire M. Williams,The Great American Biotic Interchange informs the dynamics of modern species invasions,crossref,0
U.S. unveils first Genesis Mission grants for AI in research,https://www.science.org/doi/abs/10.1126/science.ael0164?af=R,AAAS: Science: Table of Contents,2026-07-30 06:00:13 UTC,2026-07-30 06:00:13+00:00,10.1126/science.ael0164,Adrian Cho,The 278 winners now face a 9-month race to prove they deserve additional funding,crossref,0
Witness to ocean acidification,https://www.science.org/doi/abs/10.1126/science.aek2948?af=R,AAAS: Science: Table of Contents,2026-07-30 06:00:13 UTC,2026-07-30 06:00:13+00:00,10.1126/science.aek2948,R. Mark Leckie,Calcareous marine plankton can indicate past and present ocean acidification,crossref,0
In Science Journals,https://www.science.org/doi/abs/10.1126/science.aek9788?af=R,AAAS: Science: Table of Contents,2026-07-30 06:00:13 UTC,2026-07-30 06:00:13+00:00,10.1126/science.aek9788,Christiana N. Fogg,"Highlights from the
                    Science
                    family of journals",crossref,0
Rigor is not readiness: The PERL framework for evidence-based policy,https://www.science.org/doi/abs/10.1126/science.aef3529?af=R,AAAS: Science: Table of Contents,2026-07-30 06:00:13 UTC,2026-07-30 06:00:13+00:00,10.1126/science.aef3529,Christopher Cotton,Policy Evidence Readiness Levels help decision-makers assess evidence maturity and uncertainty,crossref,0
Rewiring the paralyzed body’s false alarm,https://www.science.org/doi/abs/10.1126/science.aej5900?af=R,AAAS: Science: Table of Contents,2026-07-30 06:00:13 UTC,2026-07-30 06:00:13+00:00,10.1126/science.aej5900,Jan Elaine Soriano,Autonomic dysreflexia can be reversed using epidural electrical neuromodulation,crossref,0
Why the X chromosome is rich in L1 mobile elements,https://www.science.org/doi/abs/10.1126/science.aej3543?af=R,AAAS: Science: Table of Contents,2026-07-30 06:00:13 UTC,2026-07-30 06:00:13+00:00,10.1126/science.aej3543,Gael Cristofari,Preferential insertion into the late-replicating inactive X explains L1 accumulation in this chromosome,crossref,0
"Churn, not crisis, for UK science",https://www.science.org/doi/abs/10.1126/science.aek8701?af=R,AAAS: Science: Table of Contents,2026-07-30 06:00:13 UTC,2026-07-30 06:00:13+00:00,10.1126/science.aek8701,James Wilsdon,"When Andy Burnham became the United Kingdom’s prime minister last week, among his first acts was to abolish the Department for Science, Innovation and Technology (DSIT), folding it into a new superministry for
                    Business, Innovation, Science and Trade
                    . The science minister,
                    Patrick Vallance
                    , stepped down the same day. Viewed from the United States, where the federal research system is under pressure, it may be tempting to see Britain’s reshuffle as kindred turmoil and proof that political instability is corroding science on both sides of the Atlantic. That reading would be wrong. Britain has rearranged the machinery of its science policy, not undermined its foundations. The change could sharpen the contribution of UK research to the economic renewal that Burnham has made his defining mission.",crossref,0
"Golden Age report is a missed opportunity, critics say",https://www.science.org/doi/abs/10.1126/science.ael0165?af=R,AAAS: Science: Table of Contents,2026-07-30 06:00:13 UTC,2026-07-30 06:00:13+00:00,10.1126/science.ael0165,Jeffrey Mervis,They worry attempt to shake up a “calcified system” could do more harm than good,crossref,0
Privacy-preserving tools banned in census,https://www.science.org/doi/abs/10.1126/science.ael0161?af=R,AAAS: Science: Table of Contents,2026-07-30 06:00:13 UTC,2026-07-30 06:00:13+00:00,10.1126/science.ael0161,Jeffrey Mervis,Critics say goal is to reduce immigration and add Republican seats in Congress,crossref,0
Ancient DNA shows how smallpox got to the Americas,https://www.science.org/doi/abs/10.1126/science.ael0167?af=R,AAAS: Science: Table of Contents,2026-07-30 06:00:13 UTC,2026-07-30 06:00:13+00:00,10.1126/science.ael0167,Lizzie Wade,“ Landmark” paper finds European contact introduced the disease,crossref,0
Surfacing brain stimulation,https://www.science.org/doi/abs/10.1126/science.aej5902?af=R,AAAS: Science: Table of Contents,2026-07-30 06:00:13 UTC,2026-07-30 06:00:13+00:00,10.1126/science.aej5902,Jianxun Ren,Brain functional circuits can guide precision surface brain stimulation,crossref,0
Editor’s Note for the Report “Host genetic diversity enables Ebola hemorrhagic fever pathogenesis and resistance”,https://www.science.org/doi/abs/10.1126/science.aek4288?af=R,AAAS: Science: Table of Contents,2026-07-30 06:00:13 UTC,2026-07-30 06:00:13+00:00,10.1126/science.aek4288,H. Holden Thorp,,,0
NIH is again terminating politically sensitive grants,https://www.science.org/doi/abs/10.1126/science.ael0163?af=R,AAAS: Science: Table of Contents,2026-07-30 06:00:13 UTC,2026-07-30 06:00:13+00:00,10.1126/science.ael0163,Sara Reardon,"With cancellation of health disparities project, agency may be testing new way to legally kill grants disliked by White House",crossref,0
Making antimicrobial knowledge contagious,https://www.science.org/doi/abs/10.1126/science.aeh0950?af=R,AAAS: Science: Table of Contents,2026-07-30 06:00:13 UTC,2026-07-30 06:00:13+00:00,10.1126/science.aeh0950,Kusha Gurung,,,0
How black holes get hitched,https://www.science.org/doi/abs/10.1126/science.ael0162?af=R,AAAS: Science: Table of Contents,2026-07-30 06:00:13 UTC,2026-07-30 06:00:13+00:00,10.1126/science.ael0162,Adrian Cho,Analyses of hundreds of collisions find black holes pair up in at least three ways,crossref,0
AI’s top startups are barely publishing their research,https://www.science.org/doi/abs/10.1126/science.ael0166?af=R,AAAS: Science: Table of Contents,2026-07-30 06:00:13 UTC,2026-07-30 06:00:13+00:00,10.1126/science.ael0166,Celina Zhao,More than half of AI “unicorns” have never published a paper or preprint,crossref,0
China’s cordgrass removal increases erosion,https://www.science.org/doi/abs/10.1126/science.aej6290?af=R,AAAS: Science: Table of Contents,2026-07-30 06:00:13 UTC,2026-07-30 06:00:13+00:00,10.1126/science.aej6290,Hao Li,,,0
A rocky rollout,https://www.science.org/doi/abs/10.1126/science.ael0160?af=R,AAAS: Science: Table of Contents,2026-07-30 06:00:13 UTC,2026-07-30 06:00:13+00:00,10.1126/science.ael0160,Jon Cohen,A powerful new prevention drug could help end the HIV epidemic—but supply is falling far short,crossref,0
SOC Mismatch–Driven Inter‐Particle Synchronization via Internal Li‐Ion Transfer: An Unrecognized Electrode‐Emergent Degradation Pathway in Ni‐Rich Composite Cathodes,https://advanced.onlinelibrary.wiley.com/doi/10.1002/aenm.71377?af=R,Wiley: Advanced Energy Materials: Table of Contents,2026-07-30 06:05:45 UTC,2026-07-30 06:05:45+00:00,10.1002/aenm.71377,Minkyu Kim,"ABSTRACT
                  Non‐uniform reaction dynamics are ubiquitous in composite electrodes of lithium‐ion batteries (LIBs), yet they are commonly regarded as transient kinetic effects that relax and average out over time, rather than as drivers of long‐term degradation. Here, using a deliberately designed bimodal Ni‐rich NCM811 model system comprising two particle populations with identical chemistry but distinct reaction kinetics—polycrystalline and single‐crystal NCM811—we systematically tune inter‐particle kinetic mismatch at the electrode‐ensemble level. We show that the resulting non‐uniform dynamics generate inter‐particle state‐of‐charge (SOC) mismatch, creating electrochemical potential gradients that drive spontaneous internal Li‐ion transfer—a controlled mechanistic example of electrode‐emergent degradation in a composite cathode. Although this redistribution synchronizes particle SOC across the ensemble, it proceeds through transient internal currents associated with more severe surface degradation, including organic‐rich cathode–electrolyte interphase (CEI) formation and rock‐salt‐type surface reconstruction. These findings show that collective electrode‐level dynamics can provide an additional degradation contribution beyond material‐intrinsic processes, suggesting that performance decay in kinetically mismatched composite cathodes may be better understood as an emergent consequence of interacting particle populations rather than a simple summation of material‐intrinsic failure modes. Our work highlights the importance of explicitly accounting for reaction heterogeneity and inter‐particle kinetic mismatch in composite electrode design and optimization.",crossref,0
X-chromosome inactivation draws L1 mutagenesis to the human X chromosome,https://www.science.org/doi/abs/10.1126/science.adz8081?af=R,AAAS: Science: Table of Contents,2026-07-30 07:00:00 UTC,2026-07-30 07:00:00+00:00,10.1126/science.adz8081,Geoffrey J. Faulkner,"X-chromosome inactivation (XCI) enables gene dosage compensation in XX eutherians. Long interspersed element-1 (LINE-1 or L1) retrotransposons are unusually abundant on the human X chromosome and are hypothesized to facilitate XCI. Here, we used long-read DNA sequencing to conduct a haplotype-aware analysis of engineered L1 integration preferences in the PA-1 human embryonic carcinoma cell line. Crucially, clonal XCI in PA-1 cells enabled derivation of active (Xa) and inactive (Xi) X-chromosome haplotypes. L1 integration strongly favored the Xi and other genomic regions that undergo DNA replication late in S-phase. These results suggest that the X chromosome is L1 rich because of XCI and imply that L1 integration preference for the Xi in XX individuals could potentially double the frequency of X-linked pathogenic L1 mutations in their XY descendants.",crossref,0
Folic acid prevention of neural tube defects requires retinoic acid produced by ALDH1L1,https://www.pnas.org/doi/abs/10.1073/pnas.2616501123?mi=eymic2&af=R&access=on&content=articlesChapters&publication=pnas&sortBy=Earliest&target=default,Proceedings of the National Academy of Sciences: Keyword search for query,2026-07-30 07:00:00 UTC,2026-07-30 07:00:00+00:00,10.1073/pnas.2616501123,Abraham Fainsod,"Folic acid (FA) supplementation during pregnancy is the commonly accepted treatment to prevent neural tube defects. The mechanism by which FA prevents neural tube defects (NTDs) remains unclear. FA also prevents other developmental malformations, including alcohol-induced malformations in Fetal Alcohol Syndrome models. We show that FA acts through a metabolic link to retinoic acid (RA) signaling. Using a
                    pax3
                    -knockdown
                    Xenopus
                    model of FA-rescuable NTDs, we show that RA or its precursors equally rescue these defects. Similarly, FA rescues alcohol-induced NTDs in a model previously shown to be rescued by retinoids. We identify the FA-metabolizing enzyme, formyl tetrahydrofolate dehydrogenase (ALDH1L1, FTHFD), encoded by the
                    aldh1l1
                    gene, as essential for this rescue. Mechanistically, FA upregulates
                    aldh1l1
                    expression, thereby increasing RA biosynthesis. Knockdown of ALDH1L1 activity using CRISPR/Cas9 abolishes the FA protective effect. To support these observations, we show that the human ALDH1L1 enzyme converts retinaldehyde to RA, and its overexpression restores neural tube closure in
                    aldh1l1
                    -knockdown embryos when retinaldehyde is provided. At the cellular level, reduced RA signaling results in overproliferation of neural plate precursors and a pathological expansion of the neural tube. ALDH1L1 enables FA to restore normal neural plate proliferation, thereby preventing NTDs. These findings establish ALDH1L1 as an unexpected enzymatic link between FA (vitamin B9) and RA signaling, revealing how FA supplementation safeguards neural development and suggesting opportunities to refine strategies for NTD prevention.",crossref,0
Dual-inhibitory mechanism of the bacterial retron Ec78 antiphage defense system,https://www.pnas.org/doi/abs/10.1073/pnas.2610082123?mi=eymic2&af=R&access=on&content=articlesChapters&publication=pnas&sortBy=Earliest&target=default,Proceedings of the National Academy of Sciences: Keyword search for query,2026-07-30 07:00:00 UTC,2026-07-30 07:00:00+00:00,10.1073/pnas.2610082123,Zhiwei Huang,"Retrons are prokaryotic defense modules that protect bacteria from phage infection through abortive infection. The retron Ec78 system employs a two-component effector complex PtuAB to execute this defense. Despite recent advances in structural research, the molecular mechanism by which PtuAB effector is regulated remains unknown. Here, we reveal that PtuAB is subject to a dual-inhibitory mechanism mediated by ATP/ADP and the RT–msDNA antitoxin. ATP/ADP binds nucleotide-binding domain (NBD) of PtuAB and induces the assembly of an inactive tetrameric complex, whereas the RT–msDNA stabilizes an inhibited conformation of Ec78 complex and stimulates ATP turnover to prime PtuAB for rapid activation. Structural analyses show that RT–msDNA dissociation and nucleotide release from PtuA induce conformational rearrangements in the NBD of PtuA and a downward displacement of a key β–loop–β motif, driving disassembly of the PtuAB tetramer through an allosteric mechanism and thereby activating its tRNA
                    Tyr
                    cleavage activity. Our findings uncover how nucleotides—specifically ATP and ADP—regulate the activity of this abortive infection system, and establish a dual-inhibition model of retron Ec78 system, expanding the understanding of the regulation mechanism of PtuAB activation in prokaryotic immune systems.",crossref,0
Guanylate kinase 1 is an enzyme responsible for inosine accumulation in RNA of mammalian cells deficient in inosine triphosphatase,https://www.pnas.org/doi/abs/10.1073/pnas.2606968123?mi=eymic2&af=R&access=on&content=articlesChapters&publication=pnas&sortBy=Earliest&target=default,Proceedings of the National Academy of Sciences: Keyword search for query,2026-07-30 07:00:00 UTC,2026-07-30 07:00:00+00:00,10.1073/pnas.2606968123,Yusaku Nakabeppu,"Inosine triphosphate (ITP) is a noncanonical nucleotide. Human cells possess inosine triphosphate pyrophosphatase (ITPA), and ITPA deficiency causes ITP accumulation within cells, leading to the onset of “Developmental and Epileptic Encephalopathy 35.” Two potential pathways for ITP biosynthesis have been proposed: i) oxidative deamination of the adenine base in adenosine triphosphate or ii) a two-step phosphorylation reaction of inosine monophosphate (IMP), an intermediate in the de novo synthesis of purine nucleotides. However, the mechanisms responsible for ITP biosynthesis in mammals remain unclear. In this study, using an
                    Itpa
                    knockout (KO) mouse cell line, we identified guanylate kinase 1 (
                    Guk1
                    ) as a responsible gene for inosine accumulation in RNA. In
                    Itpa
                    -KO/
                    Guk1
                    knockdown (KD) cell lines,
                    Guk1
                    mRNA expression levels were positively correlated with the amount of inosine in RNA, most of which is incorporated during RNA synthesis in ITPA-deficient cells. The transient expression of human
                    GUK1
                    in
                    Itpa
                    -KO/
                    Guk1
                    -KD mouse cells significantly increased inosine levels in RNA. Recombinant human GUK1 phosphorylates IMP into inosine diphosphate. Furthermore, in brain-specific
                    Itpa
                    -KO mice,
                    Guk1
                    haploinsufficiency resulted in a significant reduction in inosine in cortical RNA and an extended lifespan. Thus, our results suggest that GUK1 is probably an enzyme responsible for ITP biosynthesis although the
                    K
                    m of GUK1 for IMP is very high in vitro.",crossref,0
A demographic theory of similarity-biased social learning,https://www.pnas.org/doi/abs/10.1073/pnas.2606741123?mi=eymic2&af=R&access=on&content=articlesChapters&publication=pnas&sortBy=Earliest&target=default,Proceedings of the National Academy of Sciences: Keyword search for query,2026-07-30 07:00:00 UTC,2026-07-30 07:00:00+00:00,10.1073/pnas.2606741123,Paul E. Smaldino,"We develop a demographic theory of similarity-biased social learning that formalizes our understanding of when and why individuals should preferentially copy others that look or act like them. We build an evolutionary model in which individuals can either learn on their own or copy others from a demonstrator pool that contains varying proportions of in-group and out-group members, and where group tags can be more or less informative about local knowledge. We find that where social learning becomes common, selection favors copying biases that track the direction of informational advantage—toward the group that tends to be better adapted to local conditions, including an antisimilarity bias when tags are negatively associated with local correctness (as may be the case for some immigrant communities). We also find conditions in which a similarity bias can stabilize social learning when such learners are already common, but not when they are rare, with implications for the role of group identities in cultural evolution. We discuss implications for understanding parochialism as risk aversion, majority–minority dynamics, the sociology of immigration, and the lasting impacts of colonialism.",crossref,0
Insufficiency of cohesin regulatory protein PDS5B triggers meiotic failure and aneuploidy in oocytes during advanced maternal aging,https://www.pnas.org/doi/abs/10.1073/pnas.2605947123?mi=eymic2&af=R&access=on&content=articlesChapters&publication=pnas&sortBy=Earliest&target=default,Proceedings of the National Academy of Sciences: Keyword search for query,2026-07-30 07:00:00 UTC,2026-07-30 07:00:00+00:00,10.1073/pnas.2605947123,Bo Xiong,"Oocytes rely on a cohort of proteins whose sustained expression ensures normal meiotic progression and reproductive competence throughout an animal’s reproductive life. Age-related declines in these proteins are a major cause of reduced oocyte quality and female fertility during reproductive aging. Here, we report that the cohesin regulatory protein PDS5B, a dynamically maintained factor in oocytes, declines with age and plays a noncanonical role in the spindle pole formation independent of its cohesion function during oocyte meiotic maturation. Specifically, we found that PDS5B was expressed throughout the oocyte meiosis and localized at the spindle poles at metaphase stages, while its protein abundance was reduced in aged oocytes, concomitant with decreased messenger ribonucleic acid (mRNA) levels and translational efficiency. Knockdown or heterozygous knockout of PDS5B caused spindle assembly defects, meiotic arrest, and aneuploidy in oocytes, ultimately leading to female subfertility. Mechanistically, immunoprecipitation/mass spectrometry analyses revealed that PDS5B recruited deubiquitinating enzyme USP9X to spindle poles to stabilize nuclear mitotic apparatus and promote proper spindle assembly. Moreover, expression of exogenous PDS5B in aged oocytes partially alleviated meiotic defects associated with advanced maternal age. Altogether, our findings uncover a unique spindle pole-specific function of PDS5B in oocytes and suggest that maintaining PDS5B levels may be a potential strategy to improve the quality of aged oocytes.",crossref,0
X-linked SYTL4 missense variant disrupts RAB27A-dependent vesicle trafficking and synaptic transmission in autism,https://www.pnas.org/doi/abs/10.1073/pnas.2605483123?mi=eymic2&af=R&access=on&content=articlesChapters&publication=pnas&sortBy=Earliest&target=default,Proceedings of the National Academy of Sciences: Keyword search for query,2026-07-30 07:00:00 UTC,2026-07-30 07:00:00+00:00,10.1073/pnas.2605483123,Hui Guo,"Autism spectrum disorder (ASD) is a neurodevelopmental condition characterized by impaired social communication and repetitive behaviors, with genetic studies implicating widespread synaptic dysfunction. However, the contribution of presynaptic vesicle trafficking mechanisms to ASD pathogenesis remains incompletely understood. Here, we identify synaptotagmin-like protein 4 (SYTL4), a RAB27A effector previously characterized in secretory cells, as a regulator of presynaptic function in the mammalian brain. We report a recurrent hemizygous missense variant, R126H, located within the Rab-binding domain of
                    SYTL4
                    in four unrelated male individuals, consistent with an X-linked recessive mode of ASD, and additionally identify a de novo missense variant in
                    RAB27A
                    (T41A) in an independent ASD family that affects a domain mediating interactions with downstream effectors. Using a R126H knock-in mouse model, we show that R126H knock-in male mice exhibit ASD-relevant behavioral abnormalities accompanied by synaptic deficits in the medial prefrontal cortex. At the molecular level, ASD-associated
                    SYTL4
                    and
                    RAB27A
                    variants interfere with the interaction between SYTL4 and RAB27A, providing a mechanistic link between human genetic variation and synaptic dysfunction. Together, these findings implicate disrupted SYTL4–RAB27A-dependent vesicle trafficking in ASD pathogenesis and identify
                    SYTL4
                    and
                    RAB27A
                    as previously unrecognized contributors to autism-associated synaptic deficits and behavior.",crossref,0
Supergene control of chiral development in mirror-image flowers,https://www.science.org/doi/abs/10.1126/science.aeb1157?af=R,AAAS: Science: Table of Contents,2026-07-30 07:00:00 UTC,2026-07-30 07:00:00+00:00,10.1126/science.aeb1157,Michael Lenhard,"How genes determine the development of chiral structures is a fascinating question. The reciprocal placement of female and male organs on opposite sides of mirror-image flowers promotes efficient cross-pollination. Here, we identified that in butterfly lilies, female and male organs deflect by a combination of genetically controlled chirality and gravitropism, orienting left and right with respect to an external rather than internal reference axis. We found coordinated organ placement to be controlled by a hemizygous supergene containing two candidate causal loci,
                    MIR156-R
                    and
                    YUCCA-R
                    , that are responsible for opposite female and male organ orientation, respectively. The resulting differential placement of pollen carrying the two supergene alleles on pollinators’ bodies leads to their transfer to the stigmas of flowers with opposite handedness and maintenance of the reproductive polymorphism.",crossref,0
Susceptibility and regulation of biomolecular condensates by solutes,https://www.pnas.org/doi/abs/10.1073/pnas.2604434123?mi=eymic2&af=R&access=on&content=articlesChapters&publication=pnas&sortBy=Earliest&target=default,Proceedings of the National Academy of Sciences: Keyword search for query,2026-07-30 07:00:00 UTC,2026-07-30 07:00:00+00:00,10.1073/pnas.2604434123,Eric R. Dufresne,"Metabolites are abundant in cells, where condensation of proteins and nucleic acids can organize cellular contents without membranes. Condensates form and dissolve dynamically in response to diverse cellular processes. Understanding condensate phase behavior using full phase diagrams is hampered by the sheer number of distinct molecular species involved. To circumvent this limitation, we introduce susceptibility, a dimensionless descriptor that quantifies dilute-phase responses to solute perturbations and enables direct comparison across condensates. We measure how three model condensates, assembled by distinct cohesive mechanisms, respond to amino acids, nucleotides, and a crowder. We find that these small molecules generically modulate condensate phase equilibria, with susceptibilities spanning over five orders of magnitude. These magnitudes reflect underlying molecular interactions, consistent with theoretical descriptions of condensation including Flory–Huggins and polyphasic linkage theories. We extend susceptibility to multicomponent perturbations by expressing the response as a weighted sum of individual solute perturbations. Applying these principles, we exploit enzymatic activity to induce condensation and modulate material properties. Our work establishes metabolites as generic modulators of biomolecular condensates with relevance to cellular physiology and provides a framework for programming condensates with desired phase and material properties.",crossref,0
Dynamic principles of concentration buffering through liquid–liquid phase separation,https://www.pnas.org/doi/abs/10.1073/pnas.2526810123?mi=eymic2&af=R&access=on&content=articlesChapters&publication=pnas&sortBy=Earliest&target=default,Proceedings of the National Academy of Sciences: Keyword search for query,2026-07-30 07:00:00 UTC,2026-07-30 07:00:00+00:00,10.1073/pnas.2526810123,Thomas C. T. Michaels,"Living systems must maintain robust biochemical function despite fluctuations that span a wide range of timescales. Biomolecular condensates formed by liquid–liquid phase separation (LLPS) have been shown to buffer concentration fluctuations, but the principles governing their dynamic regulation remain unclear. We address this by probing the response of LLPS to oscillatory perturbations that mimic fluctuations across different timescales, establishing the first systematic frequency-domain analysis of concentration buffering by condensates. We find that condensates act as frequency-selective filters: The perturbed dilute phase behaves as a high-pass filter, while the dense phase attenuates both low- and high-frequency perturbations. We establish quantitative links between LLPS parameters, including interaction strength, droplet size, and interphase exchange rates, and the timescale range over which condensates effectively buffer concentration fluctuations. These findings establish fundamental dynamical limits of concentration buffering by LLPS, with implications for how cells may use LLPS to adapt to fluctuating environments and for the design of synthetic condensates with programmable control properties.",crossref,0
DNA polymerization activates RNA cleavage of a reverse transcriptase–like antiviral enzyme,https://www.science.org/doi/abs/10.1126/science.aef3178?af=R,AAAS: Science: Table of Contents,2026-07-30 07:00:00 UTC,2026-07-30 07:00:00+00:00,10.1126/science.aef3178,Bin Zhu,"Defense-associated reverse transcriptases (DRTs) transcribe noncoding RNAs (ncRNAs) for antiviral defense, but the mechanisms of ncRNA-independent DRTs remain unclear. In this work, we show that a single DRT4 mediates RNA-targeting antiphage defense by integrating DNA polymerase, exonuclease, and RNA endonuclease activities. First, through an equilibrium between its DNA polymerase and exonuclease activities, DRT4 senses phage infection, as elevated deoxynucleotide triphosphate levels shift the equilibrium toward polymerase activity, thereby promoting protein-primed single-stranded DNA (ssDNA) synthesis. Second, ssDNA of sufficient length, phage DNA binding proteins, and deoxyguanosine triphosphate collectively activate an unusual RNA endonuclease activity of DRT4, excising guanosine 3′-monophosphate from both phage and host RNA to terminate infection. These findings reveal a distinctive immune strategy combining nucleic acid synthesis and degradation, expanding the functional landscape of DRTs for new DNA- and RNA-processing technologies.",crossref,0
Enabling sustainable supply of the essential cancer medicines etoposide and teniposide in yeast,https://www.science.org/doi/abs/10.1126/science.aef5438?af=R,AAAS: Science: Table of Contents,2026-07-30 07:00:00 UTC,2026-07-30 07:00:00+00:00,10.1126/science.aef5438,Yating Hu,"Lignans constitute a diverse family of plant metabolites with therapeutic potential. Among them, podophyllotoxin-type aryltetralin lignans serve as precursors for etoposide and teniposide. Etoposide is an essential anticancer medicine approved for first-line treatment of small cell lung cancer, whereas teniposide is used for treatment of leukemia and some brain tumors. Currently, these drugs depend on extraction of precursors from the endangered plant
                    Sinopodophyllum hexandrum
                    , followed by chemical transformations. By identifying key glycosyltransferases and executing more than 60 genetic edits involving 45 heterologous enzymes, the complex biosynthetic pathway of podophyllotoxin-type lignans was reconstructed in yeast. In this study, we established a chemoenzymatic route that streamlines the synthesis of etoposide and teniposide through a single chemical step from biosynthetic precursor 4′-demethyl-epipodophyllotoxin-4
                    -O-
                    glucoside, which enables a secure supply chain of these essential medicines.",crossref,0
When the future loses its voice,https://www.science.org/doi/abs/10.1126/science.aej7915?af=R,AAAS: Science: Table of Contents,2026-07-30 07:00:00 UTC,2026-07-30 07:00:00+00:00,10.1126/science.aej7915,Anne Goujon,,,0
An adaptor for feedback regulation of heme biosynthesis by a mitochondrial protease,https://www.science.org/doi/abs/10.1126/science.ads5397?af=R,AAAS: Science: Table of Contents,2026-07-30 07:00:00 UTC,2026-07-30 07:00:00+00:00,10.1126/science.ads5397,Julia R. Kardon,"Heme biosynthesis is tightly coordinated to support essential functions without accumulating toxic porphyrins and depleting cellular iron. Heme induces degradation of the heme biosynthetic enzyme, 5-aminolevulinate synthase (ALAS), by the mitochondrial caseinolytic protease complex CLPX-CLPP (CLPXP), but the mechanism for heme-triggered degradation had not been elucidated. We found that polymerase delta-interacting protein 2 (POLDIP2) is a heme-sensing adaptor protein sufficient to reconstitute negative feedback degradation of ALAS by CLPXP. POLDIP2 was necessary to support ALAS turnover in cells and regulate heme production during erythropoiesis. POLDIP2 directly recognized and recruited heme-bound ALAS to CLPXP. Degradation initiation required a carboxyl-terminal element of ALAS, truncations of which cause an erythropoietic protoporphyria. Our findings establish a mechanism for conditional degradation by CLPXP that underlies erythropoietic protoporphyrias linked to CLPX and ALAS.",crossref,0
Atlas of lysosomal aging reveals a metabolite signature shared with lysosomal storage disorders,https://www.science.org/doi/abs/10.1126/science.ady0832?af=R,AAAS: Science: Table of Contents,2026-07-30 07:00:00 UTC,2026-07-30 07:00:00+00:00,10.1126/science.ady0832,Jonathan S. Weissman,"Lysosomal dysfunction is a well-recognized feature of aging. Here, we used a suite of tools for rapid lysosomal isolation to construct a multitissue atlas of the metabolite changes lysosomes undergo during aging. Aged lysosomes in brain, heart, muscle, and white adipose tissue accumulated glycerophosphodiesters and cystine, metabolites that are causally linked to juvenile lysosomal storage disorders, Batten disease, and cystinosis. Levels of these metabolites increased linearly with age, preceding organismal decline. Caloric restriction, a lifespan-extending intervention, mitigated these changes in the heart and muscle but not the brain. Our findings link lysosomal storage disorders to aging-related dysfunction and open avenues for the mechanistic investigation of how lysosomal functions deteriorate during aging and in age-associated diseases.",crossref,0
Ubiquitination plays a key role in an insecticide resistance fitness cost,https://www.pnas.org/doi/abs/10.1073/pnas.2536664123?mi=eymic2&af=R&access=on&content=articlesChapters&publication=pnas&sortBy=Earliest&target=default,Proceedings of the National Academy of Sciences: Keyword search for query,2026-07-30 07:00:00 UTC,2026-07-30 07:00:00+00:00,10.1073/pnas.2536664123,Xin Yang,"Ubiquitination is an essential posttranslational modification in eukaryotes, which plays a fundamental role in numerous important biological functions. However, the role of ubiquitination in the evolution of adaptive traits in insects remains poorly understood. Here, we reveal the role of ubiquitination in insecticide resistance and its associated fitness cost in the whitefly pest,
                    Bemisia tabaci
                    . We identify the RING-type E3 ubiquitin ligase TRIM37 in
                    B. tabaci
                    and show its promotion of ubiquitination in vivo and in vitro. We further demonstrate that this ligase binds to other ubiquitin enzymes as part of the E1-1/E2-3/TRIM37 ubiquitination cascade, negatively regulating the transcription factor CREB by marking it for degradation. CREB, in turn, positively regulates the insecticide resistance gene
                    CYP6CM1
                    while negatively regulating the key oogenesis gene
                    Vasa
                    . Downregulation of TRIM37 in neonicotinoid-resistant
                    B. tabaci
                    strains enhances insecticide detoxification via
                    CYP6CM1
                    upregulation, but concurrently incurs a reproductive fitness cost due to downstream
                    Vasa
                    suppression. Our findings advance understanding of the insect ubiquitination system and its role in adaptive processes, while offering insights for sustainable pest control strategies.",crossref,0
Erratum for the Research Article “Elastic ice microfibers”,https://www.science.org/doi/abs/10.1126/science.aek6646?af=R,AAAS: Science: Table of Contents,2026-07-30 07:00:00 UTC,2026-07-30 07:00:00+00:00,10.1126/science.aek6646,H. Holden ThorpH. Holden Thorp,,,0
