title,link,source,published_str,pub_date,doi,last_author,abstract,abstract_source,must_have_abstract
In search of LncDACH1 – a perceived intronic long non-coding RNA lacking fundamental genomic annotation evidence,https://www.nature.com/articles/s41467-026-76991-6,Nature Communications,2026-08-21 00:00:00 UTC,2026-08-21 00:00:00+00:00,10.1038/s41467-026-76991-6,Andrew H. Baker,"The paper “LncRNA- LncDACH1 mediated phenotypic switching of smooth muscle cells during neointimal hyperplasia in male arteriovenous fistulas” by Li et al., published in 2024 in this journal, proposes that a relatively short unspliced long non-coding RNA (lncRNA) positioned within the intron of the protein-coding gene DACH1 plays a causal role in the vascular remodelling that often occurs after arteriovenous fistula formation 1 . This is a surgical procedure for patients undergoing haemodialysis but is very often hampered by vascular malformations (stenosis and thrombosis) that result in critical failure of the fistula 2 . We have reviewed this and four prior studies 3 , 4 , 5 , 6 concerning the proposed gene lncDACH1 . We believe that fundamental questions on the annotation state of the proposed lncRNA gene have not been addressed. We find no evidence presented in the recent study or prior work that suggests the sequence targeted in experiments is a lncRNA—or indeed anything other than a part sequence of DACH1 pre-mRNA.",openalex,1
Two distinct types of the Indian ocean dipole,https://academic.oup.com/nsr/advance-article/doi/10.1093/nsr/nwag519/8767817?rss=1,National Science Review Advance Access,2026-08-21 00:00:00 UTC,2026-08-21 00:00:00+00:00,10.1093/nsr/nwag519,Chunzai Wang,"The Indian Ocean Dipole (IOD), traditionally defined by the sea surface temperature (SST) anomaly gradient between the tropical western and eastern Indian Ocean, is revealed here to comprise two distinct types. Using multiple systematic approaches, including standard deviation analysis and SST mode combinations, we identify a western–eastern type and a central–eastern type, distinguished by their SST anomaly patterns, seasonal evolution, and feedback mechanisms. The western–eastern type reaches its peak later in boreal autumn due to a strong but delayed wind–thermocline–SST feedback, whereas the central–eastern type peaks earlier, governed by a weaker and earlier feedback. Crucially, the positive western–eastern type—more strongly linked to enhanced East African rainfall than the traditional IOD—has intensified in recent decades, heightening the risk of rainfall-related disasters across East Africa. These findings refine the conceptual framework of the IOD and underscore the growing climate hazard posed by its changing characteristics.",rss_oup,0
High-throughput and accurate cross-scale 3D sensing with a meta-depth sensor,https://academic.oup.com/nsr/advance-article/doi/10.1093/nsr/nwag524/8767957?rss=1,National Science Review Advance Access,2026-08-21 00:00:00 UTC,2026-08-21 00:00:00+00:00,10.1093/nsr/nwag524,Qionghai Dai,"Depth sensing has been widely applied in industrial inspection, transportation, and consumer electronics. However, existing methods still face an inherent trade-off between depth precision and data throughput. Here, we present a meta-imaging-empowered depth sensor (MDS), a fully passive and monocular modality, that transcends this limitation through aberration robust disparity-depth calibration and vision foundation model empowered fine-gained 3D ranging based on a scanning light-field imaging system. Our system synergizes high-throughput disparity estimation and massive data prior of foundation model, enabling high-precision fine-grained metric depth estimation across depth ranges from 0.1 meter to 500 meters. Experimental validation demonstrates 2.5-mm absolute depth precision at 1.5-m distance (0.18% relative error) and 3-megapixel resolution, outperforming conventional light-field depth sensors by 7 times in accuracy and 5 times in spatial resolution without sacrificing imaging speed with a virtual scanning technique. We also achieve turbulence-robust remote depth sensing at the 500-m distance with a significantly denser spatial sampling rate compared with commercial LiDAR systems, and a depth estimation precision of 0.7 m at 235 m distance. By unifying the throughput advantages of passive imaging with high-precision depth estimation ability of physics-aware neural regression, the proposed MDS establishes a scalable paradigm for high-fidelity passive 3D sensing across scales, with applications ranging from industrial inspection to autonomous driving.",rss_oup,0
Sleuth identifies dozens of studies that used the wrong antibody,https://www.nature.com/articles/d41586-026-02352-4,Nature,2026-08-21 00:00:00 UTC,2026-08-21 00:00:00+00:00,10.1038/d41586-026-02352-4,Holly Else,,,0
Why we must stop talking about artificial general intelligence — and instead build ‘pro-worker’ AI,https://www.nature.com/articles/d41586-026-02566-6,Nature,2026-08-21 00:00:00 UTC,2026-08-21 00:00:00+00:00,10.1038/d41586-026-02566-6,Daron Acemoglu,,,0
Earth-shaking thunder probes underground geology,https://www.nature.com/articles/d41586-026-02596-0,Nature,2026-08-21 00:00:00 UTC,2026-08-21 00:00:00+00:00,10.1038/d41586-026-02596-0,,,,0
"1,3-Diene principle: an alternative pathway for allene deracemization transformation and migratory functionalization",https://academic.oup.com/nsr/advance-article/doi/10.1093/nsr/nwag509/8767816?rss=1,National Science Review Advance Access,2026-08-21 00:00:00 UTC,2026-08-21 00:00:00+00:00,10.1093/nsr/nwag509,Zhi-Tao He,"Asymmetric hydrofunctionalization of allenes has emerged as a valuable strategy for synthesizing privileged allyl skeletons. However, existing studies are largely restricted to special terminal allene substrates to avoid formidable deracemization issues. Herein, we present 1,3-diene principle as a new and broadly applicable mechanistic pathway to address this long-standing challenge and beyond. The 1,3-diene principle is demonstrated by the applications to over ten types of unexplored enantioselective transformations of racemic allenes. Stereodivergent synthesis, convergent preparation, and concise access to natural products further highlight the practical value and generality of this paradigm. Remarkably, the 1,3-diene manifold also enables the first allene migratory hydrofunctionalization, breaking the metal walking chemistry limited to alkene substrates. Both experimental results and theoretical calculations support the deracemization route involving 1,3-diene species, opening a new model for allene transformations.",rss_oup,0
Constructing chiral rotaxanes with both mechanical and macrocyclic planar chirality by enantioselective C–H activation,https://www.cell.com/chem/fulltext/S2451-9294(26)00277-9?rss=yes,Chem,2026-08-21 00:00:00 UTC,2026-08-21 00:00:00+00:00,10.1016/j.chempr.2026.103211,Bing-Feng Shi,"Chirality in mechanically interlocked molecules arises from threading topology, yet their enantioselective construction remains challenging. We report a cobalt-catalyzed C–H annulation that affords rotaxanes with both macrocyclic and mechanical planar chirality in excellent enantiopurity. Absolute configuration is unambiguously assigned via the second-generation crystalline sponge method, using crystallographic characterization of three-layered rotaxane-in-cage complexes.",rss_cell,0
Briefing Chat: New narcolepsy drug could unlock host of novel brain therapies,https://www.nature.com/articles/d41586-026-02626-x,Nature,2026-08-21 00:00:00 UTC,2026-08-21 00:00:00+00:00,10.1038/d41586-026-02626-x,Maren Hunsberger,,,0
18 Month patency of acellular bioengineered regenerative conduit as coronary artery bypass,https://www.nature.com/articles/s41467-026-77065-3,Nature Communications,2026-08-21 00:00:00 UTC,2026-08-21 00:00:00+00:00,10.1038/s41467-026-77065-3,Zeeshan H. Syedain,"Coronary artery bypass grafting remains the standard of care for complex coronary artery disease; however, outcomes are limited by failure or lack of suitable native vessels. Tissue-engineered vascular grafts have shown promise in peripheral applications, yet durable performance in coronary circulation remains unmet. In this study, tissue-engineered vessels are implanted with and without external support as coronary artery bypass grafts in an ovine model and anticoagulants are administered for 180 days. Unsupported vessels fail early due to kink-related thrombus, whereas external supported vessels achieve 100% patency at 180 days. Further, two animals are followed through 550 days without anticoagulant to maintain patency. The tissue engineered vessel explants demonstrate host-mediated remodeling including endothelium, no thrombus, minimal inflammatory response, and burst pressures exceeding native coronary bypass grafts. This study demonstrates preliminary, long-term patency after withdrawal of anticoagulation, with evidence of regenerative transformation into a living, functional vessel.",nature_html,0
Observation of erratic non-Hermitian skin localization and transport,https://www.nature.com/articles/s41467-026-76908-3,Nature Communications,2026-08-21 00:00:00 UTC,2026-08-21 00:00:00+00:00,10.1038/s41467-026-76908-3,Yun Jing,"Localization is a pervasive phenomenon across physics, shaping transport from electrons in solids to light and sound in engineered media. In traditional settings, disorder strongly impedes transport, resulting in dynamical localization or, at best, sub-ballistic or diffusive dynamics. A distinct regime, erratic non-Hermitian skin localization (ENHSL), can arise in globally reciprocal non-Hermitian lattices with disorder. It features macroscopic, disorder-dependent localization at irregular bulk positions with subexponential decay, linked to stochastic interfaces governed by the universal order statistics of random walks. We realize this regime experimentally in an acoustic lattice implementing a disordered Hatano-Nelson chain with imaginary gauge fields. Using Green’s-function-based spectroscopy together with time-resolved measurements on the same platform, we reconstruct the full complex spectrum and eigenstates, and directly observe wave-packet dynamics. We observe ballistic transport despite strong spectral localization. We develop a transport theory that connects the dominant propagation site to the maximal random-walk excursion within an expanding light cone and predicts a universal Lévy-arcsine statistics, in quantitative agreement with experiment. Our results decouple eigenstate localization from transport and establish ENHSL as a new paradigm for wave dynamics.",nature_html,0
The role of the N2/H2 reactant gas mixture on nitrogen activation in the Haber–Bosch process,https://www.nature.com/articles/s41467-026-76887-5,Nature Communications,2026-08-21 00:00:00 UTC,2026-08-21 00:00:00+00:00,10.1038/s41467-026-76887-5,Michele Parrinello,"Much effort has been devoted to the study of the Haber–Bosch catalytic process. However, one aspect that has not yet been investigated is the role of the presence in front of the catalytic surface of a dense hot gaseous mixture of N2 and H2. Here, we develop a grand-canonical simulation method that, together with machine-learning-generated reactive potentials, enables the simulations of such gas/substrate interface. At the operando conditions of pressures above 150 bar and temperatures higher than 700 K, H2 molecules dissociate upon impinging on the (110) iron surface. The resulting adsorbed atoms diffuse, recombine, and exchange with the gas phase, establishing a dynamical equilibrium that leads to substantial coverage, which nevertheless remains below saturation. We investigate the dissociative adsorption of N2 on Fe(110), from a stoichiometric N2:H2 gas mixture. Our simulations reveal a catalytically active surface despite the high coverage, suggesting that under realistic industrial conditions the hydrogen-rich surface modulates the elementary steps of the process.",nature_html,0
Contributions of traffic to daily PM2.5 exposure and links to cancer mortality,https://www.nature.com/articles/s41893-026-01925-5,Nature Sustainability,2026-08-21 00:00:00 UTC,2026-08-21 00:00:00+00:00,10.1038/s41893-026-01925-5,Shanshan Li,"People with cancer may be susceptible to acute environmental stressors, including ambient fine particulate matter (PM2.5), but the contribution of traffic-related particles to short-term cancer mortality remains uncertain. We analysed daily cancer mortality records by cancer site from 2000 to 2019 across eight countries (Australia, Brazil, Canada, Chile, South Korea, Mexico, New Zealand and Thailand). A time-stratified case-crossover design was used to assess associations with all-source PM2.5 and traffic-sourced PM2.5 (TSPM2.5). The analysis included 9,223,612 cancer deaths. Every 10 μg m−3 increase in the 2-day moving average of all-source PM2.5 exposure (lag 0–1) was associated with a 0.77% increase in all-cancer mortality risk (95% confidence interval (CI) 0.64–0.89%). The corresponding increase in TSPM2.5 was associated with a 3.87% increase (95% CI 3.28–4.47%). Although TSPM2.5 represented only 14.72% of total PM2.5 concentrations, it accounted for 73.55% of PM2.5-attributable cancer deaths during the study period, equivalent to 1.21% (95% CI 1.03–1.39%) of total cancer mortality. Effect modification by age, sex or socioeconomic status was not statistically significant. Reducing TSPM2.5 exposure may help lower acute pollution-related mortality risks among people with cancer.",nature_html,0
Survey on Embodied AI for Industry: From the Perspective of Industrial Robots,https://academic.oup.com/nsr/advance-article/doi/10.1093/nsr/nwag505/8767815?rss=1,National Science Review Advance Access,2026-08-21 00:00:00 UTC,2026-08-21 00:00:00+00:00,10.1093/nsr/nwag505,Chu Wang,"Industrial robots underlie modern manufacturing automation, yet conventional deterministic control based on fixed trajectories and offline programming struggles under high-mix and flexible production. Embodied artificial intelligence (EAI) offers a promising alternative by coupling perception, reasoning, and action within closed-loop physical interaction, enabling industrial robots to adapt behaviors online rather than execute predefined tasks. Yet, general-purpose EAI remains difficult to deploy in industrial environments due to stringent requirements on precision, real-time performance, reliability, and safety. These challenges have motivated increasing interest in embodied artificial intelligence for industry (EAI4I). This paper presents a systematic survey of EAI4I from an industrial robotics perspective. Specifically, we first analyze the quantified requirements of industrial robots enabled by EAI4I. Afterwards, recent research progress is reviewed, covering core technologies for single- and multi-robot systems, dedicated hardware platforms, high-fidelity simulators, task-specific datasets, representative industrial application scenarios, and critical deployment challenges. Finally, promising directions toward EAI4I are discussed.",rss_oup,0
Review of Inorganic Separator Engineering for Next‐Generation Lithium–Sulfur Batteries: Compromise or Cornerstone?,https://advanced.onlinelibrary.wiley.com/doi/10.1002/adma.74605?af=R,Wiley: Advanced Materials: Table of Contents,2026-08-21 05:05:18 UTC,2026-08-21 05:05:18+00:00,10.1002/adma.74605,Guoxiu Wang,"ABSTRACT
                  Lithium–sulfur (Li–S) batteries are promising next‐generation energy‐storage systems, but their practical application remains limited by polysulfide shuttling, sluggish redox kinetics, and interfacial instability. Separator engineering offers an effective route to regulate sulfur chemistry. This review summarizes metal compound‐based separators as active interfacial architectures that promote polysulfide adsorption and catalytic conversion while regulating ion and electron transport. To evaluate diverse separator systems, we propose a Practical Relevance Index (PRI)‐guided framework that integrates intrinsic electrochemical improvements with system‐level constraints. A localized figure of merit is further introduced to interpret performance trends without direct cross‐study ranking. Recent advances in metal oxides, sulfides, nitrides, carbides, and MXene‐based separators are discussed, with emphasis on heterostructures, defect engineering, electronic‐structure regulation, and atomic‐scale design. Particular attention is given to constraint‐aware strategies that connect interfacial chemistry with practical energy density. Finally, major challenges and future directions are outlined, including reaction‐pathway regulation, operando characterization, system integration, and scalable manufacturing. This review provides a unified framework for designing practical, high‐energy‐density Li–S batteries.",crossref,0
Vacuum‐Based Monolithically In Situ Integration of Quantum‐Confined CsPbBr3 Nanocrystals for Spectrally Stable Blue Electroluminescence,https://advanced.onlinelibrary.wiley.com/doi/10.1002/adma.74731?af=R,Wiley: Advanced Materials: Table of Contents,2026-08-21 05:06:11 UTC,2026-08-21 05:06:11+00:00,10.1002/adma.74731,Jiang Tang,"ABSTRACT
                  
                    Spectrally stable blue emission represents one of the most critical components of full‐color perovskite displays, which are highly attractive for display technologies. However, vapor‐deposited blue perovskite light‐emitting diodes have so far relied predominantly on Br/Cl mixed‐halide bandgap engineering, which is prone to halide migration and phase segregation under operation and therefore suffers from spectral instability. Here, we report spectrally stable vapor‐deposited, pure‐bromide blue perovskite light‐emitting diodes with spectrally stable emission achieved via a ligand‐buffered delayed nucleation (LBDN) strategy. In this method, p‐Br‐MBABr is co‐deposited as a kinetic buffer to create a ligand‐coordinated precursor state that suppresses immediate crystallization, delays nucleation, and confines subsequent crystal growth. As a result, we obtain quantum‐confined CsPbBr
                    3
                    nanocrystal films with tunable blue emission. Fully vapor‐deposited PeLEDs based on these films deliver spectrally stable pure‐blue electroluminescence. These results establish kinetic buffering as an effective route to quantum‐confined perovskites under vapor deposition and spectrally stable blue emitters for monolithically integrated full‐color perovskite displays.",crossref,0
Ultra‐broadband Epsilon‐Near‐Zero Ultrathin Metafilms Assembled by 2D Nanosheets Overcoming Size Limitation in Metamaterials,https://advanced.onlinelibrary.wiley.com/doi/10.1002/adma.74739?af=R,Wiley: Advanced Materials: Table of Contents,2026-08-21 05:08:14 UTC,2026-08-21 05:08:14+00:00,10.1002/adma.74739,Yao Liu,"ABSTRACT
                  
                    Broadband epsilon‐near‐zero (ENZ) materials are crucial for 6G (sixth generation mobile networks) signal stability, biochemical sensor accuracy, and intelligent weapon systems. Here, the ultrathin (
                    d
                    ∼10 µm) 2D metafilms achieving low‐frequency ultra‐broadband ENZ (10 kHz–1 MHz,
                    d
                    /
                    λ
                    ∼10
                    −10
                    ) are constructed via the self‐assembly of nanosheets (MXene and graphene oxide) and interface engineering. High‐resistance interfaces and wrinkles can block free carriers, suppressing long‐range plasma and Drude‐type negative dielectric response, while these carriers tend to accumulate locally at the interfaces and enhance Debye‐type positive dielectric response. These two pathways achieve the ultra‐broadband ENZ behavior via the synergistic cancellation effect between these two responses with comparable intensity and dispersion characteristics. The ENZ (|ε′|&lt;1) with a 100‐fold ultrabroad bandwidth (10 kHz–1 MHz) is obtained, 10 kHz of ENZ also updates the low‐frequency limit of ENZ in materials. Besides, the thickness of 10 µm is achieved in metafilms, a smallest
                    d
                    /
                    λ
                    value (∼10
                    −10
                    ), overcoming the size limitation of ENZ media. The effectiveness of the ultra‐broadband ENZ is verified in electromagnetic tunneling devices, where metafilms can replace complex artificial arrays. This work establishes a new material‐genesis strategy for ultra‐broadband ENZ rather than artificial metamaterial arrays, easily applicable across the entire electromagnetic spectra.",crossref,0
Geometric Complementarity and Electrostatic Fluctuation Control in Dual‐Asymmetric Acceptors for Efficient Organic Solar Cells,https://advanced.onlinelibrary.wiley.com/doi/10.1002/adma.74732?af=R,Wiley: Advanced Materials: Table of Contents,2026-08-21 05:09:30 UTC,2026-08-21 05:09:30+00:00,10.1002/adma.74732,Yongsheng Chen,"ABSTRACT
                  
                    Asymmetric molecular design has emerged as an effective strategy for developing high‐performance acceptors for organic solar cells (OSCs). Here, we introduce a dual‐asymmetric topology strategy, in which the stereochemical configurations of both the central core and terminal groups are co‐engineered. Using this approach, we synthesized an isomeric pair, Th2Cl‐a‐2Cl and Th2Cl‐b‐2Cl and benchmarked them against the singly asymmetric a‐CH‐Th2Cl and Th2Cl‐4Cl. We find that the distinctive steric conformation of Th2Cl‐a‐2Cl promotes a geometrically complementary, interlocked packing motif within the crystal lattice. This not only reinforces the three‐dimensional network connectivity but, more importantly, gives rise to a more uniform local electrostatic environment at the molecular‐skeleton scale. As a result, Th2Cl‐a‐2Cl exhibits weaker and more balanced environment‐induced electrostatic fluctuations along the backbone, which helps reduce local electrostatic perturbations during charge transport. Consequently, PM6:Th2Cl‐a‐2Cl devices deliver a champion PCE of 20.18% with a high fill factor (FF) of 80.88%, while significantly suppressing the non‐radiative recombination loss (Δ
                    E
                    3
                    ) to 0.190 eV. These results establish geometric complementarity and electrostatic homogeneity, achieved through topological engineering, as an effective route to improve the efficiency of OSCs.",crossref,0
Dual Modulation of Interfacial Water Structure and Metal‐Support Interaction via Single‐Atom Sites for Industrial Hydrogen Evolution,https://advanced.onlinelibrary.wiley.com/doi/10.1002/adma.74720?af=R,Wiley: Advanced Materials: Table of Contents,2026-08-21 05:10:48 UTC,2026-08-21 05:10:48+00:00,10.1002/adma.74720,Wei Xing,"ABSTRACT
                  
                    Ru‐based catalysts are promising cathodes for alkaline hydrogen evolution reaction (HER) in anion exchange membrane water electrolysis (AEMWE), yet sluggish water dissociation, overly strong Ru─H adsorption, and durability loss still limit their practical performance. Herein, we construct a controlled M─N─C (M═Fe, Co, Ni) support series for anchoring Ru particles and establish a dual‐regulation strategy that couples interfacial water activation with support‐induced Ru electronic optimization. M─N
                    4
                    coordination motifs mainly regulate the near‐surface water environment and promote water‐dissociation kinetics, while the M─N─C supports modulate the electronic structure of Ru through metal‐support interaction. The optimized Ru/Ni─N─C delivers an ultralow overpotential of 9 mV at 10 mA cm
                    −2
                    and achieves 4000 mA cm
                    −2
                    at 2.0 V in a practical AEMWE, with an apparent voltage increase rate of 3.1 µV h
                    −1
                    over 1600 h. In situ Raman and infrared spectroscopies reveal that Ni─N
                    4
                    motifs enrich and polarize interfacial K
                    +
                    ‐H
                    2
                    O species, facilitating the Volmer step. Theoretical calculations further show that Ni─N
                    4
                    lowers the water dissociation barrier to 0.19 eV, while the Ni─N─C support optimizes Ru─H adsorption to −0.07 eV through metal‐support interaction. This work provides mechanistic guidance for designing efficient Ru‐based alkaline HER catalysts by integrating water‐structure regulation with support‐mediated Ru electronic modulation.",crossref,0
Superelastic Subcrystalline Rare‐Earth Ceramic Nanofiber Aerogels Enable 1300°C‐Stable Upconversion Luminescence,https://advanced.onlinelibrary.wiley.com/doi/10.1002/adma.74748?af=R,Wiley: Advanced Materials: Table of Contents,2026-08-21 05:13:29 UTC,2026-08-21 05:13:29+00:00,10.1002/adma.74748,Jianhua Yan,"ABSTRACT
                  Real‐time noncontact temperature detection is critical for the reliable operation of specialized robots in extreme thermodynamic environments. Upconversion (UC) luminescent materials, owing to their temperature‐sensitive emission, offer a promising solution. However, traditional UC crystals are fundamentally limited by both severe thermal quenching above 250°C and intrinsic brittleness. Here, we break these barriers by developing a subcrystalline upconversion ceramic nanofiber aerogel through an interfacial phonon engineering strategy. Our approach embeds active rare‐earth nanocrystals within an amorphous alumina matrix, creating a tensile‐strained heterointerface that softens local phonon modes and efficiently scatters high‐frequency vibrations. This unique “phonon cage” architecture suppresses nonradiative decay pathways, enabling stable UC emission at the unprecedented temperature of 1300°C. Furthermore, the subcrystalline structure induces a higher‐order sinusoidal buckling behavior, endowing the aerogel with thermomechanical superelasticity. The aerogel fully recovers from 95% compressive strain and survives over 1000 fatigue cycles, retaining &gt;80% of its elasticity after 100 rigorous compression cycles under 1300°C thermal load. This work paves the way for noncontact thermal sensing in extreme environments.",crossref,0
Extreme Bond Ionicity in Mg─Te Chalcogenides for Ultrathin Low Voltage Selector‐Only Memory beyond the Leakage Scaling Limit,https://advanced.onlinelibrary.wiley.com/doi/10.1002/adma.74743?af=R,Wiley: Advanced Materials: Table of Contents,2026-08-21 05:14:13 UTC,2026-08-21 05:14:13+00:00,10.1002/adma.74743,Hyunsang Hwang,"ABSTRACT
                  
                    Conventional ovonic threshold switching (OTS) chalcogenides face a fundamental scaling limit for selector‐only memory (SOM), because aggressive thickness scaling increases leakage current and hinders reliable low voltage operation. Here, this trade‐off can be overcome by exploiting the unique materials characteristics of the Mg─Te chalcogenide system. Guided by the bonding ionicity map and supported by density functional theory calculations, Mg─Te is identified as an optimal telluride material whose highly ionic bonding is associated with deeper trap levels, a large memory window of 1.75 V, and suppressed leakage in 20 nm devices. Structural analyses and multiscale simulations suggest that the spontaneous phase separation in Mg
                    1
                    Te
                    3
                    forms MgTe‐like ordered nanodomains and Te‐rich amorphous regions, providing structural partitioning that may constrain the effective amorphous switching network and reduce stochastic switching variability. With a thin Hf interlayer, the 5 nm Mg
                    1
                    Te
                    3
                    device achieves narrow SET/RESET switching uniformity of
                    σ
                     = 15/28 mV at ± 2.5 V operating voltage, representative 10 ns programming speed, and write endurance exceeding 10
                    10
                    cycles in the best‐performing device. These results highlight Mg─Te as a promising basis for highly scaled ultralow voltage SOM through the combined roles of ionic bonding, structural partitioning, and interfacial engineering.",crossref,0
Oxygen‐Vacancy Engineering of Na4Fe3(PO4)2P2O7 Enables Fast and Wide‐Temperature Sodium Storage,https://advanced.onlinelibrary.wiley.com/doi/10.1002/adma.74727?af=R,Wiley: Advanced Materials: Table of Contents,2026-08-21 06:19:22 UTC,2026-08-21 06:19:22+00:00,10.1002/adma.74727,Xucai Yin,"ABSTRACT
                  
                    The polyanionic cathode Na
                    4
                    Fe
                    3
                    (PO
                    4
                    )
                    2
                    P
                    2
                    O
                    7
                    (NFPP) is regarded as a promising cathode for sodium‐ion batteries owing to its low cost, intrinsic safety, and robust framework stability. However, the strongly localized electronic structure and sluggish Na
                    +
                    transport kinetics impose coupled limitations on its rate capability and stability. Herein, we demonstrate a defect‐engineering strategy to activate coupled electronic‐ionic transport through the rational introduction of oxygen vacancies into NFPP. Combined experimental investigations and density functional theory calculations reveal that oxygen vacancies act as dual‐functional kinetic regulators by simultaneously reconstructing the local Fe–O electronic environment and facilitating Na
                    +
                    migration. The defect‐induced electronic redistribution narrows the bandgap and accelerates electron transport (over 7 times), while expanded Na
                    +
                    diffusion pathways and reduced migration energy barriers enable rapid ion diffusion (over 6 times). Consequently, the oxygen vacancy‐enriched NFPP cathode delivers exceptional cycling stability with 90.46% capacity retention after 7000 cycles at an ultra‐high rate of 20 C. This work establishes oxygen‐vacancy engineering as an effective strategy for coupled transport regulation in polyanionic cathodes and provides fundamental insights into defect‐mediated kinetic enhancement for advanced sodium‐ion batteries.",crossref,0
Targeting Nonclassical Monocytes via Artificial Cell‐Microneedles for Precision Psoriasis Therapy,https://advanced.onlinelibrary.wiley.com/doi/10.1002/adma.74726?af=R,Wiley: Advanced Materials: Table of Contents,2026-08-21 06:36:02 UTC,2026-08-21 06:36:02+00:00,10.1002/adma.74726,Liming Bian,"ABSTRACT
                  
                    Current therapies for inflammatory skin diseases predominantly rely on broad systemic immunosuppression and lack precision toward defined immune‐cell subsets. Here, we identify CX3CR1
                    +
                    nonclassical monocytes (NCMs) as an inflammatory monocyte subset that contributes to the amplification of psoriasiform inflammation, as supported by integrated analyses of human single‐cell transcriptomics, genetic depletion, and adoptive‐transfer models. To preferentially engage these disease‐associated NCMs, we engineer an artificial cell–microneedle platform, termed CX3@GUV‐DMF, comprising CX3CL1‐functionalized, drug‐loaded giant unilamellar vesicles (GUVs) embedded within a dissolvable hyaluronic acid (HA) microneedle array. Following intradermal insertion, surface‐presented CX3CL1 actively navigates GUVs to pathogenic CX3CR1
                    +
                    NCMs, facilitating the targeted, sustained release of the loaded drug. In vivo evaluations and transcriptomic profiling demonstrate that this localized immunomodulatory strategy attenuates inflammatory myeloid activation, neutrophil infiltration, and Th17‐associated responses while promoting restoration of epidermal barrier‐associated programs. These findings establish a materials‐enabled strategy for subset‐oriented immune modulation and local inflammatory‐niche remodeling, advancing inflammatory skin therapy beyond nonspecific immunosuppression.",crossref,0
Multidimensional spectro-temporal imaging of exciton dynamics under propagating acoustic strain in two-dimensional semiconductors,https://www.science.org/doi/abs/10.1126/sciadv.aef5458?af=R,AAAS: Science Advances: Table of Contents,2026-08-21 07:00:00 UTC,2026-08-21 07:00:00+00:00,10.1126/sciadv.aef5458,Shun Fujii,"Dynamic strain offers a promising route to manipulate tightly bound excitons in two-dimensional semiconductors. Its impact, however, has so far been inferred primarily from time-averaged or spatially integrated measurements. In particular, for dynamic strain driven by surface acoustic waves (SAWs), the relatively small strain amplitude and competing piezoelectric effects have hindered direct access to the real-time evolution of exciton emission energy and recombination dynamics within a single acoustic cycle. Here we report a fully phase-synchronized, multidimensional spectro-temporal-spatial visualization of exciton emission in monolayer tungsten diselenide driven by propagating SAWs. By integrating phase-resolved microscopy and interferometric surface displacement measurements, we achieve simultaneous mapping of exciton emission energy, photoluminescence intensity, linewidth, and decay dynamics and directly correlate them with the dynamic strain field. Our work establishes propagating acoustic strain as a powerful platform for deterministic exciton control and provides a comprehensive framework for exploring nonequilibrium exciton dynamics in low-dimensional materials.",crossref,0
Pulseometry: A differential readout to compensate signal drift of potentiometric probes,https://www.science.org/doi/abs/10.1126/sciadv.aef5993?af=R,AAAS: Science Advances: Table of Contents,2026-08-21 07:00:00 UTC,2026-08-21 07:00:00+00:00,10.1126/sciadv.aef5993,Eric Bakker,"Ion selective electrodes are widely used sensors in point-of-care testing devices to assay electrolytes in whole blood samples. With single-use system, the first solution contact normally results in an important signal drift that negatively affects measurement accuracy. In this work, we propose an approach coined pulseometry to compensate for signal drift. The potentiometric signal is processed through a differential circuit incorporating RC components of different time constants. The differential potential will remain constant for a slowly drifting baseline, while a rapid potential change will result in a peak-shaped difference signal that may be baseline subtracted and integrated to extract the components information. The method was successfully integrated into mass fabricated, microfluidic test cards used in commercial blood gas electrolyte analyzers. Blood calcium levels from three individuals were measured, giving SDs of 0.008 to 0.024 mM, improving precision by 36 to 67% compared to potentiometry. These results showcase the potential of pulseometry for improving the performance of electrochemical sensing in clinical diagnostics.",crossref,0
Matrix stress relaxation drives glioblastoma cell response in viscoelastic biomaterials,https://www.science.org/doi/abs/10.1126/sciadv.aef7087?af=R,AAAS: Science Advances: Table of Contents,2026-08-21 07:00:00 UTC,2026-08-21 07:00:00+00:00,10.1126/sciadv.aef7087,Sarah C. Heilshorn,"The extracellular matrix (ECM) of glioblastoma (GBM) is known to modulate cell behavior, yet the specific contributions of matrix biochemical and biomechanical signaling remain poorly understood. To address this, we engineer a tunable hyaluronan-elastin-like protein (HELP) hydrogel to independently control ligand presentation and matrix viscoelasticity. Two peptides mimicking fibronectin (FBN) and tenascin-C (TNC) are incorporated into HELP along with hyaluronan, all of which are highly up-regulated in GBM. Using dynamic covalent chemistry, we develop hydrogels with matched stiffness but distinct stress relaxation profiles. Slow stress-relaxing matrices promote cell clustering and elevated expression of P-selectin, a GBM invasion marker. These matrices also result in increased nascent ECM production, increased lipid droplet storage, and altered cytokine secretion. Our results highlight the benefit of protein-engineered, viscoelastic biomaterials for modeling the tumor microenvironment and reveal matrix viscoelasticity as a critical regulator of GBM cell state, offering a tool for identifying previously unrecognized therapeutic targets.",crossref,0
Interaction topology theory deciphers multiscale codes of MOF-like materials,https://www.science.org/doi/abs/10.1126/sciadv.aee8016?af=R,AAAS: Science Advances: Table of Contents,2026-08-21 07:00:00 UTC,2026-08-21 07:00:00+00:00,10.1126/sciadv.aee8016,Guo-Wei Wei,"Metal-organic frameworks (MOFs) and MOF-like porous materials exhibit vast structural diversity and support critical applications in gas storage, separations, and catalysis. Predictive modeling remains difficult because their structure-property relationships are multiscale and cage-like, governed by both local chemical environments and global pore-network topology. These challenges, together with sparse and unevenly distributed labeled data, hinder generalization across material families. We develop an interaction topology theory and propose the interaction topological transformer (ITT), a data-efficient framework that captures materials information across multiple scales and levels, including structural, elemental, atomic, and pairwise-elemental organization. ITT extracts scale-aware features reflecting both compositional and relational structures in complex porous frameworks and integrates them through a transformer architecture for joint reasoning across scales. Using self-supervised pretraining on more than 0.6 million unlabeled structures followed by supervised fine-tuning, ITT achieves accurate, transferable, state-of-the-art predictions for adsorption, transport, and stability properties across 17 tasks, providing a principled and scalable strategy for learning-guided discovery in diverse MOF-like materials.",crossref,0
A triboelectric airflow field sensor enables cross-scale multi-parameter sensing in meter-scale flapping-wing aircrafts,https://www.science.org/doi/abs/10.1126/sciadv.aee7066?af=R,AAAS: Science Advances: Table of Contents,2026-08-21 07:00:00 UTC,2026-08-21 07:00:00+00:00,10.1126/sciadv.aee7066,Ziya Wang,"Accurate in-situ sensing of unsteady aerodynamic parameters is essential yet challenging for closed-loop control in meter-scale flapping-wing aircraft. This task requires simultaneous monitoring of three coupled parameters: local wind speed (LWS), angle of attack (AoA), and flapping frequency (FF). Here, we report a conformal triboelectric airflow field sensor that converts airflow-induced aeroelastic vibrations into electrical signals. Its low-damping apertured cantilever design provides a broad sensing range and rich vibration features, enabling accurate aerodynamic parameter decoding with a deep-learning model. To address cross-scale discrepancies, we use transfer learning to adapt representations learned from low-cost small-scale wind tunnel data to data-limited full-scale conditions, achieving mean absolute errors of 0.04 m·s
                    −1
                    for LWS, 0.07° for AoA, and 0.06 Hz for FF. Outdoor flight tests demonstrate real-time trend reconstruction and maneuver-correlated monitoring of the decoded parameters. This study provides a scalable biomimetic airflow sensing solution for future closed-loop control of meter-scale flapping-wing aircraft.",crossref,0
Dynamically manipulated interface polarization via symmetry engineering for self-gated electronics,https://www.science.org/doi/abs/10.1126/sciadv.aee4668?af=R,AAAS: Science Advances: Table of Contents,2026-08-21 07:00:00 UTC,2026-08-21 07:00:00+00:00,10.1126/sciadv.aee4668,Zhong Lin Wang,"Interfaces have always been a key for functional devices in condensed-matter physic. However, dynamic regulation of interfacial symmetry and the subsequent effects have still been underestimated, especially in bulk materials. Here, we show that the interfacial crystallographic symmetry can be precisely modulated by electric field induced oxygen vacancy rearrangement in bulk centrosymmetric semiconductors (TiO
                    2
                    , SrTiO
                    3
                    , etc.), resulting in tunable interface polarization. Our results show that the interface polarization of metal-semiconductor heterostructure can be reversibly modified in a nonvolatile manner, with a tunable electromechanical response varying from 6.79 to 9.07 p.m./V, which is comparable to common piezoelectric semiconductors (ZnO, GaN, MoS
                    2
                    , etc.). Substantial self-gated carrier transport in metal-semiconductor heterostructure is achieved, with a Schottky barrier tuned by 30.8 meV. Furthermore, the self-gated electronics effectively simplifies the complicated structures of logic devices, integrating logic and storage operations through programmable interface polarization. These findings offer a distinctive approach to design the interface symmetry and functionalities beyond the intrinsic limitation of bulk centrosymmetric materials.",crossref,0
Metabolic-epigenetic rewiring of CCR5hi monocytes sustains long-term trained immunity against lethal sepsis,https://www.science.org/doi/abs/10.1126/sciadv.aee1634?af=R,AAAS: Science Advances: Table of Contents,2026-08-21 07:00:00 UTC,2026-08-21 07:00:00+00:00,10.1126/sciadv.aee1634,Huiting Zhou,"Trained immunity enhances innate host defense by endowing monocytes with memory-like properties, yet the underlying integrated metabolic and epigenetic mechanisms remain elusive. Here, we demonstrate that coimmunization with Bacille Calmette-Guérin (BCG) and bacterial lipoprotein (BLP) induces a durable form of trained immunity that provides robust, long-term protection against polymicrobial sepsis from early life into adulthood. Single-cell RNA sequencing revealed that this effect is mediated by an expansion of CCR5
                    hi
                    memory-like monocytes with enhanced antimicrobial capacity. Mechanistically, BCG + BLP vaccination activated the AKT–mTOR–HIF-1α axis, driving glycolytic reprogramming and lactate accumulation. Elevated lactate enhanced KAT2B-dependent histone H3K18 lactylation, an epigenetic mark directly facilitating the transcription of phagocytic and inflammatory genes. In addition, BCG + BLP stimulation of human cord blood mononuclear cells induced CCR5
                    hi
                    monocytes that recapitulated trained immunity features. These findings identify a lactate-KAT2B-H3K18la epigenetic axis that orchestrates the long-term reprogramming of CCR5
                    hi
                    monocytes, highlighting CCR5
                    hi
                    monocytes as a promising therapeutic target for modulating innate immunity against lethal sepsis.",crossref,0
Abscisic acid–regulated stability of CmABF1 and CmBRM modulates salt tolerance in chrysanthemum via epigenetic regulation of CmHSFA4,https://www.science.org/doi/abs/10.1126/sciadv.aed2521?af=R,AAAS: Science Advances: Table of Contents,2026-08-21 07:00:00 UTC,2026-08-21 07:00:00+00:00,10.1126/sciadv.aed2521,Sumei Chen,"Soil salinization poses a major threat to global agricultural productivity and plant biodiversity. The phytohormone abscisic acid (ABA) is central to plant adaptation to abiotic stress; however, the mechanisms by which ABA coordinates posttranslational modifications of signaling proteins with epigenetic regulation remain poorly understood. Here, we show that salt stress–induced ABA accumulation up-regulates
                    Heat Shock Factor 4
                    (
                    CmHSFA4
                    ), a gene that is known to enhance chrysanthemum salt tolerance. The ABA responsive transcription factor ABRE binding factor 1 (CmABF1) binds to the
                    CmHSFA4
                    promoter to activate its expression and also recruits the chromatin remodeler BRAHMA (CmBRM) to repress transcription by limiting H3 lysine-4 trimethylation (H3K4me3) deposition. We further demonstrate that the ABA-activated sucrose non-fermenting-1-related protein kinase 2.2 (CmSnRK2.2) phosphorylates and stabilizes CmABF1, while concurrently phosphorylating and promoting CmBRM degradation under salt stress. This dual regulation enhances H3K4me3 enrichment at the
                    CmHSFA4
                    promoter, thereby inducing its transcription and conferring salt tolerance. Together, our findings reveal an ABA-SnRK2.2-ABF1/BRM signaling module that integrates phosphorylation-dependent protein stabilization and degradation with histone methylation dynamics to fine-tune salt stress–responsive gene expression in chrysanthemum.",crossref,0
δ2-Protocadherins organize parallel indirect basal ganglia circuits,https://www.science.org/doi/abs/10.1126/sciadv.aec8746?af=R,AAAS: Science Advances: Table of Contents,2026-08-21 07:00:00 UTC,2026-08-21 07:00:00+00:00,10.1126/sciadv.aec8746,Hisashi Umemori,"The basal ganglia (BG) contain multiple parallel neural circuits, each of which may control different behaviors. However, how the distinct parallel BG circuits are molecularly organized is not known. Here, we show that two δ2-protocadherins (PCDHs), PCDH17 and PCDH10, which are homophilic cell adhesion molecules, establish and define two distinct indirect BG circuits that regulate different behaviors. PCDH17 and PCDH10 are expressed in a complementary expression pattern in the BG, anatomically defining two parallel indirect BG connections. Indirect pathway–specific
                    Pcdh17
                    and
                    Pcdh10
                    conditional knockout (cKO) mice show impaired establishment of the indirect BG circuits in a region-preferential manner. Last, the
                    Pcdh17
                    cKO mice show defects in task learning, while the
                    Pcdh10
                    cKO mice show defects in motor/sensory habituation. These results identify PCDH17 and PCDH10 as the molecular organizers for two distinct indirect BG circuits regulating different behaviors and reveal the molecular mechanisms for organizing parallel BG circuits.",crossref,0
Fate of heat approaching the Filchner-Ronne Ice Shelf mediated by continental shelf eddies,https://www.science.org/doi/abs/10.1126/sciadv.aec8232?af=R,AAAS: Science Advances: Table of Contents,2026-08-21 07:00:00 UTC,2026-08-21 07:00:00+00:00,10.1126/sciadv.aec8232,Channing J. Prend,"Transfer of ocean heat toward Antarctica’s ice shelves is a key driver of changes in glacial mass balance. Previous work has indicated that transfer of warm, mid-depth waters across the continental slope is elevated close to Antarctica’s largest ice shelves, where dense waters form over the continental shelf. Yet, ice shelves in such regions maintain relatively low area-averaged melt rates, suggesting that ocean processes must shield them from the inflowing heat. In this study, a high-resolution simulation is used to isolate the mechanisms of heat transfer toward the Filchner-Ronne Ice Shelf in the southern Weddell Sea. This study shows that ocean eddies divert almost all heat arriving on the continental shelf up to the ocean surface and away from the ice shelf by stirring heat anomalies along tilted density surfaces. These findings highlight the importance of understanding continental shelf eddies in the context of basal melt variability, for example, in driving future heat delivery to Antarctica’s largest ice shelves.",crossref,0
Sphingosine kinase 2 regulates adipocyte browning and whole-body metabolism,https://www.science.org/doi/abs/10.1126/sciadv.aec7066?af=R,AAAS: Science Advances: Table of Contents,2026-08-21 07:00:00 UTC,2026-08-21 07:00:00+00:00,10.1126/sciadv.aec7066,Sarah Spiegel,"Obesity increases circulating levels of the bioactive sphingolipid metabolite sphingosine-1-phosphate (S1P). Here, we identify adipocyte-expressed sphingosine kinase 2 (SPHK2), an enzyme that produces S1P, as a regulator of adipose tissue browning. Mice with adipocyte-specific deletion of
                    Sphk2
                    were protected from Western diet–induced obesity concomitantly with elevated energy expenditure and browning of subcutaneous fat.
                    Sphk2
                    deletion also enhanced expression of
                    Ucp1
                    and key thermogenic genes, resulting in reduced adiposity and hepatic steatosis, improved glucose tolerance, and insulin sensitivity. Mechanistically, obesogenic diet promoted nuclear localization of SPHK2 in adipocytes, where it cooperated with transcription factors to suppress the thermogenic transcriptome. Adipocyte SPHK2 contributes to homeostatic circulating S1P levels and drive the pathogenic rise of S1P in response to obesogenic diet. Our findings reveal a distinct role of adipocyte SPHK2 in regulation of the thermogenic program important for whole-body metabolic homeostasis and energy expenditure, highlighting SPHK2 as a potential therapeutic target for treatment of metabolic disorders.",crossref,0
High–spatiotemporal resolution deuterium metabolic imaging enables in vivo phenotyping of intra- and intertumoral heterogeneity,https://www.science.org/doi/abs/10.1126/sciadv.aef4377?af=R,AAAS: Science Advances: Table of Contents,2026-08-21 07:00:00 UTC,2026-08-21 07:00:00+00:00,10.1126/sciadv.aef4377,Qingjia Bao,"Intra- and intertumoral heterogeneities raise fundamental biological questions and have important implications for accurate cancer diagnosis, prognosis, and treatment. These heterogeneities reflect tumor complexity, including a pronounced diversity in metabolic phenotypes and profiles. This study demonstrates that in vivo deuterium metabolic imaging (DMI) data acquired with sufficiently high spatiotemporal resolution provide a minimally invasive approach to assess these heterogeneities. A multifrequency DMI approach was used to examine tumor heterogeneities within and between colon cancer models. Regions of high and low glucose enrichment and labeled lactate accumulation could thus be detected; these were analyzed using unsupervised clustering strategies based on
                    k
                    -means clustering of area-under-the-curve information, and principal components analysis with Gaussian mixture modeling. Spatial alignment of these imaging-derived clusters for
                    2
                    H-glucose and
                    2
                    H-lactate showed good agreement with each other as well as with histological sections, validating the biological relevance of the identified subregions. Immunohistochemical analyses showed that glucose-enriched subregions were positively correlated with the expression of GLUT1 and DLAT, while lactate-enriched areas showed elevated expression of LDHA and MCT4. These results demonstrate that in vivo DMI can distinguish metabolically distinct subregions within viable tumors and between tumor models. DMI-based metabolic maps could thus provide the means to characterize intra- and intertumoral heterogeneities, paving the way for imaging-based metabolic phenotyping in precision oncology.",crossref,0
Stress-induced ripping enables fabrication of nanopores with dimensions smaller than the resolution limit of the employed lithography,https://www.science.org/doi/abs/10.1126/sciadv.aee8946?af=R,AAAS: Science Advances: Table of Contents,2026-08-21 07:00:00 UTC,2026-08-21 07:00:00+00:00,10.1126/sciadv.aee8946,Frank Niklaus,"Nanopores in ultrathin membranes are central to single-molecule sensing, filtration, and energy conversion applications, yet fabrication of solid-state nanopores remains limited by fundamental trade-off between resolution, throughput, and tool complexity. Here, we report a scalable nanopore fabrication process that exploits stress-induced mechanical ripping to detach a fragment from a membrane with lateral dimensions in the nm-scale, forming pores with diameters down to the sub-10 nm regime, which is well below the resolution limit of the employed lithography. Using this approach, we demonstrate wafer-scale fabrication of nanopores at densities exceeding 10
                    5
                    pores per cm
                    2
                    in dielectric (HfO
                    2
                    ), semiconducting (SiGe), and metallic (Cr) membranes, including suspended HfO
                    2
                    membranes as thin as 2 nm. We demonstrate the utility of the fabricated nanopores for high-performance surface enhanced Raman readouts of single molecule translocations. Beyond nanopore fabrication, this fracture-based approach points to broader opportunities for nanometer- and atomic-scale structuring of ultrathin materials.",crossref,0
Imaging Earth’s subsurface with thunderstorm-generated seismic waves,https://www.science.org/doi/abs/10.1126/sciadv.aeg8096?af=R,AAAS: Science Advances: Table of Contents,2026-08-21 07:00:00 UTC,2026-08-21 07:00:00+00:00,10.1126/sciadv.aeg8096,Tieyuan Zhu,"Thunder generates atmospheric acoustic waves that couple into the ground, producing seismic signals called “thunderquakes.” Although widely observed, this atmosphere-solid Earth conversion has rarely been exploited for imaging because the coupled wavefield is complex and its governing physics are poorly constrained. Here, we show that thunderquakes recorded by preexisting telecommunication fiber-optic cables using distributed acoustic sensing (DAS) contain coherent air-coupled Rayleigh waves that can serve as seismic energy sources for near-surface tomography. We validate this mechanism using three-dimensional spectral-element simulations and dispersion modeling of thunderquakes. We analyze 2.5 years of continuous DAS data and a catalog of 458 high-fidelity thunderquakes validated by lightning records. Cross-correlation virtual-source interferometry and stacking yield dispersed surface waves from which we invert shear-wave velocity structure to ∼100-meter-depth beneath an urban karst setting. The resulting tomographic image reveals several previously undetected weak zones, some coinciding with surface deformation measured by Interferometric Synthetic Aperture Radar. The tomographic results are further validated by independent borehole logs and engineering surveys. Our results establish that thunder energy can be converted into dispersive seismic wavefields in the solid Earth and that thunderquakes can act as novel, meteorologically driven sources for seismic imaging in regions with limited access to traditional seismic sources.",crossref,0
Orthogonal DNA barcoding enables subpopulation-resolved extracellular vesicle miRNA profiling,https://www.science.org/doi/abs/10.1126/sciadv.aef8133?af=R,AAAS: Science Advances: Table of Contents,2026-08-21 07:00:00 UTC,2026-08-21 07:00:00+00:00,10.1126/sciadv.aef8133,Lei Zheng,"Extracellular vesicle–associated microRNAs (EV-miRNAs) hold promise for liquid biopsy, but their clinical utility is hindered by EV heterogeneity. Here, we report DEEPER, a DNA-encoded orthogonal recognition platform for selective barcoding of tumor-derived EV subpopulations and in situ miRNA profiling. DEEPER uses four aptamers targeting Cluster of Differentiation 44 (CD44), Epidermal Growth Factor Receptor‌ (EGFR), Human Epidermal Growth Factor Receptor 2‌ (HER2), and ‌Programmed Death-Ligand 1(PD-L1) to generate orthogonal barcodes that distinguish 15 EV subpopulations. Barcoded EVs then undergo targeted membrane fusion with liposome probes, enabling sensitive in situ analysis of subpopulation-specific miRNAs. In a 60-sample cohort of patients with gastric cancer (GC) and healthy donors (HDs), DEEPER identified a high-performing signature, GC-EV miRNA Prime, comprising EGFR
                    +
                    , EGFR
                    +
                    HER2
                    +
                    , and EGFR
                    +
                    HER2
                    +
                    CD44
                    +
                    EVs, which achieved 98.3% diagnostic accuracy. The same profiling framework also assessed tumor invasiveness with 95.5% accuracy. Mechanistic studies further showed that these EV-miRNAs contribute to tumor progression. In summary, DEEPER not only confirmed the clinical application value of EV-miRNA–based liquid biopsy but also provided unique insights through the EV subpopulations into the mechanisms driving cancer development.",crossref,0
Engineering a biomimetic multiphasic suture anchor system for enhanced rotator cuff enthesis regeneration,https://www.science.org/doi/abs/10.1126/sciadv.aea3128?af=R,AAAS: Science Advances: Table of Contents,2026-08-21 07:00:00 UTC,2026-08-21 07:00:00+00:00,10.1126/sciadv.aea3128,Su Chin Heo,"The rotator cuff plays a vital role in shoulder movement and joint stability. Unfortunately, tears at the rotator cuff enthesis are common and frequently lead to retears after surgical intervention, particularly at the suture location and its anchor sites. These failures are typically due to the inability of current surgical treatments to mimic the native tissue complexity and provide the necessary metabolic, bioactive, and biophysical cues for effective enthesis regeneration. In this study, we engineered a biomimetic multiphasic scaffold system (BMS) to integrate with conventional suture anchor systems and deliver spatially organized structural and biological cues to enhance enthesis regeneration. The BMS consists of three distinct phases: Phase 1 features an aligned, nanofibrous decellularized tendon extracellular matrix (dECM) combined with “stiff” methacrylated hyaluronic acid (MeHA); phase 2 incorporates nonaligned, nanofibrous dECM with “soft” MeHA; and phase 3 uses a porous, bioenergetic, citrate-based composite scaffold for bone integration. In vitro, the BMS notably enhanced tenogenic, fibrochondrogenic, and chondrogenic differentiation, facilitating zone-specific rotator cuff enthesis regeneration. Further, in vivo, the BMS promoted successful integrative healing, forming distinct tendon, fibrocartilage, and bone regions at the repair site. This advanced multiphasic scaffold closely replicates native tissue properties, offering a promising strategy to improve rotator cuff repair. Its integration with conventional suture anchors provides an innovative design that enhances mechanical fixation and guides enthesis healing to reduce retear rates. Broadly, this platform offers a versatile solution for biointegrative repair strategies across complex soft-to-hard tissue interfaces.",crossref,0
Inverse scattering in biological samples via beam propagation,https://www.science.org/doi/abs/10.1126/sciadv.aec8678?af=R,AAAS: Science Advances: Table of Contents,2026-08-21 07:00:00 UTC,2026-08-21 07:00:00+00:00,10.1126/sciadv.aec8678,Shwetadwip Chowdhury,"Multiple scattering limits optical imaging in thick biological samples by scrambling sample-specific information. Physics-based inverse-scattering methods aim to computationally unscramble this information often by using nonconvex optimization solvers. However, their inherent nonconvexity often leads to highly sample-dependent performance and inaccurate reconstructions, particularly in strongly scattering specimens. Here, we introduce a novel inverse-scattering framework based on multislice beam propagation (MSBP) that robustly achieves high-quality scatter correction and label-free volumetric imaging across a diverse range of scattering biological samples. We rigorously benchmarked imaging performance across multiple MSBP solver implementations using both scattering calibration phantoms and biological specimens. We found that an amplitude-only cost function in the inverse solver, combined with angular and defocus diversity in the scattering measurements, enabled volumetric, label-free imaging with high-quality and subcellular-level scatter correction. Together, these results establish a foundation for the reliable application of inverse scattering to achieve biologically interpretable three-dimensional imaging in increasingly thick, multicellular samples, thus introducing a new paradigm for deep-tissue computational imaging.",crossref,0
"Brush-mediated angular constraints reshape structure, rigidity, and percolation in colloidal depletion gels",https://www.science.org/doi/abs/10.1126/sciadv.aeh5537?af=R,AAAS: Science Advances: Table of Contents,2026-08-21 07:00:00 UTC,2026-08-21 07:00:00+00:00,10.1126/sciadv.aeh5537,Ali Mohraz,"Colloidal gels, like many other soft and disordered solids derive their mechanical properties not only from the strength of interparticle attraction but also from the symmetry of the forces that constrain particle motion. Although noncentral interactions are known to profoundly alter rigidity and elasticity, they are typically introduced through particle anisotropy, surface roughness, or patchy interactions, obscuring their independent role. Here, we demonstrate a minimal and geometry-preserving route to emergent noncentral forces in colloidal gels by reducing the density of surface-grafted polymer brushes. At low brush density, partial brush interpenetration introduces an effective angular bending rigidity at particle contacts, despite fully isotropic particle geometry. This emergent constraint suppresses local densification, stabilizes low-coordination networks, and produces highly ramified gel structures with enhanced elasticity. Combining experiments, simulations, and mean-field theory, we show that these noncentral constraints reorganize structure and mechanics across length scales, shifting gelation boundaries and increasing the elastic modulus by nearly a factor of 3. Our results establish surface brush density as a generic control parameter for programming interaction symmetry in soft particulate matter, with implications for rigidity, percolation, and mechanical design in disordered systems.",crossref,0
Regulating phonon-carrier transport by interfacial symmetry breaking in thermoelectric multilayers,https://www.science.org/doi/abs/10.1126/sciadv.aeh5460?af=R,AAAS: Science Advances: Table of Contents,2026-08-21 07:00:00 UTC,2026-08-21 07:00:00+00:00,10.1126/sciadv.aeh5460,Zhiyu Hu,"More than half of global primary energy is dissipated as low-grade waste heat, yet thermoelectric conversion remains constrained by the intrinsic coupling between phonon and charge transport. Here, we introduce graded interfacial size distribution as a thermodynamic design variable that breaks translational symmetry in multilayers, enabling anisotropic regulation of phonon-carrier transport. Using bismuth telluride (Bi
                    2
                    Te
                    3
                    )/metal [gold, silver, and platinum (Pt)] multilayers as a model system, we demonstrate that multiscale interface distributions induce broadband phonon suppression through the coexistence of interfacial scattering, coherent interference, and localization. This yields an ultralow cross-plane thermal conductivity of 0.22 watts per meter per kelvin and a high room-temperature
                    ZT
                    of 1.51 in Bi
                    2
                    Te
                    3
                    /Pt films. Concurrently, asymmetric metal-semiconductor interfaces create quasi–two-dimensional accumulation channels that enhance in-plane carrier mobility while preserving energy filtering, delivering a power factor of 176.2 microwatts per centimeter per square kelvin at 300 kelvin. The graded architecture enables high performance in both vertical and flexible planar devices, illustrating a general strategy in which interface distribution, not merely composition, governs anisotropic heat-charge transport. Our findings establish statistical interface engineering as a platform for thermoelectric energy harvesting and solid-state cooling.",crossref,0
Slow bleaching of water-insoluble brown carbon from biomass burning: Implication for direct radiative effect,https://www.science.org/doi/abs/10.1126/sciadv.aef9320?af=R,AAAS: Science Advances: Table of Contents,2026-08-21 07:00:00 UTC,2026-08-21 07:00:00+00:00,10.1126/sciadv.aef9320,Mikinori Kuwata,"Biomass burning organic aerosol (BBOA) is a major source of atmospheric brown carbon (BrC), which contributes to climate through solar radiation absorption. Chemical aging (bleaching) of BrC diminishes light absorption over time. Although recent modeling studies have emphasized the need to account for bleaching when assessing BrC’s climate impacts, a parameterization representing the entire BBOA matrix has been lacking. Here, we develop a bleaching parameterization for the whole BrC in BBOA based on laboratory experiments that systematically varied temperature and relative humidity. The bleaching timescale increases under low-humidity and low-temperature conditions, likely due to enhanced aerosol viscosity. Implementing this parameterization in a global model increases the simulated direct radiative effect (DRE) of BrC by 1.5 to 2 times relative to previous estimates, with associated uncertainties exceeding 10% of the total organic aerosol DRE. The present scheme particularly shows elevated fresh BrC concentrations in boreal regions, suggesting that bleaching dynamics may influence not only radiative forcing but also snow darkening effects.",crossref,0
Multilocus basis of incipient reproductive isolation in hybridizing populations is revealed by pangenomic and epigenetic divergence,https://www.science.org/doi/abs/10.1126/sciadv.adz6665?af=R,AAAS: Science Advances: Table of Contents,2026-08-21 07:00:00 UTC,2026-08-21 07:00:00+00:00,10.1126/sciadv.adz6665,Riccardo Papa,"Incipient reproductive isolation in the presence of gene flow has traditionally been attributed to a small number of major-effect loci under strong selection. Here, using the
                    Heliconius erato
                    adaptive radiation, we apply a pangenome framework to examine how mutational divergence, regulatory variation, and structural variants contribute to genome-wide divergence. In contrast to earlier studies, our high-resolution analyses reveal widespread divergence across the genome, consistent with a multilocus barrier to gene flow. Our findings support a model in which selection acts on regulatory phenotypes under migration-selection balance, with genetic differentiation becoming more pronounced as gene flow declines. By integrating population-level sampling, we show that apparent population-specific structural and regulatory variation inferred from single-reference genomes is overestimated, reflecting pervasive reference bias. While structural variants contribute to genomic variation, in our system, most are shared or polymorphic rather than fixed differences between populations. Together, our results show that the genomic landscape of
                    H. erato
                    divergence reflects the combined contributions of regulatory variation and mutational change, while highlighting the importance of accounting for reference bias when interpreting structural and regulatory divergence. This multilocus framework provides a more accurate view of how reproductive barriers emerge and strengthen under ongoing gene flow.",crossref,0
"Intrinsic timing, not temporal prediction, underlies ramping dynamics in visual and parietal cortex during passive behavior",https://www.science.org/doi/abs/10.1126/sciadv.aed6417?af=R,AAAS: Science Advances: Table of Contents,2026-08-21 07:00:00 UTC,2026-08-21 07:00:00+00:00,10.1126/sciadv.aed6417,Farzaneh Najafi,"Ramping neural activity is widely interpreted as a signature of predictive processing, but whether these signals truly reflect predictions or instead emerge from sensory mechanisms remains unclear. To address this question, we used two-photon calcium imaging across multiple cell types in visual and parietal cortex, while awake mice passively received repeated audiovisual stimuli presented under distinct temporal structures. Neurons segregated into two broad response classes: stimulus-activated (ramp-down) and stimulus-inhibited (ramp-up) populations with diverse temporal kinetics. Multiple findings argued against a predictive interpretation: Ramping activity was present in naïve animals, neural responses changed immediately after short/long interval transitions, and unexpected stimulus timings elicited nearly identical responses in predictable and irregular contexts. Population analyses further showed that ramping reflected relaxation from stimulus-evoked activity rather than anticipatory buildup. Heterogeneous kinetics generated a robust population code for elapsed time. Together, these findings show that neural ramps during passive stimulation arise from stimulus-evoked dynamics that intrinsically generate temporal signals, rather than from temporal predictive processing.",crossref,0
A multi-functional oral small molecule targeting energy and lipid metabolism to treat obesity and related metabolic disorders,https://www.science.org/doi/abs/10.1126/sciadv.aed3119?af=R,AAAS: Science Advances: Table of Contents,2026-08-21 07:00:00 UTC,2026-08-21 07:00:00+00:00,10.1126/sciadv.aed3119,Anders M. Näär,"Obesity and related metabolic disorders have surged globally, and are mechanistically interconnected through dysregulated energy and lipid metabolism pathways. Current incretin-based obesity treatments act to decrease food intake, but are associated with gastrointestinal side effects and muscle wasting. Here, we identified an orally bioavailable multi-functional small molecule, 5-tetradecyloxy-2-furoic acid (TOFA), that promotes energy expenditure and rebalances lipid synthesis, thereby significantly alleviating obesity, abnormal glucose homeostasis and fatty liver-related diseases without affecting food intake or muscle mass. Mechanistically, TOFA inhibits the lipogenic enzymes acetyl-CoA carboxylases 1 and 2 (ACC1/2) and activates the Peroxisome Proliferator-Activated Receptors alpha and delta (PPARα/δ), key regulators of energy expenditure and lipid metabolism gene expression programs. TOFA acted more than additively with incretin analogs such as semaglutide and tirzepatide to improve obesity, dyslipidemia, and insulin resistance. Our findings suggest that the coordinated multi-targeting of energy metabolism and lipid homeostasis by TOFA is an effective approach to address multiple associated metabolic diseases.",crossref,0
Antigen-experienced airway CD8+ effector memory T cells promote a detour pathway for mycobacterial killing in the spleen,https://www.science.org/doi/abs/10.1126/sciadv.aec7792?af=R,AAAS: Science Advances: Table of Contents,2026-08-21 07:00:00 UTC,2026-08-21 07:00:00+00:00,10.1126/sciadv.aec7792,Andreas Kupz,"A 3-week delay in the onset of T cell immunity to
                    Mycobacterium tuberculosis
                    (
                    Mtb
                    ) infection compromises lung bacterial control, resulting in tuberculosis (TB). Restoring T cell function is a priority. We identified how airway CD44
                    +
                    CD62L
                    −
                    KLRG1
                    +
                    CD8
                    +
                    effector memory T cells (T
                    EM
                    ) in the lung enhance mycobacterial clearance via the spleen. Unexpectedly, a secondary immune response following repeated exposure of mice to Bacille Calmette-Guérin generated lower numbers of T
                    EM
                    versus primary. Paradoxically, lower numbers correlated with faster bacterial clearance, due to enhanced trafficking of secondary T
                    EM
                    to the spleen, where they responded to antigen. Further, secondary T
                    EM
                    recruited dendritic cells, which accelerated bacterial translocation from the lung to the spleen. Treating mice with a threshold number of airway-derived secondary T
                    EM
                    significantly reduced
                    Mtb
                    burden in the lung and spleen. Notably,
                    Mtb
                    killing was expedited by at least 15 days. Repeated antigen encounter bypassed priming requirements and enhanced T
                    EM
                    durability, uncovering a spleen-centered protective mechanism with implications for improved TB vaccines and therapies.",crossref,0
Molecular-driven lead-free halide photoferroelectric solid solution for high-temperature sensitive self-powered x-ray detection,https://www.science.org/doi/abs/10.1126/sciadv.aef7693?af=R,AAAS: Science Advances: Table of Contents,2026-08-21 07:00:00 UTC,2026-08-21 07:00:00+00:00,10.1126/sciadv.aef7693,Junhua Luo,"Halide double perovskite ferroelectrics have recently emerged as an environmentally friendly candidate in radiation detection, photovoltaics, and optoelectronic memory devices due to their unique spontaneous polarization and semiconductor properties. However, it is a huge challenge to achieve efficient carrier transport and high Curie temperature (
                    T
                    c
                    ) in double perovskite ferroelectrics, owing to the limitations of twisted frameworks and structural construction. Here, we present a high-
                    T
                    c
                    heterovalent metal solid solution double perovskite ferroelectric, (4Br2FBZ)
                    2
                    CsAgBiBr
                    7
                    (4Br2FBZ-CAB, 4Br2FBZ = 4-bromo-2-fluorobenzylammonium), through a strategy of cation-engineered symmetry regulation. The metal ions Ag and Bi transitioned from an alternating arrangement to a mixed-site solid solution pattern, effectively optimizing the electronic band structure to enhance carrier transport. Meanwhile, 4Br2FBZ-CAB exhibits a high
                    T
                    c
                    of 484 kelvin, substantially expanding the family of high-
                    T
                    c
                    lead-free ferroelectrics. Benefiting from its remarkable photoelectric and ferroelectric properties, a high self-powered x-ray detection sensitivity of 273.8 microcoulomb per gray per square centimeter (μC Gy
                    air
                    −1
                    cm
                    −2
                    ) was achieved at room temperature. In addition, this exceptionally high
                    T
                    c
                    enables the detector to operate self-powered at high temperatures, resulting in an excellent sensitivity of 896.9 μC Gy
                    air
                    −1
                    cm
                    −2
                    and a low detection limit of 13.9 nGy
                    air
                    s
                    −1
                    at 425 kelvin. This work opens an avenue for expanding the family of high-
                    T
                    c
                    lead-free perovskite ferroelectrics with superior semiconducting properties.",crossref,0
Tailored nanoporous architecture in flexible polymeric aerogel enabling ultrabroadband PHz (VL)–THz–GHz wireless communication,https://www.science.org/doi/abs/10.1126/sciadv.aec4385?af=R,AAAS: Science Advances: Table of Contents,2026-08-21 07:00:00 UTC,2026-08-21 07:00:00+00:00,10.1126/sciadv.aec4385,Chul B. Park,"Ultrabroadband electromagnetic wave (EMW) transparent materials across petahertz (PHz; visible light range), terahertz (THz), and gigahertz (GHz) range are crucial for sixth-generation (6G) to XG wireless communication. However, current EMW transparent materials cannot meet the design requirements for ultrabroadband PHz-THz-GHz antenna devices. In this study, we report the design and fabrication of flexible polyimide aerogel (PIA) capable of PHz-THz-GHz transmission based on a hybrid cross-linking strategy: (i) The combination of chemical and physical cross-linking enables the construction of a highly porous topology, yielding an ultralow dielectric constant (D
                    
                      k
                    
                     ∼ 1.1) and improved impedance matching to minimize EMW interfacial reflection; (ii) coupling the hybrid cross-linking network with supercritical CO
                    2
                    (scCO
                    2
                    ) drying produces a uniform nanoporous architecture, effectively suppressing EMW Mie scattering; (iii) hybrid cross-linking strategy integrated with fluoride functional group modification design further reduces multiband EMW absorption across the PHz-THz-GHz range. Meanwhile, these aerogel materials demonstrate outstanding environmental stability and mechanical robustness, enabling their use in extended application scenarios. Consequently, an ultrabroadband PHz-GHz antenna was fabricated using the PIA material as the transmission interface, demonstrating continuous wireless communication even when the low-frequency GHz band is partially blocked by maintaining signal transmission through the high-frequency PHz band.",crossref,0
Nonlocal microwave engineering: Shaping dispersion relations and enabling pulse transformations via time-switched long-range couplings,https://www.science.org/doi/abs/10.1126/sciadv.aei2400?af=R,AAAS: Science Advances: Table of Contents,2026-08-21 07:00:00 UTC,2026-08-21 07:00:00+00:00,10.1126/sciadv.aei2400,Francesco Monticone,"Nonlocal metamaterials have recently attracted considerable attention across different areas of wave physics, owing to their ability to translate long-range interactions among meta-atoms into a wide array of wave vector–dependent responses and functionalities. Here, we introduce nonlocal transmission-line metamaterials (TL MTMs) as a versatile platform to investigate and engineer nonlocality in the microwave frequency regime. We first establish a concise theoretical framework for nonlocal TL MTMs based on circuit and network theory, from which we derive the general dispersion relation for TL MTMs with arbitrarily complex nonlocal coupling configurations. Building on this foundation, we demonstrate how such structures can be used to synthesize nearly arbitrary even-symmetric dispersion relations, effectively linking nonlocal circuit parameters to prescribed dispersion profiles. We then introduce time-switched nonlocal TL MTMs, a class of metamaterials with time-varying nonlocality in which the nonlocal branches are dynamically activated as an electromagnetic pulse propagates through the structure. This platform enables complex transformations on a propagating pulse, as well as the excitation of modes with positive, negative, and zero group velocity. Last, we experimentally validate our theoretical and numerical predictions with a proof-of-concept demonstration of a time-switched nonlocal TL MTM, observing a vertical transition in the dispersion diagram induced by abrupt time switching. Our results provide key physical insights into the behavior of nonlocal MTMs, establish a versatile platform to investigate the interplay of frequency dispersion, spatial dispersion and time modulation, and lay a general foundation for the design of more advanced nonlocal and time-varying electromagnetic and photonic systems.",crossref,0
Strong anharmonicity driven wave-like thermal transport and high thermoelectric performance in TlCu5Se3,https://www.science.org/doi/abs/10.1126/sciadv.aeh9096?af=R,AAAS: Science Advances: Table of Contents,2026-08-21 07:00:00 UTC,2026-08-21 07:00:00+00:00,10.1126/sciadv.aeh9096,Kanishka Biswas,"Thermal transport in crystalline solids generally occurs via particle-like phonon propagation. Here, we demonstrate the dominant unusual wave-like phonon transport and high thermoelectric figure-of-merit (zT) of ∼1.42 at 673 K in crystalline TlCu
                    5
                    Se
                    3
                    due to the strong anharmonicity exerted by confined Cu dynamic disorder and Tl rattling. TlCu
                    5
                    Se
                    3
                    shows an intrinsic ultralow lattice thermal conductivity of (κ
                    L
                    ) 0.3–0.2 W m
                    −1
                     K
                    −1
                    across the temperature range of 294–673 K. Density functional theory calculations and ab-initio molecular dynamics simulations reveal that strong lattice anharmonicity arises due to confined dynamic disorder of the Cu sublattice. The complex knot-like structure with strong anharmonicity reduces phonon lifetime below the Wigner limit, leading to substantial inter-band phonon coupling and a dominant wave-like coherence. By further tuning cationic vacancies to optimize electrical transport, we achieve an enhanced zT of ∼1.7 at 673 K in TlCu
                    5-x
                    Se
                    3
                    (x = 0.03–0.07), demonstrating that confined ion dynamics not only maintains ultralow κ
                    L
                    but also enhances thermoelectric performance without compromising the stability.",crossref,0
"Rapid fabrication of stretchable, ultratough, and rigid polymer materials",https://www.science.org/doi/abs/10.1126/sciadv.aeh7273?af=R,AAAS: Science Advances: Table of Contents,2026-08-21 07:00:00 UTC,2026-08-21 07:00:00+00:00,10.1126/sciadv.aeh7273,Zhihui Qin,"Polymer materials hold great promise for various applications but face trade-offs among stiffness, toughness, stretchability, and scalable fabrication. Here, we report a strategy that integrates dense side-chain hydrogen-bonding motifs capable of conformational transitions into a highly entangled flexible polymer network through photocuring copolymerization of acrylamide-based and hydroxyl-terminated acrylate monomers, enabling the rapid fabrication of stiff, tough, and stretchable polymers. The densely cross-linked structure restricts chain mobility, while hierarchical hydrogen bonds with partially low rotational energy barriers reversibly dissociate under strain, allowing the extensibility of the entangled network and continuous energy dissipation. The resulting polymers exhibit high Young’s modulus (515.0 ± 100.9 megapascals) and yield strength (57.8 ± 1.8 megapascals) while maintaining exceptional toughness (135.7 ± 10.7 megajoules per cubic meter) and fracture strain (400.1 ± 46.1%) and full strain recovery upon heating. These polymers can be fabricated into complex structures via three-dimensional printing and exhibit shape-memory, impact-resistant, and adhesive properties. This work establishes a generalizable strategy for designing high-performance polymer materials through simple photopolymerization.",crossref,0
Unifying energy and information harvesting for high-rate self-powered sensing,https://www.science.org/doi/abs/10.1126/sciadv.aeh0436?af=R,AAAS: Science Advances: Table of Contents,2026-08-21 07:00:00 UTC,2026-08-21 07:00:00+00:00,10.1126/sciadv.aeh0436,Minyi Xu,"High-fidelity sensing remains highly challenging in self-powered systems, as the limited power of energy harvesters constrains data acquisition and transmission. In this work, we present a wireless, intelligent, self-powered environmental node (WISE-Node) that simultaneously harvests energy and collects sensing information from ambient vibrations. Its multi-contact triboelectric vibration energy harvester (MC-TVEH) achieves an ultra-wide bandwidth of 10–300 Hz, delivering peak and RMS power densities of 13.42 kW/m
                    3
                    and 1.73 kW/m
                    3
                    , respectively. The WISE-Node also functions as a broadband sensor, accurately tracking excitation frequencies via FFT analysis (
                    R
                    2
                     = 0.9997 across 3–10,000 Hz). Using a Random Forest classifier on the acquired data, the WISE-Node identifies flange conditions with 99.38% accuracy. Field tests on marine engines and generators validate its robust performance, achieving a cold start in just 28.8 s and maintaining fully self-powered 1000 Hz sampling and stable wireless transmission. These results highlight the proposed WISE-Node’s strong potential for self-sustained high-fidelity sensing, thereby advancing next-generation battery-free industrial IoT and digital twin technologies.",crossref,0
Mortise-and-tenon molecular chains enable polymeric hexagonal crystallinity with superior high-temperature capacitor performance,https://www.science.org/doi/abs/10.1126/sciadv.aeg8624?af=R,AAAS: Science Advances: Table of Contents,2026-08-21 07:00:00 UTC,2026-08-21 07:00:00+00:00,10.1126/sciadv.aeg8624,Qing Wang,"High-symmetry crystalline materials exhibit superior physical properties. However, polymers lack high-symmetry crystals due to their long-chain characteristics. Herein, we report that all-
                    trans
                    poly(adamantane-norbornene-imide) can form high-symmetry hexagonal crystal, exhibiting superior electrical insulation properties and capacitor performances at an elevated temperature of 250°C, characterized by a high breakdown voltage of 802 megavolts per meter, and a notable discharged energy density of 7.29 joules per cubic centimeter, which surpasses all previously reported polymers. We propose that the mortise-and-tenon interlocking between adamantane side groups in polymer chains enables perfectly symmetrical alignment of polymer molecular chains, thereby addressing the challenge of forming high-symmetry crystals in polymers. We anticipate that the mortise-and-tenon interlocking mechanism of polymer chains will lead to the development of more polymers with high-symmetry crystal and superior physical properties.",crossref,0
Thermal bottlenecks constrain early-life survival of native fish in regulated rivers,https://www.science.org/doi/abs/10.1126/sciadv.aeg3586?af=R,AAAS: Science Advances: Table of Contents,2026-08-21 07:00:00 UTC,2026-08-21 07:00:00+00:00,10.1126/sciadv.aeg3586,Rachel C. Johnson,"Climate change is reshaping thermal regimes worldwide, threatening species whose early development depends on narrow temperature ranges. Yet directly linking warming to reproductive failure in wild populations remains intractable, particularly in aquatic ecosystems. We developed an empirical framework integrating stable isotope thermometry of archival tissues, landscape-scale temperature modeling, and field surveys to identify when and where successful reproduction occurs. Applying this approach to endangered winter-run Chinook salmon confined below a large dam, we revealed a narrow “critical thermal window” during early development. Surviving juveniles experienced temperatures below 12.5°C within ∼15 days of fertilization, and modest warming during this period sharply reduced survival. In warm years, dam-released cold-water overlapped only briefly with this window, restricting successful reproduction to a small fraction of the total spawning season. These results show how climate warming and river regulation interact to constrain population persistence and provide a framework to guide research on assessing climate vulnerability in temperature-sensitive species.",crossref,0
A ciliated intravascular soft millirobot for multimodal in-flow collective manipulation,https://www.science.org/doi/abs/10.1126/sciadv.aeg3333?af=R,AAAS: Science Advances: Table of Contents,2026-08-21 07:00:00 UTC,2026-08-21 07:00:00+00:00,10.1126/sciadv.aeg3333,Jiangfan Yu,"The laminar nature of blood flow and the resulting boundary layer pose substantial challenges for transverse mass transport in blood vessels, limiting intravascular biomedical applications such as targeted delivery, thrombolysis and biomarker enrichment. Herein, we develop a ciliated intravascular millirobot, CiliaVine, for active manipulation of particle and cell collectives through flow regulation. Actuated by tailored magnetic fields, soft cilia on the robot oscillate in different modes, generating desired flow patterns for flow regulation. CiliaVine enhances the transverse transport that is otherwise suppressed under laminar flow, driving circulating collectives from the vessel center toward the vessel wall for drug penetration, or reversing transport for thrombus residue clearance. Flow regulation is investigated in a vascular model using fluorescent tracer particles. Enhanced targeted drug delivery and accelerated thrombolysis enabled by the robot are validated. Circulating tumor cell (CTC) enrichment is evaluated using cancer patient blood and in tumor-bearing rabbits, revealing its effectiveness in physiological environments and its potential for intravascular rare-cell enrichment.",crossref,0
Modeling the effects of climate risk on primates globally: New perspectives on conservation priorities,https://www.science.org/doi/abs/10.1126/sciadv.aeg0031?af=R,AAAS: Science Advances: Table of Contents,2026-08-21 07:00:00 UTC,2026-08-21 07:00:00+00:00,10.1126/sciadv.aeg0031,Ming Li,"Rapid climate change poses a severe threat to biodiversity, and phylogenetic diversity—a key metric capturing evolutionary uniqueness and adaptive potential—is critical for conservation. Integrating a well-resolved phylogenetic tree of 424 primate species, we combined spatial analysis and climate risk modeling to explore global spatiotemporal patterns of primates and assess their vulnerability under future climate scenarios. The results suggest a pronounced latitudinal pattern in primate distribution, with isothermality and annual mean precipitation as key drivers. Primate species in the American tropics (Mexico, Central, and South America) and southern China showed later divergence times and lower phylogenetic diversity, emerging as neo-hotspots for primates. Under future climate change, species in these neo-hotspots will face higher climate risks than those in paleo-hotspots of primate diversity. In addition, high human pressure, high climate risk, and limited protected area coverage increase species and population survival risks in hotspot regions. Overall, this global study deepens our understanding of biodiversity conservation under current climate change scenarios and synergistically advances the preservation of numerous natural services essential to ecosystem health and human well-being. Our study provides a spatially explicit framework to fulfill Targets 3 and 8 of the Kunming-Montreal Global Biodiversity Framework.",crossref,0
Single-cell quantification reveals divergent mixotrophic strategies underlying niche partitioning in marine Synechococcus,https://www.science.org/doi/abs/10.1126/sciadv.aef8347?af=R,AAAS: Science Advances: Table of Contents,2026-08-21 07:00:00 UTC,2026-08-21 07:00:00+00:00,10.1126/sciadv.aef8347,Qiang Zheng,"Marine
                    Synechococcus
                    is among the most widespread and productive autotrophs in the ocean, yet the quantitative role of mixotrophy in different lineages remains poorly constrained. Here, we compared organic nitrogen (urea and leucine) and carbon (glucose) utilization in nutrient-depleted versus nutrient-rich
                    Synechococcus
                    lineages by combining NanoSIMS-based single-cell measurements from field and laboratory incubations with omics analyses. Our findings revealed distinct mixotrophic strategies in different lineages. In nutrient-depleted lineages, elevated urea uptake supplied approximately 40–63% of the estimated total nitrogen demand. This pattern aligned with genomic evidence of enhanced urea transport, particularly the up-regulation of the high-affinity urea transporter
                    DUR3
                    in low-nitrogen environments. In contrast, nutrient-rich lineages exhibited greater glucose uptake, although the amended organic substrates contributed only 2 to 4% to the estimated cellular carbon demand. These lineage-specific mixotrophic strategies underpinned niche partitioning in marine
                    Synechococcus
                    , refining our understanding of their trophic differentiation and its implications for marine biogeochemical cycling.",crossref,0
End-to-end all-optical in-sensor computing system using photonic integrated circuits,https://www.science.org/doi/abs/10.1126/sciadv.aef8657?af=R,AAAS: Science Advances: Table of Contents,2026-08-21 07:00:00 UTC,2026-08-21 07:00:00+00:00,10.1126/sciadv.aef8657,Chengkuo Lee,"Photonic sensors play an increasingly important role in chemical analysis, but conventional systems rely on sequential wavelength scanning and extensive electronic post-processing, leading to large data redundancy, high latency, and excessive energy consumption. Here, we introduce an end-to-end all-optical in-sensor computing system based on photonic integrated circuits that merges sensing and computing in the optical domain. The system integrates a photonic waveguide sensor and a microring weight bank on a single chip for linear processing, while nonlinear activation is implemented using an erbium-doped fiber amplifier. By performing spectral compression, this system enables real-time optical-domain computing with up to 6-bit precision. The system achieves a classification accuracy of 94.2% across 27 liquid-mixture classes and concentration prediction for mixture chemicals. Compared with conventional photonic sensing systems, the proposed architecture reduces inference latency by a factor of 4.48 and energy consumption by a factor of 11.47. These results establish a compact, low-redundancy, and energy-efficient paradigm for intelligent photonic sensing at the edge.",crossref,0
Enriched experience increases reciprocal synaptic connectivity and coding sparsity in higher-order cortex,https://www.science.org/doi/abs/10.1126/sciadv.aec3893?af=R,AAAS: Science Advances: Table of Contents,2026-08-21 07:00:00 UTC,2026-08-21 07:00:00+00:00,10.1126/sciadv.aec3893,Bruce L. McNaughton,"The integration of new information during sleep reshapes cortical representations that support categorical knowledge. Autoassociative attractor network theories predict that reciprocal excitatory connections help form stable categorical attractors, but direct evidence is missing. We tested this using 10 weeks of enriched experience [environmental enrichment (ENR)] in mice as a model for knowledge accumulation and recorded single-unit activity across the hippocampus and neocortex. ENR induced significant remodeling in high-level but not low-level neocortex, with a major shift from unidirectional to bidirectional functional excitatory-excitatory connections, suggestive of increased “cell assemblies.” This was accompanied by increased inhibitory-to-excitatory connections and sparser, more orthogonal population activity during awake rest and slow-wave sleep, particularly in deep layers. Thus, ENR reorganizes cortical circuits into a symmetric, inhibition-balanced network that improves coding efficiency, supporting long-standing attractor network predictions.",crossref,0
Large-scale proteomics to identify novel biomarkers linking social determinants of health to heart failure risk,https://www.science.org/doi/abs/10.1126/sciadv.aec5063?af=R,AAAS: Science Advances: Table of Contents,2026-08-21 07:00:00 UTC,2026-08-21 07:00:00+00:00,10.1126/sciadv.aec5063,Amil M. Shah,"Adverse social determinants of health (SDOH) associate with greater heart failure (HF) risk. Among 9879 community-based participants of the Atherosclerosis Risk in Communities (ARIC) cohort study, we assessed 4955 plasma proteins using an aptamer-based platform (SomaLogic). We derived an SDOH factor comprising income, education, and area deprivation index (ADI) in Black and white participants. Proteins associated with this factor at Bonferroni significance were tested for associations with incident HF using multivariable Cox proportional hazard models. Among Black participants, 36 proteins were associated with both the SDOH factor and incident HF, 126 were among white participants, and 12 were shared between race strata. Eight of these demonstrated significant mediation effect in causal mediation models. Key results were replicated in 49,396 participants in UK Biobank. Mendelian randomization and colocalization suggested a potentially causal effect of C1q tumor necrosis factor–related protein 1 (C1QTNF1), an adiponectin paralog, on HF. We demonstrate protein biomarkers associated with SDOH burden and HF risk.",crossref,0
Constitutively active glucagon receptor (GCGR) physiologically regulates body temperature in lizards,https://www.science.org/doi/abs/10.1126/sciadv.aeb8744?af=R,AAAS: Science Advances: Table of Contents,2026-08-21 07:00:00 UTC,2026-08-21 07:00:00+00:00,10.1126/sciadv.aeb8744,Cheng Deng,"Endotherms use complex internal mechanisms to maintain a steady body temperature, whereas ectotherms rely on environmental factors and behaviors for thermoregulation. Certain ectothermic animals, like some lizards, can also physiologically regulate their body temperature to some extent, with interspecies variations in thermoregulatory capacity under low-temperature conditions. However, the molecular mechanisms underlying this physiological regulation have remained unclear since its discovery about 80 years ago. Here, we reveal that the hepatic expression of constitutively active glucagon receptor (GCGR) in lizards, particularly in iguana, correlated with their thermoregulatory capacity when kept at low temperatures. When
                    Pogona vitticeps
                    and
                    Phrynocephalus vlangalii
                    with thermoregulatory capacity were treated with short hairpin RNA–
                    GCGR
                    or GCGR antagonist, their body temperatures dropped, and the expression of genes related to energy metabolism and respiratory metabolic rate was down-regulated. In contrast,
                    Eremias argus
                    , lacking thermoregulatory ability, revealed low hepatic GCGR expression. Overexpression of
                    P. vitticeps GCGR
                    (pv
                    GCGR
                    ) in the liver of
                    E. argus
                    increased body temperature and enhanced energy metabolism. Furthermore, in mice with reduced thermoregulatory ability by chlorpromazine administration, overexpression of constitutively active GCGR ligand-independently increased body temperature under cold conditions. In conclusion, constitutively active GCGR drives the physiological thermoregulation in lizards, and our study offered previously unidentified insights into expression regulation of constitutively active GPCR into physiological adaptations responding to environmental changes.",crossref,0
Advances in small area population estimation in the absence of national census data,https://www.pnas.org/doi/abs/10.1073/pnas.2413993123?mi=eymic2&af=R&access=on&content=articlesChapters&publication=pnas&sortBy=Earliest&target=default,Proceedings of the National Academy of Sciences: Keyword search for query,2026-08-21 07:00:00 UTC,2026-08-21 07:00:00+00:00,10.1073/pnas.2413993123,Attila N. Lázár,"Population data at small area scales are essential for effective decision-making, influencing public health, disaster response, and resource allocation, among others. While national censuses remain the cornerstone of population data, they are often constrained by high costs, infrequent collection cycles, and coverage gaps, which can hinder timely data availability. To address these challenges, geospatial statistical approaches using limited microcensus surveys have been demonstrated as a reliable source, but the field has advanced substantially in recent years, with significant developments in both data sources and modeling methodologies. New approaches now leverage routine health intervention campaign data, satellite-derived settlement maps, and bespoke modeling approaches to produce reliable small area population estimates where enumeration is difficult or outdated. Various countries are applying these techniques to support census operations, health program planning, and humanitarian response. This manuscript reviews recent advances in “bottom-up” population mapping approaches, highlighting innovations in input data, modeling methods, and validation techniques. We examine ongoing challenges, including partial observation of buildings under forest canopy, population displacement, and institutional uptake. Finally, we discuss emerging opportunities to enhance these approaches through better integration with traditional data ecosystems, capacity strengthening, and coproduction with national institutions.",crossref,0
Loss of Sox10 prevents tumor initiation in vivo and induces luminal-to-basal reprogramming in Neu+ tumor cells,https://www.pnas.org/doi/abs/10.1073/pnas.2520063123?mi=eymic2&af=R&access=on&content=articlesChapters&publication=pnas&sortBy=Earliest&target=default,Proceedings of the National Academy of Sciences: Keyword search for query,2026-08-21 07:00:00 UTC,2026-08-21 07:00:00+00:00,10.1073/pnas.2520063123,Luc A. Sabourin,"The SRY-HMG-Box transcription factor SOX10 plays a critical role in neural crest development, but its function in epithelial tumorigenesis remains unclear. Here, we identify SOX10 as a key regulator of tumor-initiating activity in Neu-driven mammary cancers. Genetic ablation of Sox10 in the luminal compartment of MMTV-Neu (NIC) mice resulted in delayed but normal mammary gland development. Sox10 deletion resulted in a reduction in mammary progenitors and a complete loss of tumor initiation in Sox10-deficient luminal cells. CRISPR/Cas9-mediated Sox10 inactivation in Neu-transformed tumor cells led to diminished self-renewal in mammosphere assays, markedly impaired growth in orthotopic transplant models and profoundly reduced lung colonization following tail vein injection, suggesting a depletion of cancer stem cell activity. Transcriptomic profiling revealed that Sox10-deficiency in Neu+ tumor cells induces a luminal-to-basal/mesenchymal-like shift and the downregulation of several genes associated with genetic networks regulating stemness. Collectively, these findings demonstrate that Sox10 is required for a permissive luminal cell state for Neu-driven tumor initiation and that it is critical for cancer stem cell activity and the establishment of metastases.",crossref,0
ALKBH3 inhibition normalizes neovessels by reprogramming endothelial fate in diabetic microvasculopathy,https://www.pnas.org/doi/abs/10.1073/pnas.2602779123?mi=eymic2&af=R&access=on&content=articlesChapters&publication=pnas&sortBy=Earliest&target=default,Proceedings of the National Academy of Sciences: Keyword search for query,2026-08-21 07:00:00 UTC,2026-08-21 07:00:00+00:00,10.1073/pnas.2602779123,Xue Chen,"Diabetic microvasculopathy is a serious diabetes complication, with diabetic retinopathy (DR) being a leading cause of blindness worldwide due to immature, leaky neovessels. Antiangiogenic therapies merely suppress neovascularization, leaving the retina oxygen-starved and prone to regrowth. Thus, therapies that stabilize aberrant neovessels are needed. We identify the RNA demethylase ALKBH3 as an epitranscriptional driver of diabetic microvasculopathy. Upregulated ALKBH3 in diabetic vascular endothelial cells promoted a pathological shift to an unstable, pro-angiogenic phenotype, disrupting blood-retinal barrier and forming immature neovessels, which impaired vision. Conversely, removing ALKBH3 protected against this. Mechanistically, ALKBH3 demethylated
                    BMP2
                    mRNA to increase its stability via YTHDF2. We further developed a neovasculature-targeting nanoparticle delivering the ALKBH3 inhibitor HUHS015, which normalized retinal neovascularization by simultaneously limiting growth and promoting maturation. It acted synergistically with vascular endothelial growth factor (VEGF) blockade, suggesting potential for anti-VEGF-resistant cases. Our work defines ALKBH3 as a key mediator of diabetic microvasculopathy and supports a VEGF-independent therapeutic paradigm that shifts the focus from vessel suppression to active normalization.",crossref,0
Impacts of land use and fallowing on coccidioidomycosis incidence in California: A population-based longitudinal study,https://www.science.org/doi/abs/10.1126/sciadv.aec0156?af=R,AAAS: Science Advances: Table of Contents,2026-08-21 07:00:00 UTC,2026-08-21 07:00:00+00:00,10.1126/sciadv.aec0156,Justin V. Remais,"Coccidioidomycosis (Valley fever) is a growing public health concern in the western U.S., with California reporting more than an eightfold rise in cases over the past two decades. As climate change, groundwater regulation, and prolonged drought drive major agricultural land-use shifts in the state, including widespread retirement of cultivated lands (i.e., fallowing), understanding their effects on this soil-borne fungal infection is critical. We linked 65,657 confirmed, geolocated cases (2008–2021) to high-resolution maps distinguishing natural vegetation, crop types, and fallowed fields to quantify how land use and land cover were associated with disease rates. Flexible statistical models showed that natural land covers, shrubland, barren ground, and grassland, were associated with higher incidence. Some agricultural uses (grain/hay, field crops, corn, and cotton) were associated with higher incidence, whereas others (orchards, rice, and truck crops/berries) were associated with lower incidence. Recently fallowed land (1 to 4 years) was linked to higher incidence, but the effect depended on prior cultivation. These findings indicate that land use changes may inadvertently impact coccidioidomycosis risk, underscoring the need for dust control and other measures to protect communities.",crossref,0
Co-option of ancestral stem regulators drove recurrent evolution of underground storage organs,https://www.pnas.org/doi/abs/10.1073/pnas.2606323123?mi=eymic2&af=R&access=on&content=articlesChapters&publication=pnas&sortBy=Earliest&target=default,Proceedings of the National Academy of Sciences: Keyword search for query,2026-08-21 07:00:00 UTC,2026-08-21 07:00:00+00:00,10.1073/pnas.2606323123,C. Robin Buell,"Geophytes are plants that produce underground storage organs such as tubers, rhizomes, and bulbs, to facilitate asexual reproduction and withstand a myriad of environmental challenges. While the potato (
                    Solanum tuberosum
                    L.) serves as the primary model for studying tuberization, the genetic mechanisms encoding this trait across diverse angiosperm lineages remains unclear. This study utilized a phylogenomic-transcriptomic approach to compare tuber development across nine tuberizing species with five nontuberizing sister taxa. We identified orthologs of key potato tuberization genes that exhibit similar expression in the stolons or tubers of these distant relatives. In nontuberizing species, these orthologs exhibit distinct expression profiles and are primarily expressed in the stem. This suggests that the independent evolution of tubers across angiosperms resulted from shifts in the expression of preexisting genes that led to their co-option. This process, also known as exaptation, occurs when existing genetic suites are recruited for entirely new biological functions. This mechanism stands in contrast to the repeated loss or gain of genes, which has been associated with the origin of other adaptive plant traits. Furthermore, the co-option of the same genes was observed in species with other stem-derived storage organs, such as rhizomes and runners. These findings reveal a conserved evolutionary model for the development of stem-derived geophyte organs that evolved independently across the flowering plants over the past 160 My.",crossref,0
Urban tree canopy fragmentation and child mortality in low- and middle-income countries,https://www.pnas.org/doi/abs/10.1073/pnas.2606669123?mi=eymic2&af=R&access=on&content=articlesChapters&publication=pnas&sortBy=Earliest&target=default,Proceedings of the National Academy of Sciences: Keyword search for query,2026-08-21 07:00:00 UTC,2026-08-21 07:00:00+00:00,10.1073/pnas.2606669123,Puay Yok Tan,"Exposure to urban green spaces is associated with lower risks of several leading causes of under-5 mortality (U5M). While urban development improves infrastructure, healthcare access, and socioeconomic conditions, rapid urbanization in low- and middle-income countries (LMICs) has also accelerated the loss and fragmentation of green spaces. Such fragmentation may weaken ecosystem services critical for child health and increase exposure to vector-borne infections, yet its implications for U5M remain poorly understood and must be weighed against the benefits of urbanization. Here, we quantified associations between urban tree canopy cover and canopy aggregation with all-cause U5M using individual-level longitudinal mortality data between 2000 and 2019 from 57 LMICs, and identified priority areas for expanding canopy cover and improving canopy aggregation across 98 LMICs using counterfactual scenario analyses. The association between canopy cover and U5M was nonlinear, with risk declining steeply at low-to-intermediate levels of canopy cover. At a given level of canopy cover, every 1% increase in tree-to-tree adjacency was associated with a 0.17% reduction in mortality risk (hazard ratio: 0.9983, 95% CI: 0.9972 to 0.9995). The largest contiguous high-priority areas were concentrated in the West Sudanian Savanna, the eastern Punjab region of Pakistan, and the Ganges–Brahmaputra Delta in Bangladesh, where high U5M burdens align with substantial potential to improve tree canopy. This study establishes a robust association between tree canopy characteristics and U5M across LMICs. We identify canopy cover and fragmentation as potentially modifiable risk factors, highlighting important implications of urban greening design for delivering cobenefits for child health and climate mitigation.",crossref,0
YBX1 regulates RNA polymerase III transcripts to prevent inflammation,https://www.pnas.org/doi/abs/10.1073/pnas.2605741123?mi=eymic2&af=R&access=on&content=articlesChapters&publication=pnas&sortBy=Earliest&target=default,Proceedings of the National Academy of Sciences: Keyword search for query,2026-08-21 07:00:00 UTC,2026-08-21 07:00:00+00:00,10.1073/pnas.2605741123,Mariano A. Garcia-Blanco,"Tolerance of endogenous nucleic acids is crucial for cellular homeostasis and when perturbed can lead to immune dysregulation. RNA-binding proteins (RBPs) bind, modify, and compartmentalize endogenous RNAs to prevent their recognition by the innate immune system. We found that loss of a highly abundant RBP, the cold shock domain containing Y-box binding protein 1 (YBX1), results in the spontaneous induction of an IL6/STAT3 inflammatory response and the upregulation of interferon-stimulated genes. A meta-analysis of other studies reveals that the depletion of YBX1 orthologs and paralogs results in a similar proinflammatory gene signature, suggesting a conserved role of Y-box proteins in maintaining innate immune homeostasis. Among RNAs that interact with YBX1, we tested whether endogenous RNA polymerase III (RNAP III) transcripts stimulate innate immune signaling when YBX1 is depleted. We demonstrate that the inflammatory responses induced by the loss of YBX1 are abrogated by inhibiting RNAP III transcription and RIG-I signaling. Hence, we hypothesize that by regulating RNAP III transcripts, YBX1 prevents their recognition by the innate immune system, uncovering a role of this RBP in maintaining cellular homeostasis and tolerance to endogenous RNAs. The conservation of this phenotype across YBX1 orthologs and paralogs argues that RNA shielding by cold shock domain proteins represents an evolutionarily conserved solution to the problem of endogenous RNA immunogenicity.",crossref,0
Macrophages diverge into profibrotic SAMs and proresolving ReM2 cells to regulate liver fibrosis,https://www.pnas.org/doi/abs/10.1073/pnas.2611441123?mi=eymic2&af=R&access=on&content=articlesChapters&publication=pnas&sortBy=Earliest&target=default,Proceedings of the National Academy of Sciences: Keyword search for query,2026-08-21 07:00:00 UTC,2026-08-21 07:00:00+00:00,10.1073/pnas.2611441123,Haining Zhou,"A central question in liver fibrosis is how macrophages, key regulators of inflammation and tissue repair, are divergently programmed to either promote scar formation or drive its resolution. Here, we identify a macrophage axis that governs this balance. While scar-associated macrophages (SAMs) promote fibrogenesis through cytokine-mediated activation of hepatic stellate cells, a previously uncharacterized macrophage subset, termed ReM2, orchestrates fibrosis regression. ReM2 arises from circulating monocytes following liver injury, accumulates during fibrogenesis, and peaks during the resolution phase. Mechanistically, ReM2-dependent fibrosis regression requires the expression of specific receptors, including FCGR4 and ITGA4, which may mediate this effect by enabling direct recognition and phagocytic clearance of collagen I and fibronectin from the extracellular matrix. These findings reveal a functional divergence of monocyte-derived macrophages that governs fibrosis progression vs. resolution and suggest that therapeutic rebalancing of the SAM–ReM2 axis may represent a promising strategy for treating liver fibrosis.",crossref,0
Profile of C. Robin Buell,https://www.pnas.org/doi/abs/10.1073/pnas.2625944123?mi=eymic2&af=R&access=on&content=articlesChapters&publication=pnas&sortBy=Earliest&target=default,Proceedings of the National Academy of Sciences: Keyword search for query,2026-08-21 07:00:00 UTC,2026-08-21 07:00:00+00:00,10.1073/pnas.2625944123,Sarah C. P. Williams,"C. Robin Buell has been a leading figure in plant genomics since the advent of DNA sequencing technology. She helped lead multiple consortia to sequence some of the first crop genomes at the turn of the millennium. She has since used the genomes to tackle questions in fundamental biology, plant evolution, and agriculture. Recently, she applied single-cell technologies to uncover how complex biosynthetic pathways are compartmentalized across different rare plant cell types. Now at the University of Georgia, Buell explores in her Inaugural Article how tubers arose repeatedly in the plant family tree.",crossref,0
RNA delivery to the corneal endothelium using charge-altering releasable transporters,https://www.science.org/doi/abs/10.1126/sciadv.ady8161?af=R,AAAS: Science Advances: Table of Contents,2026-08-21 07:00:00 UTC,2026-08-21 07:00:00+00:00,10.1126/sciadv.ady8161,Howard Y. Chang,"RNA therapies hold tremendous promise for treating genetic eye diseases. However, their development is limited by the lack of non-viral delivery platforms that can target specific ocular cell types. Here, we describe a charge-altering releasable transporter (CART) that delivers RNA selectively to the corneal endothelium, a non-regenerative cell layer whose dysfunction underlies several blinding conditions. We characterize the safety of CART-RNA nanoparticles in mice and show that they facilitate delivery of diverse RNA cargoes to the corneal endothelium, including circular RNA and CRISPR/Cas9. We verify that these nanoparticles can be redosed and apply them to achieve corneal gene editing. We further demonstrate CART transfection of corneal endothelial cells from a human donor in vitro and in a non-human primate in vivo, supporting the feasibility of clinical translation. Our findings establish CARTs as a platform for non-viral gene delivery to the eye, with the potential to treat corneal dystrophies and other vision disorders.",crossref,0
3D-Printed biodegradable and multifunctional cranial device for bone repair and healing assessment,https://www.science.org/doi/abs/10.1126/sciadv.adz2632?af=R,AAAS: Science Advances: Table of Contents,2026-08-21 07:00:00 UTC,2026-08-21 07:00:00+00:00,10.1126/sciadv.adz2632,Lan Yin,"Critical-sized bone defects pose substantial clinical challenges, requiring both regenerative and diagnostic strategies for effective treatment. Here, we report a biodegradable, multifunctional cranial device based on three-dimensional printing. The device integrates a self-electrified scaffold based on a transient zinc-molybdenum battery and an impedance sensor for simultaneous electrical stimulation and continuous assessment of bone healing. The beneficial effects of electrical cues are attributed to elevated calcium ion influx, reactive oxygen species signaling, and up-regulated osteogenesis-related genes. In a rodent cranial defect model, the device promotes osteogenesis while enabling dynamic tracking of early tissue regeneration through impedance measurements. The increase in impedance is associated with enhanced collagen deposition and matrix mineralization. By uniting therapeutic stimulation with in situ monitoring, this work offers a platform for intelligent bone repair with broad potential in regenerative medicine.",crossref,0
Spiderweb-inspired electronically conductive hygroscopic adhesive for chronic bioelectronic interface,https://www.science.org/doi/abs/10.1126/sciadv.aea3748?af=R,AAAS: Science Advances: Table of Contents,2026-08-21 07:00:00 UTC,2026-08-21 07:00:00+00:00,10.1126/sciadv.aea3748,Peng Chen,"Long-term physiological signal monitoring is critical for accurate diagnosis and effective management of chronic diseases. However, current electrode technologies face significant drawbacks: dry electrodes exhibit high electrochemical impedance and poor adhesion to skin, while wet electrodes suffer from short service lifetimes due to water loss. Inspired by the hygroscopic properties of spider webs, we developed an electronically conductive hygroscopic adhesive (termed as “hygrotrode”) that continuously absorbs ambient moisture through a cross-linked, three-dimensional hygroscopic polymer network. This design maintains a low interface impedance and high adhesion energy for over a year, facilitated by absorbed intermediate water that electrochemically bridges the conducting polymer and skin tissue. The specific impedance of hygrotrode is 82.4 times lower compared with wet electrodes after 1 year. We further demonstrate hygrotrode’s suitability for chronic biopotential monitoring and electromyography-based gesture recognition, highlighting its wide-ranging applicability in long-term wearable electronics and human-machine interfaces.",crossref,0
Geneformer-guided multiomics integration identifies Pbx1 as a network hub of hematopoietic stem cell aging,https://www.science.org/doi/abs/10.1126/sciadv.aeb1346?af=R,AAAS: Science Advances: Table of Contents,2026-08-21 07:00:00 UTC,2026-08-21 07:00:00+00:00,10.1126/sciadv.aeb1346,Keiyo Takubo,"Hematopoietic stem cells (HSCs) constitute an organized hematopoietic system that undergoes age-related alterations, including increased platelet production and decreased erythropoiesis. The fundamental mechanisms driving these shifts remain incompletely understood. We used single-cell RNA sequencing data to show that old HSCs contain two distinct transcriptional programs: one shared with megakaryocytes and the other reflecting the most primitive HSC state. Developmental time-series profiling further suggests that the acquisition of these programs begins early in life, with the primitive module rising prenatally and megakaryocytic priming emerging after birth. Using a fine-tuned Geneformer (transformer-based deep learning model) to capture higher-order differences between young and old HSCs, coupled with transcriptomic and epigenetic profiling, as well as transcription factor screens, we identified Pbx1 as a key regulator of these age-related transcriptional and differentiation changes. Specifically, Pbx1 suppresses erythroid differentiation by repressing Gata1 expression. These findings provide insight into HSC aging and may inform approaches to modulate age-associated HSC dysfunction.",crossref,0
Tox regulates hair cell stereocilia development and Cdh23 expression in mice and zebrafish,https://www.pnas.org/doi/abs/10.1073/pnas.2607359123?mi=eymic2&af=R&access=on&content=articlesChapters&publication=pnas&sortBy=Earliest&target=default,Proceedings of the National Academy of Sciences: Keyword search for query,2026-08-21 07:00:00 UTC,2026-08-21 07:00:00+00:00,10.1073/pnas.2607359123,Xiaolong Fu,"Auditory hair cells (HCs) are critical sensory units for sound detection, and their development requires precise transcriptional regulation. To date, numerous transcription factors crucial for HC development have been characterized; however, the governing regulatory network remains unclear and warrants further investigation. In this study, we identified the transcription factor
                    Tox
                    , which plays a significant role in HC development.
                    Tox
                    is highly expressed in HCs in both zebrafish and mice, and its expression increases along developmental pseudotime, rising after
                    Atoh1
                    and preceding
                    Myo7a
                    , suggesting a potential role in development. Utilizing
                    Tox
                    mutant models in zebrafish and mice, we found that
                    Tox
                    is essential for HC functional maintenance and stereocilia stability. Through multiomics integrated analysis, we confirmed that
                    Tox
                    directly binds to conserved motifs in the
                    Cdh23
                    promoter, drives its transcription, and ensures the precise localization of Cdh23 at the tips of stereocilia, thereby playing a key role in maintaining auditory function. In conclusion, our findings indicate that
                    Tox
                    influences HC development by regulating the transcription and translation of
                    Cdh23
                    , enriches the regulatory network of HC development, and may serve as a target for clinical gene therapy for deafness.",crossref,0
"Smart‐Responsive Antibacterial Fibers: Mechanisms, Fabrication, and Biomedical Applications",https://advanced.onlinelibrary.wiley.com/doi/10.1002/adma.74601?af=R,Wiley: Advanced Materials: Table of Contents,2026-08-21 07:36:19 UTC,2026-08-21 07:36:19+00:00,10.1002/adma.74601,Shuilin Wu,"ABSTRACT
                  The escalating prevalence of multidrug‐resistant bacterial infections presents a grave global health challenge, highlighting the limitations of traditional antibacterial materials that rely on passive release mechanisms. This paper comprehensively reviews the emerging frontier of stimuli‐responsive smart antibacterial fibers (SAFs), which embody a paradigm shift towards on‐demand and targeted proactive antimicrobial functionality. Based on response mechanisms, the specific stimuli sensed by SAFs are classified as endogenous infection microenvironments (i.e., pH, dysregulated enzyme activity, and redox potential, etc.) and exogenous physical activation (i.e., light, ultrasound, mechanical force, and magnetic, etc.). Furthermore, this review systematically expounds on the fundamental design principles of SAFs (how to achieve “smartness”), antibacterial mechanisms (how to achieve “antibacterial activity”), and innovative applications in various fields. Subsequently, current challenges are thoroughly discussed, and promising future research directions are outlined. Crucially, artificial intelligence is highlighted as a pivotal enabler for integrating multifunctionality, biomimetic design paradigms, and embedded sensing capabilities, thereby facilitating seamless interoperability with digital health platforms. This review aims to establish a foundational framework inspiring innovation in developing next‐generation antibacterial fibers with superior therapeutic precision and functional sophistication.",crossref,0
Dynamic Dipole‐Flipping Interlayer: Switchable Molecular‐Level Electric Field Enables Full‐Cycle Stable Zinc Anodes,https://advanced.onlinelibrary.wiley.com/doi/10.1002/adma.74759?af=R,Wiley: Advanced Materials: Table of Contents,2026-08-21 08:08:36 UTC,2026-08-21 08:08:36+00:00,10.1002/adma.74759,Tianxi Liu,"ABSTRACT
                  
                    Nonuniform Zn
                    2+
                    flux, which triggers dendritic growth and accompanying side reactions, severely bottlenecks the practical implementation of aqueous zinc‐ion batteries. While the interfacial electric field governs Zn
                    2+
                    flux uniformity, existing modulation strategies rely on static unidirectional fields remains intrinsically decoupled from the bidirectional, field‐reversing dynamics of cyclic Zn deposition/stripping. Herein, we engineer a dynamic dipole‐flipping interlayer (DDL) on Zn anode that generates a switchable molecular‐level electric field to enable uniform Zn
                    2+
                    flux regulation during cycling. Specifically, the DDL is constructed from a rationally designed polyamide derivative featuring inherently large amide dipole moments; increased free volume and chain flexibility disrupt dense chain packing and enable rapid, reversible dipole reorientation. During Zn deposition/stripping, the amide dipoles reorient dynamically to generate polarity‐switchable interfacial molecular‑level electric fields, which direct homogeneous Zn
                    2+
                    redistribution and suppress preferential nucleation. Beyond electric‑field regulation, fluorinated segments within the DDL impart interfacial hydrophobicity and further suppress side reactions. Consequently, the DDL‐modified Zn anode cycles stably for over 3200 h at 0.5 mA cm
                    −2
                    , while the Zn||MnO
                    2
                    full cell delivers 97.3% capacity retention after 1600 cycles at 1 A g
                    −1
                    . This work pioneers a versatile paradigm for interfacial electric field regulation by dipole dynamics toward high‐performance aqueous metal‐based batteries.",crossref,0
Interfacial Structure Modulation Triggering Dual Sites Synergy for Industrial‐Grade Water Electrolysis,https://advanced.onlinelibrary.wiley.com/doi/10.1002/adma.74763?af=R,Wiley: Advanced Materials: Table of Contents,2026-08-21 11:18:26 UTC,2026-08-21 11:18:26+00:00,10.1002/adma.74763,Bin Liu,"ABSTRACT
                  
                    Anion exchange membrane water electrolysis (AEMWE) is recognized as a promising technology for green hydrogen production. The development of high‐performance non‐noble‐metal‐based (NNM) electrocatalysts is crucial for its industrial‐scale deployment. However, in alkaline media, they typically face a critical challenge in simultaneously activating water molecular and optimizing hydrogen species adsorption, resulting in sluggish water dissociation kinetics. Herein, we engineer a NiS/Ni
                    3
                    S
                    2
                    heterojunction with strong interfacial interaction via a facile cathodic polarization method. Theoretical and experimental analyses reveal a synergistic dual‐site mechanism of hydrogen evolution reaction: Ni sites promote H
                    2
                    O adsorption through upshifted d‐band center, serving as the primary water dissociation centers; concurrently, S sites optimize the hydrogen binding energy by accepting interfacial charges, facilitating H* adsorption/desorption. This dual‐site mechanism significantly lowers the energy barrier of the Volmer step. Impressively, in AEMWE tests the resultant NiS/Ni
                    3
                    S
                    2
                    @W requiring only 1.73 and 1.68 V to reach a current density of 1 A cm
                    −2
                    at 60°C and 80°C, respectively. Furthermore, it can maintain stable operation for over 1 000 h at 1.5 A cm
                    −2
                    and exhibits robust tolerance under dynamic fluctuating conditions. This work provides a reliable interface engineering strategy for designing efficient electrocatalysts for industrial‐grade water electrolysis.",crossref,0
A Synergistic Triphase Electrolyte Design Enables 4.6 V LiCoO2 Quasi‐Solid‐State Batteries with Ultra‐Long Cycling,https://advanced.onlinelibrary.wiley.com/doi/10.1002/adma.74770?af=R,Wiley: Advanced Materials: Table of Contents,2026-08-21 11:18:38 UTC,2026-08-21 11:18:38+00:00,10.1002/adma.74770,Xiangming He,"ABSTRACT
                  
                    Pushing LiCoO
                    2
                    to ≥4.5 V causes coupled degradation: electrolyte oxidation and cathode structural collapse, especially at high rates. Here, we propose a triphase synergistic gel‐electrolyte to tackle both failure modes. The system, constructed by in situ thermal polymerization, integrates an ether‐rich crosslinked polymer network, surface‐activated AlN fillers with Lewis acid–base sites, and a fluorinated electrolyte. This design regulates Li
                    +
                    transport, confines free solvent molecules, and reconstructs the solvation sheath. More importantly, it induces a uniform, inorganic‐rich cathode–electrolyte interphase at an early stage. Consequently, LiCoO
                    2
                    ‐based quasi‐solid‐state cells deliver exceptional stability: over 1000 cycles at 4.6 V and 5 C with an average decay of only ∼0.03% per cycle, and 85.98% capacity retention after 500 cycles in practical Si–C||LiCoO
                    2
                    pouch cells. Operando EIS‐DRT analysis reveals that the triphase electrolyte substantially suppresses the growth and fluctuation of interphase‐related polarization at high voltage, making the remaining impedance evolution more governed by transport/contact processes. This work demonstrates that decoupling interfacial and structural degradation through a synergistic electrolyte design is key to realizing high‐voltage, high‐power, long‐life quasi‐solid‐state batteries.",crossref,0
Engineering Metal‐Pocket Cooperativity in Single‐Atom COF Nanozymes for Selective Cascade Catalysis,https://advanced.onlinelibrary.wiley.com/doi/10.1002/adma.74678?af=R,Wiley: Advanced Materials: Table of Contents,2026-08-21 11:32:23 UTC,2026-08-21 11:32:23+00:00,10.1002/adma.74678,Kang Liang,"ABSTRACT
                  Nanozymes have emerged as robust and scalable alternatives to natural enzymes, offering high catalytic activity and structural stability. However, reproducing the exquisite selectivity of enzymatic catalysis, particularly their ability to operate with high precision in complex reaction systems, remains a central challenge. Herein, inspired by the heme–pocket architecture and cooperative regulation in cytochrome P450, we report a nanozyme multilevel programming strategy based on a single‐atom covalent organic framework (COF) platform constructed from heme‐like metal–porphyrin nodes and linkers bearing chiral amino‐acid residues, enabling selective editing of metal catalytic centers and enzyme‐mimetic pockets to control catalytic activity, chemoselectivity, and stereochemical outcomes. As a proof of concept, we employ a biomimetic chiral cascade that couples methanol dehydrogenase‐like alcohol oxidation with a chymopapain‑inspired asymmetric aldol reaction to probe and optimize metal–pocket cooperativity within the nanozyme. The programmed MnPor‐Pro‐based nanozyme delivers high product yields, excellent chemo‐ and stereoselectivity, and outstanding recyclability in the cascade reactions, indicating the effectiveness of this strategy. This work provides a rational design insight for engineering highly selective nanozymes capable of addressing complex, multistep transformations, significantly bridging the gap between artificial and natural enzymatic systems.",crossref,0
Electrostatic Coordination Salt‐Locking and Anisotropic Thermal Highways for Leakage‐Free Atmospheric Water Harvesting,https://advanced.onlinelibrary.wiley.com/doi/10.1002/adma.74757?af=R,Wiley: Advanced Materials: Table of Contents,2026-08-21 11:35:51 UTC,2026-08-21 11:35:51+00:00,10.1002/adma.74757,Ziqiang Lei,"ABSTRACT
                  
                    Sorption‐based atmospheric water harvesting (AWH) offers a decentralized strategy to alleviate global water scarcity. However, the trade‐off between high salt loading and structural stability in AWH sorbent materials remains a critical bottleneck. Here, we report a hierarchical composite gel (D‐HKPB@LiCl) that addresses the persistent salt‐leakage challenge while enhancing solar‐thermal efficiency. By integrating sulfated κ‐carrageenan (KC) into a thermoresponsive hydroxypropyl cellulose (HPC) matrix, strong coordination between sulfate groups and lithium ions chemically anchors the hygroscopic salts within the polymer network, endowing the system with exceptional cycling stability. To overcome kinetic limitations, directional freezing vertically aligns polydopamine‐coated hydroxylated boron nitride (PDA@BNO) whiskers, creating anisotropic thermal pathways with through‐plane conductivity of 0.49 W m
                    −1
                    K
                    −1
                    along the ice‐growth direction. This architecture, coupled with the photothermally triggered hydrophobic phase transition of HPC, enables a maximum desorption rate of 3.1 kg m
                    −2
                    h
                    −1
                    under one Sun illumination. The D‐HKPB@LiCl gel exhibits a water uptake of 0.91–4.32 g g
                    −1
                    across 30%–90% RH. Outdoor field validation in Lanzhou, China, under challenging winter conditions (average 4.3 °C, &lt;0.5 Sun) using a customized active condensation harvester yields a freshwater output of 0.78 g g
                    −1
                    , establishing a reliable design framework for high‐performance freshwater generation across diverse climatic conditions.",crossref,0
Ratiometric Mycotoxin Detection in Living Plants With Dual‐Emissive Nanosensors (Adv. Mater. 47/2026),https://advanced.onlinelibrary.wiley.com/doi/10.1002/adma.74647?af=R,Wiley: Advanced Materials: Table of Contents,2026-08-21 14:11:32 UTC,2026-08-21 14:11:32+00:00,10.1002/adma.74647,Tedrick Thomas Salim Lew,,,0
Neural Network Enabled Real‐Time Plasma Imaging for Inverse Designed Fabrication of Micro/Nano Structures with Ultrafast Laser (Adv. Mater. 47/2026),https://advanced.onlinelibrary.wiley.com/doi/10.1002/adma.74650?af=R,Wiley: Advanced Materials: Table of Contents,2026-08-21 14:11:32 UTC,2026-08-21 14:11:32+00:00,10.1002/adma.74650,Yuichi Kozawa,"Neural Network Enabled Real-Time Plasma Imaging In their Research Article (DOI: 10.1002/adma.73601), Jianfeng Yan and co-workers propose a neural network enabled real-time plasma imaging strategy and inverse design micro/nano fabrication method. The neural networks contain a conditional generative adversarial network (cGAN) for real-time imaging and a multilayer perceptron (MLP) for inverse-designed fabrication. This work provides a neural network enabled strategy for real-time process monitoring, advancing the development of intelligent laser fabrication.",openalex,0
Bubble Formation Control: Fabrication of Centimeter‐Sized Tissue‐Like Constructs by Catalase‐Coated Oxygen‐Releasing Hydrogel (Adv. Mater. 47/2026),https://advanced.onlinelibrary.wiley.com/doi/10.1002/adma.74649?af=R,Wiley: Advanced Materials: Table of Contents,2026-08-21 14:11:32 UTC,2026-08-21 14:11:32+00:00,10.1002/adma.74649,Michiya Matsusaki,"Catalase-Coated Oxygen-Releasing Hydrogel Selective poly(γ-glutamic acid)-mediated interaction with CaO2 nanoparticles enables the formation of an oxygen-releasing hydrogel. A catalase nanocoating converts H2O2 into O2 and H2O at the hydrogel surface, minimizing internal bubble formation creating an oxygen-supportive microenvironment for thick tissue engineering. More details can be found in the Research Article by Sukulya Bunuasunthon, Isabel F. Amaral, Ana P. Pêgo, and Michiya Matsusaki (DOI: 10.1002/adma.202523593).",openalex,0
Additive Manufacturing of Ordered Polymer Nanostructures (Adv. Mater. 47/2026),https://advanced.onlinelibrary.wiley.com/doi/10.1002/adma.74648?af=R,Wiley: Advanced Materials: Table of Contents,2026-08-21 14:11:32 UTC,2026-08-21 14:11:32+00:00,10.1002/adma.74648,Cyrille Boyer,"Additive Manufacturing of Ordered Polymer Nanostructures A new 3D printing strategy, polymerization-induced arrangement of nanostructures with order-tunability (PIANO), enables the formation of ordered nanostructures in polymer materials. By enhancing chain mobility during photopolymerization, PIANO overcomes the kinetic arrest that typically leads to disordered morphologies in conventional polymerization-induced microphase separation (PIMS) 3D printing systems. More details can be found in the Research Article by Cyrille Boyer and co-workers (DOI: 10.1002/adma.73395).",openalex,0
Robust capacity planning of hydrogen-based remote microgrids with a co-optimized daily service window,https://www.sciencedirect.com/science/article/pii/S0306261926013425?dgcid=rss_sd_all,ScienceDirect Publication: Applied Energy,2026-08-22 00:00:00 UTC,2026-08-22 00:00:00+00:00,,Xiaohong Guan,,,0
Interpretable reinforcement-learning energy dispatch co-optimized with system sizing for stable and efficient off-grid green‑hydrogen systems,https://www.sciencedirect.com/science/article/pii/S0306261926013383?dgcid=rss_sd_all,ScienceDirect Publication: Applied Energy,2026-08-22 00:00:00 UTC,2026-08-22 00:00:00+00:00,,Kyung Hwa Cho,,,0
Mechanism-guided graph learning for carbon border policy evaluation in interconnected european electricity markets,https://www.sciencedirect.com/science/article/pii/S0306261926013395?dgcid=rss_sd_all,ScienceDirect Publication: Applied Energy,2026-08-22 00:00:00 UTC,2026-08-22 00:00:00+00:00,,Zhu Han,,,0
Hierarchical reinforcement learning for cost-effective railway microgrid management,https://www.sciencedirect.com/science/article/pii/S0306261926013541?dgcid=rss_sd_all,ScienceDirect Publication: Applied Energy,2026-08-22 00:00:00 UTC,2026-08-22 00:00:00+00:00,,Zhengrun Zhao,,,0
"A smart humidity-control window for moisture management and energy saving: System design, modeling and validation in tropical regions",https://www.sciencedirect.com/science/article/pii/S0306261926013607?dgcid=rss_sd_all,ScienceDirect Publication: Applied Energy,2026-08-22 00:00:00 UTC,2026-08-22 00:00:00+00:00,,Jinyue Yan,,,0
Privacy-preserving federated reinforcement learning for BESS coordination in distribution networks with voltage regulation,https://www.sciencedirect.com/science/article/pii/S0306261926013371?dgcid=rss_sd_all,ScienceDirect Publication: Applied Energy,2026-08-22 00:00:00 UTC,2026-08-22 00:00:00+00:00,,Scott Dick,,,0
Carbon accounting and weather-adaptive electrification dispatch for demand-responsive transit under carbon neutrality,https://www.sciencedirect.com/science/article/pii/S0306261926013504?dgcid=rss_sd_all,ScienceDirect Publication: Applied Energy,2026-08-22 00:00:00 UTC,2026-08-22 00:00:00+00:00,,Salvatore Antonio Biancardo,,,0
Battery-assisted machine tool for peak power control,https://www.sciencedirect.com/science/article/pii/S0306261926013449?dgcid=rss_sd_all,ScienceDirect Publication: Applied Energy,2026-08-22 00:00:00 UTC,2026-08-22 00:00:00+00:00,,Byung-Kwon Min,,,0
Physics-based modeling and kinetic analysis of two-generation energy storage batteries (280 Ah & 314 Ah) via Runge-Kutta integration,https://www.sciencedirect.com/science/article/pii/S0306261926013097?dgcid=rss_sd_all,ScienceDirect Publication: Applied Energy,2026-08-22 00:00:00 UTC,2026-08-22 00:00:00+00:00,,Zhongwei Chen,,,0
Distributed adversarial learning for parallel computational strategies in intelligent power system control optimization,https://www.sciencedirect.com/science/article/pii/S0306261926013267?dgcid=rss_sd_all,ScienceDirect Publication: Applied Energy,2026-08-22 00:00:00 UTC,2026-08-22 00:00:00+00:00,,Huinan Yang,,,0
"The pulse of energy poverty in Greece: The role of financial stress, uncertainty, and institutional resilience",https://www.sciencedirect.com/science/article/pii/S0301421526004817?dgcid=rss_sd_all,ScienceDirect Publication: Energy Policy,2026-08-22 00:00:00 UTC,2026-08-22 00:00:00+00:00,,Kafait Ullah,,,0
The moderating role of geopolitical fragmentation in energy transition-energy poverty: A cross distribution evidence from Europe,https://www.sciencedirect.com/science/article/pii/S0301421526004787?dgcid=rss_sd_all,ScienceDirect Publication: Energy Policy,2026-08-22 00:00:00 UTC,2026-08-22 00:00:00+00:00,,Muhammad Shahbaz,,,0
"Energy poverty: Seasonal variations, socioeconomic disparities and cumulative inequality",https://www.sciencedirect.com/science/article/pii/S0301421526004842?dgcid=rss_sd_all,ScienceDirect Publication: Energy Policy,2026-08-22 00:00:00 UTC,2026-08-22 00:00:00+00:00,,Tadj Oreszczyn,,,0
Longitudinal digital phenotyping of activity rhythms and biological aging using commercial wearables,https://www.nature.com/articles/s41467-026-76147-6,Nature Communications,2026-08-22 00:00:00 UTC,2026-08-22 00:00:00+00:00,10.1038/s41467-026-76147-6,Jukka-Pekka Onnela,"Disrupted rest-activity rhythms have been associated with aging and chronic disease, yet longitudinal evidence from free-living populations has been lacking. Here we integrate multi-year Fitbit activity data from the All of Us Research Program with clinical biomarker-derived PhenoAge from 2,222 participants (8,447 person-years). Through high-dimensional digital phenotyping, we show that circadian rest-activity rhythm intensity, timing, and stability are associated with biological aging trajectories. Higher rhythm intensity was associated with 26–46% lower odds of accelerated aging. Associations of timing and regularity were stronger in females. In males, accelerated aging followed a biphasic instability pattern with early-morning surges and late-evening rebounds. These findings provide large-scale longitudinal evidence that consumer wearable-derived rest-activity rhythms may serve as digital biomarkers of aging trajectories. By linking population-scale digital phenotyping to biological aging, this work highlights the potential of scalable digital measures for aging-related risk assessment and future healthy-aging research.",nature_html,0
"Asian summer monsoon orbital variability directly paced by CO2 and precession, not eccentricity",https://www.nature.com/articles/s41467-026-76856-y,Nature Communications,2026-08-22 00:00:00 UTC,2026-08-22 00:00:00+00:00,10.1038/s41467-026-76856-y,Alexander Farnsworth,"The pacing and intensity of the Asian summer monsoon have long been debated. Geological records indicate either a dominant precession or eccentricity variability, while modelling studies have largely emphasised monsoon intensity rather than its temporal pacing. Here, we investigate both the temporal variability and changes in intensity of the Asian summer monsoon using a unique set of four series of full-complexity climate model equilibrium simulations spanning the last 800 kyr at 4-kyr resolution. The simulations have differing insolation, greenhouse gases, and ice sheet forcing. Here, we show that variations in greenhouse gases exert the dominant control on the 100-kyr variability via the thermal forcing of the Asian summer monsoon circulation, while precession directly impacts the 20-kyr variability. In contrast, the direct contributions of eccentricity forcing and ice sheet variability are smaller. Spatial heterogeneity in monsoon dynamics reveals different sensitivities to imposed forcings, which may help reconcile conflicting proxy records.",nature_html,0
Assessment of development potential and comprehensive benefits of urban rooftop photovoltaics in China based on high-resolution data and physical model,https://www.sciencedirect.com/science/article/pii/S0306261926013565?dgcid=rss_sd_all,ScienceDirect Publication: Applied Energy,2026-08-22 00:00:00 UTC,2026-08-22 00:00:00+00:00,,Wenwen Wang,,,0
Multi-objective optimisation of hydrogen and methanol-based hybrid power systems for service operation vessels: A techno-economic and environmental analysis,https://www.sciencedirect.com/science/article/pii/S0306261926013358?dgcid=rss_sd_all,ScienceDirect Publication: Applied Energy,2026-08-22 00:00:00 UTC,2026-08-22 00:00:00+00:00,,Dawei Wu,,,0
Continuously powering intelligent microrobots through an electrochemical polymer skin membrane,https://academic.oup.com/nsr/advance-article/doi/10.1093/nsr/nwag529/8768589?rss=1,National Science Review Advance Access,2026-08-22 00:00:00 UTC,2026-08-22 00:00:00+00:00,10.1093/nsr/nwag529,Yue Gao,"Autonomous microrobots require electric power, sensing capability, and intelligence. However, at the microscale, traditional technologies struggle to simultaneously provide sufficient energy density and power while enabling intelligent environment recognition. This paper reports an open polymer engineering system enabling continuous microrobot operation without energy density limitations and active energy seeking through electrochemical environment recognition. The core innovation is a membrane design based on a crosslinked potassium polyacrylate membrane attached to the microrobot’s foot. This engineered skin membrane extracts chemical energy from contacting metal or silicon substrates and converts it into electricity via controlled reaction kinetics of an electrochemical process that utilizes atmospheric moisture and oxygen. Fabricated down to ∼1 mm2 area and 0.05 mm thickness, this open system is ideal for millimeter-to-centimeter scale microrobots. The skin membrane delivered a power density of 133 mW cm−2, an order of magnitude higher than microbatteries, and powered a microrobot for over 10,000 walking steps. Furthermore, the system demonstrates intelligent control of mass transport; internal ion migration within the membrane enables recognition of substrate material and roughness, facilitating active energy pursuit.",rss_oup,0
Encounter of silicon and carbon: thorns and rebirth of silicon-carbon anodes in lithium-ion batteries,https://www.sciencedirect.com/science/article/pii/S0306261926013462?dgcid=rss_sd_all,ScienceDirect Publication: Applied Energy,2026-08-22 00:00:00 UTC,2026-08-22 00:00:00+00:00,,Lan Xu,,,0
Multi-objective and cross-scale inverse design of temperature-control materials via physics-constrained machine learning,https://academic.oup.com/nsr/advance-article/doi/10.1093/nsr/nwag503/8768582?rss=1,National Science Review Advance Access,2026-08-22 00:00:00 UTC,2026-08-22 00:00:00+00:00,10.1093/nsr/nwag503,Rong Sun,"Temperature-control materials, notably composite phase-change materials (CPCMs), show great potential for the thermal management of next-generation power electronics. However, the synergistic optimization of multiple performance metrics still relies heavily on Edisonian trial-and-error experimentation. Herein, we present an artificial intelligence framework that incorporates a physics-constrained inverse-design system (PHICS) built upon a directed acyclic graph (DAG) architecture for CPCMs, integrating interface, phase, and carrier engineering. By encoding structural hierarchies and physical causality through DAG, PHICS framework couples forward predictive modeling with a diversity-enhanced NSGA-II optimizer to efficiently map Pareto-optimal design boundaries. Guided by these predictions, we successfully fabricate a high-performance CPCM composed of an oriented graphite fiber skeleton and an n-octacosane matrix with amorphous alumina (am-Al2O3) interfacial transition layers. Benefiting from the bifunctional role of the am-Al2O3 interlayer as both an interfacial phonon bridge and electron barrier, the resulting CPCMs achieve a superior balance of thermal conduction, thermal storage, and electrical insulation. These results demonstrate the accuracy of PHICS-guided multifunctional composite design, establishing a closed-loop platform that combines physics-constrained machine learning with experimental validation to solve key thermal–electrical trade-offs.",rss_oup,0
Megapixel snapshot hyperspectral imaging with high resolution Fabry–Pérot color filter array,https://academic.oup.com/nsr/advance-article/doi/10.1093/nsr/nwag526/8768588?rss=1,National Science Review Advance Access,2026-08-22 00:00:00 UTC,2026-08-22 00:00:00+00:00,10.1093/nsr/nwag526,Guixin Li,"In the field of snapshot hyperspectral imaging, a long pursuit objective is to develop advanced spectral information encoding elements with both high spatial resolution and large sensor size. Among various strategies, Fabry–Pérot (F–P) cavity color filter, which has both high transmittance and narrow color filtering function, represents a promising platform. However, it is extremely challenging to make F–P color filters by using multi-layer deposition method. Here, we demonstrate that a commercial sensor compatible F–P cavity color filter array can be fabricated through the single-step grayscale electron beam lithography. In the proof of concept experiment, the silver–dielectric–silver F–P color filter array, which has spatial resolution of 5.2 µm × 5.2 µm and pixel number of 1.26 million, is successfully used to demonstrate the hyperspectral imaging function. As the diameter of the electron beam is at the level of tens of nanometers, the pixel size of the F–P cavity can be down to 3.45 µm × 3.45 µm and even further. The proposed method may have great potential in high-resolution snapshot hyperspectral imaging and related applications in optical inspection, remote sensing, biomedical imaging, and so on.",rss_oup,0
Rising Coastal Wave Hazards from Climate-Driven Winds and Tropical Cyclones,https://academic.oup.com/nsr/advance-article/doi/10.1093/nsr/nwag528/8768594?rss=1,National Science Review Advance Access,2026-08-22 00:00:00 UTC,2026-08-22 00:00:00+00:00,10.1093/nsr/nwag528,Fanghua Xu,"Coastal wave storms are intense, long-lasting hazards that threaten populated shorelines worldwide. Under global warming, large-scale wind patterns are changing and modifying ocean surface waves. However, the long-term evolution of coastal wave storms and the drivers of their change remain poorly quantified on global scales. Here, using global wave simulations with corrected tropical-cyclone winds for 1990-2023, we show that coastal wave storm frequency increases worldwide, with the strongest rise along the Atlantic coasts (∼5%/decade). This basin-wide enhancement is primarily driven by intensified nearshore winds, while tropical cyclones act as an additional amplifier. Combining changes in frequency, duration and intensity, we identify the Yellow Sea-East China Sea and the Northwest Atlantic coasts as emerging hotspots of rapidly intensifying wave hazards. Our findings provide the first global-scale baseline for attributing coastal wave-storm trends to changes in the wind-storm environment, thereby informing early-warning systems and guiding adaptation strategies under continued climate change.",rss_oup,0
Electrolyte-mediated interfacial engineering for silicon-based anodes in lithium-ion batteries: From liquid to quasi-solid and all-solid-state systems,https://www.sciencedirect.com/science/article/pii/S0306261926013103?dgcid=rss_sd_all,ScienceDirect Publication: Applied Energy,2026-08-22 00:00:00 UTC,2026-08-22 00:00:00+00:00,,Chenguang Liu,,,0
"Ru-enabled dehydration-reductive amination of α-, β-hydroxy acids into amino acids",https://www.nature.com/articles/s41467-026-77053-7,Nature Communications,2026-08-22 00:00:00 UTC,2026-08-22 00:00:00+00:00,10.1038/s41467-026-77053-7,Li Shuai,"The direct transformation of biomass derived α-, β-hydroxy acids into amino acids is attractive but not reported. Here we disclose an atomically dispersed Ru catalyst that unlocks a previously unrecognized dehydration-reductive amination mechanism for the selective synthesis of amino acids from α-, β-hydroxy acids. Structural characterizations confirm the presence of isolated, partially oxidized Ru centers, which selectively mediates base-assisted α-H abstraction and β-OH elimination, while simultaneously enabling direct reductive amination of the resulting enol/enolate intermediates, bypassing the conventional α-keto acid pathway. The identified dehydration-reductive amination pathway and associate Ru-based catalyst opens opportunities for transforming a wide range of biomass-derived polyols containing adjacent hydroxyl groups into useful amino-functionalized products.",nature_html,0
Data-driven construction of an imine reductase library capable of broad-scope reductive amination at equimolar substrate concentrations,https://www.nature.com/articles/s41467-026-76869-7,Nature Communications,2026-08-22 00:00:00 UTC,2026-08-22 00:00:00+00:00,10.1038/s41467-026-76869-7,Joerg H. Schrittwieser,"Reductive amination catalysed by imine reductases and reductive aminases has emerged as a powerful method for the asymmetric synthesis of chiral amines, yet the generality and practical limitations of these enzymes remain poorly understood. Here, we combine large-scale, iterative activity screening, sequence analysis and machine-learning-guided exploration to systematically profile reductive amination performance across 175 enzymes and structurally diverse substrate panels. We show that asymmetric reductive amination at equimolar substrate concentrations is widespread within this enzyme family and assemble catalysts that display broad scope, high specific activity and excellent stereoselectivity. Sequence-level analysis identifies characteristic features associated with broad-scope reductive aminases and pinpoints key residues governing stereoselectivity, while machine-learning models trained on the screening data enable successful prediction of enzyme activity for previously untested substrate combinations. Selected reactions were scaled to a preparative batch size, affording gram quantities of optically pure amine products.",nature_html,0
XPO1-mediated TRIM21 nuclear export reprograms TREM2+ macrophage polarization by targeting IRF3 to augment anti-PD-1 efficacy in small cell lung cancer,https://www.nature.com/articles/s41467-026-76862-0,Nature Communications,2026-08-22 00:00:00 UTC,2026-08-22 00:00:00+00:00,10.1038/s41467-026-76862-0,Dingzhi Huang,"Small cell lung cancer (SCLC) is an aggressive malignancy that responds poorly to immune checkpoint inhibitor (ICI) therapy, due to its immunosuppressive tumor microenvironment. Here, we analyse preclinical mouse tumor models and patient-derived SCLC samples and identify Exportin 1 (XPO1) as a regulator of immune suppression in SCLC. Mechanistically, XPO1 drives the nuclear export of TRIM21, enabling TRIM21-dependent proteasomal degradation of IRF3 and repressing the immunostimulatory cytokine TNFSF15. Loss of TNFSF15 promotes TREM2+ macrophage polarization, which subsequently attenuates macrophage-dependent IFN-γ-STAT1 signaling and MHC class I expression in tumor cells. Pharmacological or genetic XPO1 blockade restores TNFSF15, constrains TREM2+ macrophage differentiation, reactivates antigen presentation, and enhances anti-PD-1 efficacy in preclinical mouse models. Thus, our findings link XPO1-dependent nuclear export to TREM2+ macrophage polarization and support evaluation of XPO1 inhibition in combination with ICIs in SCLC.",nature_html,0
An LRR-truncated NLR natural variant confers dual resistance to drought and blast in rice,https://www.nature.com/articles/s41467-026-76840-6,Nature Communications,2026-08-22 00:00:00 UTC,2026-08-22 00:00:00+00:00,10.1038/s41467-026-76840-6,Lizhong Xiong,"Climate change threatens global food security by imposing concurrent abiotic and biotic stresses on major crops such as rice. Genetic resources conferring dual resistance to drought and blast disease are rare, limiting the development of climate-resilient crops. Here, using a genome-wide association study, we identify NLR8-Hap2, a natural allele of the rice resistance gene NLR8 that enhances resistance to drought and blast disease. A single-base deletion in the NLR8-Hap2 coding sequence generates a premature stop codon, resulting in a protein lacking the C-terminal leucine-rich repeat (LRR) domain. The dual protective effects of NLR8-Hap2 arise from the enhanced association with and stabilization of OsbHLH148 and OsBIHD1, which regulate drought tolerance and blast defense, respectively. Introgression of NLR8-Hap2 into elite indica and japonica rice cultivars significantly improves dual-stress resistance without detectable yield penalties under normal field conditions. Together, these findings highlight NLR8-Hap2 as a genetic resource for developing multi-stress-resilient rice.",nature_html,0
"Thermal runaway in lithium-ion batteries: a critical review of mechanisms, models, early warning systems, and safety strategies",https://www.sciencedirect.com/science/article/pii/S0306261926013620?dgcid=rss_sd_all,ScienceDirect Publication: Applied Energy,2026-08-22 00:00:00 UTC,2026-08-22 00:00:00+00:00,,Qi Huang,,,0
Hybrid pricing method with truthful bidding incentives and reasonable consumer payment,https://www.sciencedirect.com/science/article/pii/S0306261926013528?dgcid=rss_sd_all,ScienceDirect Publication: Applied Energy,2026-08-22 00:00:00 UTC,2026-08-22 00:00:00+00:00,,Zhifang Yang,,,0
Multi-agent reinforcement learning-based joint design of low-carbon P2P market and bidding strategy in microgrids,https://www.sciencedirect.com/science/article/pii/S0306261926013498?dgcid=rss_sd_all,ScienceDirect Publication: Applied Energy,2026-08-22 00:00:00 UTC,2026-08-22 00:00:00+00:00,,Gaoxi Xiao,,,0
Progress in optimizing cleaning frequency for photovoltaic modules: a review of the coupled effects of dust formation mechanisms and cleaning strategies,https://www.sciencedirect.com/science/article/pii/S0306261926013322?dgcid=rss_sd_all,ScienceDirect Publication: Applied Energy,2026-08-22 00:00:00 UTC,2026-08-22 00:00:00+00:00,,Jiazhou Huang,,,0
Time-Temperature-Transformation Diagrams to Navigate the Nucleation and Quenchability of Metastable α-Li₃PS4,https://www.nature.com/articles/s41467-026-76661-7,Nature Communications,2026-08-22 00:00:00 UTC,2026-08-22 00:00:00+00:00,10.1038/s41467-026-76661-7,Wenhao Sun,"α-Li₃PS₄ is a promising solid-state electrolyte with the highest ionic conductivity among its polymorphs. However, its formation presents a thermodynamic paradox: the α-phase is the equilibrium phase at high temperature and transforms to the stable γ-Li3PS4 polymorph when cooled to room temperature; however, α-Li3PS4 can be synthesized and quenched in a metastable state via rapid heating at relatively low temperatures. The origin of this synthesizability and anomalous stability has remained elusive. Here, we address this paradox by presenting an experimental and computational time-temperature-transformation (TTT) diagram, constructed from a temperature-size phase diagram and experimental high-time-resolution isothermal measurements. Our density functional theory calculations reveal that at the nanoscale, the α-phase is stabilized by its low surface energy, which drastically lowers its nucleation barrier across a wide temperature range. This size-dependent stabilization is directly visualized using in-situ sub-second synchrotron X-ray diffraction and electron microscopy, capturing the rapid nucleation of nano-sized α-Li3PS4 and its subsequent slow transformation. This work presents a generalizable framework that integrates thermodynamic and kinetic factors for understanding nucleation and phase transformation mechanisms, providing a rational strategy for the targeted synthesis of functional metastable materials.",nature_html,0
Glucagon-like Peptide-1 Receptor Agonists and Risk of Tuberculosis in Type 2 Diabetes,https://www.nature.com/articles/s41467-026-77068-0,Nature Communications,2026-08-22 00:00:00 UTC,2026-08-22 00:00:00+00:00,10.1038/s41467-026-77068-0,Chih-Cheng Lai,"Tuberculosis remains a leading cause of illness and death worldwide, and individuals with type 2 diabetes have an increased risk of developing this infection. However, whether different glucose-lowering medications influence this risk is unclear. Here we show that use of glucagon-like peptide-1 receptor agonists is associated with a lower risk of tuberculosis compared with several commonly prescribed alternatives. We conducted a multicenter cohort study using TriNetX electronic health records from 143 healthcare organizations across multiple countries between 2017–2025. Patients receiving glucagon-like peptide-1 receptor agonists were compared with those receiving sulfonylureas, metformin, dipeptidyl peptidase-4 inhibitors, or sodium-glucose cotransporter-2 inhibitors. Propensity score matching and time-to-event analyses were applied over up to 5 years of follow-up. Use of glucagon-like peptide-1 receptor agonists is consistently associated with reduced tuberculosis risk compared with other agents. Incidence rates per 1,000 person-years ae lower than with sulfonylureas (0.68 vs 1.67; hazard ratio 0.53, 95% confidence interval 0.47–0.59), metformin (0.65 vs 1.31; 0.60, 0.51–0.70), dipeptidyl peptidase-4 inhibitors (0.73 vs 1.71; 0.49, 0.43–0.56) and sodium-glucose cotransporter-2 inhibitors (0.89 vs 1.02; 0.82, 0.72–0.92). These findings suggest that this class of medications may provide additional protection against tuberculosis in patients with type 2 diabetes.",nature_html,0
Spin Engineering of Ni‐Based High‐Entropy Oxide Cocatalyst: Synchronously Optimizing Intermediate Adsorption and Charge Carrier Separation for Photocatalytic Hydrogen Evolution,https://advanced.onlinelibrary.wiley.com/doi/10.1002/adma.74778?af=R,Wiley: Advanced Materials: Table of Contents,2026-08-22 03:53:18 UTC,2026-08-22 03:53:18+00:00,10.1002/adma.74778,Yong Chen,"ABSTRACT
                  
                    High‐entropy materials (HEMs), as an emerging multicomponent system, exhibit significant potential in green solar energy conversion owing to their continuously tunable electronic structures. Nevertheless, the complex local chemical environments in HEMs induce significant differences in intermediate adsorption/desorption at metal active sites and complicate photoexcited electron transfer. Herein, we propose a strategy of incorporating heterogeneous transition metal Zn into a high‐entropy oxide (HEO) lattice to precisely tune the spin state of Ni
                    2+
                    . Since the spin‐state transition of Ni
                    2+
                    does not involve electron transfer from t
                    2g
                    to e
                    g
                    orbitals, but rather only involves electron redistribution within e
                    g
                    manifold, its electronic structure is particularly sensitive to lattice distortion‐induced variations in crystal‐field strength, thereby enabling selective regulation of Ni
                    2+
                    from low‐spin to high‐spin. Field‐dependent magnetization measurements and x‐ray absorption spectroscopy confirm that Zn incorporation effectively modulates the spin state of Ni
                    2+
                    . Density functional theory calculations and femtosecond transient absorption spectroscopy reveal that high‐spin Ni
                    2+
                    exhibits an upshifted
                    d
                    ‐band center and pronounced spin polarization, which synergistically optimize both *H adsorption and photogenerated charge carrier separation efficiency. Consequently, 0.75%FeCoNi
                    0.3
                    MnZn–HEO/Cd
                    3
                    (C
                    3
                    N
                    3
                    S
                    3
                    )
                    2
                    (0.75%Ni
                    0.3
                    Zn–HEO/CdTMT) exhibits a prominent PHE rate of 47.53 mmol g
                    −1
                    h
                    −1
                    . This work opens new paradigms for the rational design of spin‐directed multi‐component HEMs.",crossref,0
Crystallization‐Resistant Hybrid Scintillator Glass for High‐Resolution and Remote X‐Ray Imaging,https://advanced.onlinelibrary.wiley.com/doi/10.1002/adma.74751?af=R,Wiley: Advanced Materials: Table of Contents,2026-08-22 05:59:38 UTC,2026-08-22 05:59:38+00:00,10.1002/adma.74751,Guangda Niu,"ABSTRACT
                  
                    Organic‐inorganic hybrid materials glasses are increasingly recognized as a distinctive class within the broader field of glass science, because they extend the concept of glass formation from rigid atomic or polymeric networks to chemically programmable hybrid solids that integrate organic and inorganic building units. This emerging class of materials offers unusual opportunities for tuning optical, electronic, and structural properties, but its development is fundamentally limited by poor resistance to crystallization and devitrification. Here we report an A‐site cation engineering strategy to develop crystallization‐resistant zero‐dimensional antimony halide hybrid scintillator glasses. Replacing an allyl‐substituted triphenylphosphonium cation with a more conformationally flexible methoxymethyl analogue frustrates ordered packing, weakens directional intermolecular locking, and increases melt viscosity, thereby shifting the competition between crystallization and vitrification toward a persistent glassy state. The resulting transparent (MTPP)
                    2
                    SbCl
                    5
                    glass exhibits markedly enhanced resistance to thermally induced devitrification, together with efficient and stable luminescence and good irradiation tolerance. It enables centimeter‐scale scintillating monoliths for X‐ray imaging with a spatial resolution of 19.0 lp mm
                    −1
                    at an MTF of 0.2, and can be further processed into active fibers for proof‐of‐concept remote X‐ray imaging.",crossref,0
Integrating Spectral Modulation Surface Materials With Self‐Cleaning: From Fundamentals to Design Principles Toward Emerging Photovoltaic Devices,https://advanced.onlinelibrary.wiley.com/doi/10.1002/adma.74749?af=R,Wiley: Advanced Materials: Table of Contents,2026-08-22 06:01:59 UTC,2026-08-22 06:01:59+00:00,10.1002/adma.74749,Huaiyuan Wang,"ABSTRACT
                  The global energy transition is accelerating the deployment of photovoltaics (PV) as a major source of electricity. Insufficient interfacial regulation over optical and thermal processes still restricts power conversion efficiency (PCE) and long‐term reliability. Reflection losses, ineffective spectral utilization, and inadequate heat dissipation limit power generation, while surface contamination undermines long‐term outdoor reliability. Although advanced surface materials offer opportunities to mitigate these losses, integrating spectral modulation with self‐cleaning remains challenging. This review presents recent progress in PV surface materials from the perspective of integrated spectral modulation and wettability control design. We first summarize the fundamental mechanisms that govern spectral modulation and contaminant removal, emphasizing the synergistic interaction between physical structure design and chemical composition regulation. We then discuss feasible strategies for modulating optical behaviors across different wavelength ranges, alongside approaches for self‐cleaning through wettability control. Recent advances in partial‐integration strategies are further examined, highlighting the potential impact on PCE enhancement and environmental adaptability. Finally, we discuss the remaining challenges for achieving effective integration of spectral modulation and self‐cleaning in surface materials. By positioning full‐spectral modulation coupled with durable self‐cleaning as a future design target, this review outlines an integrated framework for developing high‐performance and durable PV surface materials.",crossref,0
Mechanistic Insights Into Anionic Doping in O3‑Type Na(NiFeMn)1/3O2 Cathode,https://advanced.onlinelibrary.wiley.com/doi/10.1002/adma.74709?af=R,Wiley: Advanced Materials: Table of Contents,2026-08-22 07:30:18 UTC,2026-08-22 07:30:18+00:00,10.1002/adma.74709,Yongxiao Bai,"ABSTRACT
                  
                    The lack of mechanistic guidelines hinders rational anionic doping in layered oxide cathodes for sodium‐ion batteries (SIBs). Using O3‐type Na(NiFeMn)
                    1/3
                    O
                    2
                    as a model and combining experiments with density functional theory (DFT) calculations, we reveal that doping effects are governed by two intrinsic dopant properties: valence‐electron configuration and ionic radius. For radius‐matched dopants, electron‐donating F reduces Fe
                    3
                    +
                    , enhancing high‐voltage and air stability, whereas electron‐withdrawing N oxidizes Ni
                    2
                    +
                    , accelerating degradation. Oversized (Cl, Br) or mismatched (B) dopants cause structural collapse. This dual‐parameter framework enables predictive design of stable, high‐performance cathodes.",crossref,0
