title,link,published,source,pub_date,doi,last_author,last_author_source,abstract,abstract_source
Future role of heavy-duty fuel cell vehicles in the decarbonization of the freight transport,https://www.sciencedirect.com/science/article/pii/S0306261926012882?dgcid=rss_sd_all,,ScienceDirect Publication: Applied Energy,2026-08-15 00:00:00+00:00,,I. Nidaguila,,,
Dual-stream time-frequency multi-task learning for weak disturbance event identification and localisation in power distribution networks,https://www.sciencedirect.com/science/article/pii/S0306261926012705?dgcid=rss_sd_all,,ScienceDirect Publication: Applied Energy,2026-08-15 00:00:00+00:00,,Chandima Ekanayake,,,
Phosphorylation of OTUB1 promotes autophagy initiation under starvation,https://www.nature.com/articles/s41467-026-76796-7,,Nature Communications,2026-08-15 00:00:00+00:00,10.1038/s41467-026-76796-7,Jiqin Lian,,"Eukaryotes initiate autophagy in response to environmental challenges such as nutrient deprivation. However, the mechanisms governing autophagy initiation remain incompletely understood. Here, we demonstrated that OTUB1 phosphorylation plays a key role in starvation-induced autophagy initiation. Specifically, ERK phosphorylates OTUB1 at S118 during starvation. This phosphorylation enables competitive binding of ANXA2 to OTUB1, disrupting its interaction with TRIM29 and enhancing OTUB1 stability. Stabilized OTUB1 upregulated DEPTOR, thereby inhibiting mTOR and inducing autophagy. Furthermore, in vivo studies reveal that fasting-induced OTUB1-mTOR-autophagy axis counteracted Western diet-mediated mTOR activation by restoring ERK-dependent OTUB1 phosphorylation, ultimately ameliorating MASLD progression. Collectively, this study uncovers a phosphorylation-dependent regulatory mechanism controlling OTUB1’s function in nutrient deficiency-triggered autophagy initiation, providing cellular and molecular evidence supporting the therapeutic potential of fasting in alleviating MASLD.",nature_html
Achieving Near 21% Efficiency Organic Solar Cells through Controlled Packing of Fused-Ring Electron Acceptors,https://www.nature.com/articles/s41467-026-76532-1,,Nature Communications,2026-08-15 00:00:00+00:00,10.1038/s41467-026-76532-1,Yahui Liu,,"Non-radiative energy loss remains a challenge in organic solar cells. Here we show that introducing bulky chlorobenzene moieties at the end of inner side chains yields two acceptor materials, Y6-2Cl and Y6-4Cl. The introduction of chlorobenzene groups enhances the solubility, while also boosting the photoluminescence quantum yield and inducing a distinct molecular packing mode in Y6-2Cl and Y6-4Cl. Rather than following the conventional three-dimensional network structure observed in Y-series acceptors, these materials form a highly ordered, array-like arrangement while maintaining excellent crystalline characteristics. This unique structural feature not only preserves high charge-transport properties but also optimizes aggregation behavior and morphology of the active layers. The D18:Y6-2Cl binary device demonstrates a PCE of 20.0%. The ternary device composed of D18:L8-BO:Y6-2Cl achieves a PCE of 20.92%, accompanied by a fill factor of 82.93%. Overall, the side-chain functionalization strategy proposed in this study offers a direction for developing high-performance non-fullerene acceptors.",nature_html
Ryugu and Bennu preserve primordial isotopic heterogeneity absent from the meteorite record,https://www.nature.com/articles/s41467-026-76720-z,,Nature Communications,2026-08-15 00:00:00+00:00,10.1038/s41467-026-76720-z,Dante S. Lauretta,,"Ivuna-type (CI) carbonaceous chondrites are commonly used as proxies for the composition of the planet-forming disk because their chemical abundances resemble those of the solar photosphere. However, their isotopic uniformity may reflect pervasive alteration and isotopic averaging rather than preservation of the earliest Solar System reservoirs. Here we show that samples returned from the asteroids Ryugu and Bennu preserve isotopic heterogeneity in major planet-building elements, including magnesium, silicon, and iron, that is absent from CI chondrites and unresolved in other meteorites. These signatures reveal isotopically distinct components that are absent from, or homogenized in, known CI chondrites. We infer that Bennu and Ryugu retain a record of primordial isotopic diversity that was not completely homogenized during disk and parent-body processing. Thus, returned asteroid samples provide access to previously unsampled Solar System material that preserves early isotopic components not fully represented in the meteorite record.",nature_html
AI-driven smart home appliance optimization: A systematic review,https://www.sciencedirect.com/science/article/pii/S0306261926013218?dgcid=rss_sd_all,,ScienceDirect Publication: Applied Energy,2026-08-15 00:00:00+00:00,,Enver Ever,,,
"Delivering building demand flexibility for grid-interactive operation: from perception and cognition to decision, execution, and verification",https://www.sciencedirect.com/science/article/pii/S0306261926013243?dgcid=rss_sd_all,,ScienceDirect Publication: Applied Energy,2026-08-15 00:00:00+00:00,,Wei Luo,,,
Recent advances in photocatalytic fragmentation and upgradation of lignin to high-value products using engineered metal sulphide photocatalysts,https://www.sciencedirect.com/science/article/pii/S030626192601175X?dgcid=rss_sd_all,,ScienceDirect Publication: Applied Energy,2026-08-15 00:00:00+00:00,,Xianfeng Fan,,,
Energy storage under extreme conditions: challenges and strategies for MXene-based supercapacitors,https://www.sciencedirect.com/science/article/pii/S0306261926013334?dgcid=rss_sd_all,,ScienceDirect Publication: Applied Energy,2026-08-15 00:00:00+00:00,,Jianqiao Liu,,,
Physical-economic-health coordination for hydrogen-electrified ship power systems: A triple-layer unified framework,https://www.sciencedirect.com/science/article/pii/S0306261926013280?dgcid=rss_sd_all,,ScienceDirect Publication: Applied Energy,2026-08-15 00:00:00+00:00,,Pei Shen,,,
Climate-responsive roof cooling strategies for low-energy carbon-neutral buildings: A nationwide comparative assessment of radiative sky cooling and green roofs,https://www.sciencedirect.com/science/article/pii/S0306261926013516?dgcid=rss_sd_all,,ScienceDirect Publication: Applied Energy,2026-08-15 00:00:00+00:00,,Wenchao Shi,,,
Co-optimization of storage service scheduling and bidding strategies for community-shared energy storage: a distributionally robust bi-level model,https://www.sciencedirect.com/science/article/pii/S0306261926012614?dgcid=rss_sd_all,,ScienceDirect Publication: Applied Energy,2026-08-15 00:00:00+00:00,,Yashuai Li,,,
A bi-level resilience-oriented planning framework for hydrogen-integrated multi-energy systems under extreme events,https://www.sciencedirect.com/science/article/pii/S0306261926013279?dgcid=rss_sd_all,,ScienceDirect Publication: Applied Energy,2026-08-15 00:00:00+00:00,,Zixuan Liu,,,
Real-time implementation of a synergistic HEMS framework: Integrating meta-heuristic demand side management and CVR-based voltage control for enhanced residential energy efficiency,https://www.sciencedirect.com/science/article/pii/S0306261926013152?dgcid=rss_sd_all,,ScienceDirect Publication: Applied Energy,2026-08-15 00:00:00+00:00,,Metin Tüysüz,,,
Hydrogen-driven co-optimization of production and energy systems for low-carbon steel industrial parks,https://www.sciencedirect.com/science/article/pii/S0306261926013437?dgcid=rss_sd_all,,ScienceDirect Publication: Applied Energy,2026-08-15 00:00:00+00:00,,Shiqi Liu,,,
In-operando detection of lithium plating during fast charging via anode dynamic electrochemical impedance spectroscopy in lithium-ion batteries,https://www.sciencedirect.com/science/article/pii/S0306261926013085?dgcid=rss_sd_all,,ScienceDirect Publication: Applied Energy,2026-08-15 00:00:00+00:00,,Xuebing Han,,,
Evaluating isothermal degradation error in lithium-ion batteries under WLTP drive cycles,https://www.sciencedirect.com/science/article/pii/S0306261926012791?dgcid=rss_sd_all,,ScienceDirect Publication: Applied Energy,2026-08-15 00:00:00+00:00,,Theodore Azemtsop Manfo,,,
Lifecycle assessment and optimization of integrated blue-green hydrogen production and liquefaction with reforming-electrolysis coupling,https://www.sciencedirect.com/science/article/pii/S0306261926013255?dgcid=rss_sd_all,,ScienceDirect Publication: Applied Energy,2026-08-15 00:00:00+00:00,,Jingxuan Xu,,,
Frequency-coordinated conditional diffusion model for extreme-value-aware wind power forecasting,https://www.sciencedirect.com/science/article/pii/S0306261926012535?dgcid=rss_sd_all,,ScienceDirect Publication: Applied Energy,2026-08-15 00:00:00+00:00,,Zhuoxian Dai,,,
Health and nutrition returns to clean cooking fuel access across the rural-urban divide,https://www.sciencedirect.com/science/article/pii/S0301421526004854?dgcid=rss_sd_all,,ScienceDirect Publication: Energy Policy,2026-08-15 00:00:00+00:00,,Camille Massié Gamard,,,
CD36-mediated lipid-accumulation in reactive microglia contributes to retinal degeneration via the NLRP3-IL-1β pathway in mice,https://www.nature.com/articles/s41467-026-76685-z,,Nature Communications,2026-08-15 00:00:00+00:00,10.1038/s41467-026-76685-z,Chang He,,"Microglia are central regulators of retinal immune homeostasis, yet their pathogenic states in retinal degeneration remain less well understood. Here we identified a distinct subset of lipid-accumulated reactive microglia (aLARM), using scRNA sequencing and spatial transcriptomics in NaIO3-induced retinal degeneration mice, predominantly localized to the outer retina. aLARM were conserved across mouse models and patients and uniquely marked by high CD36 expression. Microglia-specific CD36 deletion abolished aLARM-mediated inflammation and degeneration, whereas subretinal transplantation of CD36+ aLARM exacerbated retinal structural destruction and functional impairment. Mechanistically, CD36+ aLARM activated NLRP3 inflammasome and produced IL-1β, engaging IL-1R1 on microglia/macrophages and pericytes/SMCs to amplify a feed-forward inflammatory circuit. Therapeutic CD36 blockade with the neutralizing antibody FA6-152 reduced aLARM formation and protected against neurodegeneration. Together, our findings highlight CD36+ aLARM as a targetable pathogenic microglial population linking neuroinflammation to retinal degeneration, providing a potential foundation for microglia-based precision therapies.",nature_html
Public funding for bus system decarbonization accounting for technological uncertainty and depot infrastructure upgrades,https://www.sciencedirect.com/science/article/pii/S0301421526004751?dgcid=rss_sd_all,,ScienceDirect Publication: Energy Policy,2026-08-15 00:00:00+00:00,,Giorgio Matteucci,,,
Techno-economic optimization of reversible solid oxide cell systems under price fluctuations considering multi-period dynamics and physical and chemical degradation,https://www.sciencedirect.com/science/article/pii/S0306261926012808?dgcid=rss_sd_all,,ScienceDirect Publication: Applied Energy,2026-08-15 00:00:00+00:00,,Debangsu Bhattacharyya,,,
Quantifying the role of nitrogen in achieving global Sustainable Development Goals,https://www.nature.com/articles/s41467-026-76777-w,,Nature Communications,2026-08-15 00:00:00+00:00,10.1038/s41467-026-76777-w,Baojing Gu,,"Achieving the 2030 Sustainable Development Goals (SDGs) requires balancing well-being with environmental protection, yet the role of nitrogen across these goals remains poorly understood. Here, we show how dietary nitrogen intake and nitrogen release to air and water are associated with SDG progress across 166 countries from 2000 to 2022. Higher per-capita nitrogen intake is positively associated with social and economic SDGs, whereas nitrogen release is negatively associated with environmental goals. Economic development is linked to improved SDG performance but also to greater dietary nitrogen demand and nitrogen losses, while warming is associated with pressure on food systems and nitrogen management. Nitrogen-related factors account for 38% of the variation in SDG scores, compared with 34% for climatic conditions and 28% for socio-economic factors. These findings identify nitrogen management as a cross-cutting component of sustainable development and support strategies that align food security, pollution control and climate adaptation across development contexts.",nature_html
Atmospheric turbulence sensing with structured terahertz beams containing orbital angular momentum,https://www.nature.com/articles/s41467-026-76743-6,,Nature Communications,2026-08-15 00:00:00+00:00,10.1038/s41467-026-76743-6,Yasaman Ghasempour,,"Clear-air turbulence poses a persistent hazard to aviation, yet it evades conventional weather radar and remains difficult to detect. Existing optical sensing methods falter under severe turbulence and are extremely vulnerable to misalignment between airborne nodes. Here we introduce an atmospheric sensing scheme built on structured terahertz (THz) beams carrying orbital angular momentum (OAM). We derive and experimentally validate an analytical model that maps turbulence-induced OAM modal crosstalk to the refractive index structure constant of the atmosphere. Our simulations and experiments demonstrate that this THz-OAM approach remains robust under severe turbulence where optical systems saturate, and offers orders-of-magnitude greater misalignment resilience. Furthermore, this scheme also enables localization of the dominant turbulent clusters through understanding the interaction of diverging THz-OAM beams with the turbulent medium in the reciprocal propagation paths and simultaneously monitoring water vapor to identify turbulence precursors. This work establishes structured THz-OAM beams as a robust framework for remote atmospheric turbulence inference.",nature_html
Depletion of davemaoite in Earth’s ambient lower mantle,https://www.nature.com/articles/s41467-026-76943-0,,Nature Communications,2026-08-15 00:00:00+00:00,10.1038/s41467-026-76943-0,Nicolas Guignot,,"The mineralogy of the Earth’s lower mantle is fundamental to understanding the planet’s formation, composition, evolution, and dynamics. However, uncertainties in the elastic properties and phase transitions of CaSiO₃ davemaoite—the third most abundant phase in a pyrolitic lower mantle—have hindered quantitative links between seismic observations and lower-mantle mineralogy. Here we combine Brillouin spectroscopy with resistively heated diamond anvil cell experiments to measure the sound velocities of CaSiO₃ davemaoite up to 80 GPa and 973 K. We show that the tetragonal–cubic phase transition occurs below 900 K throughout the entire lower mantle. Fitting the thermoelastic properties of cubic davemaoite reveals substantially reduced shear-wave velocities at deep lower-mantle conditions. Because of these intrinsically slow velocities, increasing bridgmanite abundance alone cannot reconcile seismic observations for a normal lower mantle containing even small amount of davemaoite. Our results therefore suggest that davemaoite is depleted in the ambient lower mantle but concentrated within LLSVPs, likely as a consequence of late-stage crystallization during magma-ocean differentiation.",nature_html
Global geopolitical risk and energy poverty: New evidence from cross-country data,https://www.sciencedirect.com/science/article/pii/S0301421526004829?dgcid=rss_sd_all,,ScienceDirect Publication: Energy Policy,2026-08-15 00:00:00+00:00,,Amin Ullah Khan,,,
"Influence of linear, mixed-integer linear, piecewise-linear, and nonlinear thermal power flow models on district heating network design",https://www.sciencedirect.com/science/article/pii/S0306261926012341?dgcid=rss_sd_all,,ScienceDirect Publication: Applied Energy,2026-08-15 00:00:00+00:00,,Hartmut Spliethoff,,,
Focal mechanism variations reveal mechanical controls on segmentation at oceanic transform faults,https://www.nature.com/articles/s41467-026-76407-5,,Nature Communications,2026-08-15 00:00:00+00:00,10.1038/s41467-026-76407-5,Jeffrey J. McGuire,,"Oceanic transform faults (OTFs) exhibit concurrent slip behaviors, with creep and characteristic earthquakes on localized patches. At the Gofar transform fault on the East Pacific Rise, magnitude 5.5+ earthquakes are bounded by creeping segments that act as persistent rupture barriers, yet the physical controls on this segmentation remain unclear. Here, from one year of ocean bottom seismometer data, we develop a focal mechanism catalog of 2323 earthquakes on the westernmost Gofar transform fault. This catalog enables robust statistical analyses of along-strike variations in faulting type and mechanical properties. Pure strike-slip earthquakes comprise ~31% of events; oblique earthquakes are pervasive; pure reverse and normal events also exist. Faulting types correlate with seismicity-inferred fault segmentation, with reverse and oblique-reverse events clustering in rupture barriers. Coulomb failure modeling shows that the pattern is diagnostic of elevated pore-fluid pressure and mechanical weakness within the barriers. The 2008 M6 mainshock increased focal mechanism diversity across the fault, indicating widespread activation of secondary structures through the seismic cycle. Comparisons with the Blanco and Chain transform faults suggest diverse faulting and along-strike mechanism clustering may be common OTF features, implying that local mechanical properties govern segmentation.",nature_html
Polyoxometalates‐Driven Oxidative Polymerization of Thioctic Acid and Synchronized Noncovalent Cross‐Linking to Generate High‐Strength and Colorimetric Adhesives,https://onlinelibrary.wiley.com/doi/10.1002/anie.7949913?af=R,,Wiley: Angewandte Chemie International Edition: Table of Contents,2026-08-15 06:14:21+00:00,10.1002/anie.7949913,Wen Li,,"ABSTRACT
                  Polythioctic acid (PTA) and its derivatives carrying disulfide bonds within the polymer backbone have emerged as leading candidates for yielding degradable and recyclable polymers. However, their development has been impeded by the persistent trade‐off between degradability and mechanical strength, as well as the lack of effective polymerization strategies that can be used under mild conditions. Herein, we report a polyoxometalate (POM)‐mediated “one‐stone‐three‐birds” strategy, in which rapid ring‐opening polymerization (ROP) of TA is synchronously coupled with noncovalent crosslinking under mild ambient conditions. Combined experimental and theoretical investigations reveal that POM nanoclusters act as multifunctional “stones”: oxidizing TA to generate cationic radical species that initiate ROP, engaging in strong electrostatic interactions with the sulfonium termini of the resulting PTA chains to form robust polymer networks with high adhesion strength (&gt;11 MPa), and imparting a redox‐responsive colorimetric signal. This synergistic integration of mechanical reinforcement and chromic response provides a new strategy for designing adhesives with coupled structural integrity and optical feedback, which enables in situ visual indication of material changes during leakage of oxidizing species in confined environments.",crossref
Reveal Non‐Uniform Passivation on Lithium Metal Anode With Operando Spectroscopic Ellipsometry,https://advanced.onlinelibrary.wiley.com/doi/10.1002/aenm.71434?af=R,,Wiley: Advanced Energy Materials: Table of Contents,2026-08-15 14:33:37+00:00,10.1002/aenm.71434,Feifei Shi,,"ABSTRACT
                  
                    The passivity of lithium (Li) metal anode is crucial for the safety and long‐term cycling performance of Li metal batteries (LMBs), yet the mechanism and evolution of native passivation remain poorly understood. In this work, we use operando spectroscopic ellipsometry (SE) with a real‐time, spatially resolved thickness‐mapping function to study freshly prepared Li metal anodes with/without texture control. The native passivation reaction is monitored inside an Argon glovebox with precise control of O
                    2
                    , CO
                    2,
                    and H
                    2
                    O gas environment. We discovered that the nucleation and anisotropic reactivity of Li metal are the root causes for the non‐uniform distribution of the native passivation layer. The equilibrium thickness has been studied for texture effects (i.e., Li with (200) and (110) out‐of‐plane orientations) and temperature effects. The growth of the native layer is fitted by Fehlner–Mott model. We correlate the thickness of the native passivation layer with subsequent SEI evolution by analyzing electrochemical impedance spectroscopy distribution of relaxation times (EIS‐DRT) and critical current densities (CCD) in three different electrolytes. By elucidating the fundamental growth mechanisms and roles of the native passivation layer, this work reveals the origin of non‐uniform reactivities on Li metal anodes, providing a new framework for engineering stable, dendrite‐free lithium metal interfaces.",crossref
Multifunctional Halogenated Third Components Enable Additive‐Free Organic Solar Cells with 20.63% Efficiency via Regulating Molecular Stacking and Suppressing Exciton‐Vibration Coupling,https://advanced.onlinelibrary.wiley.com/doi/10.1002/aenm.71457?af=R,,Wiley: Advanced Energy Materials: Table of Contents,2026-08-15 14:34:06+00:00,10.1002/aenm.71457,Yongsheng Chen,,"ABSTRACT
                  
                    Achieving simultaneous morphology optimization and energy‐loss suppression in additive‐free organic solar cells (OSCs) remains a major challenge. Here, we report a halogenated third‐component strategy to regulate molecular stacking and exciton‐vibration coupling in additive‐free D18:L8‐BO blends. We show that halogen‐dependent modulation effectively tailors intermolecular interactions, molecular packing, and photoinduced dynamics, leading to markedly different photovoltaic behaviors. Among them, the fluorinated third component, eC9‐4F, delivers the most effective regulation, enabling stronger electrostatic modulation and a more favorable packing configuration with enhanced
                    π
                    –
                    π
                    stacking coherence. Such optimized local packing suppresses exciton‐vibration coupling, reduces vibrational dissipation and energy loss, prolongs exciton diffusion, and improves charge generation and transport. As a result, the additive‐free D18:L8‐BO:eC9‐4F device achieves a power conversion efficiency (PCE) of 20.63% (certified as 20.07%), while flexible devices fabricated on PEN substrates deliver a PCE of 19.34% (certified as 18.65%). These results highlight the strong potential of halogenated third‐component engineering for simultaneously advancing efficiency, mechanical flexibility, and practical applicability in additive‐free OSCs. Our work reveals the multiscale interplay among molecular stacking, energetic disorder, vibrational dissipation, and charge dynamics, and establishes halogenated third‐component engineering as an effective route toward low‐loss, high‐efficiency additive‐free OSCs.",crossref
Hard Carbon Networks for Mitigating Graphite Lattice Strain Under Extreme‑Low‑Temperature Fast Charging,https://advanced.onlinelibrary.wiley.com/doi/10.1002/aenm.71446?af=R,,Wiley: Advanced Energy Materials: Table of Contents,2026-08-15 14:35:48+00:00,10.1002/aenm.71446,Ke‐Yu Xie,,"ABSTRACT
                  
                    Low‐temperature fast charging of lithium‐ion batteries is primarily constrained by sluggish reaction kinetics and mechanical degradation of graphite anodes. Here, a kinetic–structural coordination strategy based on a 15 wt.% hard carbon (HC) percolating network embedded within the graphite matrix is proposed. This HC network functions as an ionic flux redistributor, effectively suppressing the high‐strain phase transition to stage 1 (LiC
                    6
                    ) and reducing lattice strain, thereby protecting the graphite from mechanical pulverization. Moreover, the coordinated lithiation promotes the formation of a robust, LiF‐rich inorganic solid electrolyte interphase (SEI), which facilitates fast desolvation and prevents interfacial delamination. As a result, NCM523‖Graphite/HC pouch cells deliver 2250 cycles at −20°C under a 4C rate with 88% capacity retention, and maintain stable operation at 8C and −40°C. This network doping approach thus provides a scalable design principle for all‐climate, high‐power batteries intended for electric vehicle applications.",crossref
Electron Spin‐State Regulation Unlocks Structural Robustness and Stable Sodium Storage in Na4Fe3(PO4)2P2O7 Cathode,https://advanced.onlinelibrary.wiley.com/doi/10.1002/aenm.71459?af=R,,Wiley: Advanced Energy Materials: Table of Contents,2026-08-15 14:36:21+00:00,10.1002/aenm.71459,Chenghao Yang,,"ABSTRACT
                  
                    The low‐cost, structurally robust Na
                    4
                    Fe
                    3
                    (PO
                    4
                    )
                    2
                    P
                    2
                    O
                    7
                    (NFPP) polyanionic cathode for sodium‐ion batteries is constrained by electronic insulation and sluggish Na
                    +
                    transport. Herein, a spin‐state‐engineered cathode, Na
                    4
                    Fe
                    2.94
                    Mo
                    0.03
                    Co
                    0.03
                    (PO
                    4
                    )
                    2
                    P
                    2
                    O
                    7
                    (MC‐NFPP), is developed to modulate the local electronic structure of Fe, thereby unlocking additional unpaired electrons to simultaneously enhance intrinsic charge transport and lattice stability. The high‐valence Mo
                    6+
                    weakens the local ligand field via the inductive effect, while Co
                    2+
                    promotes spin reconfiguration through magnetic exchange interactions. This design induces a profound electronic reconfiguration, driving the transition of Fe from an intermediate‐spin (IS) to a high‐spin (HS) state (with the HS‐Fe
                    2+
                    fraction rising from 65.0% to 79.2%), which concurrently narrows the bandgap and lowers the Na
                    +
                    migration barrier. Meanwhile, the increased fraction of flexible HS‐state FeO
                    6
                    octahedra activates a spin‐regulated structural breathing effect, enabling rapid relaxation of distorted [P
                    2
                    O
                    7
                    ] units and markedly reducing unit cell volume fluctuation from 5.78% to 3.89%, thus ensuring robust structural resilience. Consequently, MC‐NFPP achieves a high reversible capacity of 89.2 mAh g
                    −1
                    at 30 C and retains 96.8% capacity after 1200 cycles in full cells. This spin‐state regulation effectively overcomes the intrinsic kinetic and structural bottlenecks of polyanionic cathodes, providing a viable pathway for their practical deployment.",crossref
Manipulating Valence‐Heterogeneous Pt Dual Sites via Metal‐Support Interactions for Highly Efficient Alkaline Hydrogen Evolution,https://advanced.onlinelibrary.wiley.com/doi/10.1002/aenm.71456?af=R,,Wiley: Advanced Energy Materials: Table of Contents,2026-08-15 14:37:34+00:00,10.1002/aenm.71456,Hao Jiang,,"ABSTRACT
                  
                    Alkaline water electrolysis is essential for sustainable green hydrogen production but is bottlenecked by sluggish water dissociation kinetics and catalyst degradation at high current densities. Herein, a low loading of Pt nanoclusters (4.2 wt.%) was anchored on multiwalled carbon nanotubes (Pt‐MWCNT) through a spontaneous reduction approach that triggers strong metal–support interaction (SMSI). A dual‐site coupled mechanism mediated by the valence‐heterogeneous Pt species was uncovered, where the electrophilic Pt
                    2+
                    sites accelerate H‐OH bond cleavage, while the adjacent Pt
                    4+
                    centers optimize the *H adsorption‐desorption strength for high‐efficiency H
                    2
                    evolution. More importantly, this synergy could be precisely tailored by leveraging the carbon support's work function as a regulatory dial for the Pt
                    2+
                    /Pt
                    4+
                    ratio. Through nitrogen doping, the resulting Pt‑N‑MWCNT electrocatalyst with an optimal Pt
                    2+
                    /Pt
                    4+
                    ratio of 1.04, achieved a kinetic equilibrium between water dissociation and hydrogen desorption, enabling a low overpotential of 28 mV at 10 mA cm
                    −2
                    and a durability of over 500 h at 500 mA cm
                    −2
                    . This work delivers critical insights into SMSI‐mediated electronic modulation, charting a pathway toward designing low‐loading noble metal catalysts for sustainable hydrogen technologies.",crossref
Tailoring Electrolyte Chemistry Through Precise Organic Synthesis for Lithium Metal Batteries,https://advanced.onlinelibrary.wiley.com/doi/10.1002/aenm.71447?af=R,,Wiley: Advanced Energy Materials: Table of Contents,2026-08-15 14:39:53+00:00,10.1002/aenm.71447,Cao Guan,,"ABSTRACT
                  
                    Realizing next‐generation batteries with specific energies exceeding 500 Wh kg
                    −1
                    requires coupling lithium metal anodes with high‐voltage cathodes. Conventional carbonate electrolytes fundamentally fail in these aggressive environments due to narrow electrochemical windows and catastrophic interfacial degradation. Overcoming these bottlenecks demands a paradigm shift from empirical formulation to rational molecular design. This review highlights synthetic molecular engineering as a systematic framework to tailor electrolyte chemistry at the atomic scale via precision organic synthesis—defined as deliberate covalent modification including de novo construction and targeted functionalization, focused herein on lithium metal systems. By employing precise organic synthesis through electronic regulation, steric hindrance modulation, and functional group integration, researchers actively program the physicochemical properties of salts, solvents, and additives. We systematically elucidate how these engineered components remodel primary solvation structures and direct the construction of robust interphases, navigating the long‐standing trade‐off between ionic conductivity and stability. We further benchmark performance against practical pouch‐cell constraints and distill conditional design rules specifying where each strategy succeeds and fails. Finally, integrating computational screening, perfluoroalkyl and polyfluoroalkyl substances (PFAS) sustainability considerations, and green synthesis will accelerate the industrial translation of advanced industrial lithium metal energy storage.",crossref
Surface‐Fluorinated Conductive Carbon for Coupled Electron/Ion Transport Through the Graphite Anode,https://advanced.onlinelibrary.wiley.com/doi/10.1002/aenm.71436?af=R,,Wiley: Advanced Energy Materials: Table of Contents,2026-08-15 14:40:24+00:00,10.1002/aenm.71436,Xin He,,"ABSTRACT
                  
                    Graphite (Gr) is the dominant anode material for commercial lithium‐ion batteries (LIBs). However, its fast‐charging capability is often constrained by sluggish Li
                    +
                    transport and large interfacial polarization under high current densities. Conventional conductive carbons mainly serve as electronic percolation networks and do not contribute to Li
                    +
                    transport regulation. Here, we report a gas‐phase fluorination strategy that converts commercial nanosized conductive carbon into a surface‐fluorinated conductive carbon (F‐SP) to enable coupled electron/Li
                    +
                    transport and localized LiF‐rich interphase regulation in Gr anodes. The introduced semi‐ionic and polar C‐F species enhance electrolyte wettability and Li
                    +
                    affinity while maintaining the conductive carbon framework. Partial electrochemical defluorination of F‐SP further promotes the in situ formation of a nanoscale LiF‐rich interphase on the surface during cycling, regulating local interfacial chemistry and improving charge‐transfer kinetics. Benefiting from this synergistic transport and interphase regulation, the F‐SP‐based Gr anode exhibits improved rate capability and cycling stability with reduced polarization and accelerated Li
                    +
                    transport kinetics. The NCM523||Gr/F‐SP full‐cell delivers a reversible capacity of 95.2 mAh g
                    −1
                    at 10C and retains 81.99% of its capacity after 500 cycles at 1C. This work demonstrates that rational surface fluorination can upgrade conventional conductive carbon into multifunctional kinetic regulators for fast‐charging Gr anodes.",crossref
Redox‐Catalytic p‐Toluquinone With Dynamic Proton‐Iodine Modulation for High‐Capacity and Durable Zn–I2 Battery,https://advanced.onlinelibrary.wiley.com/doi/10.1002/aenm.71407?af=R,,Wiley: Advanced Energy Materials: Table of Contents,2026-08-15 14:41:02+00:00,10.1002/aenm.71407,Xiaoming Sun,,"ABSTRACT
                  
                    Aqueous Zn─I
                    2
                    batteries offer an attractive route toward risk‐free, cost‐efficient, and sustainable energy storage. However, their practical implementation is hindered by the challenges of sluggish iodine conversion kinetics and severe polyiodide shuttling. Herein, we reported a bio‐derived p‐toluquinone (TQ) confined onto porous activated carbon (denoted as TQ@AC) as redox‐catalytic cathode that leverages its quinoid backbone and carbonyl redox centers to simultaneously stabilize TQ redox cycling and boost iodine conversion efficiency. According to a combination of in/ex situ analyses and theoretical calculations, carbonyl groups within TQ serve as proton storage sites, and undergo reversible proton‐coupled electron transfer (PCET) process during battery working. Moreover, protonated carbonyl sites effectively confine iodine species via proton‐driven C═O/C─OH reaction and catalyze highly‐reversible iodine conversion, achieving a four‐electron proton‐iodine dual‐redox mechanism. Therefore, electrolytic Zn─I
                    2
                    battery based on TQ@AC cathode delivers an impressive capacity of 410 mAh g
                    −1
                    , superior rate capability and achieves 85% capacity retention over 63 000 cycles. Additionally, the outstanding working stability and excellent temperature tolerance of the pouch cell within −15°C–45°C underscore its practical applicability, highlighting the effectiveness of synergistic organic‐iodine modulation for advanced Zn‐halogen batteries.",crossref
Ultrahigh‐Loading Cathodes for Next‐Generation Lithium‐Ion Batteries,https://advanced.onlinelibrary.wiley.com/doi/10.1002/aenm.71439?af=R,,Wiley: Advanced Energy Materials: Table of Contents,2026-08-15 14:41:36+00:00,10.1002/aenm.71439,Weidong He,,"ABSTRACT
                  Ultrahigh‐loading cathodes are a key pathway to boosting the energy density of lithium‐ion batteries. The design of thick electrodes can significantly increase the loading of electrode active materials by minimizing the proportion of inactive components at the device level. However, considerable effort is still required to address the challenges that arise as the electrode thickness increases. This review outlines the common challenges faced by ultra‐high‐loading cathodes, focusing on the key degradation mechanisms of thick electrodes in different cathode systems and the latest advances. The constraints at the practical cell level are also discussed, and the industrial feasibility of various modification strategies and emerging fabrication processes is evaluated. Finally, suggestions on the future directions of ultrahigh‐loading cathode development and research are provided.",crossref
Photocatalytic Oxygen Reduction Pathway Modulating on Cadmium Sulfide via Surface Doping Engineering for In‐Situ Synthesis of Hydrogen Peroxide Coupled With Organic Valorization,https://advanced.onlinelibrary.wiley.com/doi/10.1002/aenm.71443?af=R,,Wiley: Advanced Energy Materials: Table of Contents,2026-08-15 14:43:05+00:00,10.1002/aenm.71443,Pengju Feng,,"ABSTRACT
                  
                    Tuning the oxygen reduction reaction (ORR) pathway is essential for steering the selective generation of reactive oxygen species (ROS) in targeted applications. Here, Fe‐doped cadmium sulfide (Fe‐CdS) nanorods were rationally designed to modulate surface ORR pathways, enabling efficient hydrogen peroxide (H
                    2
                    O
                    2
                    ) production via optimized electron transfer dynamics. By precisely controlling the content of Fe doping, we have achieved customized generation of photocatalytic reactive oxygen species. Under irradiation, low Fe doping (1%) favored a 2‐electron ORR pathway, yielding H
                    2
                    O
                    2
                    at a rate of 483.5 µM h
                    −1
                    , surpassing that of CdS and 2%–5% Fe‐CdS. In contrast, 5% Fe doping induced a shift toward H
                    2
                    O
                    2
                    production and decomposition‐mediated the generation of hydroxyl at 110.2 µM h
                    −1
                    . Strong metal–support interactions facilitated efficient charge separation, while excess Fe sites catalyzed H
                    2
                    O
                    2
                    decomposition. The photocatalytic H
                    2
                    O
                    2
                    production platform was further integrated with in situ organic synthesis, demonstrating dual‐functional photoredox transformations, including arylboronic acid oxidation and amide coupling. This work establishes structure‐activity relationships governing ROS‐selectivity in doped photocatalysts, while pioneering a light‐driven synthetic paradigm that concurrently addresses green oxidant production and selective organic synthesis.",crossref
Chemomechanically Adaptive MXene–Si–Ag Dual‐Seed Interlayer Enabling Low‐Pressure Sulfide all‐Solid‐State Batteries,https://advanced.onlinelibrary.wiley.com/doi/10.1002/aenm.71461?af=R,,Wiley: Advanced Energy Materials: Table of Contents,2026-08-15 14:45:28+00:00,10.1002/aenm.71461,Soojin Park,,"ABSTRACT
                  
                    Sulfide‐based all‐solid‐state batteries (ASSBs) promise high safety and energy density; however, sustaining stable operation under low stack pressure remains challenging due to chemo‐mechanical instability at solid‐solid interfaces. Here, we report a chemomechanically adaptive MXene–Si–Ag hybrid interlayer that stabilizes Li metal‐based anode interfaces in sulfide ASSBs. A mechanically compliant MXene framework maintains intimate contact with the sulfide solid electrolyte and accommodates interfacial stress evolution, while immobile Si and mobile Ag function as complementary lithiophilic seeds. Si provides persistent interfacial anchoring and continuous ionic pathways owing to its negligible solubility in Li, whereas Ag dynamically redistributes along Li flux to regulate nucleation and interfacial reaction kinetics. This immobile‐mobile dual‐seed synergy homogenizes Li transport without requiring strict spatial overlap of the seeds. When paired with high‐loading NCM811 cathodes, the interlayer enables an areal capacity of 4.56 mAh cm
                    −2
                    with 84.5% capacity retention over 500 cycles at 1C under 40 MPa. Notably, stable cycling is preserved even under ultralow stack pressure (0.21 MPa), delivering an initial Coulombic efficiency of 82.7% and 72.4% capacity retention after 200 cycles. This work demonstrates that coupling mechanical adaptability with dynamic lithiophilic regulation provides a practical pathway toward pressure‐tolerant, high‐energy sulfide ASSBs.",crossref
Embedded injustice under the developmental state: Taiwan's reflexive governance on just transition,https://www.sciencedirect.com/science/article/pii/S0301421526004878?dgcid=rss_sd_all,,ScienceDirect Publication: Energy Policy,2026-08-16 00:00:00+00:00,,Jui-Ning Chang,,,
Electrolyte-mediated interfacial engineering for silicon-based anodes in lithium-ion batteries: From liquid to quasi-solid and all-solid-state systems,https://www.sciencedirect.com/science/article/pii/S0306261926013103?dgcid=rss_sd_all,,ScienceDirect Publication: Applied Energy,2026-08-16 00:00:00+00:00,,Chenguang Liu,,,
Ms-MOARO: a novel multi-strategy optimizer for multi-objective optimal power flow with wind-solar-tidal energy integration,https://www.sciencedirect.com/science/article/pii/S0306261926013309?dgcid=rss_sd_all,,ScienceDirect Publication: Applied Energy,2026-08-16 00:00:00+00:00,,Hüseyin Bakır,,,
Coordinating electricity and computility in economic dispatch by embedding quantile convex latency surrogates,https://www.sciencedirect.com/science/article/pii/S0306261926013346?dgcid=rss_sd_all,,ScienceDirect Publication: Applied Energy,2026-08-16 00:00:00+00:00,,Zaijun Wu,,,
Multi-objective dynamic reconfiguration of active distribution networks via spatio-temporal flexible interaction of SOPs and ESSs against critical DG disconnections,https://www.sciencedirect.com/science/article/pii/S0306261926012900?dgcid=rss_sd_all,,ScienceDirect Publication: Applied Energy,2026-08-16 00:00:00+00:00,,Mengran Zhou,,,
High-resolution simulation and modeling of tropical-cyclone induced power outages in the United States,https://www.sciencedirect.com/science/article/pii/S0306261926011670?dgcid=rss_sd_all,,ScienceDirect Publication: Applied Energy,2026-08-16 00:00:00+00:00,,Ning Lin,,,
Research on the technical potential and complementary development pattern of offshore wind and photovoltaics in China's coastal regions under climate change,https://www.sciencedirect.com/science/article/pii/S0306261926013073?dgcid=rss_sd_all,,ScienceDirect Publication: Applied Energy,2026-08-16 00:00:00+00:00,,Xin Wang,,,
A dual-function energy regenerative suspension supported AIoT for energy harvesting and self-sensing to enhance the performance of fuel-powered and battery electric vehicles,https://www.sciencedirect.com/science/article/pii/S0306261926012869?dgcid=rss_sd_all,,ScienceDirect Publication: Applied Energy,2026-08-16 00:00:00+00:00,,Hassan Ali Mohieldin,,,
Uncertainty self-balancing capability: A novel indicator for microgrid flexibility and its economic valuation,https://www.sciencedirect.com/science/article/pii/S0306261926012870?dgcid=rss_sd_all,,ScienceDirect Publication: Applied Energy,2026-08-16 00:00:00+00:00,,Yue Yuan,,,
Reimagining energy transitions: understanding energy autonomy through community participation and epistemic cultures in marginalised Indian communities,https://www.sciencedirect.com/science/article/pii/S0306261926013164?dgcid=rss_sd_all,,ScienceDirect Publication: Applied Energy,2026-08-16 00:00:00+00:00,,Priyadarshi Patnaik,,,
On the climatic and energy impacts of reflective and evaporative photovoltaic roofs in cities,https://www.sciencedirect.com/science/article/pii/S0306261926012389?dgcid=rss_sd_all,,ScienceDirect Publication: Applied Energy,2026-08-16 00:00:00+00:00,,Mattheos Santamouris,,,
Two-stage coordinated robust electricity trading for virtual power plants across the annual-to-spot trading cycle under asynchronous wholesale-retail interaction,https://www.sciencedirect.com/science/article/pii/S0306261926013140?dgcid=rss_sd_all,,ScienceDirect Publication: Applied Energy,2026-08-16 00:00:00+00:00,,Zhaoyang Dong,,,
The moderating role of geopolitical fragmentation in energy transition-energy poverty: A cross distribution evidence from Europe,https://www.sciencedirect.com/science/article/pii/S0301421526004787?dgcid=rss_sd_all,,ScienceDirect Publication: Energy Policy,2026-08-16 00:00:00+00:00,,Muhammad Shahbaz,,,
"Energy poverty: Seasonal variations, socioeconomic disparities and cumulative inequality",https://www.sciencedirect.com/science/article/pii/S0301421526004842?dgcid=rss_sd_all,,ScienceDirect Publication: Energy Policy,2026-08-16 00:00:00+00:00,,Tadj Oreszczyn,,,
Distributed flexible dispatch of heterogeneous thermostatically controlled loads with physically consistent neural ODEs,https://www.sciencedirect.com/science/article/pii/S0306261926012523?dgcid=rss_sd_all,,ScienceDirect Publication: Applied Energy,2026-08-16 00:00:00+00:00,,Yi Wang,,,
"Broadly positive, slightly split: How political orientation links to early perceptions of seasonal thermal energy storage",https://www.sciencedirect.com/science/article/pii/S0301421526004891?dgcid=rss_sd_all,,ScienceDirect Publication: Energy Policy,2026-08-16 00:00:00+00:00,,Rebeka Sträter,,,
Acetylene Semi‐Hydrogenation by Photocatalysis,https://onlinelibrary.wiley.com/doi/10.1002/anie.5613575?af=R,,Wiley: Angewandte Chemie International Edition: Table of Contents,2026-08-16 16:25:57+00:00,10.1002/anie.5613575,Luka Đorđević,,"ABSTRACT
                  Acetylene to ethylene semi‐hydrogenation is a cornerstone process in the production of polymer‐grade feedstocks, yet it remains dominated by energy‐intensive noble metal‐based thermocatalysis. Photocatalysis is now emerging as a compelling alternative, using light to generate reactive intermediates under mild conditions and replacing hydrogen gas with safer proton sources such as water or alcohols. Although still in its infancy, this field is rapidly evolving, with a growing number of studies already achieving remarkable performances in both selectivity and efficiency. This Minireview provides an overview of photocatalytic acetylene semi‐hydrogenation, framing recent advances within a broader industrial context. Emphasis is placed on mechanistic understanding, comparing π‐complex, hydrogen atom transfer (HAT), and concerted proton‐coupled electron transfer (CPET) pathways alongside the experimental tools used to distinguish them. Recent developments in both homogeneous and heterogeneous catalytic systems are discussed and key challenges related to efficiency, scalability, and techno‐economic viability are presented, outlining design principles for next‐generation, earth‐abundant photocatalysts, and identifying opportunities for the transition from impurity removal to direct acetylene valorization.",crossref
“Armor Polymerization” Unlocks Polymer Electrolytes With Simultaneous Rapid Li+ Conduction and High Solidification,https://onlinelibrary.wiley.com/doi/10.1002/anie.4583501?af=R,,Wiley: Angewandte Chemie International Edition: Table of Contents,2026-08-16 16:27:29+00:00,10.1002/anie.4583501,Yun Zheng,,"ABSTRACT
                  
                    Polymer electrolytes offer significant promise for high‐performance quasi‐solid‐state batteries due to their simple processing and excellent electrode compatibility. Nevertheless, they are intrinsically constrained by a critical compromise: while mobile solvents enable higher ionic conductivity (
                    σ
                    ), these solvents inherently weaken solidification and therefore undermine intrinsic safety. Herein, we propose an innovative “armor polymerization” strategy to simultaneously achieve rapid Li conduction and robust solidification. Employing a functionalized ionic covalent organic framework (iCOF) as structural “armor” for in situ polymerization, our strategy creates hierarchical, low‐energy‐barrier ion‑transport pathways with weakened Li
                    +
                    ‐polymer interactions, while immobilizing solvent molecules via hydrogen‑bond networks. The resulting electrolyte exhibits a
                    σ
                    of 7.6 × 10
                    −4
                    S cm
                    −1
                    at 25°C, an elevated Li
                    +
                    transference number (
                    t
                    Li+
                    ) of 0.66, and solid‑state characteristics with high solidification. Remarkably, Li||LiFePO
                    4
                    cells deliver a long cycling life with a high‐capacity retention of 92.2% and a nearly 100% Coulombic efficiency after 1500 cycles at 1C, as well as a 83.8% capacity retention after 2200 cycles at 2C. Furthermore, Li||NCM523 maintains an extremely high‐capacity retention of 99.7% after 210 cycles at 0.5C. This strategy provides a novel pathway for designing high‐performance, safe quasi‐solid‐state batteries through advanced electrolyte engineering.",crossref
Toward Robust Anion‐Derived Interphases: A Novel Ternary‐Solvent Electrolyte for High‐Voltage Fast‐Charging Sodium Batteries,https://onlinelibrary.wiley.com/doi/10.1002/anie.3464448?af=R,,Wiley: Angewandte Chemie International Edition: Table of Contents,2026-08-16 16:28:12+00:00,10.1002/anie.3464448,Xinming Fan,,"ABSTRACT
                  
                    Conventional carbonate electrolytes suffer from severe oxidative decomposition and unstable interphases for NaNi
                    1/3
                    Fe
                    1/3
                    Mn
                    1/3
                    O
                    2
                    (NaNFM) cathode under high‐voltage and fast‐charging condition. Herein, an anion‐derived interphase strategy is designed via synergistic solvation structure regulation utilizing sulfolane (SL), dimethyl carbonate (DMC), and ethoxy(pentafluoro)cyclotriphosphazene (PFPN) solvents. In the novel electrolyte (denoted as SDP), SL competitively coordinates with Na
                    +
                    to suppress DMC oxidation, while PFPN acts as a free co‐solvent for interphase stability. Critically, the synergistic interactions promote anion (PF
                    6
                    −
                    ) entry into the primary solvation sheath, inducing preferential decomposition of anion and solvents to form an inorganic, anion‐rich cathode–electrolyte interphase (CEI) with high mechanical modulus (19.967 GPa) and uniform thickness (∼7 nm). Consequently, SDP delivers favorable cycling stability (85.72% capacity retention after 300 cycles at 3 C, 2–4.1 V), high initial coulombic efficiency (92.03%), and superior rate capacity (57.83 mAh g
                    −1
                    at 20 C). Furthermore, SDP effectively mitigates particle cracking, transition metals dissolution, and gas evolution (H
                    2
                    and CO
                    2
                    ), while demonstrating broad compatibility with various layered oxide and polyanionic cathode materials. This work provides a rational electrolyte design strategy to construct a stable anion‐derived CEI by manipulating the electrolyte structure of anion and solvents.",crossref
A Modular Synthesis of C5‐Sulfenyl Thiazoles via an Intermolecular Pummerer Rearrangement: An Underexplored Scaffold for Medicinal Chemistry,https://onlinelibrary.wiley.com/doi/10.1002/anie.8444671?af=R,,Wiley: Angewandte Chemie International Edition: Table of Contents,2026-08-16 16:30:41+00:00,10.1002/anie.8444671,Storm Hassell‐Hart,,"ABSTRACT
                  
                    The introduction of sulfur substituents to heterocyclic cores in fragments and drugs is hugely advantageous, improving key pharmacokinetic properties, providing additional vectors for synthetic elaboration, and potentially enhancing binding affinities. Despite this potential and their prevalence in drug discovery, sulfur‐substituted thiazole scaffolds remain largely underexplored due to synthetic challenges in their preparation. To overcome the limitations in accessing these motifs, we report a mild, modular strategy for assembling C5‐sulfenyl thiazoles from
                    β
                    ‐keto sulfoxides via an intermolecular Pummerer rearrangement. This methodology displays an excellent functional group tolerance, furnishing 50 diverse thiazole scaffolds derived from both thioamides and thioureas. The synthetic and medicinal impact of this methodology is showcased in the preparation and evaluation of thioether, sulfoxide and sulfone analogues of the blockbuster β3‐adrenoceptor agonist mirabegron. Comparison of key pharmacokinetic properties revealed improved cell permeability, metabolic stability, lipophilicity and plasma protein binding without unduly affecting biological affinity relative to the parent drug.",crossref
Programmable remodelling of carbon–nitrogen connectivity in amines,https://www.nature.com/articles/s41586-026-11009-1,,Nature,2026-08-17 00:00:00+00:00,10.1038/s41586-026-11009-1,Matthew J. Gaunt,,"Tertiary amines are ubiquitous motifs in biologically active molecules, where they play central roles in molecular recognition and function1,2. Among these, tertiary benzylamines are particularly prominent in discovery chemistry as readily assembled starting points for lead generation from abundant building blocks3,4, with favourable physicochemical and binding properties. However, despite their accessibility, the core C–N connectivity of these frameworks remains effectively locked5,6, confining diversification to benzylamine derivatives and preventing direct access to structurally distinct aryl–alkylamine architectures. Overcoming this limitation requires direct and selective reconfiguration of C–N connectivity within fully elaborated amine scaffolds. Here we show that tertiary benzylamines can be transformed from static scaffolds into programmable platforms for molecular diversification through catalytic remodeling of their C–N bonds7-9. N-alkylation with a bifunctional electrophile generates a quaternary ammonium intermediate that encodes palladium-catalyzed disassembly and reconfiguration of C–N connectivity. This concept is first exemplified through one-carbon homologation of tertiary benzylamines and, more significantly, establishes a general strategy for programmable insertion of modular units—ranging from single carbon atoms to complex molecular fragments, including hydrocarbon chains, heterocycles and aryl groups—directly across the C–N bond on fully elaborated amine scaffolds. This capability opens a route to programmable diversification of amine frameworks, enabling systematic exploration of amine connectivity and molecular architecture.",nature_html
Hydration layer mediates near-frictionless sieving of monovalent ions,https://www.nature.com/articles/s41565-026-02245-7,,Nature Nanotechnology,2026-08-17 00:00:00+00:00,10.1038/s41565-026-02245-7,Zhiyong Tang,,"Achieving simultaneous high selectivity and permeability for monovalent cation separation remains challenging due to energy-intensive dehydration requirements in current rigid nanopores. Here we develop a hydration-layer-mediated sieving strategy by anchoring hydrated ions at the pore rim of a covalent organic framework monolayer to form dynamic angstrom-scale hydrapores. Ion transport is regulated via attraction and repulsion between bound and migrating ions, arising from the merging and squeezing of hydration layers, enabling precise discrimination without full dehydration. Under a concentration gradient (∆C = 1 M), the membrane exhibits selectivity of 148 for K+/Li+ and 42 for Na+/Li+ with a K+ permeance of 2 × 104 mol m−2 h−1, three orders of magnitude higher than those of state-of-the-art membranes. A low activation energy of 5.5 kcal mol−1 indicates near-frictionless transport, offering a new paradigm for monovalent cation separation.",nature_html
Interface engineering towards high-efficiency perovskite/CIGS tandem solar cells,https://www.nature.com/articles/s41560-026-02124-4,,Nature Energy,2026-08-17 00:00:00+00:00,10.1038/s41560-026-02124-4,,,,
Diffusionless mechanisms produce diffusion-like electrochemistry in battery particles,https://www.nature.com/articles/s41560-026-02123-5,,Nature Energy,2026-08-17 00:00:00+00:00,10.1038/s41560-026-02123-5,,,,
Economic and behavioural policy coupling has divergent effects on electric vehicle adoption at individual and system scales,https://www.nature.com/articles/s41560-026-02114-6,,Nature Energy,2026-08-17 00:00:00+00:00,10.1038/s41560-026-02114-6,Ulf J. J. Hahnel,,"Policy mixes are key to accelerating low-carbon transitions. Yet, how combined policies impact electric vehicle (EV) adoption decisions and scale up to system-level diffusion remains unclear. Here we combine individual-level and system-level analyses to investigate how a carbon tax and information intervention, implemented individually and in combination, impact individual decision-making and system-wide EV diffusion. Across four countries (Mexico, South Africa, the USA and the UK; N = 1,589), we assessed attention towards EV information in EV choice experiments and integrated decision outcome data into a behavioural agent-based diffusion model (ABM). The policies competed for attention but had additive effects on individual EV adoption choices. When scaled through ABM, these behavioural effects produced sub- or superadditive diffusion outcomes depending on the diffusion stage and national context. Moreover, we endogenously coupled the ABM with policy support data. Our findings illustrate that combining policies can boost policy support relative to a tax alone, translating into sustained diffusion trajectories under different policy review scenarios.",nature_html
Muco-infiltrating prodrug coacervates with prolonged colonic retention enhance IBD-associated depression therapy,https://academic.oup.com/nsr/advance-article/doi/10.1093/nsr/nwag487/8762563?rss=1,,National Science Review Advance Access,2026-08-17 00:00:00+00:00,10.1093/nsr/nwag487,Liming Bian,,"Oral delivery of small-molecule drugs to the distal intestine is often hindered by short colonic retention, a key requirement for ensuring sustained colonic drug availability. Herein, we developed a library of minimalist, muco-infiltrating prodrug coacervates by exploiting the interfacial physics of liquid–liquid phase separation (LLPS). By systematically tuning the length of poly(ethylene glycol) (PEG) spacer and the hydrophobicity of drug stickers in PEG–drug conjugates, we precisely modulated the molecular amphiphilicity to generate liquid coacervates with ultralow interfacial tension against water (in vitro. As a proof-of-concept, butyrate coacervate (P6-ButCoa) accumulated in the cecum and colon within 2 hours post-oral administration and persisted for over 18 hours. The prolonged colonic retention time facilitates sustained, enzyme-responsive drug release, which significantly ameliorates dextran sulfate sodium (DSS)-induced colitis and associated depressive behaviors by markedly enhancing drug availability primarily in the colon, with subsequent bioavailability in the brain. These findings demonstrate that leveraging interfacial physics to guide mucus infiltration of coacervates offers a versatile strategy for sustained oral drug delivery to the distal intestine.",rss_oup
An aberration-corrected bionic eye for full-colour vision and event-driven motion detection,https://www.nature.com/articles/s41563-026-02685-5,,Nature Materials,2026-08-17 00:00:00+00:00,10.1038/s41563-026-02685-5,Zhiyong Fan,,"Vision sensors are central to machine vision and intelligence. However, conventional planar devices rely on multielement optics and external processors to correct optical aberrations. This approach constrains miniaturization, reduces power efficiency and generally limits the field of view. Curved sensors can provide compact, aberration-corrected imaging, but their resolution has been below practicable levels. Here we present a bioinspired bionic eye system based on a hemispherical tandem artificial retina. This high curvature image sensor achieves a pixel density of 1,905 ppi with 367,500 total pixels, providing full-colour imaging across 300–800 nm and an aberration-corrected field of view exceeding 160°. Furthermore, the tandem design enables in-sensor, event-driven motion detection. Compared with frame-based imaging, this approach reduces the demand for bandwidth by over 99.95% and achieves a motion recognition accuracy of 98.6%. This work addresses the resolution bottleneck of hemispherical sensors and highlights their promise as compact, multifunctional vision applications.",nature_html
Regulating transport processes in oxygen evolution catalyst layers for proton exchange membrane water electrolysis,https://www.cell.com/chem/fulltext/S2451-9294(26)00264-0?rss=yes,,Chem,2026-08-17 00:00:00+00:00,10.1016/j.chempr.2026.103198,Huabin Zhang,,"Efficient proton exchange membrane water electrolysis requires more than highly active catalysts. It also depends on effective transport within the anode catalyst layer. This review highlights how catalyst architecture, ionomer engineering, hierarchical pore design, and interface engineering collectively regulate water delivery, oxygen removal, proton conduction, and electron transport, providing design principles for transport-efficient, ultralow-Ir oxygen evolution catalyst layers in acidic water electrolysis for sustainable hydrogen production.",rss_cell
"Tuning the reactive species in oxidant activation by single-atom catalysts: Mechanisms, manipulations, and perspectives",https://www.cell.com/chem/fulltext/S2451-9294(26)00258-5?rss=yes,,Chem,2026-08-17 00:00:00+00:00,10.1016/j.chempr.2026.103192,Gangfeng Ouyang,,"This review establishes a process-oriented framework linking single-atom catalyst structure to oxidant adsorption, electron-transfer behavior, intermediate evolution, and reactive-species selectivity. It further summarizes design strategies for selectively generating radicals in advanced oxidation systems.",rss_cell
A CLEAN framework of photothermal evaporation-coupled catalysis,https://www.cell.com/chem/fulltext/S2451-9294(26)00254-8?rss=yes,,Chem,2026-08-17 00:00:00+00:00,10.1016/j.chempr.2026.103188,Shaobin Wang,,"In this perspective, we introduce a concept of photothermal evaporation-coupled catalysis (PECC) for simultaneous sunlight-driven water purification and chemical upgrading and propose the cost-effectiveness, life-cycle sustainability, emerging system integration, AI-assisted design, and near-zero compatibility (CLEAN) paradigm to leverage the microscale principles of PECC and macroscale technoeconomic feasibility toward scalable, sustainable solar water-chemical factories.",rss_cell
Electronic conductivity of solid electrolytes causes physical self-discharge in all-solid-state batteries,https://www.nature.com/articles/s41560-026-02090-x,,Nature Energy,2026-08-17 00:00:00+00:00,10.1038/s41560-026-02090-x,Xueliang Sun,,"All-solid-state batteries (ASSBs) with inorganic solid-state electrolytes (SSEs) hold vast potential for next-generation electric vehicles (EVs) due to their high energy density and enhanced safety. However, their self-discharge behaviour, a critical factor for EVs, has not been adequately investigated so far. Here we reveal that the electronic conductivity of SSEs, typically in the range of 10−8–10−9 S cm−1, contributes to considerable physical self-discharge in ASSBs, particularly when the SSE thickness is on the order of tens of micrometres. To mitigate this physical self-discharge, the electronic conductivity of SSEs needs to be reduced to approximately 10−12 S cm−1. However, none of the prevalent SSEs meets this threshold. Therefore, reducing physical self-discharge in ASSBs will require the development of SSEs with lower electronic conductivity, alongside rational interface and full-cell designs in future research. This study provides critical insights into the self-discharge phenomenon of ASSBs, which may reshape their future design and development.",nature_html
WiFo-2: a generalist foundation model unifies heterogeneous wireless system design,https://academic.oup.com/nsr/advance-article/doi/10.1093/nsr/nwag500/8762894?rss=1,,National Science Review Advance Access,2026-08-17 00:00:00+00:00,10.1093/nsr/nwag500,Liuqing Yang,,"Emerging sixth-generation wireless systems are increasingly heterogeneous, with compatibility across diverse configurations, ubiquitous coverage, and expanded functionalities. Although deep learning has substantially benefited wireless system design, existing approaches are typically trained for specific system settings and scenarios with limited generalizability. Here we present WiFo-2, a space-time-frequency foundation model for unified wireless communications and sensing system design. Pretrained on a heterogeneous dataset of 11.6 billion channel state information (CSI) points, WiFo-2 learns generalized wireless representations across scenarios, configurations, and tasks, and exhibits scaling-law behavior. WiFo-2 achieves reliable and accurate zero-shot channel reconstruction, outperforming fully supervised task-specific models. With only 1% of the training samples required by supervised AI models, WiFo-2 achieves state-of-the-art performance across 9 distinct wireless tasks. A functional hardware prototype further demonstrates its real-world deployability and superior capability across diverse wireless tasks. This work provides a versatile wireless design framework and advances understanding of wireless channels.",rss_oup
Daily briefing: Narcolepsy drug could kick off an Ozempic-style moment for the brain,https://www.nature.com/articles/d41586-026-02589-z,,Nature,2026-08-17 00:00:00+00:00,10.1038/d41586-026-02589-z,Flora Graham,,,
A monolithic microwave integrated chip with hexagonal boron nitride switches,https://www.nature.com/articles/s41928-026-01696-z,,Nature Electronics,2026-08-17 00:00:00+00:00,10.1038/s41928-026-01696-z,Yan Huang,,,
Positional isomerisation of pyridine via nitrogen transposition,https://www.nature.com/articles/s41586-026-11006-4,,Nature,2026-08-17 00:00:00+00:00,10.1038/s41586-026-11006-4,Sungwoo Hong,,"Positional isomers of pyridines often display distinct biological activities1,2 yet their direct interconversion remains largely inaccessible, so each isomer is typically prepared through an independent synthesis. Here we report a general strategy for pyridine positional isomerization enabled by controlled reorganization of the heteroaromatic core through sequential nitrogen insertion and deletion. N-atom transposition allows predictable translocation of preinstalled substituents without altering substituent identity. The method is broadly applicable to mono-, di-, and multisubstituted pyridines and operates across structurally complex molecular environments, providing direct access to positional isomers. This work establishes positional isomerization as a practical synthetic transformation, defining pyridine substitution patterns as mutable variables in retrosynthetic design.",nature_html
How the story of life and our planet unfolded — together,https://www.nature.com/articles/d41586-026-02530-4,,Nature,2026-08-17 00:00:00+00:00,10.1038/d41586-026-02530-4,Dianne K. Newman,,,
Universities must stop protecting bullies — or more people will leave science,https://www.nature.com/articles/d41586-026-02526-0,,Nature,2026-08-17 00:00:00+00:00,10.1038/d41586-026-02526-0,Morteza Mahmoudi,,,
Defect passivation and optical management of triple-junction solar cells,https://www.nature.com/articles/s41586-026-11010-8,,Nature,2026-08-17 00:00:00+00:00,10.1038/s41586-026-11010-8,Yifeng Chen,,"Perovskite/perovskite/silicon-based triple-junction solar cells are a promising low-cost route to surpass the Shockley–Queisser efficiency limit of single-junction photovoltaics, but their performance is constrained by non-radiative losses in wide-bandgap perovskites and sub-optimal light management across the multilayer stack1-3. Here, we introduce a passivating molecule, 4F-POEABr, which strongly suppresses surface-defect-mediated recombination of WBG perovskite films. The ammonium attached and electron-deficient structure of 4F-POEABr provides combined chemical and field-effect passivation, enabling a quasi-Fermi-level splitting of 1.53 eV and an open-circuit voltage of 1.413 V in the WBG sub-cell. In parallel, systematic interference management is used to optimize the current density of the current-limited middle sub-cell, yielding a gain of 0.5 mA cm⁻2 via a tailored tin oxide/indium zinc oxide bilayer structure. As a result, the triple-junction devices achieve certified steady-state power conversion efficiencies of 32.22% for a 1.046 cm2 aperture area and 26.97% for a 15.62 cm2 aperture area, with negligible hysteresis. Robust interconnection layers and engineered perovskite interfaces further enhance operational stability and reduce device-to-device variation. This work demonstrates a synergistic strategy for pushing perovskite/silicon triple-junction solar cells toward their theoretical efficiency limits, enabling scalable, high-performance photovoltaic technologies.",nature_html
Author Correction: Synthetic vulnerabilities of mesenchymal subpopulations in pancreatic cancer,https://www.nature.com/articles/s41586-026-10995-6,,Nature,2026-08-17 00:00:00+00:00,10.1038/s41586-026-10995-6,Lynda Chin,,,
Robust design of multi-energy systems accounting for mixed-integer operational problems,https://www.sciencedirect.com/science/article/pii/S0306261926013401?dgcid=rss_sd_all,,ScienceDirect Publication: Applied Energy,2026-08-17 00:00:00+00:00,,Manuel Dahmen,,,
A zero-degradation elastocaloric cooling device using fatigue-resistant refrigerant,https://www.cell.com/joule/fulltext/S2542-4351(26)00311-9?rss=yes,,Joule,2026-08-17 00:00:00+00:00,10.1016/j.joule.2026.102627,Qingping Sun,,"A fatigue-resistant shape memory alloy was integrated into a carefully engineered elastocaloric device with high mechanical reliability. The device delivered 400 watts of cooling power and a 41 Kelvin temperature span over one million operation cycles, highlighting a promising route toward durable solid-state cooling.",rss_cell
A protein–foldamer supramolecular synthon for self-assembled hybrid architectures,https://www.nature.com/articles/s41557-026-02222-6,,Nature Chemistry,2026-08-17 00:00:00+00:00,10.1038/s41557-026-02222-6,Ivan Huc,,"Constructing artificial assemblies that combine proteins and synthetic ligands has been hampered by the lack of protein–ligand interfaces that are sufficiently large and organized to enable precise structural control. Here ribosome display selection is used to identify a protein that binds a helical aromatic foldamer both tightly and selectively through a sizeable surface area. We used this complex as a supramolecular synthon to create well-defined hybrid foldamer–protein architectures. Examples include foldamers that bind two proteins and hold them at a precise distance, proteins that bind two foldamers and crystals in which proteins and foldamers are connected in cyclic or infinite arrays. The modularity of aromatic foldamers brings a further dimension to protein-based assemblies.",nature_html
Mid-infrared vision sensor based on Suspended Perovskite Oxides Down to Nanometer Scale,https://academic.oup.com/nsr/advance-article/doi/10.1093/nsr/nwag499/8762556?rss=1,,National Science Review Advance Access,2026-08-17 00:00:00+00:00,10.1093/nsr/nwag499,Shenghuang Lin,,"Intelligent mid-infrared (MIR) imaging integrates in-sensor preprocessing of thermal information, thereby reducing data redundancy and improving target-recognition robustness under low-visibility conditions. However, unlike in the visible regime, photoconductive programmability in the MIR typically relies on narrow-bandgap materials, which inherently limit stable and reconfigurable operation. Here, we report a programmable photothermoelectric (PTE) detector based on a suspended nanometer-thick SrTiO3 membrane. Dimensional scaling of the thermoelectric channel enhances sensitivity and enables a response time of ∼10 μs, over 104 times faster than bulk SrTiO3. Through dual-gate electrostatic modulation of the Seebeck profile, the device exhibits bidirectionally tunable photothermoelectric responsivity up to 50 V W−1 and supports 40 experimentally observed programmable response states. By leveraging a 3 × 3 programmable device array with device-to-device consistent gate-programmable photoresponse and reproducible polarity switching, a recognition accuracy of 83% is achieved under visually degraded conditions. Furthermore, the programmable array enables attention-guided thermal image weighting by enhancing target thermal signatures while suppressing background interference. These results demonstrate the dimensional scaling of perovskite oxides as an effective route toward adaptive, low-power machine vision and neuromorphic infrared electronics.",rss_oup
High-spin active center enables magnetic-field-enhanced photocatalytic overall water splitting,https://academic.oup.com/nsr/advance-article/doi/10.1093/nsr/nwag495/8762568?rss=1,,National Science Review Advance Access,2026-08-17 00:00:00+00:00,10.1093/nsr/nwag495,Jinlong Gong,,"Photocatalytic reaction efficiency is governed by the spin states of active center and reaction intermediates, as it allows selective formation of desired products through spin-dependent reaction pathways. As a representative process, photocatalytic overall water splitting remains limited by water oxidation reaction, where spin-dependent formation of triplet-state O2 is thermodynamically and kinetically unfavorable. This work describes an atom-specific spin modulation strategy by selectively substituting tetrahedral Co2+ with Ni2+ in spinel Co3O4 to form NiCo2O4, which reconstructs the local coordination environment and charge distribution of octahedral Co3+, constructing a high-spin configuration with increased eg occupancy. Under the constraint of external magnetic field, high-spin Co3+ atom generates aligned parallel ·OH radicals, favoring the formation of triplet-state O2 while suppressing singlet byproducts. Meanwhile, the enhanced eg occupancy weakens the adsorption of oxygenated intermediates, lowering the Gibbs free energy barrier of the rate-determining step and accelerating water oxidation. Hence, the NiCo2O4/BiVO4 photocatalyst achieves a water oxidation rate of 148.5 ± 3.7 μmol h−1, which is 5.6 times higher than the pristine BiVO4. Furthermore, it enables near-stoichiometric overall water splitting with a solar-to-hydrogen efficiency of up to 0.309 ± 0.003%. This work underscores the importance of atom-specific spin state regulation to promote spin-polarization-dependent photocatalytic water splitting.",rss_oup
Unraveling the potential of urban greenery for extreme heat and ozone mitigation in Northern Hemisphere cities,https://academic.oup.com/nsr/advance-article/doi/10.1093/nsr/nwag494/8762571?rss=1,,National Science Review Advance Access,2026-08-17 00:00:00+00:00,10.1093/nsr/nwag494,Aijun Ding,,"Escalating exposure to extreme heat and ozone (O3) pollution has emerged as a principal challenge for cities worldwide. While urban greening is widely advocated for mitigating extreme heat, its impacts on compound heat-O3 pollution remain poorly understood due to intricate urban meteorology-chemistry coupling. By integrating observations, reanalysis data, and urban-land-atmosphere modelling, we demonstrate that urban greenery provides a notable yet uneven cooling effect of − 0.26 to − 1.08 °C in Northern Hemisphere’s metropolises, shaped by greenery fractions and local climate. Furthermore, the nonlinearly weakened O3 photochemical production within a greenery-stabilized urban boundary layer is capable of decreasing O3 in populated city centers. Despite the dual positive effects in alleviating heat and O3 exposures meteorologically, greenery-boosted biogenic emissions could chemically raise urban O3 by over 7.6 µg/m3 via supplementing precursors. These findings underscore the need to incorporate fully coupled urban meteorology–chemistry interactions in urban greening strategies to achieve climatic and environmental co-benefits.",rss_oup
Rapid consumption of H2 in the deep subsurface,https://academic.oup.com/nsr/advance-article/doi/10.1093/nsr/nwag496/8762552?rss=1,,National Science Review Advance Access,2026-08-17 00:00:00+00:00,10.1093/nsr/nwag496,Huiming Bao,,"Subsurface natural hydrogen is an emerging clean energy resource, but its origins, loss mechanisms, and cycling timescales, particularly at greater depths, remain poorly constrained. Here, we report large disequilibrium in the clumped isotopes of H2 (2H2H) and hydrogen isotope fractionation between water and H2, measured in gas samples (containing 0.10–1.59% H2) collected from deep (3000–7,000 m) wells in the central Sichuan Basin. Because molecular hydrogen can equilibrate isotopes rapidly in the presence of water, such large disequilibrium indicates active kinetically controlled production and/or consumption. Analyses of geological and chemical evidence demonstrate that isotopic disequilibrium is driven by consumption by chemical reactions in host rocks coupled with partial hydrogen exchange with co-existing water. The results imply that measured compositions do not preserve the information on original sources and processes. More broadly, the dynamic cycling of hydrogen renders sediment-hosted deep gas reservoirs unfavorable for long-term or large-scale accumulation of natural hydrogen.",rss_oup
Why AI systems are most useful as designers of new scientific tools,https://www.nature.com/articles/d41586-026-02529-x,,Nature,2026-08-17 00:00:00+00:00,10.1038/d41586-026-02529-x,James Evans,,,
First-of-its-kind narcolepsy drug opens door to new therapies for the brain,https://www.nature.com/articles/d41586-026-02552-y,,Nature,2026-08-17 00:00:00+00:00,10.1038/d41586-026-02552-y,Amanda Heidt,,,
Author Correction: Electrostatic regulation of solvation chemistry enables ampere-hour-scale high-energy lithium metal batteries,https://www.nature.com/articles/s41565-026-02277-z,,Nature Nanotechnology,2026-08-17 00:00:00+00:00,10.1038/s41565-026-02277-z,Xiulin Fan,,,
Anthropogenic climate change is causing stronger and more extreme western pacific subtropical high,https://academic.oup.com/nsr/advance-article/doi/10.1093/nsr/nwag497/8762567?rss=1,,National Science Review Advance Access,2026-08-17 00:00:00+00:00,10.1093/nsr/nwag497,Banglin Zhang,,"The western Pacific subtropical high (WPSH) is a crucial system controlling weather anomalies in East Asia. Early studies defined the WPSH using either thermodynamic or dynamic metrics, but these metrics yield inconsistent trends and coverages in WPSH under anthropogenic warming. Subsequently, consensus on the response of WPSH to climate change has not been reached. Here, we investigate the response of WPSH to past and future climate change by developing a novel WPSH definition based on thermodynamic-dynamic synergy, which provides higher trend consistency of WPSH and better spatiotemporal agreement with weather anomalies. Our results reveal robust increases in WPSH area (0.25∼1.03 × 105 km2/decade) and intensity (0.35∼1.98 × 105 km2·gpm/decade), as well as northwestward extension of WPSH boundary (-0.18∼-0.32 °E/decade), under a warmer climate, which are consistent across datasets and supported by a strong inter-model consensus. Particularly, climate models project an increased likelihood of record-breaking WPSH events on both seasonal and synoptic scales, with stronger intensity, longer durations, and higher occurrences under higher-emission scenarios. The findings indicate an increasing exposure of human societies to intense monsoon rainfall and heatwave risks associated with WPSH beyond historical records.",rss_oup
Direct HAT: a complementary paradigm for activating α-silyl alcohols in enantioconvergent radical-relay coupling,https://academic.oup.com/nsr/advance-article/doi/10.1093/nsr/nwag498/8762553?rss=1,,National Science Review Advance Access,2026-08-17 00:00:00+00:00,10.1093/nsr/nwag498,Xiao Shen,,"The direct HAT activation of alcohols for alkoxy radical generation is impeded by high O–H bond strengths, and prevailing photochemical methods are limited by substrate redox potentials or metal-dependent activation requirements. Herein, we introduce a complementary paradigm leveraging the β-silicon effect in α-silyl alcohols to weaken the O–H bond, enabling its redox-neutral, photoinduced homolysis via thioxanthone. Subsequently, the generated alkoxy radicals undergo facile Brook rearrangement to produce carbon radicals, which are intercepted by a nickel catalyst in enantioconvergent cross-couplings with acyl chlorides and aryl bromides. This protocol provides diverse chiral acylons and alcohols with high enantioselectivity. It tolerates substrates that are inert under classical SET/PCET conditions and establishes direct HAT as a versatile platform for alkoxy radical chemistry of α-silyl alcohols.",rss_oup
Too hot to sleep? How heatwaves at night affect our health,https://www.nature.com/articles/d41586-026-02532-2,,Nature,2026-08-17 00:00:00+00:00,10.1038/d41586-026-02532-2,Hui Xu,,,
Revealing the kinetics characteristics of low-temperature electrocatalytic ammonia oxidation reaction,https://academic.oup.com/nsr/advance-article/doi/10.1093/nsr/nwag493/8762572?rss=1,,National Science Review Advance Access,2026-08-17 00:00:00+00:00,10.1093/nsr/nwag493,Kui Jiao,,"Electrocatalytic ammonia oxidation reaction (AOR) serves as a critical pathway for the direct utilization of ammonia energy at low-temperature. However, its reaction kinetic mechanism is complicated, and quantitative characterization under multiple operating conditions remains insufficient. In this study, electrochemical tests combined with in situ surface-enhanced Raman spectroscopy (SERS) are first conducted to investigate the variation laws of AOR process and kinetic characteristics under multiple operating conditions. An extra nitrogen redox cycle pathway, distinct from the Gerischer-Mauerer mechanism, is identified during the PtIr-catalyzed AOR process, in which the intermediate N3− strongly adsorbs onto Pt, occupying active sites and thereby reducing the AOR rate. Key kinetic parameters including exchange current density and transfer coefficient, are derived from the comprehensive experimental data to elucidate their evolutionary trends under complex operating conditions. Furthermore, the functional relationship between onset potential, exchange current density, and operating parameters is analyzed, enabling the prediction of key kinetic parameters under specific operating condition, which could provide important theoretical support for understanding and improving the devices involving AOR such as direct ammonia fuel cell and ammonia electrolysis cell.",rss_oup
Architecture and mechanism of the human p24 cargo receptor,https://www.pnas.org/doi/abs/10.1073/pnas.2610235123?mi=eymic2&af=R&access=on&content=articlesChapters&publication=pnas&sortBy=Earliest&target=default,,Proceedings of the National Academy of Sciences: Keyword search for query,2026-08-17 07:00:00+00:00,10.1073/pnas.2610235123,Hongjun Yu,,"The p24 transmembrane emp24 domain family of cargo receptors is central to secretory trafficking, yet its molecular organization and regulatory principles have remained elusive. Here, we present cryo–EM structures of human p24 complex in three pH states, integrated with systematic functional analyses focused on glycosylphosphatidylinositol-anchored protein (GPI-AP) cargo. We identify a tightly interlocked p24α2–p24β1–p24δ1–p24γ2 heterotetramer as the minimal unit for GPI-AP engagement, resolving long-standing uncertainties regarding p24 stoichiometry and higher-order assembly. We reveal functional redundancy between p24α2 and p24α3, alongside selective incorporation of p24γ2 required for cargo binding. Systematic screening identifies two stable subassemblies: p24β1–p24δ1 and p24α2–p24β1–p24δ1, suggesting a stepwise assembly pathway. Comparative structural analysis across multiple pH states uncovers a conserved proton-sensing network centered on Coiled-coil layers 0 and +1 that drives coordinated transmembrane rearrangements, underlying pH-dependent cargo release. Our findings establish an integrated framework linking p24 architecture, isoform diversity, and pH regulation, offering a basis for understanding p24 trafficking complexity.",crossref
Serum IgA proteomics reveals clonal composition and neutralization of dimeric and monomeric IgA repertoires against human norovirus,https://www.pnas.org/doi/abs/10.1073/pnas.2603905123?mi=eymic2&af=R&access=on&content=articlesChapters&publication=pnas&sortBy=Earliest&target=default,,Proceedings of the National Academy of Sciences: Keyword search for query,2026-08-17 07:00:00+00:00,10.1073/pnas.2603905123,George Georgiou,,"Protection against human norovirus correlates with attachment ligand blockade antibody titers, fecal IgA titers, and serum IgA titers. IgA responses in serum comprise approximately 80 to 95% of monomeric IgA (mIgA) and 5 to 20% of dimeric IgA (dIgA). Using serum LC–MS/MS proteomics, we established clonal relationships between circulating IgG and IgA, as well as between dIgA and mIgA. We observed a modest degree of clonal overlap between circulating IgG and IgA at steady state and found that more than 80% of antigen-specific mIgA was also detectable as dIgA. We biochemically characterized neutralizing epitopes on norovirus GII.4 virus-like particles (VLPs) targeted by serum IgA clonotypes and demonstrated that dIgA markedly enhances neutralization potency relative to mIgA and IgG in an epitope-specific manner. Cryoelectron microscopy and cryoelectron tomography revealed that whether IgA dimerization enhances viral neutralization depends on epitope accessibility on the VLP and antibody binding orientation. Together, these findings provide molecular-level resolution of the serum IgA response and define the structural basis by which dIgA enhances neutralization potency in an epitope-specific manner.",crossref
Host DNA repair factors empower a mechanism of antiviral nucleoside analog resistance,https://www.pnas.org/doi/abs/10.1073/pnas.2618057123?mi=eymic2&af=R&access=on&content=articlesChapters&publication=pnas&sortBy=Earliest&target=default,,Proceedings of the National Academy of Sciences: Keyword search for query,2026-08-17 07:00:00+00:00,10.1073/pnas.2618057123,Donald M. Coen,,"How host functions affect resistance to antiviral drugs is poorly understood. Ganciclovir, a chain-terminating nucleoside analog, is a first-line therapy against human cytomegalovirus, a widespread herpesvirus that causes life-threatening disease in immunocompromised individuals and newborns. Ganciclovir resistance, which is caused by mutations that affect the viral kinase, UL97, and/or the viral polymerase, UL54, can cause treatment failures. Among these mutations, those reducing the exonuclease activity of the viral DNA polymerase permit ganciclovir incorporation without chain termination. However, the fate of DNA strands containing the incorporated nucleotide analog is unknown. We show here that template DNA containing ganciclovir fails to support DNA synthesis of the complementary strand by exonuclease-mutant polymerase. Moreover, while DNA synthesis and ganciclovir incorporation are limited in drug-treated fibroblasts infected by virus with wild-type polymerase, an exonuclease-resistant mutant virus can better synthesize full-length genomes and incorporate substantially more ganciclovir into DNA. Notably, ganciclovir is lost from DNA when drug is removed, suggesting that ganciclovir-containing templates are repaired. We identify the host nucleotide excision repair component, xeroderma pigmentosum group A (XPA), and the repair enzyme, polymerase kappa, as each being necessary for mutant virus ganciclovir resistance and polymerase kappa as being required for the mutant’s cidofovir resistance, demonstrating a role for host DNA repair machinery in a mechanism of antiviral resistance. We propose a model for this mechanism, which has relevance for other antiviral drugs and other nucleoside analog therapeutics, that highlights the participation of host DNA repair machinery during human cytomegalovirus DNA replication.",crossref
Unitary currents through K+ selective channelrhodopsins reveal multiple conductance states within an activated state complex,https://www.pnas.org/doi/abs/10.1073/pnas.2604725123?mi=eymic2&af=R&access=on&content=articlesChapters&publication=pnas&sortBy=Earliest&target=default,,Proceedings of the National Academy of Sciences: Keyword search for query,2026-08-17 07:00:00+00:00,10.1073/pnas.2604725123,Peter Hegemann,,"The analysis of how sensation, cognition, and behavior arise from neuronal activity has been enormously facilitated by optogenetics, using algae-derived light sensitive channelrhodopsins, ChRs, expressed in brain cells. To disclose the unitary conductance and the details of the gating mechanism, we recorded unitary currents of the potentially inhibitory K
                    +
                    selective ChRs HcKCR1 and WiChR1 at femtosiemens resolution. Both ChRs open in bursts with a large dominating conductance of 1.6 pS for KCR1 and 2.4 pS for WiChR1 but they are accompanied by widely distributed conductance levels covering a continuum of between 0.3 and 3.0 pS. In WiChR1, these bursts are approximately four times longer than in KCR1. The photocycle and the closed-open gating in an activated state complex seem to be two orthogonal processes. The single-channel currents of the two ChRs explain all characteristic features of the respective whole-cell currents. Our data provide insight into exceptionally small and heterogeneous conductance levels of single channelrhodopsin molecules and open the door to tailor specific tools for optogenetic control in neurons of brain networks.",crossref
A peripheral carboxysome component regulates cyanobacterial glycogen deposition,https://www.pnas.org/doi/abs/10.1073/pnas.2607702123?mi=eymic2&af=R&access=on&content=articlesChapters&publication=pnas&sortBy=Earliest&target=default,,Proceedings of the National Academy of Sciences: Keyword search for query,2026-08-17 07:00:00+00:00,10.1073/pnas.2607702123,Daniel C. Ducat,,"In cyanobacteria, carbohydrate products of the Calvin cycle can be utilized as precursors for cellular biosynthesis or stored as glucose polymers in glycogen granules. Cyanobacterial carbon fixation occurs in the carboxysome, while glycogen is synthesized in the cytosol via GlgC to support respiration and survival in the dark. Here, we identify a carboxysome-associated protein,
                    C
                    arboxysome
                    I
                    nteracting
                    P
                    rotein G (CipG), that appears to physically link these processes. CipG coassociates in cyanobacterial genomes with peripheral carboxysome structural proteins and localizes to carboxysomes in vivo via a process that requires conserved tryptophan residues. CipG coprecipitates with GlgC and is required for the recruitment of a subpopulation of GlgC to the surface of the carboxysome. CipG mutants display a glycogen deficiency, while CipG overexpression increases glycogen accumulation ~sixfold compared to wild type. Taken together, our results highlight a role for CipG in cyanobacterial energy metabolism and suggest an additional capacity for the carboxysome to scaffold key enzymes related to carbon partitioning in cyanobacteria.",crossref
A kinematic convergence in ape and monkey vertical climbing informs debates on early hominin arborealism,https://www.pnas.org/doi/abs/10.1073/pnas.2608183123?mi=eymic2&af=R&access=on&content=articlesChapters&publication=pnas&sortBy=Earliest&target=default,,Proceedings of the National Academy of Sciences: Keyword search for query,2026-08-17 07:00:00+00:00,10.1073/pnas.2608183123,W. Scott McGraw,,"Recent debates on early hominin arborealism center around interpretations of fossilized foot bones as being either “African ape”- or “monkey”- like in their morphology. These dueling interpretations fuel competing locomotor reconstructions of the last common ancestor of chimpanzees and humans (LCA), including disagreements about the prevalence of vertical climbing behaviors. Yet it remains unclear if possessing an ape- or monkey-like foot impacts the safety and efficiency of climbing, in part because few kinematic data exist on cercopithecoid monkeys moving in their natural habitats. Here, we present detailed kinematic data on the feet of a prolific vertically-climbing cercopithecoid monkey (
                    Cercocebus atys
                    ; the sooty mangabey) in the wild. We show that sooty mangabeys exhibit an extraordinary degree of midfoot dorsiflexion (~46°) during vertical climbs, a value nearly indistinguishable in magnitude to the ankle dorsiflexion of chimpanzees and slightly larger than the ankle dorsiflexion of climbing rainforest hunter-gatherers. This result suggests that, regardless of overall pedal morphology, the fitness challenges posed by vertical movements produced a kinematic convergence in primate foot biomechanics to improve climbing safety. Even if the LCA retained a more monkey-like foot compared to later hominins, our findings suggest that vertical climbing would still be a plausible component of its locomotor repertoire.",crossref
Three millennia of lizard and snake consumption by Natufian foragers,https://www.pnas.org/doi/abs/10.1073/pnas.2609354123?mi=eymic2&af=R&access=on&content=articlesChapters&publication=pnas&sortBy=Earliest&target=default,,Proceedings of the National Academy of Sciences: Keyword search for query,2026-08-17 07:00:00+00:00,10.1073/pnas.2609354123,Reuven Yeshurun,,"Squamate (lizard and snake) exploitation provides a rarely documented window into human dietary flexibility at the end of the Pleistocene. This study analyzes over three millennia of squamate remains from el-Wad Terrace (Israel), revealing that large-bodied snakes and lizards formed a substantial and consistent part of Natufian subsistence. Repeated evidence of butchery on snake vertebrae indicates regular consumption across all occupation phases. Shifts in squamate abundance and bone modification patterns correspond to shifts in site-use intensity and the relative contribution of human and animal predators to archaeofaunal deposition. Species-based habitat weighting indicates a broadly stable Mediterranean maquis environment, where detected environmental shifts would not substantially alter local squamate abundance, demonstrating that variation in squamate use is unlikely to have resulted from environmental forcing. In the regional record, Natufian herpetofaunal assemblages cluster together, demonstrating human foraging choices and contrasting with those of older Paleolithic sites. In the latter, herpetofauna is far less abundant, taxonomically structured by geography, and includes more diverse and smaller-bodied taxa. Striving to understand the socioeconomic circumstances that contributed to relying on squamates for food, we assess their prey ranking by accounting for body size, agility, and the risks associated with handling different taxa. We found that high- and medium-ranked species were consistently targeted despite fluctuations in habitation intensity, suggesting squamate resilience. These results uncover the long-term role of reptiles in emerging sedentary lifeways and possibly early human impact on local reptile communities.",crossref
Value misalignments in X’s feed algorithm is a reflection of value tensions in engagement,https://www.pnas.org/doi/abs/10.1073/pnas.2610388123?mi=eymic2&af=R&access=on&content=articlesChapters&publication=pnas&sortBy=Earliest&target=default,,Proceedings of the National Academy of Sciences: Keyword search for query,2026-08-17 07:00:00+00:00,10.1073/pnas.2610388123,Michael S. Bernstein,,"Social media feed algorithms rank content that is purported to be preferred by users, but the engagement behaviors that drive these algorithms are (at best) indirect proxies for users’ explicitly self-stated values. Are the resulting feeds value aligned, and if not, why? We investigate this question by annotating the basic human values expressed in participants’ X (Twitter) feeds (N = 715 US users), analyzing the relationship between the posts’ value expressions and the posts’ amplification in the ranked “For You” Page feed, and then comparing the amplified values to users’ own values. We observe that the inventory of posts from followed accounts reflects users’ self-stated values—but that there is an overall negative correlation (misalignment) between users’ explicit values and the value expressions the algorithm is more likely to amplify. We turn to engagement behavior to understand this misalignment and observe that users’ engagement behaviors can be misaligned with their stated values—likely causing the algorithm to learn and reflect these misaligned values. We also detect partisan differences consistent with this theory: While the algorithm amplifies values negatively correlated with both Democrats’ and Republicans’ self-stated values, they are more misaligned for Democrats. And in fact replying, a heavily weighted form of engagement, is associated with values that are less aligned for both Democrats’ and Republicans’ self-stated values, and is even more misaligned for Democrats. Taken together, these findings offer a glimpse into the tensions between the values that people hold and those that provoke reactions, and how these value tensions can produce misaligned outcomes.",crossref
Autoantibodies neutralizing type I interferons underlie a third of cases of Chikungunya virus encephalitis or myelitis,https://www.pnas.org/doi/abs/10.1073/pnas.2616897123?mi=eymic2&af=R&access=on&content=articlesChapters&publication=pnas&sortBy=Earliest&target=default,,Proceedings of the National Academy of Sciences: Keyword search for query,2026-08-17 07:00:00+00:00,10.1073/pnas.2616897123,Jean-Laurent Casanova,,"Chikungunya virus (CHIKV) infection is typically not life threatening but may, in rare cases, affect the central nervous system (CNS). In three cohorts of confirmed CHIKV cases from Martinique (French overseas territory) and Brazil (patients aged 0 to 89 y,
                    n
                    = 245), 20 patients had CNS infection (aged 17 to 87 y). Autoantibodies neutralizing type I interferons (AAN-I-IFN) were found in 35% of patients (4 male and 3 female, aged 17 to 87 y) with encephalitis (4/15), encephalomyelitis (1/2), or myelitis (2/3), but were absent in 225 patients without CNS infection. They neutralized high concentrations (10 to 1,000 ng/mL) of IFN-α2, IFN-α8, and IFN-ω, and the antibodies of one patient also neutralized IFN-β. All samples also neutralized the other 10 IFN-α subtypes (at least 100 pg/mL). This combination of blood autoantibodies occurs in ~0.02% and 0.6% of healthy individuals under and over 70 y of age, respectively. The presence of AAN-I-IFN before CHIKV infection therefore increased the risk of CNS disease ~850-fold relative to the general population.",crossref
4000-year-old painted plaque from Southeast Indonesia reveals Austronesian Painting Tradition preceded Neolithic pottery,https://www.pnas.org/doi/abs/10.1073/pnas.2611580123?mi=eymic2&af=R&access=on&content=articlesChapters&publication=pnas&sortBy=Earliest&target=default,,Proceedings of the National Academy of Sciences: Keyword search for query,2026-08-17 07:00:00+00:00,10.1073/pnas.2611580123,Ceri Shipton,,"The Austronesian dispersal is the largest such event in human history, with descendants of people from Taiwan colonizing islands from Rapa Nui to Madagascar. The extent to which this dispersal was facilitated by an economic package or a particular ideology is uncertain. The “Austronesian Painting Tradition” (APT) is a distinctive rock art style dominated by paintings of small human figures, boats, and geometric motifs found in eastern Wallacea and islands around New Guinea. The age of the APT is thus far poorly constrained, with uncertainty over whether it appeared endogenously through earlier Holocene interisland networks, if it arrived with the earliest Austronesian migrants, or if it appeared during the intensified interisland contact of the Indonesian Metal Age beginning ~2,500 y ago. Here we report the recovery of a painted stone plaque excavated in situ from archaeological excavation on Wetar Island, Maluku. The plaque occurs in a transitional layer between Paleolithic and Neolithic occupation. It bears a classic “Austronesian” red concentric circle and sun-ray motif and is dated to between 4090 and 3900 cal. BP, significantly earlier than the first pottery at the site and in this region. The early date for this plaque in a preceramic layer and its location in southeast Maluku supports the view that the APT had an early origin, and that the Austronesian diaspora was either propelled by or leveraged a compelling symbolic ideology.",crossref
Does a chloroplast membrane protein bind DNA in the nucleus?,https://www.pnas.org/doi/abs/10.1073/pnas.2612932123?mi=eymic2&af=R&access=on&content=articlesChapters&publication=pnas&sortBy=Earliest&target=default,,Proceedings of the National Academy of Sciences: Keyword search for query,2026-08-17 07:00:00+00:00,10.1073/pnas.2612932123,Dana Charuvi,,,
Postglacial ecosystem development of a hydrothermal landscape in Yellowstone National Park,https://www.pnas.org/doi/abs/10.1073/pnas.2613422123?mi=eymic2&af=R&access=on&content=articlesChapters&publication=pnas&sortBy=Earliest&target=default,,Proceedings of the National Academy of Sciences: Keyword search for query,2026-08-17 07:00:00+00:00,10.1073/pnas.2613422123,David B. McWethy,,"The Yellowstone geo-ecosystem has been the subject of much research, but the ecological history of the Yellowstone Plateau volcanic field and its iconic geyser basins is less known. In this investigation, paleoenvironmental analyses of sediment cores from lakes in Lower Geyser Basin were compared with regional records and paleoclimate model simulations to reconstruct the vegetation, wildfire, limnology, hydrothermal dynamics, and climate drivers since deglaciation, 15,000 to 14,000 years ago. Pollen data from Lower Geyser Basin lakes reveal the strong influence of infertile rhyolitic soils on vegetation history: an initial late-glacial steppe was replaced by lodgepole pine forest from 12.8 to 11.0 ka, with little change in forest composition or cover thereafter despite changing climate. This stability contrasts with the more dynamic vegetation response on nonrhyolite substrates in the Yellowstone region where nutrient and moisture availability is greater. Highest wildfire activity and low lake nutrient levels in Lower Geyser Basin occurred from 12 to 4 ka, when summers were substantially warmer and drier and fire-inducing vapor pressure deficits were 29 to 56% higher. The hydrothermal history, inferred from sedimentary arsenic and cesium abundances, was spatially and temporally variable but lake-forming hydrothermal events align with periods of abundant moisture. Thus, long-term changes in wildfire, limnology, and, to some extent, hydrothermal activity were governed by insolation-driven climate variations, whereas the vegetation response was muted and constrained by geologic processes. These findings suggest that warmer, drier conditions in the future could result in less hydrothermal activity yet little change in forest cover across the Yellowstone Plateau volcanic field despite more wildfires.",crossref
Ingested plastics reduce recruitment and survival of an Australian seabird,https://www.pnas.org/doi/abs/10.1073/pnas.2613782123?mi=eymic2&af=R&access=on&content=articlesChapters&publication=pnas&sortBy=Earliest&target=default,,Proceedings of the National Academy of Sciences: Keyword search for query,2026-08-17 07:00:00+00:00,10.1073/pnas.2613782123,Alexander L. Bond,,"Plastics research lags 30 y behind many other environmental crises, with population-level impacts alluded to but not yet demonstrated for any wild species. Addressing this “Grand Challenge” requires robust data that span many years of variable exposure. Here, we use 15 y of mark-recapture data to estimate plastics’ impact on the demography of Sable Shearwaters (
                    Ardenna carneipes
                    ). We found that the ingestion of &gt;1 g of plastic is common and associated with at least an 11% reduction in the probability of birds surviving to return and breed at their natal island, with birds that ingested &gt;5 g of plastic almost never seen again. In a time of unprecedented planetary change and biodiversity collapse, these results provide much-needed insight into plastics’ role in potentially driving species decline.",crossref
Coreless exoplanets induced by metal–silicate miscibility,https://www.pnas.org/doi/abs/10.1073/pnas.2615884123?mi=eymic2&af=R&access=on&content=articlesChapters&publication=pnas&sortBy=Earliest&target=default,,Proceedings of the National Academy of Sciences: Keyword search for query,2026-08-17 07:00:00+00:00,10.1073/pnas.2615884123,Jie Deng,,"The rocky interiors of exoplanets are generally expected to differentiate into a silicate mantle and a metallic core due to the immiscibility of metal and silicate under typical planetary formation conditions. Here, we use large-scale molecular dynamics simulations driven by machine-learning potentials of ab initio quality to explore the phase behavior of metallic liquids and silicate melts under the extreme pressure–temperature conditions of the exoplanetary interiors. The results map out the solvus closure curve, above which a single homogeneous liquid phase of the iron and silicate mixture is stable. Under the assumptions of our bulk Earth composition and interior models, the inferred solvus closure curve permits deep partially mixed or, in extreme cases, fully mixed metal–silicate interiors in some hot super-Earths and sub-Neptunes with thick gas envelopes. Compared with differentiated planets, coreless planets exhibit nearly identical mass–radius relationships but possess markedly less compressed interiors, with central pressures reduced by up to a factor of two. This reduction in internal compression may strongly influence their thermophysical properties and interior dynamics. Coreless planets also possess a larger fluid Love number, a quantity potentially observable and testable in future missions.",crossref
Manipulation of localized excitons in CrPS4 by temperature and magnetic field,https://www.pnas.org/doi/abs/10.1073/pnas.2616584123?mi=eymic2&af=R&access=on&content=articlesChapters&publication=pnas&sortBy=Earliest&target=default,,Proceedings of the National Academy of Sciences: Keyword search for query,2026-08-17 07:00:00+00:00,10.1073/pnas.2616584123,Maciej Koperski,,"Layered van der Waals magnetic semiconductors provide a versatile platform for exploring excitonic phenomena intertwined with spin and lattice degrees of freedom, enabling excitons to act as sensitive probes of magnetic order. CrPS
                    4
                    is a layered antiferromagnetic semiconductor that hosts rich excitonic features whose microscopic origin and connection to magnetic ordering remain incompletely understood. Here, we investigate the electronic and excitonic properties of bulk CrPS
                    4
                    using a combination of many-body perturbation theory, dynamical mean-field theory, and photoluminescence-based experiments. Our calculations establish CrPS
                    4
                    as a direct-gap semiconductor with a bandgap of 2.48 eV in the antiferromagnetic phase. Several subbandgap excitonic transitions are predicted by theory, comprising multiple spin-allowed excitons and an additional spin-flip excitation, predominantly localized on the Cr
                    3+
                    ions. Temperature- and magnetic-field-dependent optical measurements reveal thermally driven exciton redistribution among localized states and identify characteristic energy shifts that provide clear optical signatures of magnetic phase transitions in CrPS
                    4
                    . These results provide insights into the excitonic transitions of antiferromagnets and suggest potential routes for all-optical sensing and light-driven control of their magnetic order.",crossref
Selective saccular plasticity under microgravity links peripheral transcriptomic remodeling to postflight vestibular dysfunction,https://www.pnas.org/doi/abs/10.1073/pnas.2605593123?mi=eymic2&af=R&access=on&content=articlesChapters&publication=pnas&sortBy=Earliest&target=default,,Proceedings of the National Academy of Sciences: Keyword search for query,2026-08-17 07:00:00+00:00,10.1073/pnas.2605593123,Hironobu Morita,,"Long-duration exposure to microgravity disrupts human balance and spatial orientation, yet the molecular mechanisms underlying vestibular adaptation to spaceflight remain poorly understood. Here, we tested the hypothesis that the saccule, the primary gravity-sensing otolith organ, undergoes selective remodeling during spaceflight and contributes to transient postflight postural instability. Using a cross-species approach, we combined transcriptomic analysis of mouse otolith organs with physiological assessments in astronauts. Laser microdissection–based RNA sequencing of mouse otolith sensory epithelia after a 35-d spaceflight revealed pronounced, organ-specific transcriptomic remodeling in the saccule, whereas the utricle remained stable. Principal component and clustering analyses demonstrated that the saccular transcriptome shifted toward an utricle-like profile under microgravity, accompanied by changes in genes related to synaptic and neuronal function. Promoter motif analysis identified NFAT-associated transcriptional networks, suggesting Ca
                    2+
                    -dependent regulation of synaptic plasticity as a potential molecular substrate of gravity-dependent adaptation. In parallel, vestibular testing in astronauts following long-duration missions (157 to 328 d) revealed selective attenuation of saccule-mediated cervical vestibular-evoked myogenic potentials and increased postural sway immediately after return to Earth, while utricle-mediated responses and semicircular canal function were preserved. Both saccular function and postural stability recovered within approximately 10 d. Notably, early postflight postural instability was partially mitigated by noisy galvanic vestibular stimulation, consistent with stochastic resonance–mediated sensory enhancement. Together, these findings identify the saccule as a plastic gravity sensor and establish a mechanistic link between peripheral molecular remodeling and functional balance deficits after spaceflight, providing a framework for developing countermeasures to facilitate vestibular readaptation during human space exploration.",crossref
VIA1 is a conserved regulator of thylakoid membrane integrity that acts through VIPP1,https://www.pnas.org/doi/abs/10.1073/pnas.2605816123?mi=eymic2&af=R&access=on&content=articlesChapters&publication=pnas&sortBy=Earliest&target=default,,Proceedings of the National Academy of Sciences: Keyword search for query,2026-08-17 07:00:00+00:00,10.1073/pnas.2605816123,Silvia Ramundo,,"Thylakoid membranes are indispensable for oxygenic photosynthesis, yet the mechanisms that protect these membranes from photooxidative damage remain poorly understood. By screening poorly characterized proteins induced during the chloroplast unfolded protein response, we identify VIA1 as an essential factor for preserving thylakoid integrity under high light in the model green alga
                    Chlamydomonas reinhardtii
                    . Loss of VIA1 causes hypersensitivity to photo-oxidative stress and rapid thylakoid swelling. VIA1 localizes to thylakoid membranes and directly binds Vesicle-Inducing Protein in Plastids 1 (VIPP1), an ESCRT-III-like protein essential for thylakoid biogenesis and remodeling. Structure-guided mutagenesis shows that this interaction is required for VIA1 function and is mediated by a winged-helix domain interface reminiscent of ESCRT-II/ESCRT-III binding mode. VIA1 orthologs from cyanobacteria and land plants rescue the Chlamydomonas
                    via1
                    mutant phenotype, and disruption of VIA1 in
                    Synechocystis sp
                    . PCC 6803 impairs growth, especially under light stress. Together, these findings establish VIA1 as an evolutionarily conserved protein that contributes to thylakoid membrane homeostasis via its interaction with VIPP1.",crossref
"The ecology of Lyme disease: Long-term data, surprises, and a synthesis",https://www.pnas.org/doi/abs/10.1073/pnas.2610907123?mi=eymic2&af=R&access=on&content=articlesChapters&publication=pnas&sortBy=Earliest&target=default,,Proceedings of the National Academy of Sciences: Keyword search for query,2026-08-17 07:00:00+00:00,10.1073/pnas.2610907123,Felicia Keesing,,"Risk of human exposure to Lyme disease and other tick-borne zoonoses is affected by interactions between ticks, pathogens, vertebrate hosts for ticks and pathogens, and abiotic conditions. Inherent complexities in these ecological systems present challenges to the development of a predictive understanding useful for reducing exposure risk. Here we evaluate a conceptual model of the Lyme disease system using long-term monitoring (&gt;30 y) at sites within an endemic region of New York State, United States. Contrary to conventional wisdom, we found that the abundance of nymphal black-legged ticks—a key risk factor for humans—was not correlated with the abundance of white-tailed deer, the prior abundance of larval ticks, or seasonal temperature extremes. Instead, the abundance of nymphal ticks was correlated with prior abundance of white-footed mice, which in turn was driven by production of acorns by red oak trees. Infection prevalence with zoonotic pathogens at our relatively intact forest sites was not associated with the abundance of white-footed mice, a species known to transmit infection with high efficiency, but instead appeared to arise from the distribution of larval ticks across the entire community of larval hosts. High densities of mice strongly reduced the tick burdens on individual mice and chipmunks, suggesting intraguild competition for parasites. Lyme disease risk arises from the dynamics of the ecological community, rather than from the dynamics of any single population of hosts or from extreme seasonal weather. These dynamics are complex but predictable, such that understanding them can facilitate improvements in management and education aimed at protecting public health.",crossref
Structural rearrangements of PDGFRβ in the membrane upon activation by the viral oncoprotein E5,https://www.pnas.org/doi/abs/10.1073/pnas.2603552123?mi=eymic2&af=R&access=on&content=articlesChapters&publication=pnas&sortBy=Earliest&target=default,,Proceedings of the National Academy of Sciences: Keyword search for query,2026-08-17 07:00:00+00:00,10.1073/pnas.2603552123,Anne S. Ulrich,,"The transmembrane protein E5 from bovine papillomavirus is the shortest naturally occurring oncoprotein. As a dimer, it activates the platelet-derived growth factor receptor β (PDGFRβ) in a ligand-independent manner by specific helix–helix interactions within the lipid bilayer. For both proteins, we determined the detailed orientations of their transmembrane helices in aligned membrane samples. Solid-state
                    15
                    N-NMR was used to study either protein segment alone, as well as in the heterocomplex. Remarkably, the assembly of E5 with PDGFRβ led to structural rearrangements of both partners. Binding of E5 triggers a rotation of the PDGFRβ helices around their axes. At the same time, the E5 helices rotate in the membrane to expose Gln17 as well as Asp33, allowing their respective interaction with Thr513 and Lys499 on PDGFRβ. Based on these distinct membrane orientations, we present structural models of the heteromeric E5-PDGFRβ complex, and a mechanism for oncogenic receptor activation.",crossref
The role of small Heat Shock Proteins in Trypanosoma cruzi infection and intestinal homeostasis in a Chagas disease vector,https://www.pnas.org/doi/abs/10.1073/pnas.2600647123?mi=eymic2&af=R&access=on&content=articlesChapters&publication=pnas&sortBy=Earliest&target=default,,Proceedings of the National Academy of Sciences: Keyword search for query,2026-08-17 07:00:00+00:00,10.1073/pnas.2600647123,Pedro L. Oliveira,,"Rhodnius prolixus
                    , an insect vector of Chagas disease, ingests blood meals several-fold its own body weight. This nutritional overload triggers specific adaptive responses that prevent or remediate damage from multiple stressors, including oxidative, osmotic, and microbial challenges. Transcriptomic analysis of first-instar nymph digestive apparatus revealed five members of the small Heat Shock Protein (sHSP) family that were highly expressed after blood meals but were downregulated upon
                    Trypanosoma cruzi
                    infection. sHSPs are proteins involved in cellular homeostasis and stress responses. Simultaneous knockdown of all five sHSPs profoundly disrupted insect physiology, causing decreased actin filament network formation, interrupted peristalsis, blocked endoplasmic reticulum (ER) expansion, and reduced ER–mitochondria association, while increasing reactive oxygen species generation and inducing premature epithelial cell mitosis. This apparent loss of digestive apparatus homeostasis was recapitulated by trypanosome infection and, conversely, sHSPs silencing in infected insects increased parasite numbers. Taken together, our data reveal a paramount role for sHSPs in midgut cell homeostasis following blood meals and support the hypothesis that sHSPs expression down regulation represents an adaptive manipulation of the insect host by the parasite.",crossref
CXCR4-targeted dual softener for inducing senescence therapy in hepatic fibrosis,https://www.pnas.org/doi/abs/10.1073/pnas.2600215123?mi=eymic2&af=R&access=on&content=articlesChapters&publication=pnas&sortBy=Earliest&target=default,,Proceedings of the National Academy of Sciences: Keyword search for query,2026-08-17 07:00:00+00:00,10.1073/pnas.2600215123,Minjie Sun,,"Hepatic fibrosis is a central pathological driver of chronic liver diseases, including metabolic dysfunction-associated steatotic liver disease and alcohol-related liver disease, which collectively impose a growing global health burden. Fibrosis is primarily mediated by persistent activation of hepatic stellate cells (aHSCs) and excessive deposition of stiff extracellular matrix (ECM). The dense and rigid ECM-aHSCs network severely hinders drug delivery and penetration, posing a major challenge for effective antifibrotic therapy. Here, we developed an aHSCs-targeted nanocomplex (AMD3100/MnO
                    2
                    @BSA nanoparticles, AMB NPs) to remodel this rigid fibrotic barrier. This platform inhibits the fibrotic process by inducing cellular senescence and activating endogenous immune surveillance. Upon liver accumulation, AMB NPs preferentially recognize CXCR4 on aHSCs and subsequently release Mn
                    2+
                    to engage the cyclic GMP-AMP synthase-stimulator of interferon genes (cGAS–STING) innate immune pathway, thereby robustly inducing cellular senescence, suppressing cell proliferation and reducing cellular stiffness. This process enhances the production of senescence-associated secretory phenotype factors, promotes collagen degradation and matrix loosening, and facilitates immune-mediated clearance of senescent aHSCs. These findings demonstrate the potent antifibrotic efficacy of AMB NPs and highlight a synergistic nanomedicine strategy that integrates aHSCs senescence induction, immune surveillance, and ECM remodeling, providing a rational therapeutic framework for hepatic fibrosis intervention.",crossref
"Correction for Zhou et al., Warming substantially amplifies Antarctic coastal polynyas as key carbon sinks",https://www.pnas.org/doi/abs/10.1073/pnas.2627297123?mi=eymic2&af=R&access=on&content=articlesChapters&publication=pnas&sortBy=Earliest&target=default,,Proceedings of the National Academy of Sciences: Keyword search for query,2026-08-17 07:00:00+00:00,10.1073/pnas.2627297123,,,,
"Correction for Chioino et al., Mitofusin-2 in ventral striatal D1 neurons regulates effort-based motivation through sex-specific mitochondrial–synaptic reprogramming",https://www.pnas.org/doi/abs/10.1073/pnas.2627119123?mi=eymic2&af=R&access=on&content=articlesChapters&publication=pnas&sortBy=Earliest&target=default,,Proceedings of the National Academy of Sciences: Keyword search for query,2026-08-17 07:00:00+00:00,10.1073/pnas.2627119123,,,,
"Correction for Wang et al., A ligandable PNT domain establishes ERG as a directly targetable oncogenic driver in prostate cancer",https://www.pnas.org/doi/abs/10.1073/pnas.2626818123?mi=eymic2&af=R&access=on&content=articlesChapters&publication=pnas&sortBy=Earliest&target=default,,Proceedings of the National Academy of Sciences: Keyword search for query,2026-08-17 07:00:00+00:00,10.1073/pnas.2626818123,,,,
"Correction for Herpe et al., When alternative becomes essential: The role of mitochondrial glycerol-3-phosphate dehydrogenase",https://www.pnas.org/doi/abs/10.1073/pnas.2626815123?mi=eymic2&af=R&access=on&content=articlesChapters&publication=pnas&sortBy=Earliest&target=default,,Proceedings of the National Academy of Sciences: Keyword search for query,2026-08-17 07:00:00+00:00,10.1073/pnas.2626815123,,,,
Neonatal diethylstilbestrol exposure disrupts uterine epithelial apical–basal polarity and partial EMT state,https://www.pnas.org/doi/abs/10.1073/pnas.2603458123?mi=eymic2&af=R&access=on&content=articlesChapters&publication=pnas&sortBy=Earliest&target=default,,Proceedings of the National Academy of Sciences: Keyword search for query,2026-08-17 07:00:00+00:00,10.1073/pnas.2603458123,Carmen J. Williams,,"The developing female reproductive tract is highly sensitive to external hormonal stimulation, which can result in infertility and gynecologic diseases. To determine the underlying mechanisms, we used a mouse model to test the direct, cell type–specific effects of neonatal exposure to the estrogenic chemical, diethylstilbestrol (DES), on the developing uterus. We found that control uterine epithelium is in a partial epithelial–mesenchymal transition state that is lost following DES exposure. This is accompanied by evidence of premature differentiation including altered apical–basal cell polarity and absence of the
                    Lgr5
                    + epithelial stem cell population required for uterine gland formation. Cell–cell communication between epithelial and mesenchymal cells is restructured, and Wnt signaling is aberrantly activated in the epithelium. The DES-exposed uterine mesenchyme has early signs of fibrosis through increased deposition of extracellular matrix (ECM) collagen. Mechanistically, DES exposure causes cell type–specific changes in chromatin accessibility and gene expression, most prominently in epithelial cells. These changes can be explained in part by cell-specific alterations in chromatin looping at enhancer regions in concert with alterations in ERα binding. These findings suggest that reprogramming cell type–specific differentiation trajectories and ECM characteristics underlie the long-term phenotypic effects of developmental exposure to DES and possibly other estrogenic endocrine disrupting chemicals. These changes lead to functional impairment of adult tissues and increased cancer risk.",crossref
"Correction for Brown et al., Deuterated water and the formation of the satellites of Uranus",https://www.pnas.org/doi/abs/10.1073/pnas.2625637123?mi=eymic2&af=R&access=on&content=articlesChapters&publication=pnas&sortBy=Earliest&target=default,,Proceedings of the National Academy of Sciences: Keyword search for query,2026-08-17 07:00:00+00:00,10.1073/pnas.2625637123,,,,
The free-rider detection problem: How groups balance fairness and cooperation,https://www.pnas.org/doi/abs/10.1073/pnas.2622914123?mi=eymic2&af=R&access=on&content=articlesChapters&publication=pnas&sortBy=Earliest&target=default,,Proceedings of the National Academy of Sciences: Keyword search for query,2026-08-17 07:00:00+00:00,10.1073/pnas.2622914123,Jörg Gross,,,
The transgenerational toll of maternal spaceflight,https://www.pnas.org/doi/abs/10.1073/pnas.2621879123?mi=eymic2&af=R&access=on&content=articlesChapters&publication=pnas&sortBy=Earliest&target=default,,Proceedings of the National Academy of Sciences: Keyword search for query,2026-08-17 07:00:00+00:00,10.1073/pnas.2621879123,Gregory W. Burns,,,
Random repeats open a route into folded protein space,https://www.pnas.org/doi/abs/10.1073/pnas.2620768123?mi=eymic2&af=R&access=on&content=articlesChapters&publication=pnas&sortBy=Earliest&target=default,,Proceedings of the National Academy of Sciences: Keyword search for query,2026-08-17 07:00:00+00:00,10.1073/pnas.2620768123,James W. Murray,,,
"Correction for Yang et al., Superenhancer drives a tumor-specific splicing variant of MARCO to promote triple-negative breast cancer progression",https://www.pnas.org/doi/abs/10.1073/pnas.2626420123?mi=eymic2&af=R&access=on&content=articlesChapters&publication=pnas&sortBy=Earliest&target=default,,Proceedings of the National Academy of Sciences: Keyword search for query,2026-08-17 07:00:00+00:00,10.1073/pnas.2626420123,,,,
"Direct dating of 3.5 Ga biogenic carbon in a microbial mat remnant, Singhbhum Craton, India",https://www.pnas.org/doi/abs/10.1073/pnas.2617912123?mi=eymic2&af=R&access=on&content=articlesChapters&publication=pnas&sortBy=Earliest&target=default,,Proceedings of the National Academy of Sciences: Keyword search for query,2026-08-17 07:00:00+00:00,10.1073/pnas.2617912123,Stefan V. Lalonde,,"Zircons interpreted to be of syn-volcanic origin recovered from the lower greenschist “black and white banded” Bhitardari chert, Eastern Iron Ore greenstone belt, Singhbhum craton, India, yield a
                    207
                    Pb/
                    206
                    Pb zircon age of 3497 ± 5 Ma (
                    n
                    = 4; MSWD = 1.2). This chert contains abundant carbonaceous matter (CM) that occurs in two textural modes: 1) ultrafine laminae distributed within the matrix and 2) graphite flakes in late quartz veins. Bulk δ
                    13
                    C
                    CM
                    of both modes in the Bhitardari chert yield a value of −30.9‰, which we interpret as reflecting a biogenic origin. This represents the documentation of a directly dated, CM-bearing, Paleoarchean rock with δ
                    13
                    C
                    CM
                    diagnostic of biologic activity. The observed isotopic compositions are consistent with the rise of relatively sophisticated metabolic mechanisms (e.g., Calvin cycle) by 3.5 Ga.",crossref
Association between precentral gyrus morphology and modality-specific intentional communication in chimpanzees (Pan troglodytes),https://www.pnas.org/doi/abs/10.1073/pnas.2419514123?mi=eymic2&af=R&access=on&content=articlesChapters&publication=pnas&sortBy=Earliest&target=default,,Proceedings of the National Academy of Sciences: Keyword search for query,2026-08-17 07:00:00+00:00,10.1073/pnas.2419514123,William D. Hopkins,,"The precentral gyrus (preCG) is morphologically defined posteriorly by the central sulcus (CS) and anteriorly by the superior and inferior precentral sulci (preCS). Stimulation of the preCG along the dorsal–ventral plane elicits motor activation across the body in a topographic manner. In this study, we used postimage analyses to characterize the shape of the CS and preCS in a sample of 278 magnetic resonance image scans of chimpanzees. Using these data, we initially described the six most prominent preCG shapes variants, their asymmetries, and heritability. We also tested for their association with selective use of attention-getting communicative behaviors produced in the vocal and manual modalities. Associations were observed between preCG variants and vocal, but not manual, communication. Vocal communication was significantly associated with the inferior preCG shape in the left hemisphere. In contrast, no association was found in CS variants. We also found modest heritability in three of the preCG shape patterns but no significant genetic correlation with vocal intentional communication. Our results suggest that better selective use of a vocal attention-getting sound used for intentional communication is associated with a unique morphological landmark within the inferior preCG.",crossref
Exploiting the CXCR3/CXCL10 axis overrides tumor immune suppression by enhancing immune trafficking and effector cell priming in HNSCC,https://www.pnas.org/doi/abs/10.1073/pnas.2522360123?mi=eymic2&af=R&access=on&content=articlesChapters&publication=pnas&sortBy=Earliest&target=default,,Proceedings of the National Academy of Sciences: Keyword search for query,2026-08-17 07:00:00+00:00,10.1073/pnas.2522360123,Tracy M. Handel,,"Immune-suppressive tumor microenvironments (TMEs) limit the impact of checkpoint blockade in many cancers by restricting the infiltration and activation of CD8
                    +
                    T, CD4
                    +
                    T, and NK cells. Utilizing murine models of head and neck squamous cell carcinoma, we demonstrated that intratumoral (IT) delivery of CXCL10 drives tumor elimination and inhibits recurrence not only by recruiting these cells but by enhancing their antitumoral functions and stunting angiogenesis. CD8
                    +
                    T cells also display enhanced activation, tumor-antigen specificity, and decreased T cell exhaustion. Despite administration of CXCL10 into tumors, CD8
                    +
                    and CD4
                    +
                    T cells show enhanced presence and proliferation in tumor-draining lymph nodes (TdLNs), consistent with T cell priming and trafficking between tumors and TdLNs. Together, the data suggest that CXCL10 promotes a mutually reinforcing feedback loop that reprograms the TME toward an immunologically responsive antitumoral state. Combining IT-CXCL10 and anti-PD-1 further increased tumor clearance, indicating that CXCL10-driven reprogramming of the TME lowers barriers to effective checkpoint blockade.",crossref
Chronic psychosocial stress: A primary driver of sleep apnea onset in rats and humans,https://www.pnas.org/doi/abs/10.1073/pnas.2527702123?mi=eymic2&af=R&access=on&content=articlesChapters&publication=pnas&sortBy=Earliest&target=default,,Proceedings of the National Academy of Sciences: Keyword search for query,2026-08-17 07:00:00+00:00,10.1073/pnas.2527702123,Richard Kinkead,,"Poor sleep quality and chronic psychosocial stress are interrelated risk factors for hypertension, metabolic disease, and neuropsychiatric disorders. Sleep apnea (SA) is a respiratory disorder that disrupts sleep, affecting ~1 billion adults worldwide. However, the origins of SA remain incompletely understood. Clinically, activation of the stress pathways is often considered a consequence of SA rather than a causal factor. Here, we combined preclinical experiments with Mendelian randomization (MR) analysis to show that chronic psychosocial stress is a primary driver of SA onset. In adult rats, 3 wk of social isolation (SI; single housing) activated the stress response, augmented apneas during natural sleep, and increased the ventilatory responses to O
                    2
                    and CO
                    2
                    challenges. In supine anesthetized rats, obstructive apneas with O
                    2
                    desaturations were 5 times more frequent in SI males than in controls, with no effect in females. SI-related anomalies in airway motor control contribute to the problem. SI also induced increased blood pressure and augmented fat gain, especially in males. In humans, MR analysis using genome-wide association studies of multiple stress-related neurological disorders from European cohorts (~100,000 to 1,096,458 participants) revealed significant effects of loneliness on the risk of SA, independent of adiposity. Together, these results challenge the conventional view of stress as merely a consequence of SA and instead position it as a possible cause. These results open the door to a paradigm shift, recognizing psychosocial stress as a risk factor paves the way for alternative avenues in basic mechanistic research, as well as in preventive and therapeutic strategies.",crossref
Brassinosteroid-regulated transcription factors confer epigenetic changes that repress plant immunity,https://www.pnas.org/doi/abs/10.1073/pnas.2532739123?mi=eymic2&af=R&access=on&content=articlesChapters&publication=pnas&sortBy=Earliest&target=default,,Proceedings of the National Academy of Sciences: Keyword search for query,2026-08-17 07:00:00+00:00,10.1073/pnas.2532739123,Brigitte Poppenberger,,"When organisms encounter pathogens, they rapidly activate complex defense programs to ensure survival. While these immune responses are vital, they often also incur trade-offs, such as reduced growth and development and must therefore be tightly controlled. In this study, we reveal that the steroid hormones brassinosteroids (BRs) contribute to this control in
                    Arabidopsis thaliana
                    by repressing immunity-related genes. We provide evidence that the BR-regulated basic helix–loop–helix (bHLH) transcription factor CESTA (CES), along with its homologs BR ENHANCED EXPRESSION (BEE)1-3, mediate DNA methylation changes at transposable element (TE)-rich loci containing nucleotide-binding leucine-rich-repeat (NLR)-type receptor genes, including
                    SUPPRESSOR OF NPR1-1 CONSTITUTIVE 1
                    (
                    SNC1
                    ). These CES-induced methylation changes correlate with altered splicing of
                    SNC1
                    pre-mRNA, a process that requires the BR receptor BRASSINOSTEROID INSENSITIVE 1 (BRI1). In support, we show that CES associates with components of the chromatin remodeling and splicing machinery. Together, our findings reveal a previously unrecognized BR-induced mechanism that modulates the epigenetic and post transcriptional regulation of immune genes, enabling plants to prioritize growth over defense.",crossref
A flat-band perspective on the boson peak in amorphous solids,https://www.pnas.org/doi/abs/10.1073/pnas.2534361123?mi=eymic2&af=R&access=on&content=articlesChapters&publication=pnas&sortBy=Earliest&target=default,,Proceedings of the National Academy of Sciences: Keyword search for query,2026-08-17 07:00:00+00:00,10.1073/pnas.2534361123,Matteo Baggioli,,"The boson peak is a characteristic anomaly of amorphous solids broadly defined as a low-energy excess in the density of states and heat capacity compared to the textbook predictions of Debye theory. The origin of this anomaly has long been the subject of ongoing debate and remains a topic of active controversy. We propose that the boson peak may have a defining dynamical feature: the accumulation of vibrational spectral weight within a narrow frequency window that is only weakly dependent on wavevector. In this perspective, the boson peak reflects a flat or weakly dispersive band in the dynamical structure factor rather than a propagating excitation. We revisit both experimental and simulation data from the literature through this lens and conduct further simulations in 2D and 3D amorphous systems. Taken together, these analyses provide compelling converging evidence for this interpretation and sharply constrain the space of viable theoretical descriptions of the boson peak.",crossref
"Insights into Neanderthal development, childbirth, and locomotion from the Palomas and Dederiyeh pelves",https://www.pnas.org/doi/abs/10.1073/pnas.2535303123?mi=eymic2&af=R&access=on&content=articlesChapters&publication=pnas&sortBy=Earliest&target=default,,Proceedings of the National Academy of Sciences: Keyword search for query,2026-08-17 07:00:00+00:00,10.1073/pnas.2535303123,Michael J. Walker,,"The human pelvis reflects evolutionary compromises among childbirth, bipedal locomotion, and other factors such as pelvic floor stability and thermoregulation. However, limited fossil evidence has hindered understanding of how these factors shaped pelvic morphology in Neanderthals, our closest extinct relatives. Here, we present new virtual reconstructions and morphometric analyses of nearly complete Neanderthal pelves from Sima de las Palomas del Cabezo Gordo (Spain) and Dederiyeh Cave (Syria), comparing them with other Neanderthals and modern humans. We find that Neanderthal and human pelves differ in overall shape from an early age but share similar sexual dimorphism patterns with humans. Pelvic regions associated with childbirth exhibit comparable functional morphology, suggesting similar birth mechanisms. Conversely, locomotor-related features such as hip joint orientation and muscle moment arm geometry differ, indicating distinct stance and gait adaptations. Our findings are consistent with the hypothesis that evolutionary constraints traditionally framed as an “obstetrical dilemma” may have involved a trade-off between childbirth and pelvic floor stability, rather than between childbirth and locomotor performance.",crossref
The distribution and origin of Mercury’s crustal magnetization,https://www.pnas.org/doi/abs/10.1073/pnas.2535723123?mi=eymic2&af=R&access=on&content=articlesChapters&publication=pnas&sortBy=Earliest&target=default,,Proceedings of the National Academy of Sciences: Keyword search for query,2026-08-17 07:00:00+00:00,10.1073/pnas.2535723123,Katarina Miljković,,"Mercury is the only planet other than Earth to possess both a global magnetic field that arises from a core dynamo, and a crustal magnetic field that arises from magnetized rocks. Crustal fields provide unique records of a planet’s interior state and evolution because magnetizations depend on the magnetizing field and the magnetic minerals present. A major unresolved issue for Mercury is the relative contributions of present-day (induced) and ancient (remanent) magnetizations—both are expected but are difficult to separate. The former can elucidate variations in crustal iron content and/or magnetic mineral properties, the latter can constrain the dynamo history. Here, we use crustal field observations from the MErcury, Surface, Space ENvironment, GEochemistry and Ranging mission to develop a magnetization model for Mercury’s northern latitudes. We use constraints on crustal thickness, magnetic mineralogy, iron content, and the present-day core field to assess the expected magnitudes of induced magnetizations. We find that these can fully explain the observed crustal fields at most places, and at some more strongly magnetized craters through impact-delivered iron. The strongest crustal fields, especially at Caloris, require a contribution from remanent magnetization and/or unusual magnetic mineral properties. Our results provide constraints on lateral variations in crustal iron content of both exogenic and endogenic origin. They also highlight a knowledge gap regarding the magnetic properties of Mercury’s crust, specifically its magnetic susceptibility, that has critical implications for understanding whether even the strongest magnetizations can elucidate Mercury’s dynamo history.",crossref
The 1820 Mallorca plague was not a classic bubonic outbreak,https://www.pnas.org/doi/abs/10.1073/pnas.2536892123?mi=eymic2&af=R&access=on&content=articlesChapters&publication=pnas&sortBy=Earliest&target=default,,Proceedings of the National Academy of Sciences: Keyword search for query,2026-08-17 07:00:00+00:00,10.1073/pnas.2536892123,Joana Maria Pujadas-Mora,,"The 1820 plague outbreak in eastern Mallorca—long treated as a local episode and traditionally classified as a late bubonic manifestation of the Second Plague Pandemic—offers a unique opportunity to reassess transmission dynamics in a prebacteriological context. Using a previously unexamined primary source consisting of daily counts of deaths, we combine historical analysis with a Bayesian epidemiological model to estimate the basic reproduction number (
                    
                      
                        
                          R
                          0
                        
                      
                    
                    ), the mean infectious period, and the case-fatality ratio in the towns of Son Servera and Capdepera (Mallorca, Spain). Our results show stark contrasts between the two towns: Son Servera exhibited a higher transmission potential (
                    
                      
                        
                          
                            R
                            0
                          
                          ≈
                          1.3
                        
                      
                    
                    ) and longer infectious period (
                    
                      
                        ≈
                      
                    
                    2.8 d) than Capdepera (
                    
                      
                        
                          
                            R
                            0
                          
                          ≈
                          1.0
                        
                      
                    
                    ;
                    
                      
                        ≈
                      
                    
                    2.0 d). The overall case-fatality rate of 78%—together with short infectious periods and historical descriptions of rapid clinical decline—strongly suggests that pneumonic and septicemic forms contributed substantially to transmission, challenging earlier interpretations centered on bubonic plague and rodent-borne spread. Historical evidence also rules out an enzootic rat reservoir, pointing instead to human ectoparasites or direct human-to-human routes as the most likely drivers. Moreover, mortality among children increased significantly during the outbreak, indicating age-differentiated vulnerability. By integrating quantitative modeling with fine-grained archival records, this study reassesses the biological nature of one of the last major plagues in 19th-century western Europe and contributes to broader debates on plague ecology, transmission mechanisms, and the dynamics of late Second Pandemic outbreaks.",crossref
Reply to Regon and Charuvi: Evidence supporting a nuclear chromatin-associated role of BpELIP1 in BpFLC regulation,https://www.pnas.org/doi/abs/10.1073/pnas.2617958123?mi=eymic2&af=R&access=on&content=articlesChapters&publication=pnas&sortBy=Earliest&target=default,,Proceedings of the National Academy of Sciences: Keyword search for query,2026-08-17 07:00:00+00:00,10.1073/pnas.2617958123,Guanzheng Qu,,,
Enthalpy‐Entropy Molecular Design of Gel Polymer Electrolytes for Regulating Solvation Chemistry in Lithium–Sulfur Batteries,https://onlinelibrary.wiley.com/doi/10.1002/anie.7695165?af=R,,Wiley: Angewandte Chemie International Edition: Table of Contents,2026-08-17 08:06:47+00:00,10.1002/anie.7695165,Fangyuan Hu,,"ABSTRACT
                  
                    Gel polymer electrolytes (GPEs) show great promise in lithium–sulfur (Li–S) batteries, but their practical application is limited by the high enthalpy of Li
                    +
                    desolvation and the slow conversion rate of polysulfides, which disrupt the redox pathway and accelerate capacity decay. Here, we propose an enthalpy‐entropy molecular design strategy to integrate these processes into a unified electrolyte system. By regulating the solvation structures of Li
                    +
                    and polysulfides, we can both restrict available reaction pathways and control the coordination environment of polysulfides within the solvation structure. By modulating the solvation structure, we reduce the desolvation enthalpy of both Li
                    +
                    and polysulfides, thereby promoting uniform nucleation of Li
                    2
                    S. This pioneering design enables the resulting GPE with an ionic conductivity of up to 1.21 mS cm
                    −1
                    at 22°C and a Li
                    +
                    transference number of 0.82, the resulting Li||Li symmetric cell can cycle stably for over 2250 h. Consequently, the cell exhibits an ultralow capacity fading rate of 0.043% per cycle over 1000 cycles at 2C and remained functional when assembled into a 1.8 Ah pouch‐cell (403.7 Wh kg
                    −1
                    ). This study highlights the crucial role of enthalpy‐entropy molecular design strategies in GPEs.",crossref
Asymmetric Kinetic Resolution of 2‐Aryl Oxetanes by Dinuclear Titanium Radical Catalysis,https://onlinelibrary.wiley.com/doi/10.1002/anie.9795533?af=R,,Wiley: Angewandte Chemie International Edition: Table of Contents,2026-08-17 08:11:17+00:00,10.1002/anie.9795533,Yong‐Qiang Zhang,,"ABSTRACT
                  
                    2‐Aryl oxetanes are valuable strained‐ring synthons, yet a broadly useful chemical kinetic resolution of this substrate class has remained largely unavailable. Here we report a dinuclear (salen)titanium‐catalyzed radical ring‐opening strategy for the kinetic resolution of 2‐aryl oxetanes under mild conditions. The reaction accommodates diverse aryl‐, heteroaryl‐, and drug‐conjugated substrates, delivering enantioenriched oxetanes with high regio‐ and enantioselectivity. The resulting oxetanes serve as versatile chiral platforms and enable concise, modular, and enantio‐retentive access to pharmaceutically relevant targets, including (
                    S
                    )‐Atomoxetine, (
                    S
                    )‐Nisoxetine, and (
                    S
                    )‐Fluoxetine. Mechanistic studies support a Curtin–Hammett‐type stereochemical model in which diastereomeric Ti–oxetane intermediates, differentiated by an unusual ligand–substrate C–H···π interaction, display distinct stability/reactivity relationships during C─O bond homolysis. Beyond establishing a broadly useful kinetic resolution of 2‐aryl oxetanes, this work reveals an unusual mode of attractive ligand–substrate recognition in salen–titanium radical catalysis.",crossref
Neuron‐Inspired Orbital‐Interface Engineering of FeS2 Anodes for Ultrafast and Durable Potassium Storage,https://advanced.onlinelibrary.wiley.com/doi/10.1002/adma.74460?af=R,,Wiley: Advanced Materials: Table of Contents,2026-08-17 08:26:31+00:00,10.1002/adma.74460,Wei Huang,,"ABSTRACT
                  
                    The sluggish kinetics, severe structural degradation, and ambiguous reaction pathways of conversion‐type anodes remain formidable bottlenecks for potassium‐ion batteries. Herein, a neuron‐inspired orbital‐interface engineering strategy is proposed to construct a hierarchical Co‐FeS
                    2
                    /C@C composite via a novel in situ FeS
                    2
                    ‐to‐MOF reconstruction, where porous Co‐FeS
                    2
                    nanoparticles are intertwined with an internal carbon network and encapsulated within a robust carbon shell. Functionally, synergistic orbital (co‐doping) and interface (carbon network) engineering are rationally tailored to boost the intrinsic conductivity and promote ion diffusion of FeS
                    2
                    , while the hierarchical porosity and outer shell buffer volume fluctuations, thereby concurrently enhancing reaction kinetics and structural stability. To validate this, in situ XRD first demonstrates the highly reversible successive conversion mechanism of FeS
                    2
                    . Furthermore, comprehensive experimental and theoretical results verify optimized electronic states, lowered K
                    +
                    migration barriers, and robust structural integrity. Consequently, the Co‐FeS
                    2
                    /C@C anode delivers an exceptional rate capability (268 mA h g
                    −1
                    at 20 A g
                    −1
                    ) alongside long‐term cycling durability, outperforming most reported metal sulfide‐based anodes. Moreover, as‐assembled full cells exhibit outstanding battery performance even under severe mechanical deformation, reliably powering diverse high‐demand electronics and wearable sensor systems. Ultimately, this biomimetic paradigm offers a compelling strategy to develop high‐power and durable electrodes for next‐generation energy storage systems.",crossref
Tailoring a Solar‐Blind Ultraviolet Ferroelectric for Nonlinear Optics Through a Local Symmetry‐Breaking Cascaded Strategy,https://advanced.onlinelibrary.wiley.com/doi/10.1002/adma.74665?af=R,,Wiley: Advanced Materials: Table of Contents,2026-08-17 08:29:05+00:00,10.1002/adma.74665,Shilie Pan,,"ABSTRACT
                  
                    Solar‐blind ultraviolet ferroelectrics are emerging as promising nonlinear optical candidates based on the quasi‐phase matching principle. However, their development is hindered by the stringent symmetry requirements and the intrinsic coupling between polarization mechanisms and electronic structures. In this study, we propose a local symmetry‐breaking cascaded strategy, in which molecular‐level asymmetry is transmitted and amplified within a coordination framework to generate macroscopic ferroelectric polarization. Guided by this strategy, a new ferroelectric crystal, NH
                    3
                    CH
                    2
                    COO∙Li
                    2
                    SeO
                    4
                    , is obtained with the intrinsic asymmetry of glycine transmitted and amplified by high‐symmetry tetrahedral groups and small‐radius cations. This crystal exhibits a short ultraviolet cutoff edge (216 nm) and typical ferroelectricity (remanent polarization ∼ 8.4 µC/cm
                    2
                    , coercive field ∼ 18.8 kV/cm). Importantly, it further achieves the 266 nm output, validating its potential for solar‐blind ultraviolet nonlinear optical applications. Structural analysis and ferroelectric characterization reveal that the macroscopic polarization originates from local symmetry breaking of glycine units, which is transmitted and amplified through the Li–SeO
                    4
                    coordination network. This mechanism provides a generalizable design principle for discovering ultraviolet ferroelectrics, opening a promising avenue toward high‐performance solar‐blind ultraviolet nonlinear optical materials.",crossref
Engineered Chiroplasmonic Nanointerfaces Enable High‐Dissymmetry Circularly Polarized Electrochemiluminescence From Achiral Luminophores,https://advanced.onlinelibrary.wiley.com/doi/10.1002/adma.74684?af=R,,Wiley: Advanced Materials: Table of Contents,2026-08-17 08:29:53+00:00,10.1002/adma.74684,Wenxin Niu,,"ABSTRACT
                  
                    Circularly polarized electrochemiluminescence (CP‐ECL) provides an emerging route to encode chiral information into electrochemically generated light, but current strategies largely rely on intrinsically chiral luminophores, limiting molecular diversity, device integration, and dissymmetry‐factor amplification. Here, a strategy based on engineered chiroplasmonic nanointerfaces is developed for high‐dissymmetry CP‐ECL from achiral luminophores. In this design, luminophores are spatially confined around helicoid Au nanocrystals within a nanoscale plasmonic environment, and the resulting hybrid nanocrystals are assembled into monolayer films to couple chiroplasmonic near fields with electrochemically generated excited states. Using Ru(bpy)
                    3
                    2+
                    as a model achiral ECL luminophore, the helicoid Au@SiO
                    2
                    ‐Ru nanocrystal monolayer electrode produces mirror‐image CP‐ECL responses with a high dissymmetry factor of |g
                    CP‐ECL
                    | ≈ 1.1. Control experiments and electromagnetic simulations reveal a synergistic mechanism in which chiroplasmonic near‐field induction predominantly breaks the emission symmetry, whereas circular‐polarization‐dependent extinction further amplifies the far‐field circular polarization contrast. Extension to another achiral ECL luminophore suggests that this strategy may be applicable beyond the Ru(bpy)
                    3
                    2+
                    system. By enabling circular polarization without requiring intrinsically chiral luminophores, this approach can be readily integrated with established achiral ECL chemistries and devices, offering opportunities for chiral sensing, electrochemiluminescent photonics, and optical information encoding.",crossref
Bioinspired Hydrogen‐Bond Traps Enabling Ultrasensitive Temperature Sensing,https://advanced.onlinelibrary.wiley.com/doi/10.1002/adma.74571?af=R,,Wiley: Advanced Materials: Table of Contents,2026-08-17 08:31:35+00:00,10.1002/adma.74571,Jia Huang,,"ABSTRACT
                  
                    The development of flexible temperature sensors is hindered by the intrinsically low thermal sensitivity of soft ionic conductors, which arises from averaged energy landscapes and competing transport mechanisms. Inspired by the gating mechanism of biological transient receptor potential (TRP) ion channels, we propose a hydrogen‐bond trap regulation strategy. By constructing localized hydrogen‐bond traps with heterogeneous energy distributions within a deep eutectic solvent (DES) gel network, continuous ion transport is transformed into a confined, thermally activated hopping process. This approach yields an ultrahigh temperature coefficient of resistance (TCR) of 178% °C
                    −1
                    and a high
                    B
                    value of 7880 K. A miniature flexible probe (Ø1.0 mm × 1.0 mm) demonstrates practical potential in organ temperature monitoring and wireless respiratory tracking. The tailored hydrogen‐bond traps also effectively suppress multimodal crosstalk, enabling the fabrication of a decoupled trimodal sensing system that independently resolves proximity, pressure, and temperature signals for human–robot interaction. This work establishes a versatile materials strategy for achieving thermal perception in soft electronics and provides a general platform for tuning ion transport in polymer networks.",crossref
Synergistic Molecular Modulation via Coordination and Hydrogen Bonding for Efficient Perovskite and Tandem Solar Cells,https://advanced.onlinelibrary.wiley.com/doi/10.1002/adma.74639?af=R,,Wiley: Advanced Materials: Table of Contents,2026-08-17 08:33:21+00:00,10.1002/adma.74639,Jun Pan,,"ABSTRACT
                  
                    Molecular additives offer a powerful route to control crystallization kinetics and homogenize component distribution in perovskite semiconductors. However, additives that integrate Pb‐related coordination and hydrogen‐bonding functionalities within a single molecular framework to jointly regulate crystallization evolution and defect chemistry remain largely underexplored. Herein, we introduce 4,4’‐(phenylphosphoryl)dibenzoic acid (PPDBA) as a multifunctional molecular modulator that combines P═O and ─COOH groups within a single framework. Compared with P═O‐only reference molecule triphenylphosphine oxide (TPPO), PPDBA expands the interaction scope by coupling Pb‐related coordination involving P═O/─COOH functionalities with additional ─COOH‐assisted hydrogen bonding toward organic cations. These cooperative interactions facilitate intermediate‐phase evolution modulation, crystallization retardation, and the formation of uniform perovskite films with reduced residual PbI
                    2
                    . In addition, PPDBA preferentially enriches near the perovskite surface, where it contributes to defect passivation and improved carrier extraction. Consequently, PPDBA‐treated 1.55 eV PSCs achieve a power conversion efficiency of 26.31% with exceptional stability. The universality of the strategy is further demonstrated by high efficiencies of 23.50% and 19.13% PCEs for 1.68 and 1.84 eV wide‐bandgap PSCs, respectively. Beyond single‐junctions, PPDBA enables high‐performance tandems, delivering 33.05% (certified 32.65%) in perovskite/silicon and 26.11% in perovskite/organic architectures. This work provides a molecular design blueprint for high‐performance, durable perovskite‐based photovoltaics.",crossref
Lignin Mimicking Protein Methylation Augments the Efficacy of FOLFOX Chemotherapy by Anchoring Thymidylate Synthase,https://advanced.onlinelibrary.wiley.com/doi/10.1002/adma.202507040?af=R,,Wiley: Advanced Materials: Table of Contents,2026-08-17 08:35:33+00:00,10.1002/adma.202507040,Weiling He,,"ABSTRACT
                  FOLFOX has served as the standard chemotherapy regimen for advanced stages, specifically in the treatment of pancreatic, colorectal, and bladder cancers. However, the issues of excessive toxicity and prolonged treatment cycles persist. To address this limitation, we developed a novel methylated amino acid‐modified lignin inspired by biological methylation, creating a pH‐responsive charge‐reversal drug delivery system for FOLFOX chemotherapy. This system stabilizes thymidylate synthase (TS) and combines with deoxyuridine monophosphate (dUMP) to demonstrate significantly improved therapeutic outcomes of FOLFOX against colorectal cancer (CRC). The FOLFOX‐loaded nanodrug showed targeted antitumor activity against CRC and induced tumor cell death through multiple mechanisms, including apoptosis, necrosis, cell cycle regulation, DNA damage, and reactive oxygen species generation. Furthermore, the nano‐formulation activated immune responses to enhance chemotherapeutic potency and effectively reducing renal toxicity associated with chemotherapy drugs. These findings suggest that protein methylation‐mimicked lignin could be a valuable addition to current first‐line chemotherapy options and holds promise for enhancing chemotherapy against solid tumors.",crossref
Yttrium‐Doped MoS2 With Optimized Interface Charge Injection and Hydrogen Binding for Efficient Hydrogen Evolution,https://advanced.onlinelibrary.wiley.com/doi/10.1002/adma.74673?af=R,,Wiley: Advanced Materials: Table of Contents,2026-08-17 08:39:29+00:00,10.1002/adma.74673,Junwei Fu,,"ABSTRACT
                  
                    On‐chip electrocatalytic microdevices (OCEMs) are versatile platforms for probing the intrinsic kinetics of individual nanomaterials. However, their applications in evaluating 2D van der Waals materials often suffer from substantial interfacial contact resistance at the electrode/catalyst junction and sluggish catalytic reaction kinetics at the catalyst/electrolyte interface. Herein, we develop an yttrium‐doping strategy for monolayer MoS
                    2
                    (Y‐MoS
                    2
                    ) that simultaneously optimizes charge injection across the solid–solid (electrode/catalyst) interface and hydrogen binding on the basal plane of MoS
                    2
                    . The Y doping downshifts the conduction band minimum of MoS
                    2
                    , lowering the Schottky barrier from 0.47 to 0.23 eV and enhancing electron injection across the electrode/catalyst interface. The matching spatial orbital symmetry of Y and Mo 4
                    d
                    xz/yz
                    induces strong
                    d‐d
                    electronic coupling, driving the formation of a favorable bridge hydrogen intermediate () with an optimized binding energy of 0.36 eV for hydrogen evolution reaction (HER) at the catalyst/electrolyte interface. Benefiting from this synergistic optimization of band alignment and hydrogen binding, Y‐MoS
                    2
                    exhibits superior HER performance, delivering an overpotential of 187 mV at 10 mA cm
                    −2
                    , competitive with recent 2D MoS
                    2
                    ‐based electrocatalysts. This work establishes an optimized OCEM platform for decoupled mechanistic analysis and an orbital‐level tuning strategy for efficient electrocatalyst design.",crossref
Photothermal‐Photoelectric Synergistic Management in High‐Entropy Alloys for Full‐Spectrum Solar CO2‐to‐CH4 Conversion,https://advanced.onlinelibrary.wiley.com/doi/10.1002/adma.74690?af=R,,Wiley: Advanced Materials: Table of Contents,2026-08-17 08:39:32+00:00,10.1002/adma.74690,Shaohua Shen,,"ABSTRACT
                  
                    Current photothermocatalysts, characterized by inadequate photogenerated electrons for accelerating reaction kinetics as well as excessive demand for high light intensity, face major obstacles to practical application. In this study, a heteroarchitectured photothermocatalyst is presented by integrating the FeCoNiCuCr (FCNCuCr) high‐entropy alloys (HEAs) photothermal layer, the Al doped ZnO (AZO) photoelectric layer, and the thermal radiation blocking component of chromium‐plated glass (Cg). The obtained Cg/FCNCuCr/AZO photothermocatalyst exhibits an unprecedented CO
                    2
                    ‐to‐CH
                    4
                    conversion performance, with CH
                    4
                    yield reaching 5082.9 µmol g
                    −1
                    h
                    −1
                    , which is 14 and 4 times that obtained from pristine FCNCuCr HEAs and Cg/FCNCuCr, respectively, surpassing the state‐of‐the‐art photothermocatalysts and photocatalysts for gas‐solid atmospheric pressure CO
                    2
                    conversion with H
                    2
                    O supplied as proton source. Thanks to effective photothermal management, the Cg/FCNCuCr/AZO heteroarchitectured photothermocatalyst achieves full‐spectrum solar absorption by minimizing thermal radiation, thereby realizing excellent photothermal conversion capability. Meanwhile, the sputtered AZO photoelectric layer is integrated to establish an interfacial Schottky barrier, harnessing the photoelectric synergy, and further reducing the reaction barrier for CO
                    2
                    ‐to‐CH
                    4
                    conversion. The present photothermal‐photoelectric synergistic management strategy enlightens the design of high‐performance photothermocatalysts for solar driven CO
                    2
                    conversion.",crossref
Efficient Hydroxyl Diffusion Triggers Surface Hydronium Enrichment and Bulk Proton Participation to Boost Alkaline Hydrogen‐Evolving Reaction,https://advanced.onlinelibrary.wiley.com/doi/10.1002/adma.74662?af=R,,Wiley: Advanced Materials: Table of Contents,2026-08-17 08:41:22+00:00,10.1002/adma.74662,Zongping Shao,,"ABSTRACT
                  
                    Deciphering the diffusion, induction, and reaction processes of key chemical species in the catalyst lattice is critical for solution‐phase electrochemical applications, yet remains underexplored. Taking the alkaline hydrogen‐evolving reaction (HER) in an anion‐exchange‐membrane (AEM) electrolyzer as an example, prior efforts were devoted to optimizing water dissociation and proton recombination steps on catalyst surfaces, neglecting the important role of bulk electrochemistry induced by abundant OH
                    −
                    in the electrolyte. As a proof‐of‐concept, we design oxygen‐vacancy‐ordered and oxygen‐vacancy‐disordered model oxides to explore the bulk electrochemistry triggered by OH
                    −
                    diffusion. Combined systematic experiments and computations reveal that the ordered and high‐concentration features of oxygen vacancies improve the mobility and flux of OH
                    −
                    diffusion into the bulk lattice, respectively. Multiple operando characterizations demonstrate that efficient bulk OH
                    −
                    diffusion lowers surface OH
                    −
                    concentration and thus drives the water ionization equilibrium toward products (2H
                    2
                    O ↔ H
                    3
                    O
                    +
                    + OH
                    −
                    ) following Le Chatelier's principle, contributing to enriched surface H
                    3
                    O
                    +
                    and enhanced surface HER kinetics. Interestingly, due to the electrostatic interactions, bulk OH
                    −
                    diffusion behavior triggers surface‐to‐bulk proton migration and participation, extending HER regions from the surface to the bulk and thus boosting HER activity. The high OH
                    −
                    diffusion capability of the cathode also greatly improves the AEM‐electrolyzer performance. Our work offers new insights into the long‐overlooked bulk electrochemistry.",crossref
Suppressing Sodium Dendrites Through Protein‐Mediated Tip Adsorption Effect,https://advanced.onlinelibrary.wiley.com/doi/10.1002/adma.74672?af=R,,Wiley: Advanced Materials: Table of Contents,2026-08-17 08:42:16+00:00,10.1002/adma.74672,Yang Shen,,"ABSTRACT
                  
                    Dendrite growth and interfacial side reactions severely limit the cycle life of sodium batteries. While electrolyte additives represent the simplest mitigation strategy, conventional additives rely on single chemical driving mechanisms, and pose environmental concerns. Here, we propose a bio‐adaptive approach based on the protein tip adsorption effect, demonstrating at the “amino acid–peptide–protein” scale that this mechanism regulates electric field distribution around sodium bud tips to induce uniform sodium deposition and stripping. Concurrently, it promotes formation of a robust solid electrolyte interphase, rearranging the sodium metal anode into a smoother surface. Electrolytes engineered via this tip adsorption effect deliver enhanced cycling and stripping performance in sodium symmetric cells across 1, 5, and 10 mA cm
                    −2
                    , with a maximum tolerable current density exceeding 25 mA cm
                    −
                    2
                    . Remarkably, NVP||Na cells achieve 20,000 cycles at 10 C and 16,000 cycles at an ultrahigh 50 C rate. The electrolyte also shows broad anode compatibility: NVP||Al@C cells with a high NVP loading of 10.32 mg cm
                    −
                    2
                    sustain 1,000 cycles at 5 C. Guided by sustainable development principles, this work may inspire exploration of natural, eco‐friendly materials for battery modification.",crossref
"A Low‐Cost, Scalable, and Integrated Hydrogen Electrode Toward Industrial‐Grade Hydrogen Batteries",https://advanced.onlinelibrary.wiley.com/doi/10.1002/adma.74499?af=R,,Wiley: Advanced Materials: Table of Contents,2026-08-17 08:43:40+00:00,10.1002/adma.74499,Wei Chen,,"ABSTRACT
                  
                    Aqueous hydrogen batteries are promising candidates for large‐scale energy storage because of their high reliability and long lifespan. However, their practical application remains hindered by hydrogen electrodes that suffer from insufficient catalytic activity, high cost, and limited scalability. Here, we develop an integrated hydrogen electrode (iHE) by rationally integrating a catalyst with a meter‐scale, ultrathin hydrogen diffusion layer. A Ni‐based catalyst is incorporated as a representative into the hydrogen diffusion layer composed of an ultrathin, porous, and hydrophobic nickel‐plated membrane, yielding an electrode cost of only $3.6 m
                    −2
                    , approximately 5% that of a conventional hydrogen electrode based on Pt catalyst supported on a commercial gas diffusion layer (Pt@GDL). The iHE exhibits a low polarization of 26 mV at 5 mA cm
                    −2
                    and stable operation over 1600 h. The Ni‐H
                    2
                    (iHE) battery delivers a long cycle life of 3300 h with ~98% capacity retention and a negligible Coulombic efficiency decay rate of 0.033% h
                    −1
                    . Furthermore, the Ni‐H
                    2
                    (iHE) full cell achieves an energy cost of only one‐sixth that of the Ni‐H
                    2
                    (Pt@GDL) counterpart,   together with an energy density of 179.5 Wh kg
                    −1
                    . These results highlight the advantages of the iHE in activity, stability, scalability, and cost, demonstrating its potential for grid‐scale energy storage.",crossref
"Triboelectric Tactile Sensors for Embodied Intelligence: Design, Performances, and Applications",https://advanced.onlinelibrary.wiley.com/doi/10.1002/adma.74599?af=R,,Wiley: Advanced Materials: Table of Contents,2026-08-17 08:43:43+00:00,10.1002/adma.74599,Shuangxi Nie,,"ABSTRACT
                  Embodied intelligence is driving artificial intelligence from digital reasoning toward real physical interaction, while tactile perception capabilities lag behind algorithmic advances and have become a critical bottleneck restricting the practical implementation of robotic closed‐loop interaction. We propose that triboelectric event‐driven tactile sensing can serve as a tactile information acquisition strategy for embodied intelligence. With its distinctive characteristics of mechanically triggered output and self‐powered operation, it provides a new route to overcoming the limitations of signal acquisition, transmission, and power supply in complex environments and under high‐density deployment. Based on this perspective, this review centers on triboelectric event‐driven tactile sensing and systematically discusses the implementation pathways of triboelectric tactile sensors for embodied intelligence from four aspects: the conversion mechanisms from tactile events to electrical signals, material and structural design, key deployment performance, and embodied interactive applications. Particular emphasis is placed on revealing the intrinsic relationships among design strategies, deployment capabilities, and scenario adaptability. Finally, this review further discusses the key challenges and future directions that must still be addressed for triboelectric event‐driven tactile sensing to advance from device‐level performance optimization toward an event‐driven system‐level perception paradigm.",crossref
Thermosensitive Liposome‐Loaded Hydrogels Enable Mechano‐Chemical Cascade Therapy for Promoting Angiogenesis,https://advanced.onlinelibrary.wiley.com/doi/10.1002/adma.74671?af=R,,Wiley: Advanced Materials: Table of Contents,2026-08-17 08:45:07+00:00,10.1002/adma.74671,Zhao Wei,,"ABSTRACT
                  Pharmacological activation of selective biophysical or chemical signaling pathways is known to regulate angiogenesis; however, whether these cues can be modulated in a temporally coordinated, cascade‐like manner to generate stable and functional vascular networks remains unclear, particularly in the ischemic microenvironment. Here, we demonstrate a mechanochemical cascade in which TRPV4 (transient receptor potential vanilloid 4)‐mediated mechanosensing initiates endothelial activation, followed by platelet‐derived growth factor‐BB (PDGF‐BB) signaling that drives vascular formation and maturation. Specifically, we engineered a thermosensitive liposome‐loaded hydrogel that responds to endogenous temperature changes to achieve precise, temporally ordered release of angiogenic initiators and stabilizing factors. In a murine critical limb ischemia model, early release of the TRPV4 agonist GSK1016790A initiated angiogenic activation, accompanied by gradual local temperature recovery during ischemic repair, which provided the expected thermal window for delayed PDGF‐BB release to support nascent vessel maturation. The thermo‐adaptive cascade release achieved 91.5% restoration of limb perfusion, coupled with a substantial surge in mature vessel density, yielding superior functional recovery that outperforms simultaneous therapy. Our findings not only illuminate the transformative potential of mechano‐chemical synergistic therapies for ischemic diseases but also unveil the pivotal role of temporally orchestrated pro‐angiogenic and stabilizing signals in driving robust, self‐regulated vascular regeneration.",crossref
Data‐Driven Materials Science for Energy‐Sustainable Applications,https://advanced.onlinelibrary.wiley.com/doi/10.1002/adma.74491?af=R,,Wiley: Advanced Materials: Table of Contents,2026-08-17 08:45:54+00:00,10.1002/adma.74491,Jacqueline M. Cole,,"ABSTRACT
                  Materials science is underpinned by structure‐property relationships that govern the function of a material. These relationships can be encoded into algorithms and integrated into machine‐learning models that enable the prediction of materials and their cognate properties. However, machine‐learning models are largely being trained on computed data owing to a worldwide shortage of real‐world (experimental) datasets. This review describes how to capture and collate experimental data from scientific literature using artificial‐intelligence (AI) methods to produce materials‐domain‐specific datasets or language models. Their application in AI‐driven enquiries that facilitate progress in energy‐sustainable materials science is then illustrated via six case studies that cover: training machine‐learning models, data‐driven materials discovery, optimizing manufacturing processes, mapping phases of materials, forecasting materials‐centric research trends, and classifying types of materials using automated prompt engineering. The future of materials‐domain‐specific datasets, language models, and decision‐making workflows using AI agents is then envisioned for the energy sector. The intrinsic challenges of accessing historical dark data in materials science are then described and contrasted with timely opportunities for leveraging massive amounts of experimental data from laboratories in going forwards; by exploiting electronic‐lab notebooks, high‐throughput experiments, and digital‐twin technologies. These opportunities are illustrated for energy‐sustainable materials science, especially the photovoltaic and battery industries.",crossref
Organic n‐Type Molecule Mediated Crystallization Regulation for Sn‐Pb Perovskite Solar Cells,https://advanced.onlinelibrary.wiley.com/doi/10.1002/adma.74623?af=R,,Wiley: Advanced Materials: Table of Contents,2026-08-17 08:47:09+00:00,10.1002/adma.74623,Alex K.‐Y. Jen,,"ABSTRACT
                  
                    Narrow‐bandgap Sn‐Pb perovskites have showcased great potential for constructing tandem perovskite solar cells (PSCs). However, Sn
                    2
                    +
                    in Sn‐Pb PSCs is readily oxidized to Sn
                    4
                    +
                    , and such B‐site Sn
                    4
                    +
                    will introduce excess positive charge and causes severe p‐type self‐doping, which pins the Fermi level and aggravates non‐radiative recombination. Additionally, the Sn‐based component crystallizes far more rapidly than that of Pb, resulting in unbalanced Sn‐Pb crystallization. To address these challenges, we develop a novel n‐type molecule NDBH as perovskite additive. This molecule offers three key advantages: prevents the oxidation of Sn
                    2
                    +
                    through chelation and blocks oxygen ingress along grain boundaries; balances the crystallization rates of Sn‐Pb perovskite by selectively chelating Sn
                    2
                    +
                    ; modifies the perovskite surface to be more n‐type. With this organic n‐type molecule, the inverted Sn‐Pb PSCs achieve power conversion efficiency (PCE) of 24.11%. The devices also exhibited remarkable long‐term stability, retaining over 90% of their initial efficiency after 600 h of maximum power point (MPP) tracking. This approach of designing multifunctional n‐type molecules offers a new perspective for enhancing the efficiency and stability of Sn‐Pb PSCs.",crossref
Engineering Cartilage‐Like PVA Hydrogels: Dual‐Stage Crystallization Kinetics Regulations Overcome the Strength–Water Content Trade‐Off,https://advanced.onlinelibrary.wiley.com/doi/10.1002/adma.74656?af=R,,Wiley: Advanced Materials: Table of Contents,2026-08-17 08:48:44+00:00,10.1002/adma.74656,Di Huang,,"ABSTRACT
                  The development of PVA hydrogels for cartilage repair is limited by the challenge of simultaneously combining high mechanical strength with high water content. To address this, a “Dual‐Stage Temperature‐Controlled Crystallization Quenching Method” is proposed. The approach precisely regulates crystallization kinetics, enabling meticulous control over the gel network topology. The obtained hydrogel achieves a water content of 83.41% ± 0.51%, a tensile strength of 2.68 ± 0.14 MPa, and a compressive modulus of 0.53 ± 0.02 MPa, exceeding machine learning‐predicted thresholds for each property by over 300%. This performance is attributed to a uniform, isotropic network of refined crystallites, as revealed by multiscale analysis, which facilitates homogeneous stress distribution and efficient energy dissipation. Furthermore, the hydrogel possesses a low friction coefficient, biomimetic porosity, and excellent chondrocyte compatibility. This work provides an advanced cartilage repair material and establishes a novel thermodynamic paradigm for polymer gel design through crystallization kinetics regulation.",crossref
Multiscale Ion Transport Optimization in High‐Mass‐Loading Cathodes for Aqueous Zinc‐Ion Batteries,https://advanced.onlinelibrary.wiley.com/doi/10.1002/adma.74658?af=R,,Wiley: Advanced Materials: Table of Contents,2026-08-17 08:49:36+00:00,10.1002/adma.74658,ZhengMing Sun,,"ABSTRACT
                  
                    High‐mass‐loading cathodes are essential for translating aqueous zinc‐ion batteries (AZIBs) from laboratory demonstrations to practically relevant energy‐storage devices because they increase the fraction of electrochemically active materials and thereby improve device‐level energy density. However, increasing cathode loading and thickness simultaneously aggravates charge transport limitations, electrolyte infiltration insufficiency, and structural degradation, leading to severe polarization, poor active‐material utilization, and rapid performance decay. In this review, we present a multiscale framework for understanding and optimizing high‐mass‐loading AZIB cathodes, spanning the microscale, mesoscale, and macroscale. At the microscale, we discussed how doping, vacancy, and interlayer‐spacing modulation regulate electronic structure, Zn
                    2+
                    diffusion, and structural stability of active materials. At the mesoscale, we examine pore architecture, cathode components, and fabrication strategies, with emphasis on porosity, tortuosity, electrolyte accessibility, and integrated charge transport in thick cathodes. At the macroscale, we highlight the importance of electrode balancing and electrolyte management for translating material‐level advances into practical cell performance. We further outline emerging directions, including operando characterization, cross‐scale modeling, data‐driven materials discovery, and scalable manufacturing. By connecting material chemistry, electrode architecture, and device integration, this review provides a coherent roadmap for the rational design of high‐mass‐loading cathodes and the development of energy‐dense, commercially relevant AZIB systems.",crossref
Cisplatin‐Doped Black Phosphorus Nanomedicines Overcome Platinum‐Based Anticancer Drug Resistance via Piezoelectric‐Mediated Adaptive Homeostasis Disruption,https://advanced.onlinelibrary.wiley.com/doi/10.1002/adma.202523163?af=R,,Wiley: Advanced Materials: Table of Contents,2026-08-17 08:51:10+00:00,10.1002/adma.202523163,Dan Luo,,"ABSTRACT
                  The clinical efficacy of platinum‐based chemotherapeutics is frequently diminished by the emergence of resistance during prolonged treatment. Cisplatin (DDP)‐resistant tumors adapt to chemotherapeutic stress by establishing a new state of adaptive homeostasis that sustains cellular survival under drug pressure, albeit at the expense of high metabolic burden and acquired vulnerability. Exploiting this intrinsic weakness, we designed a DDP‐doped black phosphorus (BP) nanomedicine protected by polydopamine coating (DDP‐BP@PDA) that synergistically delivered DDP and piezoelectric BP to precisely disrupt resistance homeostasis and thereby reverse DDP resistance. DDP‐BP@PDA altered the intracellular uptake pathway of DDP and disrupted the redox balance of resistant cells via piezocatalysis. Concurrently, piezoelectric polarization enhanced the peroxidase‐like activity via electron injection, leading to the generation of substantial reactive oxygen species (ROS). This ROS burst compromised the integrity of the endoplasmic reticulum (ER) membrane and exacerbated the protein‐folding burden, thereby amplifying ER stress. Mechanism study reveals that excessive ER stress downregulated the expression of DNA repair proteins, making resistant cells highly sensitive to DDP‐induced DNA damage. Through these synergistic effects, DDP‐BP@PDA disrupted the adaptive homeostasis of DDP‐resistant cells, thereby significantly inhibiting the progression of DDP‐resistant tumors. This study establishes a promising therapeutic strategy to combat DDP‐resistance via piezoelectric‐driven disruption of adaptive homeostasis.",crossref
Nonorthogonal Polarization‐Multiplexed and Detachable Diffractive Processors,https://advanced.onlinelibrary.wiley.com/doi/10.1002/adma.74700?af=R,,Wiley: Advanced Materials: Table of Contents,2026-08-17 08:52:35+00:00,10.1002/adma.74700,Songlin Zhuang,,"ABSTRACT
                  Polarization multiplexing provides an elegant route for parallel all‐optical processing, yet its intrinsic orthogonality fundamentally limits channel capacity and interlayer interaction in diffractive systems. We present a detachable diffractive processor that leverages nonorthogonal polarization multiplexing to overcome these bottlenecks. The processor features a convolutional‐like architecture composed of detachable diffractive layers, enabling global and interlayer function multiplexing with accelerated training and expanded versatility. Experimentally, we realize 12 independent functions—4 classifiers and 8 holograms—across 4 polarization‐decoupled channels in a dual‐layer system and extend to 18 channels supporting 6 classifiers and 36 holograms using a triple‐layer configuration. Furthermore, we demonstrate a multi‐level optical encryption framework that combines image transformation and holographic generation. This work establishes a scalable framework for multifunctional diffractive computing, enabling compact processors, high‐capacity holography, and secure optical information technologies.",crossref
Janus Nanozyme With Programmable Catalytic Switching for Adaptive Therapy of Diabetic Wounds,https://advanced.onlinelibrary.wiley.com/doi/10.1002/adma.74674?af=R,,Wiley: Advanced Materials: Table of Contents,2026-08-17 08:52:39+00:00,10.1002/adma.74674,Kui Luo,,"ABSTRACT
                  
                    Diabetic wound healing requires dynamic bidirectional regulation of reactive oxygen species (ROS). Herein, guided by density functional theory (DFT) calculations, we propose a programmable strategy to engineer catalytic pathways via an intimate heterointerface in Janus‐structured Cu‐Ag nanoparticles (CuAg‐J). Theoretical simulations reveal that the unique Cu‐Ag heterointerface induces a charge transfer to oxygen intermediates, enabling spontaneous formation of reactive species and pH‑switchable catalytic activity. Under acidic conditions, CuAg‐J exhibits peroxidase (POD)‐like activity (
                    K
                    m
                     = 0.19 mM,
                    V
                    max
                     = 0.38 µM/s) for antibacterial ROS generation. Under neutral conditions, it displays superoxide dismutase (SOD)‐like and catalase (CAT)‐like activities (
                    K
                    m
                     = 9.48 mM,
                    V
                    max
                     = 6.88 µM/s) for ROS scavenging and oxygen production. In an infected diabetic wound model, this bidirectional ROS regulation effectively breaks the oxidative stress–hypoxia–inflammation vicious cycle, significantly accelerating healing and achieving 92.04% wound closure by Day 14. This study not only presents a high‐performance nanozyme but also provides a new design rationale for engineering intelligent catalytic materials capable of autonomous function switching in response to dynamic microenvironmental conditions.",crossref
Skeletal‐Muscle‐Inspired Superstrong Dynamic Covalent Liquid‐Crystal Elastomers With Exceptional Actuation Performance,https://advanced.onlinelibrary.wiley.com/doi/10.1002/adma.74679?af=R,,Wiley: Advanced Materials: Table of Contents,2026-08-17 08:56:57+00:00,10.1002/adma.74679,Xiaokong Liu,,"ABSTRACT
                  
                    As an emerging actuator material for artificial muscles and soft robotics, dynamic covalent liquid‐crystal elastomers (DCv‐LCEs) enable network reorganization through dynamic bond exchange, allowing actuator reprogramming, actuation‐mode tuning, and material recycling. Despite these distinctive advantages, existing DCv‐LCEs still suffer from limited actuation performance for practical applications. Inspired by the critical role of noncovalent interactions in natural skeletal‐muscle actuation, we develop a superstrong DCv‐LCE (SS‐DCv‐LCE) by deliberately engineering a dynamic covalent liquid‐crystal network that simultaneously incorporates hydrogen‐bonding and metal‐coordination crosslinks. The dual noncovalent crosslinks synergistically reinforce SS‐DCv‐LCE, giving rise to a remarkably high Young's modulus (∼27.6 MPa) and a superhigh strength (∼30.7 MPa) at room temperature, while also imparting significantly enhanced mechanical robustness at elevated temperatures. As a result, SS‐DCv‐LCE delivers an actuation stress of up to 1.6 MPa and a work capacity of up to 486.1 kJ m
                    −3
                    , which are ∼4.5‐ and ∼12.1‐fold higher than those of human skeletal muscle, respectively, and also far exceed those of existing state‐of‐the‐art elastomeric DCv‐LCEs. Moreover, SS‐DCv‐LCE exhibits reprogrammability and reprocessability, enabling reshaping and recycling into actuators with diverse geometries and actuation modes. This work establishes a new network‐architecture design for high‐actuation‐performance DCv‐LCEs, opening opportunities for practical applications in artificial muscles and soft robotics.",crossref
S‐Nitrosothiols as Thiol‐Protecting Groups for Controlled Thiol‐Maleimide Crosslinking of Homogeneous Soft Hydrogels,https://advanced.onlinelibrary.wiley.com/doi/10.1002/adma.74627?af=R,,Wiley: Advanced Materials: Table of Contents,2026-08-17 08:59:44+00:00,10.1002/adma.74627,Pavel A. Levkin,,"ABSTRACT
                  The thiol‐maleimide Michael‐type addition is used in bioconjugation and hydrogel crosslinking for its chemoselectivity and rapid kinetics under physiological conditions. However, this same reactivity limits its use for soft hydrogels, as gelation often proceeds faster than precursor mixing, leading to spatially heterogeneous networks. Here, S‐nitrosothiols (RSNOs) are introduced as thiol‐protecting groups that suppress premature thiol‐maleimide coupling and enable homogeneous mixing of polymer precursors prior to on‐demand crosslinking. Despite common assumptions about RSNO instability, RSNO‐modified 4‐arm polyethylene glycol (PEGSNO) is stable in aqueous solution for months at 4°C protected from light. The nucleophiles sodium ascorbate or sodium thiosulfate (STS) trigger thiol regeneration and controlled crosslinking with maleimide‐modified PEG. The resulting hydrogels are homogeneous with Young's moduli tunable across a physiologically relevant range by independently varying nucleophile identity, concentration, or polymer content. In a cell‐adhesive system based on maleimide‐modified cold water fish skin gelatin, STS‐triggered gelation supports 3D cell encapsulation, with cytocompatibility depending on formulation and cell type, while matrix stiffness is tuned through polymer content and STS concentration. This work establishes RSNO chemistry as a previously unexplored strategy for controlled thiol‐maleimide crosslinking, enabling reproducible, homogeneous network formation, with potential for dual‐function materials coupling network formation with local reactive nitrogen species delivery.",crossref
Elastomeric 3D‐Printed Microenvironments Enable Nanonewton Force Measurements in Healthy and Diseased Human Pluripotent Stem Cell‐Derived Neuroepithelial Cells,https://advanced.onlinelibrary.wiley.com/doi/10.1002/adma.74596?af=R,,Wiley: Advanced Materials: Table of Contents,2026-08-17 09:05:37+00:00,10.1002/adma.74596,Angelo Accardo,,"ABSTRACT
                  During neural development, cells generate and respond to mechanical forces within their microenvironment while they migrate and differentiate. These forces are central to the development of the human brain, as they are transduced into intracellular signals that regulate key neurobiological processes and may be involved in pathological processes. However, measurement of such forces in the nanonewton (nN) range within a three‐dimensional (3D) microenvironment remains technically challenging and computationally intensive. Here, we present a solution to this challenge, based on elastomeric 3D microstructures fabricated via two‐photon polymerization (2PP) and a tailored wet‐etching process. The resulting free‐standing beam architectures enable the quantification of nN forces exerted by pluripotent stem cell‐derived neuroepithelial progenitor cells. We characterized the morphology of the cells and the forces they exerted using live‐cell confocal imaging microscopy, scanning electron microscopy (SEM), supported by an in‐house routine for intensity‐based deflection measurements with sub‐pixel resolution, and atomic force microscopy (AFM). Using this platform, we precisely quantified neuronal traction forces down to 1.2 nN from both healthy neural cells and those carrying a TSC2 gene mutation linked to tuberous sclerosis complex (TSC). The proposed elastomeric microenvironment paves the way for investigating cytoskeletal mechanics, neuromechanobiology in 3D, and for developing in vitro disease treatment models.",crossref
Realization of Air‐Stable Two‐Dimensional Superconductor Nb2Pd3Te5 With Quasi‐One‐Dimensional Pair Density Modulation,https://advanced.onlinelibrary.wiley.com/doi/10.1002/adma.74711?af=R,,Wiley: Advanced Materials: Table of Contents,2026-08-17 09:07:58+00:00,10.1002/adma.74711,Hong‐Jun Gao,,"ABSTRACT
                  
                    Two‐dimensional (2D) superconductors provide a fertile platform for exploring reduced‐dimensional superconductivity and emergent quantum phenomena. Incorporating quasi‐one‐dimensional (quasi‐1D) structural motifs into 2D superconductors offers a powerful route to engineer strong electronic anisotropy, enabling unconventional superconducting states and anisotropic superconducting transport functionalities. However, such systems remain rarely realized. Here we report the realization of a 2D superconductor Nb
                    2
                    Pd
                    3
                    Te
                    5
                    , exhibiting an intrinsic quasi‐1D pair density modulation. Monolayer and bilayer Nb
                    2
                    Pd
                    3
                    Te
                    5
                    is synthesized via van‐der‐Waals epitaxy. Using ultralow‐temperature scanning tunneling microscopy/spectroscopy, we observe the quasi‐1D crystal structure and superconductivity below ∼0.6 K with a pronounced quasi‐1D pair density modulation. Remarkably, both monolayer and bilayer Nb
                    2
                    Pd
                    3
                    Te
                    5
                    show strong air stability. Our findings establish atomically 2D Nb
                    2
                    Pd
                    3
                    Te
                    5
                    as a robust and promising platform for exploring novel low‐dimensional quantum phenomena and anisotropy‐enabled superconducting devices.",crossref
Structure‐Engineered Nanoporous Vanadium Oxide Memristors for Reconfigurable Synapse–Neuron Integration and Synergistic Robotic Motion,https://advanced.onlinelibrary.wiley.com/doi/10.1002/adma.74670?af=R,,Wiley: Advanced Materials: Table of Contents,2026-08-17 10:15:23+00:00,10.1002/adma.74670,Gunuk Wang,,"ABSTRACT
                  
                    Neuromorphic sensory‐to‐motor interfaces require compact devices that can combine nonvolatile synaptic weight storage with volatile neuronal firing, yet these functions typically rely on distinct material and circuit mechanisms. Here, we report a structure‐engineered VO
                    y
                    /nanoporous VO
                    x
                    heterostructure that enables electrically selectable nonvolatile and volatile switching within a vanadium oxide memristor platform. Annealing‐induced interfacial diffusion and oxidation produce an asymmetric stack comprising a crystalline VO
                    y
                    layer that supports threshold insulator‐to‐metal transition dynamics and an oxygen‐vacancy‐rich nanoporous VO
                    x
                    region that promotes filamentary conductance modulation. In a 16 × 16 crossbar array, identically fabricated cells are reconfigured either as artificial synapses exhibiting multilevel retention and analog long‐term potentiation/depression or as artificial neurons producing relaxation‐oscillator spiking and diverse neuronal response features. By pairing two cells as a one‐synapse–one‐neuron unit, the programmed synaptic conductance modulates the neuronal firing frequency and measured current‐spike amplitude, thereby linking analog weight storage with spike‐based signal generation. Using measured device characteristics, a hardware‐informed spiking neural network recognizes rock–paper–scissors images with high accuracy, and its output commands are coupled to a memristive synergistic motor system that drives a robotic hand to generate counter‐gestures. These results suggest that structure‐engineered nanoporous vanadium oxide memristors can serve as reconfigurable building blocks for neuromorphic sensory‐to‐motor interfaces.",crossref
Synergistic Bidirectional Crystallization for High‐Performance Perovskite Solar Cells,https://advanced.onlinelibrary.wiley.com/doi/10.1002/adma.74653?af=R,,Wiley: Advanced Materials: Table of Contents,2026-08-17 10:17:16+00:00,10.1002/adma.74653,Jianpu Wang,,"ABSTRACT
                  
                    Traditional n‐i‐p perovskite solar cells (PSCs) have achieved remarkable power conversion efficiencies exceeding 26%, yet their performance and stability remain critically bottlenecked by interfacial voids and detrimental trap states at the buried interface. These structural anomalies fundamentally originate from the conventional top‐down crystallization process, where a rapidly formed top crust induces a solvent blockade effect, trapping residual solvents that subsequently evaporate to leave detrimental buried voids. Here, we overcome this kinetic limitation via a synergistic bidirectional crystallization strategy, enabled by a dual‐functional molecular linker, diethyl phosphoramidate (DAPE). By strongly anchoring to the SnO
                    2
                    substrate and chemically bridging perovskite precursors, DAPE induces a synchronous bottom‐up growth front that complements the anti‐solvent‐induced top‐down crystallization. This kinetically reconstructed process maintains open solvent‐evasion channels, effectively eliminating the solvent blockade to yield a dense, void‐free interface. Consequently, the optimized devices exhibit relaxed residual stress and minimized non‐radiative recombination, achieving a champion power conversion efficiency of 26.25% with superior operational stability. Our work underscores the vital role of regulating crystallization kinetics to eliminate physical interfacial anomalies, offering useful insights for the further development of efficient n‐i‐p PSCs.",crossref
Ultrathin 2D Multivariate Hydrogen‐Bonded Organic Framework Nanosheets for Fluorescent DNA Sensing,https://advanced.onlinelibrary.wiley.com/doi/10.1002/adma.74657?af=R,,Wiley: Advanced Materials: Table of Contents,2026-08-17 10:18:48+00:00,10.1002/adma.74657,Zu‐Jin Lin,,"ABSTRACT
                  The multivariate strategy is generally incompatible with densely packed structures, as this approach typically requires porous frameworks to manage the steric demands of incorporated functional groups. Without sufficient free volume, the frameworks are prone to structural transformations driven by steric hindrance. Here, we demonstrate that this limitation can be overcome by exploiting an interaction hierarchy in hydrogen‐bonded organic frameworks (HOFs), where strong directional charge‐assisted hydrogen bonds define the framework while weaker interactions accommodate steric perturbations. This enables the extension of the multivariate strategy to densely packed systems, yielding multivariate HOFs with well‐defined structures and tailored functionalities. Specifically, a carboxylate‐amidinium‐based layered HOF (HOF‐FAFU‐4) was synthesized as a prototype platform. It enables the integration of diverse building blocks and precise tuning of the spatial arrangement of functional groups. Benefiting from their layered structure, these materials can be further exfoliated into ultrathin 2D nanosheets, thereby enhancing the accessibility of functional sites. These ultrathin 2D nanosheets serve as fluorescent sensing platforms for DNA detection, achieving a limit of detection (LOD) of 8.1 pM and demonstrating broad generality for multiple DNA analytes. This work not only broadens the scope of the multivariate strategy but also expands the structural diversity and applicability of HOFs.",crossref
Stress Transfer Within Microphase‐Separated Structures: A Post‐Synthetic Strategy to Impart Mechanoresponsiveness to Block Copolymer Materials,https://advanced.onlinelibrary.wiley.com/doi/10.1002/adma.74610?af=R,,Wiley: Advanced Materials: Table of Contents,2026-08-17 10:24:09+00:00,10.1002/adma.74610,Hideyuki Otsuka,,"ABSTRACT
                  Mechanoresponsive polymers, which exhibit changes in properties such as color in response to mechanical stimuli, have attracted increasing attention for smart materials. Among various design strategies, mechanophore‐incorporated systems are widely used approaches that enable precise molecular‐level design and control; however, this approach often suffers from complicated synthesis and limited applicability to existing materials such as block copolymers, which have found widespread industrial use as high‐performance materials. Here, we present a post‐synthetic strategy enabled by exploiting microphase‐separated structures to impart mechanochromism to existing polymer systems while retaining the advantages of mechanophore‐based approaches. By exploiting the microphase‐separated structure of styrene–butadiene–styrene (SBS) block copolymers, blending with polystyrene bearing a tetraarylsuccinonitrile (TASN) mechanophore enables domain‐selective localization of the mechanophore within the rigid domains without chemical modification of the host polymer. The resulting materials exhibit fluorescence upon tensile deformation originating from force‐induced TASN cleavage, demonstrating mechanoactivation even under minimal deformation of the hard domains. The mechanoresponse is governed by the molecular weight and content of the mechanophore‐containing polystyrene. Importantly, bulk mechanical properties are preserved and can even be enhanced. This strategy establishes a scalable platform for integrating mechanochemical functionality into existing polymer systems.",crossref
Closed‐Loop Recyclable Solid Polymer Electrolytes via Dynamic Lipoate Cross‐Linking,https://onlinelibrary.wiley.com/doi/10.1002/anie.3540036?af=R,,Wiley: Angewandte Chemie International Edition: Table of Contents,2026-08-17 10:45:32+00:00,10.1002/anie.3540036,Cyrille Boyer,,"ABSTRACT
                  
                    Growing demand for electrochemical energy storage has intensified concerns over battery end‐of‐life disposal, driving an urgent need for recyclable electrolyte materials. Here, we report a photo‐curable, chemically recyclable solid polymer electrolyte platform built on a bio‐derived difunctional cross‐linker, poly(ethylene glycol) bis(lipoate) (PEG‐LP
                    2
                    ), prepared from naturally occurring α‐lipoic acid. Visible‐light‐driven copolymerization of PEG‐LP
                    2
                    with poly(ethylene glycol) methyl ether acrylate in the presence of an ionic liquid (BMITFSI, 45 wt%) yields flexible, ionically conductive membranes (1.30 mS cm
                    −1
                    at room temperature). The dynamic disulfide cross‐linked network imparts both solid‐like mechanical integrity and chemical recyclability. When assembled into symmetric supercapacitors, the optimized SPE‐65 formulation retains ∼70% of its initial specific capacitance after 6000 galvanostatic cycles at 100 mA g
                    −1
                    . Complete catalyst‐assisted depolymerization is achieved using 1,8‐diazabicyclo[5.4.0]undec‐7‐ene (DBU) under mild, ambient conditions, and subsequent repolymerization regenerates ionically conductive membranes retaining ∼70% of the original conductivity (0.86 mS cm
                    −1
                    ). Together, the bio‐derived lipoate cross‐linker, catalytically assisted depolymerization, and regenerated electrochemical performance constitute a sustainable and recyclable SPE manufacture platform for next‐generation supercapacitor applications.",crossref
"Cysteine Thioaldehydes: Photolytic Generation, Reactivity, and Biological Implications",https://onlinelibrary.wiley.com/doi/10.1002/anie.202526017?af=R,,Wiley: Angewandte Chemie International Edition: Table of Contents,2026-08-17 10:48:18+00:00,10.1002/anie.202526017,Eddie L. Myers,,"ABSTRACT
                  Cysteine thioaldehydes are putative intermediates in sulfatase‐maturing enzyme catalysis and in the biosynthesis of penicillin, coenzyme A and families of ribosomally synthesized and posttranslationally modified peptides (RiPPs). Norrish type‐II photolysis of phenacylsulfides gives cysteine thioaldehydes but can be inefficient in aqueous solution owing to competing β‐scission. We show that irradiation of phenacylsulfides bearing non‐conjugating electron‐withdrawing substituents leads to efficient Norrish type‐II fragmentation. In aqueous buffer, photolysis of cysteine phenacylsulfides leads to high conversion into cysteine enethiolate and isothiazolone, which can be interconverted with an oxidant (Ellman's reagent) or reductant (phosphine). Cysteine enethiolates are relatively stable in aqueous buffer at neutral‐to‐high pH but undergo cyclocondensation to cysteine thiazole at low pH. Cysteine thioaldehydes undergo appreciable levels of hydrolysis to give formylglycine in the absence of buffer and for longer peptides that adopt enabling secondary structure. Nucleophilic (n → π*) participation of the proximal backbone carbonyl group on cysteine thioaldehydes can lead to peptide oxazoles. These results suggest viable oxidation‐before‐cyclocondensation biosynthetic pathways for peptide azoles and that the hydrolysis of cysteine thioaldehydes into formylglycine, as proposed for sulfatase activation, is not trivial and relies on a peptide environment that promotes the desired hydration at the expense of other similarly efficient thiocarbonyl‐quenching processes.",crossref
Heterobimetallic Janus Catalysts for the One‐Pot Synthesis of Polar‐Apolar Block Copolymers,https://onlinelibrary.wiley.com/doi/10.1002/anie.2602995?af=R,,Wiley: Angewandte Chemie International Edition: Table of Contents,2026-08-17 10:49:42+00:00,10.1002/anie.2602995,Jennifer A. Garden,,"ABSTRACT
                  
                    The one‐pot synthesis of apolar‐polar block copolymers combining polyolefins with polyesters has been a long‐standing challenge in polymer chemistry. Despite broad‐reaching applications of apolar‐polar block copolymers in drug delivery, compatibilisation of polymer blends and biomedical materials, their synthesis often requires multi‐step protocols with multiple catalysts and several isolation and purification steps. This is a particular challenge when combining the polymerisation of non‐activated α‐olefins with lactones, as these two distinct polymerisation mechanisms are often incompatible. This work reports heterobimetallic Janus catalysts for orthogonal 1‐hexene and ε‐caprolactone polymerisation. Generated in situ, the active catalysts combine distinct Ti and Al metal centres connected by a Ti‐C(H)═C(R)CH
                    2
                    O‐Al linker (R = Me or Bn). This approach successfully delivered poly(1‐hexene)‐
                    block
                    ‐poly(ε‐caprolactone) copolymers with well‐controlled linear block copolymer architectures, targeted molar compositions and tuneable molar mass (
                    M
                    n
                    values &lt; 67.3 kDa,
                    Ð
                    = 1.47), in a one‐pot reaction, an approach that was successfully extended to poly(1‐octene)‐
                    block
                    ‐poly(ε‐caprolactone) and poly(1‐decene)‐
                    block
                    ‐poly(ε‐caprolactone) copolymers. Overall, this work is a notable addition to the toolbox for synthesising apolar‐polar block copolymers. This work demonstrates for the first time that titanium‐alkenyl complexes can efficiently initiate olefin polymerisations and that heterobimetallic complexes can act as efficient bifunctional initiators for distinct polymerisation mechanisms.",crossref
Nickel‐Catalyzed H2‐Enabled Asymmetric Olefin Isomerization: Direct Access to P‐Stereogenic Phospholenes With Adjacent Stereocenters,https://onlinelibrary.wiley.com/doi/10.1002/anie.6479535?af=R,,Wiley: Angewandte Chemie International Edition: Table of Contents,2026-08-17 10:55:35+00:00,10.1002/anie.6479535,Hui Lv,,"ABSTRACT
                  
                    Asymmetric olefin isomerization capable of constructing consecutive or heteroatom stereocenters remains a long‐standing challenge in asymmetric synthesis. Here, we report a nickel‐catalyzed enantioselective isomerization of
                    syn
                    ‐substituted 2,5‐dihydrophosphole 1‐oxides. Under a hydrogen atmosphere, this reaction proceeds with high chemo‐ and stereoselectivity, affording 2,3‐dihydrophosphole 1‐oxides in up to 99% yield, &gt;20:1 dr, and 98% ee, without detectable hydrogenation byproducts. This reaction enables the simultaneous construction of two contiguous stereocenters, including a
                    P
                    ‐stereogenic center. Mechanistic studies and DFT calculations indicate that a kinetically favored
                    β
                    ‐hydride elimination pathway, stabilized by electronic and noncovalent interactions, accounts for the excellent chemoselectivity. The resulting chiral phospholene oxides serve as versatile intermediates for the synthesis of valuable phospholanes and phosphine ligands, demonstrating their synthetic utility.",crossref
Tuning Reaction Pathways by Controlling Atomic Assembly on Oxide Clusters,https://onlinelibrary.wiley.com/doi/10.1002/anie.4503768?af=R,,Wiley: Angewandte Chemie International Edition: Table of Contents,2026-08-17 11:00:32+00:00,10.1002/anie.4503768,Jin Wang,,"ABSTRACT
                  
                    Precisely controlling the assembly of atomic sites on oxide clusters (&lt; 1 nm) represents an expanded yet challenging strategy for tuning catalytic performance. Here, we construct two well‐defined model catalysts, single‐atomic Pt on CuO
                    x
                    clusters (Pt
                    1
                    ‐CuO
                    x
                    /CN) and triple‐atomic Pt on CuO
                    x
                    clusters (Pt
                    3
                    ‐CuO
                    x
                    /CN), and employ methanol oxidation reaction (MOR) as a probe to unravel the role of atomic assembly in governing catalytic mechanisms. Pt
                    1
                    ‐CuO
                    x
                    /CN enables a CO‐free pathway, achieving an ultrahigh formate selectivity of 80%–99% over a wide potential window (0.6–1.0 V vs. RHE). In contrast, Pt
                    3
                    ‐CuO
                    x
                    /CN follows a hybrid pathway involving both formate and CO routes, delivering significantly higher mass activity than that of Pt
                    1
                    ‐CuO
                    x
                    /CN and the commercial Pt/C, alongside high resistance to CO poisoning. Isolated Pt sites in Pt
                    1
                    ‐CuO
                    x
                    /CN impose a prohibitively uphill free‐energy change for the key *COH intermediate (2.15 eV), effectively suppressing CO generation. Conversely, triangular Pt sites in Pt
                    3
                    ‐CuO
                    x
                    /CN form a robust electronic localization center via deep 5d orbital hybridization, facilitating d→π* electron back‐donation and stabilizing *COH adsorption in a triple hollow‐site configuration, lowering the limiting free‐energy requirement for the CO pathway. This work reveals the role of atomic‐scale assembly on oxide clusters in dictating catalytic mechanism and performance, opening new avenues for precise design of advanced electrocatalysts.",crossref
Bio‐Inspired Phase‐Transition Logic Gates for Autonomous Thermal Management,https://advanced.onlinelibrary.wiley.com/doi/10.1002/adma.74685?af=R,,Wiley: Advanced Materials: Table of Contents,2026-08-17 12:02:42+00:00,10.1002/adma.74685,Jinping Qu,,"ABSTRACT
                  Conventional thermal management strategies rely predominantly on passive heat dissipation or open‐loop external control, struggling to address the transient and heterogeneous thermal loads of modern micro/nanodevices. Inspired by the sense‐perceive‐act closed‐loop feedback of biological perspiration, we propose an autonomous thermal management strategy that encodes a first‐order solid–liquid phase transition as a molecular logic gate. Within this phase‐change‐gated polymer network (Perspire X), the melting of polyethylene glycol (PEG) acts as a physical threshold. Surpassing this critical temperature triggers a macroscopic network arrangement, directly translating thermal sensing into an accelerated on‐demand water release. We define a logic‐gating figure of merit (LG‐FOM) of 2.62 to quantify this behavior, demonstrating the discretized and switchable regulation of coupled mass and heat transport channels. Consequently, the material exhibits non‐linear cooling amplification, achieving a 20.8‐fold extension in effective cooling duration and a 13.5°C temperature drop compared with traditional phase‐transition cooling materials. Furthermore, it demonstrates robust mechanical integrity alongside an exceptional thermal buffering capacity that effectively buffers the simulated pulsed thermal fluctuations under the tested conditions. Transcending traditional passive heat sinks, this phase‐transition‐gated transport mechanism outlines a scalable, materials‐level thermodynamic programming strategy for next‐generation electronics and intelligent energy systems.",crossref
Electron Lever‐Assisted d‐Band Center Engineering in Intermetallic Alloy Nanozymes for Efficient Marine Microbiologically Influenced Corrosion Inhibition,https://advanced.onlinelibrary.wiley.com/doi/10.1002/adma.74692?af=R,,Wiley: Advanced Materials: Table of Contents,2026-08-17 12:04:35+00:00,10.1002/adma.74692,Dake Xu,,"ABSTRACT
                  
                    Microbiologically influenced corrosion (MIC) remains a persistent global challenge, with traditional inhibition strategies often constrained by limited efficiency, poor durability, and ecological toxicity. Herein, we propose a rational design that utilizes a heteroatom as an electronic lever to circumvent these constraints. By integrating heteroatom Ag into an FePt matrix, the d‐band center of the Pt active sites is upshifted, optimizing the adsorption energy of substrates and ensuring superior catalytic performance even in H
                    2
                    O
                    2
                    ‐limited marine environments. The resulting FePtAg (
                    L
                    ‐FPA) nanozymes exhibited enhanced triple‐enzyme activities (haloperoxidase, nicotinamide adenine dinucleotide oxidase, and peroxidase), triggering a localized burst of reactive chlorine and oxygen species. This synergistic action effectively disintegrated the extracellular polymeric substance barrier and induced metabolic disruption, achieving an exceptional 99.9% biofilm inhibition rate and 99.3% MIC inhibition efficiency against
                    Pseudomonas aeruginosa
                    . Furthermore, the intermetallic structure promoted by heteroatom Ag provided outstanding durability of nanozymes, with their antibiofilm efficiency decreasing by only 3% for over 120 days. This work not only elucidates the intrinsic correlation between electronic modulation and inhibition efficiency in MIC inhibitors but also offers a rational framework for designing nanozymes tailored to challenging and hostile environments.",crossref
"Entropy Modulation Boosted Ultra–Broadband Electromagnetic Wave Absorption of Si(Zr,Hf,Ta,Ti,Nb)BCN Ceramics",https://advanced.onlinelibrary.wiley.com/doi/10.1002/adma.74683?af=R,,Wiley: Advanced Materials: Table of Contents,2026-08-17 12:05:27+00:00,10.1002/adma.74683,Xiang Xiong,,"ABSTRACT
                  
                    SiMBCN ceramics containing one or multiple metallic elements are synthesized via chemical modification of polyborosilazane using one to five metal alkylamino compounds with an equimolar ratio (i.e., M = Zr, Hf, Ta, Ti, and/or Nb). The effects of the number and types of metallic elements on the local lattice distortion, microstructure, dielectric properties, and electromagnetic wave absorption (EMA) performance are systematically investigated via experiments and ab initio calculations. These results show that increasing the number of metallic elements remarkably increases the local lattice distortion and suppresses the crystallization of the ceramics, which strongly affects the dielectric properties, showing a significant entropy effect. Particularly, the SiZrHfTaTiNbBCN ceramics remain in nearly amorphous state even after annealing at 1600°C for 5 h. Under the synergistic effect of annealing temperature and entropy engineering, the SiZrHfNbBCN ceramic develops a unique microstructure consisting of a ZrHfNbCN/Si
                    3
                    N
                    4
                    /C
                    free
                    core with abundant interfaces and a low‐dielectric β‐Si
                    3
                    N
                    4
                    ‐based shell. This microstructure balances the impedance matching and dielectric loss, resulting in an ultra‐broad effective absorption bandwidth at 1.90 mm (7.65 GHz), which is superior to all previously reported polymer‐derived ceramics (PDCs) at thickness &lt; 2 mm and therefore presents a significant advance in ceramic‐based EMA materials for high‐temperature applications.",crossref
A Wearable Electrochemical Patch for Sustained Local Oxygen Therapy of Chronic Wounds,https://advanced.onlinelibrary.wiley.com/doi/10.1002/adma.74636?af=R,,Wiley: Advanced Materials: Table of Contents,2026-08-17 12:32:08+00:00,10.1002/adma.74636,Yuen Wu,,"ABSTRACT
                  
                    Wearable bioelectronics are dominated by low‐power sensing, whereas effective therapy requires sustained molecular fluxes that conventional soft devices rarely support. A central challenge is simultaneously maintaining solid–solid charge transport, hydration‐dependent ionic conduction, and biofluid resistance within a lightweight, fixture‐free architecture. Here, we report a vapor‐fed electrochemical materials architecture for skin‐conformal oxygen delivery. The system integrates a mechanically interlocking 3D current collector/catalyst interface to stabilize electronic transport, femtosecond‐laser‐defined microchannels to reconstruct vapor‐phase mass transport within an all‐solid‐state membrane electrode assembly, and a phase‐selective porous barrier blocking exudate intrusion while preserving gas diffusion. This hierarchical design enables an ultralight (&lt;4 g) patch to operate at high current densities (&gt;100 mA cm
                    −2
                    ), sustaining continuous operation for 735 h to deliver 16.8 L of high‐purity (&gt;99%) O
                    2
                    . The architecture remains stable for &gt;500 h in simulated exudates and supports efficient transdermal oxygen transport across porcine skin. In a rat pressure–ulcer model, short‐course treatment accelerates early wound closure 1.7‐fold at day 3, enhancing M2 macrophage polarization and vascular normalization. These results establish a materials framework for translating wearable bioelectronics from passive information interfaces to active molecular‐delivery systems.",crossref
Nuclear Pore Mechanotransduction in Oncology: A Structural Axis of Vulnerability for Targeted Intervention,https://advanced.onlinelibrary.wiley.com/doi/10.1002/adma.74655?af=R,,Wiley: Advanced Materials: Table of Contents,2026-08-17 15:03:23+00:00,10.1002/adma.74655,Victor Shahin,,"ABSTRACT
                  Nuclear pore complexes (NPCs) are massive protein assemblies that gate the nuclear envelope to regulate nucleocytoplasmic transport. Beyond their canonical role as conduits, NPCs act as mechanosensitive regulators that translate cytoskeletal, extracellular, and lamina‐derived forces into transport decisions coupled to cellular state. In malignancy, NPCs undergo extensive remodeling—marked by protein overexpression, hyperpermeability, and compromised scaffold integrity. While these alterations drive invasion and transcriptional plasticity, they simultaneously expose a lethal mechanical vulnerability; transformed cells become critically dependent on this altered NPC state. We propose the “nuclear mechanostat” as a testable conceptual framework in which NPC barrier stringency and nuclear mechanics are reciprocally coupled. Through the lenses of dilation, elastic deformation, and structural memory, we synthesize existing evidence and develop the hypothesis that pharmacological disruption of the permeability barrier or scaffold architecture erodes nuclear resilience. Because cancer cells operate near a mechanical failure threshold, targeting these conserved mechanotransducers reveals a pan‐cancer axis of vulnerability, opening new frontiers for precision oncology.",crossref
Frontispiece: Probing Into Asymmetric Dearomatizing Photocycloadditions of 2‐Naphthalene Derivatives With Alkenes: [2 + 2] and [4 + 2] Pathways,https://onlinelibrary.wiley.com/doi/10.1002/anie.2026-m2607093700?af=R,,Wiley: Angewandte Chemie International Edition: Table of Contents,2026-08-17 16:53:25+00:00,10.1002/anie.2026-m2607093700,Xiaoming Feng,,"Asymmetric dearomatizing [2 + 2] and [4 + 2] photocycloadditions of 2-naphthalene derivatives with terminal and internal olefins were accomplished by a synergistic chiral terbium(III)/N,N'-dioxide Lewis acid catalysis/photocatalysis. The selectivity between the two pathways is governed by reaction temperature, alkene stoichiometry, and reaction time. The reaction mechanism was elucidated by experimental studies and theoretical calculation. More in Research Article (e7800916), Xiaohua Liu, Shunxi Dong, Xiaoming Feng, and co-workers.",openalex
Frontispiece: Multicomponent Stapling of Glucagon‐Like Peptide‐1 Enables Receptor‐Guided PROTAC Delivery,https://onlinelibrary.wiley.com/doi/10.1002/anie.2026-m2607093600?af=R,,Wiley: Angewandte Chemie International Edition: Table of Contents,2026-08-17 16:53:25+00:00,10.1002/anie.2026-m2607093600,David R. Spring,,,
"The pulse of energy poverty in Greece: The role of financial stress, uncertainty, and institutional resilience",https://www.sciencedirect.com/science/article/pii/S0301421526004817?dgcid=rss_sd_all,,ScienceDirect Publication: Energy Policy,2026-08-18 00:00:00+00:00,,Kafait Ullah,,,
Regiospecific α-arylation of diverse carbonyl compounds using an organobismuth transporter,https://www.nature.com/articles/s41557-026-02231-5,,Nature Chemistry,2026-08-18 00:00:00+00:00,10.1038/s41557-026-02231-5,Viresh H. Rawal,,"The α-arylation of carbonyl compounds is a cornerstone transformation in the synthesis of pharmaceuticals and natural products. Despite decades of efforts using transition metal, main-group and photoredox strategies, a general and practical α-arylation method with broad substrate scope has remained elusive. Here we show that 9-bismatriptycene (BisTrip), a rigid, shackled form of triphenylbismuth, functions as a universal aryl group transporter, enabling controlled and regiospecific α-arylation of diverse ketones, allowing the formation of sterically demanding quaternary centres and incorporation of iodoaryl units. BisTrip is readily loaded with aryl groups by a one-pot procedure using arylboronic acids to give Aryl-BisTrip and, after transferring the aryl to the enolate, is recovered quantitatively. Arylation of lithium enolates proceeds within seconds even at −78 °C and shows high fidelity in a memory-of-chirality experiment. Computations support a low barrier for C−C bond formation and account for the observed axial selectivity, establishing BisTrip as a practical platform for α-arylation.",nature_html
Nitrene generation and transfer for unnatural biosynthesis in living cells,https://www.nature.com/articles/s41557-026-02224-4,,Nature Chemistry,2026-08-18 00:00:00+00:00,10.1038/s41557-026-02224-4,Jay D. Keasling,,"Synthetic biology has enabled the production of natural and unnatural products from inexpensive sustainable feedstocks. Yet, the scope of available products has been limited largely to compounds accessible from nature’s chemical reactions. Evolved enzymes can catalyse reactions of unnatural substrates or reactions not found in nature but often require the addition of synthetic reagents to purified enzymes or to resting cells containing those enzymes. Here we show that chemical reactions of metabolic intermediates produced intracellularly in living cells can include intermolecular nitrene transfers. The biosynthesis of N-acetoxyanilines, in combination with the generation and transfer of N-aryl nitrene intermediates from them catalysed by a cytochrome P450, generates amino alcohols, diamines, diarylamines and aminoalkyl arenes from simple carbon feedstocks. These products—common substructures of pharmaceuticals and agrochemicals—are challenging to synthesize by standard organic chemistry and were produced from inexpensive, renewable feedstocks. Evolution of the enzymes in this pathway showed that titres can be increased by engineering and that the products can be synthesized with high enantioselectivity.",nature_html
Modulating endergonic triplet photosensitization for cycloadditions between bicyclo[1.1.0]butanes and alkenes,https://www.nature.com/articles/s41557-026-02233-3,,Nature Chemistry,2026-08-18 00:00:00+00:00,10.1038/s41557-026-02233-3,Jian He,,"While energy transfer photocatalysis has recently been used in the synthesis of multisubstituted polycyclic alkanes as benzene bioisosteres, the use of highly reactive noble-metal and organo-photocatalysts often leads to rapid generation of diradical intermediates, triggering polymerization side reactions and limiting functional-group tolerance. Here we show that heteroleptic copper(I)–BINAP complexes containing bidentate (pyrazolyl)pyridine ligands act as effective triplet photosensitizers for cycloadditions between bicyclo[1.1.0]butanes and alkenes. These copper catalysts, with their extended excited-state lifetimes, enable endergonic photosensitization for substrate activation, thereby moderating radical generation, suppressing alkene polymerization and broadening the substrate scope to include electron-deficient alkenes, enynes, dienes and even aliphatic alkenes. Bicyclo[2.1.1]hexanes with an aryl substituent at either the 3- or 2-position can be synthesized by activating either styrenes or bicyclo[1.1.0]butanes. These findings suggest that copper photocatalysis holds promise for enhancing the synthetic versatility of visible-light-driven energy transfer processes.",nature_html
Signal-induced recruitment and dispatchment in reconfigurable phase-separated protocell networks,https://www.nature.com/articles/s41557-026-02225-3,,Nature Chemistry,2026-08-18 00:00:00+00:00,10.1038/s41557-026-02225-3,Stephen Mann,,"The construction of protocell networks with self-regulated spatial dynamics and functions is an important challenge in the emerging field of colloidal systems chemistry. Existing strategies predominantly produce protocell networks with fixed or randomly distributed spatial organization, relying on direct surface interactions or externally imposed conditions, while largely overlooking dynamic interactions with the surrounding environment, thereby limiting the emergence of reconfigurable network behaviours. Here we demonstrate chemical strategies for implementing the spontaneous segregation and selective translocation of binary/ternary populations of enzyme-containing proteinosomes in dextran droplet/polyethylene glycol aqueous phase-separated media. The segregated proteinosomes exhibit tunable membrane wettability, engage in cross-community chemical signalling and undergo signal-induced reversals in phase compatibility to produce reconfigurable networks capable of protocell-mediated recruitment and dispatchment. We exploit the protocell phase dynamics to spatiotemporally modulate DNase I activity in a subpopulation of translocating proteinosomes. Our methodology provides a platform for developing protocell communities with self-regulated spatiotemporal order and offers opportunities in cytomimetic modelling and colloidal systems chemistry.",nature_html
Tradition of wrapping grains in funerary rituals 2200 years ago,https://academic.oup.com/nsr/advance-article/doi/10.1093/nsr/nwag504/8763717?rss=1,,National Science Review Advance Access,2026-08-18 00:00:00+00:00,10.1093/nsr/nwag504,Zhiguo Zhang,,"Fan Yang, Yong Ge, Ling Fang, Haiyan Wang, Shuzhi Wang, Jiajun Wang, Zhiguo Zhang; Tradition of wrapping grains in funerary rituals 2200 years ago, Nationa",openalex
Unlocking high-sulfur-content cathodes by an all-in-one high-entropy sulfide catalyst for all-solid-state Li-S batteries,https://academic.oup.com/nsr/advance-article/doi/10.1093/nsr/nwag501/8763720?rss=1,,National Science Review Advance Access,2026-08-18 00:00:00+00:00,10.1093/nsr/nwag501,Yong Yang,,"Transition-metal sulfide (TMS) catalysis is a promising strategy for accelerating sulfur redox kinetics, yet its catalytic mechanisms in all-solid-state lithium-sulfur batteries (ASSLSBs) remain poorly understood. Here, two distinct catalytic failure modes are identified in conversion-type and intercalation-type TMS catalysts, namely phase-separation-driven catalyst self-poisoning and transition-metal-migration-induced electrolyte degradation, respectively. Guided by these insights, we develop an all-in-one high-entropy sulfide (HES) catalyst that undergoes a solid-solution reaction to form a stable LixHES phase. This LixHES functions as both a dual ion-electron conductor, expanding the electrochemically active reaction zone, and an interfacial redox mediator, driving spontaneous Li2S oxidation, thereby promoting extensive and rapid S↔Li2S conversion. With only 3 wt% HES, the S@HES cathode (40 wt% S) achieves 93.4% sulfur utilization and 93.0% conversion efficiency. Even at 50 wt% sulfur, the cell retains a capacity of 900 mAh g−1 at 5 mA cm−2 (2C) over 250 cycles. Furthermore, a high areal capacity of 9.68 mAh cm−2 is delivered under demanding conditions (8.5 mg cm−2, 30 °C), highlighting the great promise of the HES catalytic strategy for energy-dense ASSLSBs.",rss_oup
Product ammonia accumulation limits electrocatalytic nitric oxide reduction,https://academic.oup.com/nsr/advance-article/doi/10.1093/nsr/nwag507/8763721?rss=1,,National Science Review Advance Access,2026-08-18 00:00:00+00:00,10.1093/nsr/nwag507,Jingshan Luo,,"The electrocatalytic nitric oxide reduction reaction (eNORR) has emerged as a promising route for sustainable ammonia synthesis under ambient conditions. However, its practical efficiency and long-term stability are often constrained by the dynamic reaction microenvironment at the electrode-electrolyte interface. A critical yet frequently overlooked factor in real operating systems is the local accumulation of the ammonia and its adverse interfacial effects. Here, we use in situ Raman spectroscopy and attenuated total reflection Fourier transform infrared spectroscopy (ATR-FTIR) to directly probe the dynamic evolution of the interfacial structure during eNORR. We demonstrate that accumulated ammonia elevates the local pH, occupies active catalytic sites, impedes reactant adsorption, and rigidifies the interfacial hydrogen-bonding network. These coupled effects collectively lead to a pronounced decline in catalytic activity and operational stability. To address this challenge, we further propose a proton-management strategy based on buffered electrolytes to promote ammonia desorption from the cathode surface, thereby effectively mitigating performance degradation. This work provides fundamental insights into interfacial processes governing nitrogen oxide electroreduction and offers a practical design principle for developing high-performance electrocatalytic systems with enhanced stability and product concentration.",rss_oup
Engineered limestone: closing the carbon loop through geo- and bio-inspired mineralization,https://academic.oup.com/nsr/advance-article/doi/10.1093/nsr/nwag485/8763723?rss=1,,National Science Review Advance Access,2026-08-18 00:00:00+00:00,10.1093/nsr/nwag485,Fazhou Wang,,"This Perspective introduces engineered limestone, a geo- and bio-inspired strategy that uses industrial carbon dioxide to harden reactive minerals and wastes into durable construction products, helping close the carbon loop.",crossref
Gradient thermodynamic potential driven reaction homogenization in thick electrodes of lithium-ion batteries,https://www.sciencedirect.com/science/article/pii/S0306261926012511?dgcid=rss_sd_all,,ScienceDirect Publication: Applied Energy,2026-08-18 00:00:00+00:00,,Huamin Zhou,,,
Black carbon emissions and climate impacts of cost-saving Arctic transit shipping through 2050,https://www.nature.com/articles/s41893-026-01877-w,,Nature Sustainability,2026-08-18 00:00:00+00:00,10.1038/s41893-026-01877-w,Huan Liu,,"As climate change accelerates, emerging Arctic routes offer economic gains by shortening voyages but pose climate risks through black carbon deposition on snow and ice. Here we assess Arctic transit shipping at the global scale. Among 295 port pairs with reduced distance, only 249 achieve positive net economic benefits when accounting for fuel, transit, insurance, capital costs and turnover profits. By 2050, Arctic transit shipping could generate up to US$2.3 billion annually. Black carbon emissions are expected to reach 2,200 tons, with a regional maximum temperature response of 2.0–2.9 mK per US$1 billion of economic benefit. Rising fuel prices are expected to increase the economic attractiveness of Arctic transit shipping. Faster energy transitions could enable earlier decoupling of economic benefits from climate impacts, whereas slower transitions may require adjustments such as transit fees and insurance premiums to limit climate risks.",nature_html
Multiscale design principles for ultrafast ion-electron synergy in electrochemical filter capacitors,https://www.cell.com/joule/fulltext/S2542-4351(26)00306-5?rss=yes,,Joule,2026-08-18 00:00:00+00:00,10.1016/j.joule.2026.102622,Liangti Qu,,"Electrochemical filter capacitors (EFCs) offer compact energy-buffering components for dynamic power conditioning, but their performance is limited by coupled ion- and electron transport losses. This review establishes a multiscale impedance-decoupling framework and standardized 120 Hz benchmarking to connect materials, electrodes, devices, and modules with practical filtering metrics, guiding EFC development from chip-level integration to renewable-energy interfaces.",rss_cell
Battery-assisted machine tool for peak power control,https://www.sciencedirect.com/science/article/pii/S0306261926013449?dgcid=rss_sd_all,,ScienceDirect Publication: Applied Energy,2026-08-18 00:00:00+00:00,,Byung-Kwon Min,,,
Carbon accounting and weather-adaptive electrification dispatch for demand-responsive transit under carbon neutrality,https://www.sciencedirect.com/science/article/pii/S0306261926013504?dgcid=rss_sd_all,,ScienceDirect Publication: Applied Energy,2026-08-18 00:00:00+00:00,,Salvatore Antonio Biancardo,,,
Privacy-preserving federated reinforcement learning for BESS coordination in distribution networks with voltage regulation,https://www.sciencedirect.com/science/article/pii/S0306261926013371?dgcid=rss_sd_all,,ScienceDirect Publication: Applied Energy,2026-08-18 00:00:00+00:00,,Scott Dick,,,
Encounter of silicon and carbon: thorns and rebirth of silicon-carbon anodes in lithium-ion batteries,https://www.sciencedirect.com/science/article/pii/S0306261926013462?dgcid=rss_sd_all,,ScienceDirect Publication: Applied Energy,2026-08-18 00:00:00+00:00,,Lan Xu,,,
Best practices for measuring the performance and stability of indoor photovoltaic devices,https://www.nature.com/articles/s41560-026-02101-x,,Nature Energy,2026-08-18 00:00:00+00:00,10.1038/s41560-026-02101-x,Thomas M. Brown,,"Indoor photovoltaics harvests energy from light available inside homes and buildings for powering the Internet of Things, wireless sensors and consumer and medical electronics. A major challenge in this field is a lack of standardized testing conditions. Here a team from more than 60 research institutions and companies proposes best practices for evaluating indoor photovoltaic performance and establishing baseline stability tests. We base these recommendations on recent experimental data, published literature, practices used in academic and industrial settings, technical specifications from standards organizations, lighting databases and existing regulations. We outline procedures that begin with the recommendation of a single artificial light source, followed by guidance on setting up measurement systems and a step-by-step guide for conducting measurements and tests. These procedures are consolidated into three checklists. Our aim is to promote accurate measurement of laboratory and commercial solar cells and modules under indoor lighting, facilitating comparability across academia and industry worldwide.",nature_html
Atomically thin amorphous carbon with an ultralow dielectric constant,https://www.nature.com/articles/s41928-026-01685-2,,Nature Electronics,2026-08-18 00:00:00+00:00,10.1038/s41928-026-01685-2,Barbaros Ӧzyilmaz,,"Two-dimensional (2D) materials could replace conventional electronic components. Key advances have already been made in applying 2D materials to integrated circuits, but a robust, atomically thin ultralow-k dielectric remains crucial for further circuit scaling. Minimizing parasitic capacitances, in particular, will be needed as conductor spacing shrinks below 10 nm. However, conventional amorphous or porous low-k dielectrics become unstable at nanometre thicknesses. Here we show that atomically thin amorphous carbon films can function as mechanically robust ultralow-k dielectrics with a dielectric constant of 1.35 and a dielectric strength of 28–31 MV cm−1. The films are also an effective barrier to metal-ion diffusion, with a time to failure of 1010 s at 0.8-nm thickness. Our approach relies on a low-temperature, direct and conformal growth process, which makes it promising for practical implementation in complementary metal–oxide–semiconductor technology.",nature_html
Beyond the engine room,https://www.nature.com/articles/s41893-026-01919-3,,Nature Sustainability,2026-08-18 00:00:00+00:00,10.1038/s41893-026-01919-3,,,,
Dual-functional materials and pilot demonstration of integrated CO2 capture and conversion,https://www.cell.com/joule/fulltext/S2542-4351(26)00312-0?rss=yes,,Joule,2026-08-18 00:00:00+00:00,10.1016/j.joule.2026.102628,Nannan Sun,,"This work reports an oxygen-resistant Ni-based dual-functional material for integrated CO2 capture and conversion to CH4 (ICCCCH4) and demonstrates stable pilot-scale operation (25 Nm3/h), achieving near-complete CO2 capture and conversion efficiency. Verification of the process on such a scale, together with techno-economic analysis based on practical operation data, fully showcases the promising potential of ICCCCH4 in practical applications.",rss_cell
Phased fuel transitions for decarbonizing the Asia–Europe Green Shipping Corridor,https://www.nature.com/articles/s41893-026-01878-9,,Nature Sustainability,2026-08-18 00:00:00+00:00,10.1038/s41893-026-01878-9,Kuishuang Feng,,"International shipping stands at a pivotal juncture in its decarbonization efforts, yet a comprehensive assessment of viable fuel transition pathways remains scarce. Here we develop a dynamic life cycle assessment framework integrated with system dynamics to evaluate 13 alternative marine fuels (for example, ammonia, methanol, hydrogen and soybean-based biodiesel) for the Asia–Europe Green Shipping Corridor through 2050. The framework incorporates climate impacts, environmental sustainability, energy efficiency and economic feasibility. Under three scenarios (Business as Usual, Most Economical and Maximum Carbon Reduction), this study accounts for key dynamic parameters, including technology learning curves. Results indicate a phased transition: soybean-based biodiesel offers a near-term solution, while electrofuels dominate after 2040. The International Maritime Organization’s Net-Zero Framework progressively narrows regional cost–emission gaps, whereas the European Union’s FuelEU Maritime regulation introduces a cost premium of up to 7.6%. These results indicate that policy design and regulatory stringency substantially shape fuel transition trajectories for maritime decarbonization.",nature_html
Distributed adversarial learning for parallel computational strategies in intelligent power system control optimization,https://www.sciencedirect.com/science/article/pii/S0306261926013267?dgcid=rss_sd_all,,ScienceDirect Publication: Applied Energy,2026-08-18 00:00:00+00:00,,Huinan Yang,,,
Assessment of development potential and comprehensive benefits of urban rooftop photovoltaics in China based on high-resolution data and physical model,https://www.sciencedirect.com/science/article/pii/S0306261926013565?dgcid=rss_sd_all,,ScienceDirect Publication: Applied Energy,2026-08-18 00:00:00+00:00,,Wenwen Wang,,,
Progress in optimizing cleaning frequency for photovoltaic modules: a review of the coupled effects of dust formation mechanisms and cleaning strategies,https://www.sciencedirect.com/science/article/pii/S0306261926013322?dgcid=rss_sd_all,,ScienceDirect Publication: Applied Energy,2026-08-18 00:00:00+00:00,,Jiazhou Huang,,,
Scientific expedition makes the best of bad weather,https://www.nature.com/articles/d41586-026-02381-z,,Nature,2026-08-18 00:00:00+00:00,10.1038/d41586-026-02381-z,,,,
Methanol-assisted electrochemical system for scalable and integrated flue-gas CO2 capture and utilization,https://www.cell.com/joule/fulltext/S2542-4351(26)00315-6?rss=yes,,Joule,2026-08-18 00:00:00+00:00,10.1016/j.joule.2026.102631,Bingjun Xu,,"Mitigating emissions from point sources requires carbon-capture technologies that are efficient, scalable, and compatible with renewable electricity. This study reports a methanol-assisted electrochemical CO2 capture system based on a compact zero-gap electrolyzer, enabling flue-gas capture and direct integration with CO2 conversion. By coupling CO2 capture and utilization in one scalable platform, this work points toward lower-cost and modular flue-gas carbon management.",rss_cell
How the Middle East can become a hub for sustainable aviation fuels,https://www.nature.com/articles/d41586-026-02531-3,,Nature,2026-08-18 00:00:00+00:00,10.1038/d41586-026-02531-3,Samuel S. Mao,,,
Phased fuel transition for low-carbon shipping,https://www.nature.com/articles/s41893-026-01907-7,,Nature Sustainability,2026-08-18 00:00:00+00:00,10.1038/s41893-026-01907-7,Kuishang Feng,,"Along the Asia–Europe shipping corridor, biofuels offer the strongest near-term option, potentially cutting greenhouse gas emissions by 31–47%, while electrofuels become more competitive after 2040 under the International Maritime Organization Net-Zero Framework. Policymakers could therefore adopt a phased strategy that prioritizes biofuels now and prepares infrastructure for electrofuels after 2040, to avoid locking shipping into transitional fossil fuels. Prioritize sustainable biofuels for near-term cuts in greenhouse gas emissions. Expand renewable electricity supply to unlock the full climate benefits of electrofuels. Align regional carbon intensity targets with local electricity mixes. Anchor regulatory design in the IMO Net-Zero Framework for long-term investment stability. Prioritize sustainable biofuels for near-term cuts in greenhouse gas emissions. Expand renewable electricity supply to unlock the full climate benefits of electrofuels. Align regional carbon intensity targets with local electricity mixes. Anchor regulatory design in the IMO Net-Zero Framework for long-term investment stability.",semanticscholar
Europe must adapt to live with megafires,https://www.nature.com/articles/d41586-026-02578-2,,Nature,2026-08-18 00:00:00+00:00,10.1038/d41586-026-02578-2,Antoni Margalida,,,
Five ways 3D printing is improving lab work,https://www.nature.com/articles/d41586-026-02535-z,,Nature,2026-08-18 00:00:00+00:00,10.1038/d41586-026-02535-z,Neil Savage,,,
NIH proposes major revamp of how it scores research grant proposals,https://www.nature.com/articles/d41586-026-02584-4,,Nature,2026-08-18 00:00:00+00:00,10.1038/d41586-026-02584-4,Max Kozlov,,,
Will you be wearing an exoskeleton in ten years? The tech that could change how we move,https://www.nature.com/articles/d41586-026-02527-z,,Nature,2026-08-18 00:00:00+00:00,10.1038/d41586-026-02527-z,Chris Stokel-Walker,,,
How to get the most out of an informational interview,https://www.nature.com/articles/d41586-026-01932-8,,Nature,2026-08-18 00:00:00+00:00,10.1038/d41586-026-01932-8,Alaina Levine,,,
Asia’s longevity gains must be translated into better health,https://www.nature.com/articles/d41586-026-02576-4,,Nature,2026-08-18 00:00:00+00:00,10.1038/d41586-026-02576-4,Chiranjib Chakraborty,,,
A revolutionary stem-cell therapy must proceed responsibly to achieve its full potential,https://www.nature.com/articles/d41586-026-02524-2,,Nature,2026-08-18 00:00:00+00:00,10.1038/d41586-026-02524-2,,,,
"Treat biological databases as infrastructure, not projects",https://www.nature.com/articles/d41586-026-02575-5,,Nature,2026-08-18 00:00:00+00:00,10.1038/d41586-026-02575-5,Paul Nurse,,,
Mathematics holds the secret to ‘ladder-proof’ knitting,https://www.nature.com/articles/d41586-026-02466-9,,Nature,2026-08-18 00:00:00+00:00,10.1038/d41586-026-02466-9,Vishal P. Patil,,,
Heatwaves expose weak links in food systems,https://www.nature.com/articles/d41586-026-02577-3,,Nature,2026-08-18 00:00:00+00:00,10.1038/d41586-026-02577-3,Shuyu Yang,,,
Mapping hunting probability across the tropics in space and time,https://www.nature.com/articles/s41893-026-01924-6,,Nature Sustainability,2026-08-18 00:00:00+00:00,10.1038/s41893-026-01924-6,Ana Benítez-López,,"Hunting is a major driver of global species extinctions, yet the spatial footprint and temporal trends of this threat are lacking at the global scale, limiting our ability to achieve international policy targets. Here we present standardized global maps of hunting probability across the tropics, based on a machine-learning algorithm trained on 2,463 hunted and non-hunted tropical sites, spatially and temporally matched to ecological and socioeconomic predictors. We estimate that the spatial footprint of hunting extends across the entire pantropical zone, with distinct hotspots of high predicted hunting occurrence probability in the Indomalayan realm (for example, China, Sri Lanka, western India), the Brazilian Atlantic Forest and parts of West Africa. Refuges from hunting persist in remote areas of interior Borneo, Papua New Guinea, Central Africa and the western Amazon. Enhanced human accessibility has facilitated the geographic expansion of hunting from 2000 to 2015, most notably in regions historically considered undisturbed and remote such as the Amazon basin, and in areas already facing high pressure such as China and Indonesia. Spatiotemporal dynamics also varied among realms. Our standardized spatiotemporal assessment provides a blueprint to inform conservation, supporting targeted management actions and informed policy interventions to mitigate hunting impacts.",nature_html
Population aging and residents’ carbon emissions: Evidence from Chinese household surveys,https://www.sciencedirect.com/science/article/pii/S0301421526004775?dgcid=rss_sd_all,,ScienceDirect Publication: Energy Policy,2026-08-18 00:00:00+00:00,,Hongxun Liu,,,
Solution-mediated reversible anion storage enables high-power organic batteries,https://www.cell.com/joule/fulltext/S2542-4351(26)00317-X?rss=yes,,Joule,2026-08-18 00:00:00+00:00,10.1016/j.joule.2026.102633,Kisuk Kang,,"Real-time observations reveal that p-type organic electrodes operate through a solution-mediated redox pathway rather than conventional solid-state ion transport. The reaction proceeds through transient solvated intermediates, followed by recrystallization into the charged phase. This mechanism explains exceptional rate capability and cycle life in p-type organic batteries.",rss_cell
Intranasal vaccines by precision printing,https://www.nature.com/articles/s41563-026-02696-2,,Nature Materials,2026-08-18 00:00:00+00:00,10.1038/s41563-026-02696-2,Xing Wang,,,
Bridging ambient- and high-pressure superconductivity in La2LnNi2O7 films,https://www.nature.com/articles/s41563-026-02695-3,,Nature Materials,2026-08-18 00:00:00+00:00,10.1038/s41563-026-02695-3,Atsushi Tsukazaki,,"The discovery of high-critical-temperature (high-Tc) superconductivity near 80 K in bilayer nickelates under high pressure has sparked extensive studies. Whereas superconductivity exceeding 40 K was subsequently discovered at ambient pressure in compressively strained films, the relationship between ambient- and high-pressure regimes remains an open question. Here we present a systematic investigation of superconductivity in compressively strained La2LnNi2O7 films (where Ln is a lanthanide) at ambient and high pressures. The normal-state resistivity at ambient pressure, revealed by suppressing the superconductivity with magnetic fields of 59 T, tends towards T2 behaviour. Under high pressure in a cubic anvil cell, Tc was enhanced from 41–42 K at ambient pressure to 67–73 K at 16 GPa. On the other hand, lattice compression induced by Ln substitution, which may mimic the effects of pressure, lowers Tc. In both cases, Tc correlates with the evolution of normal-state transport between T2 and T-linear behaviour, offering insight into the interplay between lattice structure and superconductivity in bilayer nickelates.",nature_html
Integrating shipping growth and ballast water management to assess invasive species risks,https://www.nature.com/articles/s41893-026-01891-y,,Nature Sustainability,2026-08-18 00:00:00+00:00,10.1038/s41893-026-01891-y,Sarah A. Bailey,,"Maritime trade supports global economic development, but it also links distant marine ecosystems and can move organisms beyond their native ranges. A major pathway is ballast water, seawater carried by ships for stability and released during cargo operations. These discharges may contain viable organisms that can establish as non-indigenous species, with consequences for biodiversity, ecosystem services and coastal economies. International ballast water regulation has therefore required treatment systems that filter, disinfect or otherwise inactivate organisms before discharge. Yet the protection delivered by these systems may be challenged by future growth in shipping and by variation in treatment performance across vessel operations and environmental conditions. Here we assess whether ballast water management can keep pace with projected changes in maritime activity. We combine machine learning projections of shipping under Shared Socioeconomic Pathways with a global introduction-risk model that explicitly represents compliance and treatment efficacy. We show that, even with widespread ballast water treatment, projected shipping growth can substantially increase future introduction risk unless treatment systems achieve consistently high efficacy. Across Shared Socioeconomic Pathways, future risk ranges from 94% to 900% of the 2018 baseline, depending on shipping growth trajectories, ballast water management efficacy and compliance. These results indicate that technology adoption alone may be insufficient to counteract the ecological consequences of expanding maritime trade. More adaptive ballast water governance, improved compliance and sustained optimization of treatment performance will be needed to reduce future biological invasion risks in a rapidly intensifying global shipping system.",nature_html
Transforming waste at droplet interfaces,https://www.nature.com/articles/s44286-026-00437-5,,Nature Chemical Engineering,2026-08-18 00:00:00+00:00,10.1038/s44286-026-00437-5,Alessio Lavino,,,
Renewable energy that weathers the storm,https://www.nature.com/articles/s44286-026-00435-7,,Nature Chemical Engineering,2026-08-18 00:00:00+00:00,10.1038/s44286-026-00435-7,Thomas Dursch,,,
How the cell nucleus gets in shape,https://www.nature.com/articles/s44286-026-00430-y,,Nature Chemical Engineering,2026-08-18 00:00:00+00:00,10.1038/s44286-026-00430-y,Tanmay P. Lele,,,
Krypton-sputtered tantalum films for scalable high-performance quantum devices,https://www.nature.com/articles/s41563-026-02718-z,,Nature Materials,2026-08-18 00:00:00+00:00,10.1038/s41563-026-02718-z,Valla Fatemi,,"Superconducting qubits and microwave resonators based on tantalum thin films have recently demonstrated large increases in performance. This makes Ta an attractive material for superconducting quantum computing applications, but so far direct deposition has largely relied on high substrate temperatures exceeding 400 °C to achieve the cubic (bcc) phase of tantalum. Here we show that changing the sputter gas from argon to krypton promotes synthesis of bcc tantalum films on silicon at temperatures as low as 200 °C. This provides a wide process window compatible with back-end-of-line fabrication standards. The microwave performance of coplanar-waveguide resonators fabricated from krypton-sputtered films shows an excellent tight performance distribution. Higher-temperature-grown films exhibit higher losses, in correlation with the degree of tantalum–silicon intermixing. Finally, we demonstrate with these films transmon qubits with a compact, 20-μm capacitor gap, achieving quality factors up to 16.9 million.",nature_html
The immunophenotype and proviral landscape of HIV-infected CD4 T cells during antiretroviral therapy,https://www.pnas.org/doi/abs/10.1073/pnas.2600891123?mi=eymic2&af=R&access=on&content=articlesChapters&publication=pnas&sortBy=Earliest&target=default,,Proceedings of the National Academy of Sciences: Keyword search for query,2026-08-18 07:00:00+00:00,10.1073/pnas.2600891123,Iain C. Clark,,"In individuals on effective antiretroviral therapy (ART), integrated HIV proviruses persist within CD4 T cells, forming a viral reservoir that rebounds if treatment is stopped. Identifying and targeting these rare, infected cells is critical for advancing therapies, but methods to study reservoir cells are limited, and their unique properties remain largely unknown. We applied DAb-seq, a high-throughput method that combines single-cell DNA and surface protein sequencing, to profile ~527,000 CD4 T cells from the blood of six individuals on ART. Infected cells were distributed across all CD4 T cell subsets but were enriched in central memory subsets and in a CD4 subset with Th17-like signatures expressing high levels of integrin β7. Attempts to identify surface markers distinguishing infected from uninfected cells revealed epitopes that largely reflected the subsets most enriched for infection. However, while central memory T cells harbored the majority of HIV, proviruses with a greater number of genomic regions were enriched relative to their more defective counterparts in the CD4 Naïve, transitional memory (Ttm), and regulatory (Treg) subsets, suggesting that these subsets differentially maintain more complete proviral genomes. In summary, we developed DAb-seq as an open-source platform to link proviral sequences to cellular phenotypes, revealing heterogeneity in surface protein expression and proviral fate across infected subsets.",crossref
NatA complex is a leaf-intrinsic brake on systemic responses induced by root endophytic fungi,https://www.pnas.org/doi/abs/10.1073/pnas.2536998123?mi=eymic2&af=R&access=on&content=articlesChapters&publication=pnas&sortBy=Earliest&target=default,,Proceedings of the National Academy of Sciences: Keyword search for query,2026-08-18 07:00:00+00:00,10.1073/pnas.2536998123,Jia-Jia Han,,"Root-associated beneficial microbes prime host plants for induced systemic resistance (ISR) in leaves. Although continuous immune activation triggered by root endophytic fungi would impair leaf growth, how host plants avoid autoimmunity during endophytic fungi-mediated ISR priming is unknown. Here, we show that the
                    Arabidopsis
                    NatA N-terminal–acetyltransferase complex acts as a leaf-intrinsic brake on these root-to-leaf systemic responses. Impairment of the NatA subunit SUF1 (also named HYPK) or NAA15 unleashed chronic N-hydroxy-pipecolic-acid (NHP)/salicylic-acid (SA) signaling activation, converting beneficial ISR priming into growth-inhibitory leaf senescence. Transcriptome and quantitative proteomic analysis revealed the selective activation of defense and SA signaling pathways in the leaves of NatA mutants. Crossing
                    suf1
                    or
                    naa15
                    with
                    fmo1
                    and
                    eds5
                    abolished autoimmunity, confirming that the phenotype requires FMO1-dependent NHP and downstream SA synthesis and signaling activation. Thus, by destabilizing defense proteins, NatA enables plants to sustain lifelong ISR priming without growth penalty, guiding breeders to consider ISR control traits.",crossref
Myoglianin coordinates hormonal and nutrient signaling to control metamorphosis and tissue growth in the fall armyworm,https://www.pnas.org/doi/abs/10.1073/pnas.2612072123?mi=eymic2&af=R&access=on&content=articlesChapters&publication=pnas&sortBy=Earliest&target=default,,Proceedings of the National Academy of Sciences: Keyword search for query,2026-08-18 07:00:00+00:00,10.1073/pnas.2612072123,Subba Reddy Palli,,"The transition from larval to pupal stage in holometabolous insects is a critical developmental decision regulated by hormonal and nutritional cues. The studies reported here revealed a central role for the TGF-β ligand Myoglianin (Myo) in integrating these signals in a major lepidopteran pest, the fall armyworm,
                    Spodoptera frugiperda
                    . We found that CRISPR/Cas9-mediated
                    Myo
                    knockout (KO) resulted in supernumerary larval molts and an impairment of the larval–pupal transition. Myo-KO larvae exhibited a disrupted hormone milieu, characterized by elevated juvenile hormone (JH) levels and reduced ecdysone levels. The elevated JH titer was associated with reduced degradation by JH esterase, whereas the decrease in ecdysteroid levels was attributable to suppressed synthesis, driven by downregulation of the PTTH signaling axis in the head and of ecdysteroid biosynthesis genes in the prothoracic glands. Furthermore,
                    Myo
                    KO led to disproportionate growth, with oversized larvae harboring undersized tissues (e.g., wing disc and testes). This was associated with reduced expression of genes in the insulin/TOR signaling pathway and nutrient transporters, indicating impaired nutrient allocation. Our results establish Myo as a master regulator that synchronizes systemic endocrine signals with tissue-specific nutrient responses to coordinate metamorphosis and balance growth.",crossref
An upstream open reading frame represses translation of the neuronal potassium channel KCNQ2,https://www.pnas.org/doi/abs/10.1073/pnas.2610782123?mi=eymic2&af=R&access=on&content=articlesChapters&publication=pnas&sortBy=Earliest&target=default,,Proceedings of the National Academy of Sciences: Keyword search for query,2026-08-18 07:00:00+00:00,10.1073/pnas.2610782123,Alfred L. George,,"Upstream open reading frames (uORFs) within the 5’-untranslated region (5’-UTR) of messenger RNA transcripts can regulate protein translation. Despite widespread prevalence within the human genome, they remain unidentified for many clinically relevant genes. A gene frequently associated with neonatal-onset epilepsy is
                    KCNQ2
                    , which encodes a neuronal voltage-gated potassium channel subunit that functions to dampen neuronal excitability. Heterozygous loss-of-function pathogenic
                    KCNQ2
                    variants are known to cause a range of neurodevelopmental disorders and epileptic encephalopathies, but there remains an unmet clinical need for patients harboring these variants. We identified a single uORF in
                    KCNQ2
                    that is highly repressive of protein translation and demonstrated that mutations disabling the uORF start codon enhance synthesis of encoded potassium channels. Additionally, we show that adenine base editing of the uORF start codon can weaken ribosome engagement at the uORF and enhance translation of the protein in a neuron-like cell line. This study establishes a previously underexplored regulatory feature for
                    KCNQ2
                    and highlights the importance of understanding uORFs for clinically relevant genes, both for assessing disease risk and therapeutic potential.",crossref
The genetic architecture of tomato flavor variation through crop domestication and improvement,https://www.pnas.org/doi/abs/10.1073/pnas.2610136123?mi=eymic2&af=R&access=on&content=articlesChapters&publication=pnas&sortBy=Earliest&target=default,,Proceedings of the National Academy of Sciences: Keyword search for query,2026-08-18 07:00:00+00:00,10.1073/pnas.2610136123,Harry J. Klee,,"Extensive selection for yield and disease resistance during tomato crop improvement has led to flavor loss in modern commercial tomatoes in comparison with heirloom varieties. To investigate the chemical and genetic architecture of tomato flavor through both domestication and improvement, we analyzed flavor-related chemicals across 558 globally collected accessions comprising wild relatives, semidomesticated and domesticated populations, including uncharacterized Latin American accessions. Key flavor volatiles exhibit major differences across accessions. A genome-wide association study was used to detect associations between genetic loci and flavor-related chemical contents, including sugars, acids, and volatiles. Multiple genetic loci linked to known genes encoding flavor metabolism enzymes, as well as many new loci, were identified. Among the newly identified loci, a gene encoding a previously uncharacterized lipase (
                    Sl-LIP100
                    ) was experimentally proven to have an important role in synthesis of lipid-derived flavor volatiles. This enzyme is responsible for synthesis of several important five- and six-carbon flavor volatiles. In sum, this study provides chemical and genetic insights into the evolution of tomato flavor during domestication and subsequent improvement, identifying the complexity of genetic control of fruit flavor chemicals as well as a number of new alleles that can be used to improve the contents of flavor-linked chemicals.",crossref
TaIAA25 negatively regulates wheat alkaline tolerance by inhibiting plasma membrane H+-ATPase activity,https://www.pnas.org/doi/abs/10.1073/pnas.2607117123?mi=eymic2&af=R&access=on&content=articlesChapters&publication=pnas&sortBy=Earliest&target=default,,Proceedings of the National Academy of Sciences: Keyword search for query,2026-08-18 07:00:00+00:00,10.1073/pnas.2607117123,Shuwei Liu,,"Soil salinization/alkalization represents a universal challenge that severely constrains crop productivity. Elucidating the molecular mechanisms underpinning saline/alkaline tolerance of wheat (
                    Triticum aestivum
                    ) holds profound significance for global food security and sustainable agriculture. In this study, we functionally characterized a wheat alkaline sensitive locus designated
                    Wheat Alkaline Sensitive 1
                    (
                    WAS1
                    ), through whole exome-capture sequencing-based bulked segregant analysis and fine mapping of
                    was1
                    mutant populations. This locus encodes TaIAA25, a canonical member of the Auxin/Indole-3-Acetic Acid (Aux/IAA) protein family. A C to T transition in
                    TaIAA25
                    leads to a Pro-to-Ser substitution within its Aux/IAA degron motif. This amino acid substitution enhances the stability of TaIAA25 protein, thereby rendering wheat hypersensitive to alkaline stress. The overexpression of
                    TaIAA25
                    significantly increased sensitivity of wheat to alkaline treatment, whereas
                    iaa25
                    knockout mutants displayed enhanced tolerance to alkaline stress. Consistent with established auxin signaling transduction, TaIAA25 interacts with auxin response factor 16 (TaARF16) to repress the TaARF16-mediated transcriptional activation of small auxin-up RNA gene
                    TaSAUR215
                    . This cascade potentiates the inhibitory effect of D-clade type 2C protein phosphatase (TaPP2C.D) on plasma membrane (PM) H
                    +
                    -ATPase activity. Notably, TaIAA25 also directly interacts with the phosphorylation (P) domain in central loop of PM H
                    +
                    -ATPase 2 (TaHA2) and represses its binding with the actuator (A) domain, thereby blocking TaHA2-driven proton efflux. Collectively, our findings clarified the crucial role of the classical auxin signaling pathway in plant responses to alkaline stress. Furthermore, we revealed a mechanism wherein an Aux/IAA protein directly modulates PM H
                    +
                    -ATPase activity to orchestrate auxin-mediated alkaline stress response.",crossref
Proliferation as a natural strategy to suppress neoplasia,https://www.pnas.org/doi/abs/10.1073/pnas.2605763123?mi=eymic2&af=R&access=on&content=articlesChapters&publication=pnas&sortBy=Earliest&target=default,,Proceedings of the National Academy of Sciences: Keyword search for query,2026-08-18 07:00:00+00:00,10.1073/pnas.2605763123,John Doyle,,"Cell proliferation is necessary to maintain tissue homeostasis, but proliferation carries with it a risk of cancer. To understand how some organisms suppress cancer while maintaining homeostasis, we developed a dynamical model of cell populations. The model identifies two regimes. In one regime, as expected, proliferation drives accumulation of neoplastic cells. In another regime, unexpectedly, increasing proliferation suppresses accumulation of neoplastic cells. In this regime, as more cells proliferate, more cells also die as a consequence of homeostatic feedback. As long as neoplastic cells are targeted preferentially, the high flux effectively acts as a proofreader. High-flux proofreading works even when the system lacks a highly specific detector of neoplastic cells. As a first experimental test, we examined the jellyfish. Neoplasms are rarely observed in cnidarians, yet simply inhibiting proliferation promotes neoplasms. The quantitative framework developed here offers experimentally testable predictions to assess high-flux proofreading in other systems.",crossref
An ER retention motif controls the heteromeric stoichiometry of hERG1a/1b channels,https://www.pnas.org/doi/abs/10.1073/pnas.2605305123?mi=eymic2&af=R&access=on&content=articlesChapters&publication=pnas&sortBy=Earliest&target=default,,Proceedings of the National Academy of Sciences: Keyword search for query,2026-08-18 07:00:00+00:00,10.1073/pnas.2605305123,Gail A. Robertson,,"The
                    human ether-à-go-go related gene
                    (
                    hERG
                    ) encodes a potassium channel essential for cardiac repolarization and neuronal excitability. In the heart, heteromeric assemblies of hERG1a and hERG1b subunits produce cardiac I
                    Kr
                    , and mutations in either subunit are associated with long QT syndrome. Although hERG1a and 1b contain identical transmembrane and C-terminal cytosolic domains, they differ in N-terminal cytosolic domains, with hERG1b harboring an arginine-based endoplasmic reticulum (ER) retention/retrieval motif that limits its surface expression in the absence of hERG1a. While the association of hERG1a and 1b subunits is known to influence channel function, the stoichiometry of heteromeric hERG channels and mechanisms that regulate it have remained unresolved. Here, using single molecule photobleaching step analysis in HeLa cells, we show that heteromeric hERG1a/1b channels assemble predominantly with a fixed 2:2 stoichiometry. Mutation of the hERG1b ER retention motif disrupts this bias, resulting in a broader, near-random distribution of subunit compositions. Independent functional assays using dominant-negative pore mutants in Xenopus oocytes yielded quantitative current suppression consistent with a 2:2 assembly and similarly revealed loss of stoichiometric bias upon RXR mutation. Together, these results establish the oligomeric composition of hERG1a/1b channels and identify ER retention as a previously unrecognized determinant of heteromeric stoichiometry.",crossref
A nose-to-brain circuit underlies anxiety regulation by nasal afferent frequency in mice,https://www.pnas.org/doi/abs/10.1073/pnas.2603853123?mi=eymic2&af=R&access=on&content=articlesChapters&publication=pnas&sortBy=Earliest&target=default,,Proceedings of the National Academy of Sciences: Keyword search for query,2026-08-18 07:00:00+00:00,10.1073/pnas.2603853123,Ruiqi Wu,,"Slow nasal breathing alleviates negative moods, but the precise nose-to-limbic pathways and their causal contributions remain unclear. Here, we identify a pathway in mice from olfactory sensory neurons (OSNs) in the nasal cavity to mitral cells in the olfactory bulb (OB), then to parvalbumin-positive (PV
                    +
                    ) long-projecting interneurons in the perirhinal cortex (PRC), and subsequently to glutamatergic neurons in the posterior basolateral amygdala (pBLA), through which nasal afferent activity bidirectionally regulates anxiety in a frequency-dependent manner. Low-frequency nasal airflow or optogenetic OSN stimulation induced anxiolysis and increased PRC high-gamma power by activating PV
                    +
                    neurons, whereas high-frequency had opposite effects. Chemogenetic silencing of the OB
                    →
                    PRC
                    PV
                    pathway eliminated the frequency-dependent regulation of anxiety-like behaviors driven by OSN stimulation. Selective activation or inhibition of the identified circuit generated opposing behavioral effects (anxiolytic vs. anxiogenic, respectively), paralleling the results of low- and high-frequency OSN stimulations. Strikingly, a 2-wk low-frequency nasal airflow/optogenetic OSN stimulation regimen ameliorated anxiety-like behaviors and restored PRC high-gamma activity in an anxiety model. This study reveals a nose–brain axis bidirectionally modulating anxiety via nasal afferent frequency, providing potential interventional strategies and targets for anxiety disorders.",crossref
Structural rearrangements underlying the activation of STIM1 by ER calcium depletion,https://www.pnas.org/doi/abs/10.1073/pnas.2602410123?mi=eymic2&af=R&access=on&content=articlesChapters&publication=pnas&sortBy=Earliest&target=default,,Proceedings of the National Academy of Sciences: Keyword search for query,2026-08-18 07:00:00+00:00,10.1073/pnas.2602410123,Richard S. Lewis,,"In resting cells, STIM1, the dimeric endoplasmic reticulum (ER) Ca
                    2+
                    sensor that controls store-operated Ca
                    2+
                    entry (SOCE), is held in a Ca
                    2+
                    -bound inactive state by multiple intramolecular restraints, or brakes. Receptor-evoked release of Ca
                    2+
                    from the ER causes a large conformational change in STIM1 that releases the brakes and exposes the CRAC activation domain (CAD), enabling it to bind and open store-operated Orai1 channels in the plasma membrane. We performed single-molecule Förster resonance energy transfer (smFRET) measurements with purified STIM1 to better understand how Ca
                    2+
                    release from the luminal domain of STIM1 drives the conformational changes in the cytosolic domain that underlie CAD release. We find that Ca
                    2+
                    removal releases the CAD from CC1α1 (the “CC1 clamp”) without obligatory formation of the CC1 coiled-coil that has been associated with CAD release in cells. Surprisingly, the CAD rearranges dramatically during release, as the two hairpin protomers that create its characteristic V-shaped structure are spread apart. Locking the two protomers together by cysteine crosslinking prevents CAD release, suggesting that the CAD must rearrange to escape the CC1 clamp. Our data support a model in which ER depletion-induced dimerization of the luminal SAM domains drives the cytosolic domain into multiple intermediate states including a 3-helix bundle of CC1α1/2/3, releasing the CC1 clamp and allowing the CAD to escape through a “fold-out” mechanism. Subsequent formation of the CC1 coiled-coil enables the CAD to revert to its original shape and extends it toward the plasma membrane to activate Orai1.",crossref
FEMA phase-out? Catastrophic extremes challenge decentralization of US flood insurance,https://www.pnas.org/doi/abs/10.1073/pnas.2537388123?mi=eymic2&af=R&access=on&content=articlesChapters&publication=pnas&sortBy=Earliest&target=default,,Proceedings of the National Academy of Sciences: Keyword search for query,2026-08-18 07:00:00+00:00,10.1073/pnas.2537388123,Upmanu Lall,,"The U.S. National Flood Insurance Program (NFIP) faces growing solvency and affordability challenges amid proposals to decentralize the Federal Emergency Management Agency (FEMA) and shift disaster management to states. Catastrophic floods often span state boundaries, exposing multiple decentralized insurance pools simultaneously. Using a path-independent simulation framework that integrates risk-based premiums, hydrometeorologically clustered flood losses, and 2025 reinsurance contracts, we evaluate the stability of national and state-level pooling using historical data. National pooling markedly reduces systemic insolvency through cross-regional diversification, while many state pools exhibit structural fragility. State-level deficits are dominated by hyperclusters—coherent spatiotemporal losses induced by common atmospheric drivers—indicating that clustered loss governs failure. Since states must balance budgets and face borrowing restrictions to cover large losses, pool liquidity constrains decentralized systems. Existing reinsurance (including insurance-linked securities) does not always cover these clustered losses due to its misalignment with the clustered, spatiotemporal nature of hydroclimatic risk, covering only single flood events in traditional contracts and individual named storms in FloodSmart catastrophe bonds. A resilient and affordable NFIP will require hybrid financial design aligning risk-based premiums and reinsurance to balance chronic and catastrophic risk.",crossref
Expulsion of nuclear DNA to the cytoplasm after viral entry: A mechanism for activation of the cGAS pathway,https://www.pnas.org/doi/abs/10.1073/pnas.2614472123?mi=eymic2&af=R&access=on&content=articlesChapters&publication=pnas&sortBy=Earliest&target=default,,Proceedings of the National Academy of Sciences: Keyword search for query,2026-08-18 07:00:00+00:00,10.1073/pnas.2614472123,David M. Knipe,,"Cells respond to viral infection by induction of numerous innate and other host responses to block infection in that cell and surrounding cells. The mechanism(s) by which nuclear replicating DNA viruses and certain RNA viruses elicit responses through the cyclic guanosine monophosphate-adenosine monophosphate synthase (cGAS) cytoplasmic DNA sensor has been elusive. We report here that early events during herpes simplex virus 1 infection induce blebbing of nuclear DNA into the cytoplasm, recruitment of cGAS colocalization with the cytoplasmic DNA, activation of interferon regulatory factor 3, and induction of type 1 human interferon in normal human fibroblasts and keratinocytes. With HSV-1, this is dependent on viral binding and fusion with the surface membrane but independent of transport of the input viral DNA to the nucleus. Infections by herpes simplex virus 2, human cytomegalovirus, or human parainfluenza virus 3 also induce nuclear DNA blebbing, consistent with entry by surface fusion inducing this effect. Extrusion of nuclear DNA through nuclear envelope breaks upon viral entry by fusion represents a mechanism for cells to respond to the physical and/or molecular changes in the infected cell during infection.",crossref
Human Hsp70 paralogs display selective J-domain interactions tuning proteostasis under stress,https://www.pnas.org/doi/abs/10.1073/pnas.2534903123?mi=eymic2&af=R&access=on&content=articlesChapters&publication=pnas&sortBy=Earliest&target=default,,Proceedings of the National Academy of Sciences: Keyword search for query,2026-08-18 07:00:00+00:00,10.1073/pnas.2534903123,Rina Rosenzweig,,"Hsp70 chaperones are central regulators of proteostasis, mediating folding, refolding, degradation, and aggregation-prevention. Their activity is tuned by the diverse J-domain proteins (JDPs), which both recruit client proteins and stimulate Hsp70 ATP hydrolysis via interaction with a conserved J-domain. The cytosol contains four Hsp70 paralogs—the stress-inducible HSPA1A/B and HSPA6, and the constitutively expressed HSPA8. Whether these act redundantly or carry distinct cellular functions has remained unresolved. Here, we systematically map the interactions of cytosolic Hsp70s with broad-specificity JDPs to elucidate how paralog identity shapes cellular function. We found that despite the high conservation of the JDP–Hsp70 interaction sites, the affinities of these interactions and their functionality varied greatly. HSPA8 behaves as a generalist, engaging all JDP classes with comparable affinity, consistent with its housekeeping role. By contrast, HSPA1 preferentially binds canonical Class A and B JDPs, while showing only weak binding to Class B′. Therefore, under stress, HSPA1 pairs only with Class A/B JDPs to support robust protein refolding, while freeing Class B′ to suppress protein aggregation in an Hsp70-independent manner. Most unexpectedly, HSPA6, the most stress-inducible paralog, binds selectivity to Class B JDPs, losing interactions with both Class A and B′. Thus, under severe stress, HSPA6 works exclusively with Class B JDPs to ensure ATP-dependent protein repair, while freeing Class A and B′ JDPs to act independently of Hsp70 to protect damaged/misfolded proteins. Our findings reveal an evolved hierarchy of paralog-specific JDP couplings that dynamically rewires the Hsp70 network from active repair to protection during stress.",crossref
Morphogenesis of bacterial colonies in liquid crystalline environments,https://www.pnas.org/doi/abs/10.1073/pnas.2536343123?mi=eymic2&af=R&access=on&content=articlesChapters&publication=pnas&sortBy=Earliest&target=default,,Proceedings of the National Academy of Sciences: Keyword search for query,2026-08-18 07:00:00+00:00,10.1073/pnas.2536343123,Sujit S. Datta,,"Natural bacterial habitats are often complex fluids with viscoelastic and anisotropic responses to stress; for example, they can take the form of liquid crystals (LCs), with elongated microscopic constituents that collectively align while still retaining the ability to flow. However, laboratory studies typically focus on cells in simple liquids or complex fluids with randomly oriented constituents. Here, we show how interactions with LCs shape bacterial proliferation in multicellular colonies. Using experiments, we find that in a nematic LC, cells of the multiple species we tested all form aligned single-cell-wide “chains” as they reproduce. As these chains lengthen, they eventually buckle in a highly localized manner. By combining our measurements with a continuum mechanical theory, we demonstrate that this distinctive morphogenetic program emerges because cells are kept in alignment due to the LC’s elasticity; as each chain lengthens, growth-induced viscous stresses along its contour eventually overcome the elasticity of the surrounding nematic, leading to buckling. Our work thus reveals and provides mechanistic insight into the previously overlooked role of LCs in sculpting bacterial life in complex environments.",crossref
Select intratumoral riboflavin-auxotrophic Enterococcus species enhance cell surface MR1 expression and MAIT TCR activation in lung cancer,https://www.pnas.org/doi/abs/10.1073/pnas.2617943123?mi=eymic2&af=R&access=on&content=articlesChapters&publication=pnas&sortBy=Earliest&target=default,,Proceedings of the National Academy of Sciences: Keyword search for query,2026-08-18 07:00:00+00:00,10.1073/pnas.2617943123,Franck Housseau,,"Mucosal-associated invariant T (MAIT) cells are innate-like T cells capable of MR1-dependent immune surveillance, but how intratumoral bacteria modulate MR1 expression in human lung tumors remains unclear. We studied intratumoral MAIT cells from paired single-cell RNA and TCR sequencing datasets of tumor-infiltrating CD3 T cells isolated from non-small cell lung cancer tumors in patients receiving neoadjuvant PD-1 blockade therapy. MAIT cells were subclustered to identify conventional MAIT-associated TCR clonotypes, which were then used to examine how bacterial exposure impacts cell-surface MR1 expression and downstream MAIT TCR activation. We found that select intratumoral
                    Enterococcus
                    species (spp.) did not directly activate MAIT cells but enhanced MR1-dependent MAIT activation in the presence of exogenous 5-OP-RU by increasing cell-surface MR1 expression on antigen-presenting cells including dendritic cells, B cells, and mononuclear phagocytes. This increase in MR1 cell surface expression is modulated through a posttranscriptional mechanism consistent with altered intracellular processing and trafficking of MR1. These findings reveal a role for tumor-associated bacteria in modulating MR1-dependent innate-like T cell activation and provide a basis for future studies examining whether this process influences response to immune checkpoint blockade.",crossref
In This Issue,https://www.pnas.org/doi/abs/10.1073/iti3326123?mi=eymic2&af=R&access=on&content=articlesChapters&publication=pnas&sortBy=Earliest&target=default,,Proceedings of the National Academy of Sciences: Keyword search for query,2026-08-18 07:00:00+00:00,10.1073/iti3326123,,,,
Urbanization weakens the global latitudinal diversity gradient in birds,https://www.pnas.org/doi/abs/10.1073/pnas.2527860123?mi=eymic2&af=R&access=on&content=articlesChapters&publication=pnas&sortBy=Earliest&target=default,,Proceedings of the National Academy of Sciences: Keyword search for query,2026-08-18 07:00:00+00:00,10.1073/pnas.2527860123,Anna L. Hargreaves,,"The striking increase in species richness toward the tropics is perhaps Earth’s most ubiquitous macroecological pattern, but even such fundamental patterns can be vulnerable to anthropogenic change. Urbanization is a particularly severe and globally distributed change that often reduces local diversity; whether such local effects scale up to alter global biodiversity patterns is unclear. We present three hypotheses for how urbanization might affect latitudinal gradients in diversity, and test them using community science observations of &gt;10,000 bird species on five continents. We find that the avian latitudinal diversity gradient is 3× weaker in urban areas compared to natural areas. Urbanization reduced bird diversity across latitudes (by 32% on average), but tropical cities lost a higher proportion of species, an effect that was consistent across hemispheres, seasons, and methodological choices. This disproportionate diversity loss from tropical cities seems driven partly by latitudinal gradients in specialization, as tropical bird assemblages contained more specialists and specialists were disproportionately excluded by urbanization, and partly by more intense urbanization toward lower latitudes. Our results show that urbanization is disrupting macroecological patterns that have defined global biodiversity for millennia, and suggest that both community traits and urban planning mediate urbanization’s local and global impacts.",crossref
"Retraction for Knyazeva et al., A chemical inhibitor of IST1-CHMP1B interaction impairs endosomal recycling and induces noncanonical LC3 lipidation",https://www.pnas.org/doi/abs/10.1073/pnas.2627721123?mi=eymic2&af=R&access=on&content=articlesChapters&publication=pnas&sortBy=Earliest&target=default,,Proceedings of the National Academy of Sciences: Keyword search for query,2026-08-18 07:00:00+00:00,10.1073/pnas.2627721123,,,,
Marine heatwaves and undernutrition in low- and middle-income countries,https://www.pnas.org/doi/abs/10.1073/pnas.2528506123?mi=eymic2&af=R&access=on&content=articlesChapters&publication=pnas&sortBy=Earliest&target=default,,Proceedings of the National Academy of Sciences: Keyword search for query,2026-08-18 07:00:00+00:00,10.1073/pnas.2528506123,Janet A. Nye,,"Marine heatwaves are accelerating under climate change and increasingly threaten the lives and livelihoods of coastal populations, particularly in low- and middle-income countries where many households directly depend on local marine fisheries for protein, micronutrients, and income. To quantify this threat, we link individual-level data on child and maternal health from 9,813 coastal sites in 36 low- or middle-income countries to heatwave exposures in the nearby ocean, and use this linked dataset to estimate fixed-effects logistic regression models that test for heatwave effects on child mortality, wasting, and stunting, as well as adult underweight. We find that a 1 SD increase in the number of heatwaves over a 24-mo period increases the odds of child mortality by 5.4%, child wasting by 6.5% and child stunting by 8.8%, and that these effects also extend to other dimensions of heatwaves such as maximum sea surface temperature and cumulative intensity. Urban locations and countries more dependent on small-scale fishing are most strongly affected, and the majority of these results remain significant when we account for correlated atmospheric heatwaves. Taken together, these results document that marine heatwaves undermine human health and emphasize the need for additional research on the mechanisms connecting oceanic conditions to human health.",crossref
Group size effects and collective misalignment in LLM multi-agent systems,https://www.pnas.org/doi/abs/10.1073/pnas.2531697123?mi=eymic2&af=R&access=on&content=articlesChapters&publication=pnas&sortBy=Earliest&target=default,,Proceedings of the National Academy of Sciences: Keyword search for query,2026-08-18 07:00:00+00:00,10.1073/pnas.2531697123,Andrea Baronchelli,,"Multi-agent systems of large language models (LLMs) are rapidly expanding across domains, introducing dynamics not captured by single-agent evaluations. Yet, existing work has mostly contrasted the behavior of a single agent with that of a collective of fixed size, leaving open a central question: How does group size shape dynamics? Here, we move beyond this dichotomy and systematically explore outcomes across the full range of group sizes. We focus on multi-agent misalignment, building on recent evidence that interacting LLMs playing a simple coordination game can generate collective biases absent in individual models. First, we show that collective bias is a deeper phenomenon than previously assessed: Interaction can amplify individual biases, introduce new ones, or override model-level preferences. Second, we demonstrate that group size affects the dynamics in a nonlinear way, revealing model-dependent dynamical regimes. Finally, we develop a mean-field analytical approach and show that, above a critical population size, simulations converge to deterministic predictions that expose the basins of attraction of competing equilibria. These findings establish group size as a key driver of multi-agent dynamics and highlight the need to consider population-level effects when deploying LLM-based systems at scale.",crossref
The KAT2/HDACⅡa–PGK–ALDO axis constitutes a dual degradation inhibition cascade links energy stress to glycolytic amplification,https://www.pnas.org/doi/abs/10.1073/pnas.2533429123?mi=eymic2&af=R&access=on&content=articlesChapters&publication=pnas&sortBy=Earliest&target=default,,Proceedings of the National Academy of Sciences: Keyword search for query,2026-08-18 07:00:00+00:00,10.1073/pnas.2533429123,Li Li,,"Cells reprogram glycolysis pathway to cope with energy deficiency, in which the catalytic activity, stability, and noncanonical functions of glycolytic enzymes are finely regulated by posttranslational modifications (PTMs). Here, we report a metazoan-conserved dual degradation inhibition cascade whereby energy stress coordinates acetylation-phosphorylation crosstalk that simultaneously enhances glycolytic output and suppresses two protein degradation systems. Specifically, KAT2 (KAT2A)/HDACIIa (HDAC5)-mediated acetylation of PGK at K73 (PGK1; K75) antagonizes its ubiquitin–proteasomal degradation while strengthening its interaction with ALDO (ALDOA). Then, PGK exerts noncanonical kinase activity to phosphorylate ALDO at S272, thereby enhancing ALDO’s substrate affinity and suppressing its chaperone-mediated autophagic–lysosomal degradation by inhibiting the interaction with HSC70 to simultaneously stabilize and activate ALDO to amplify glycolytic flux. This ancient survival axis underlies thermotolerance divergence in oysters and is hijacked in human lung adenocarcinoma to drive malignant proliferation. Our study integrates environmental adaptation and tumorigenesis through a unified metabolic signaling axis, broadening our understanding of PTM crosstalk in evolution and disease.",crossref
Characterizing the impact of incorporating spatially aggregated human mobility data into infectious disease models,https://www.pnas.org/doi/abs/10.1073/pnas.2533465123?mi=eymic2&af=R&access=on&content=articlesChapters&publication=pnas&sortBy=Earliest&target=default,,Proceedings of the National Academy of Sciences: Keyword search for query,2026-08-18 07:00:00+00:00,10.1073/pnas.2533465123,Amy Wesolowski,,"Models of infectious disease dynamics should align the spatial scale of mobility data to the scale of travel relevant to inferring disease introduction events and subsequent local transmission. Despite this, the biases of spatially aggregating mobility data on model inferences are rarely explored. Here, we examine the sensitivity of infectious disease modeling results to different spatial scales of human mobility by integrating multiscale mobility data from Sri Lanka into Susceptible, Exposed, Infected, Recovered (SEIR) metapopulation models. Aggregated mobility data were obtained from mobile phone records at three increasingly coarser spatial scales to simulate epidemic spread of an emerging acute respiratory infection. We found that travel was not evenly distributed among nested spatial scales when data were disaggregated, with subunits close to borders exhibiting higher levels of travel relative to the unit. In simulations of disease transmission, these different scales of mobility aggregation had potential to yield wide variations in the estimated spatial invasion timing but not in final epidemic size. Modeled differences in spatial invasion time depended on disease transmission intensity and exogenous factors like the initial seeding location. Our results carry implications for infectious disease modeling best practices and public health response, particularly the policy decisions made from model inferences that were or were not informed by the relevant spatial scale of mobility data such as intervention timing, risk communication, and resource allocation.",crossref
Initiation of rotational collective migration in Drosophila through tissue geometry and mechanochemical feedback,https://www.pnas.org/doi/abs/10.1073/pnas.2528342123?mi=eymic2&af=R&access=on&content=articlesChapters&publication=pnas&sortBy=Earliest&target=default,,Proceedings of the National Academy of Sciences: Keyword search for query,2026-08-18 07:00:00+00:00,10.1073/pnas.2528342123,Sally Horne-Badovinac,,"Collective migration of epithelial cells drives diverse tissue remodeling processes. In many cases, a free tissue edge works alone or in combination with other external cues to align the cells for collective movement, but how edge-free or closed epithelia become polarized for directed migration without these cues is unclear. Here, we use the rotational migration of the follicular epithelial cells in the
                    Drosophila
                    egg chamber to explore how cells in an edgeless epithelium initiate rotational collective migration, and how the rotational axis is specified. By employing methods for long-term live imaging and delaying the onset of rotation, we show that symmetry breaking can occur at multiple developmental stages and that the atypical cadherin Fat2 promotes local motility at the basal epithelial surface before rotation begins. We then combine experiments with theoretical modeling to identify a positive feedback loop in which planar polarization of Fat2 aligns the front–rear axes of the individual cells in a common direction and the resulting tissue motion leads to the planar polarization of Fat2. This mechanosensitive feedback, coupled with rigid-body dynamics of the egg chamber, can break chiral symmetry and produce sustained rotation in silico. We further propose that mechanical constraints arising from intertissue interactions and tissue geometry ensure that rotation occurs around the anterior–posterior axis. Our findings suggest a biophysical mechanism—combining Fat2-mediated velocity–polarity alignment, rigid-body dynamics, and tissue geometry—by which a closed epithelial tissue can self-organize into persistent, large-scale rotational migration in vivo, expanding current flocking theories.",crossref
Directed Regulation of Intermolecular Excitonic Couplings to Minimize Non‐Radiative Recombination of Excited States in NIR‐Absorbing Non‐Fullerene Acceptors,https://advanced.onlinelibrary.wiley.com/doi/10.1002/adma.74699?af=R,,Wiley: Advanced Materials: Table of Contents,2026-08-18 07:35:56+00:00,10.1002/adma.74699,Xian‐Kai Chen,,"ABSTRACT
                  
                    Suppression of excited‐state non‐radiative recombination is pivotal for overcoming efficiency bottleneck in organic optoelectronics. However, in film, mechanism of aggregates’ excited‐state non‐radiative recombination and how to suppress its rate (
                    k
                    nr
                    ) remain unclear. Here, taking classical Y6‐type acceptors as an example, we investigate how change in their molecular packing modes impacts aggregates’ excited‐state properties and
                    k
                    nr
                    . We find that
                    k
                    nr
                    decreases with an increased population of the compact EECC (end‐end and core‐core) packing mode. Our results reveal that the EECC mode enhances the electronic coupling between intermolecular charge‐transfer (iCT) and locally excited (LE) exciton states, facilitating aggregates’ excited‐state wavefunction delocalization and lowering the aggregates’ exciton‐phonon coupling, which compensates for the energy‐gap‐law effect. This intermolecular excitonic‐coupling regulation strategy is further supported in the L8BO series through an increased population of the EE packing mode and enhanced LE–LE excitonic coupling. The corresponding D18:L8BO:HDL8 ternary OPV devices achieved a high efficiency of 20.63% (certified as 20.40%) with reduced non‐radiative voltage loss (Δ
                    V
                    nr
                    ). Our work has not only uncovered the underlying mechanism of how molecular packing mode impacts aggregates’ electronic structures and
                    k
                    nr
                    , but also provided a molecule‐design strategy for improving NIR luminescent efficiencies/exciton lifetimes of films and OPV device efficiencies with reduced Δ
                    V
                    nr
                    .",crossref
Mitochondria‐Targeted Pyroptosis Orchestrated by Photodynamic Microneedle Patches Potentiates Melanoma Immunoradiotherapy,https://advanced.onlinelibrary.wiley.com/doi/10.1002/adma.74638?af=R,,Wiley: Advanced Materials: Table of Contents,2026-08-18 07:38:56+00:00,10.1002/adma.74638,Zhengqing Guo,,"ABSTRACT
                  
                    The lethality of melanoma stems from its high metastatic propensity, intrinsic apoptosis resistance, and a profoundly immunosuppressive microenvironment, which collectively undermine conventional radiotherapy and immunotherapy. Here, we develop a spatiotemporally precise therapeutic strategy using mitochondria‐targeted photodynamic microneedles (
                    mito
                    TPS‐MNs) to orchestrate GSDME‐mediated pyroptosis and potentiate systemic immunoradiotherapy. Upon transdermal photoactivation,
                    mito
                    TPS induces intense, mitochondria‐confined reactive oxygen species (ROS) bursts, triggering a caspase‐3/GSDME‐dependent pyroptotic cascade while simultaneously disrupting mitochondrial respiration to alleviate tumor hypoxia. This dual‐action mechanism sensitizes melanoma to x‐ray irradiation, achieving near‐complete regression of primary tumors and remodeling “cold” tumor microenvironments into immunologically “hot” niches. The explosive release of damage‐associated molecular patterns (DAMPs) from pyroptotic cells functions as an in situ cancer vaccine, promoting dendritic cell maturation, the systemic recruitment of CD8
                    +
                    cytotoxic T lymphocytes, and potent abscopal responses against untreated distant metastases. Our work establishes mitochondria‐directed pyroptosis as a mechanistic switch to bypass the inherent apoptotic resistance of melanoma, providing a clinically translatable strategy to convert localized interventions into systemic immunity against advanced melanoma.",crossref
Hollow Nanoreactors Modulate Mass Transfer and Dual‐Species Spillover to Boost Nitrate‐to‐Ammonia Reduction in Real Wastewater,https://advanced.onlinelibrary.wiley.com/doi/10.1002/adma.74714?af=R,,Wiley: Advanced Materials: Table of Contents,2026-08-18 08:06:16+00:00,10.1002/adma.74714,Feilong Gong,,"ABSTRACT
                  
                    Copper‐based materials are promising catalysts for electrocatalytic nitrate reduction to ammonia (NH
                    3
                    ), while their use in real wastewater with low nitrate concentrations is hindered by poor mass transfer and high energy barrier. To overcome these limitations, we design a hollow Cu/MoS
                    2
                    ‐550 nanoreactor, consisting of hollow MoS
                    2
                    support loaded with Cu single atoms and clusters. At the mesoscale, the hollow MoS
                    2
                    support features a heat‐exchanger‐fin‐like structure that accelerates mass transfer, thereby promoting local enrichment of NO
                    3
                    −
                    . At the microscale, precise modulation of sulfur vacancy concentration in MoS
                    2
                    triggers dual‐species spillover, namely reverse hydrogen spillover and *NO spillover from Cu single atoms to Cu clusters, which lowers the energy barrier of deep hydrogenation step. As a result, the Cu/MoS
                    2
                    ‐550 nanoreactor achieves an NH
                    3
                    Faradaic efficiency (FE) of 98.14% and a yield rate of 27.46 mg h
                    −1
                    mg
                    cat
                    −1
                    . Furthermore, when assembled into an Al‐NO
                    3
                    −
                    battery operating in real wastewater containing only ∼ 0.76 mM NO
                    3
                    −
                    , the battery runs stably for 120 h, delivers an NH
                    3
                    FE of 53.20%, and maintains a nitrate removal rate of 91.17%. This work provides cross‐scale modulation strategies to overcome mass‐transfer bottlenecks and energy barriers in multi‐electron transfer reactions, offering a potential pathway for environmental applications.",crossref
Atomic‐Scale Detection of Néel Vector Switching in the Single‐Layer A‐Type Antiferromagnet Cr2S3‐2D,https://advanced.onlinelibrary.wiley.com/doi/10.1002/adma.74637?af=R,,Wiley: Advanced Materials: Table of Contents,2026-08-18 08:08:49+00:00,10.1002/adma.74637,Jeison Fischer,,"ABSTRACT
                  The detection of Néel vector switching in a single‐layer A‐type antiferromagnet marks an important step toward functional two‐dimensional spintronics. Here, ‐2D, grown on graphene on Ir(110), is established as a first single‐layer A‐type antiferromagnet. Spin‐polarized scanning tunneling microscopy reveals hysteresis loops with a large switching field and a pronounced dependence on island size. X‐ray magnetic circular dichroism at the Cr  edges exhibits a tiny signal with a linear magnetic field dependence, consistent with an antiferromagnetic ground state with an estimated net moment below  per Cr and a Néel temperature of about 160 K. Quantitative analysis of the island‐size dependence of the switching field, together with first‐principles calculations, indicates a slight imbalance between the magnetic moments of the two Cr planes of ‐2D when supported on a substrate. This imbalance results in a net magnetization for the A‐type antiferromagnet, which enables the 180 rotation of the Néel vector. Moreover, ‐2D retains its magnetic properties after several days of exposure to air.",crossref
Metastable Polymers for Circular 3D Printing,https://advanced.onlinelibrary.wiley.com/doi/10.1002/adma.74682?af=R,,Wiley: Advanced Materials: Table of Contents,2026-08-18 08:55:45+00:00,10.1002/adma.74682,Eva Blasco,,"ABSTRACT
                  Reducing waste and enabling material reuse are central goals for sustainable advanced manufacturing. In light‐based 3D printing, this requires moving beyond permanent networks toward systems that can be easily returned to their original molecular building blocks, while preserving good performance. Here, a shift toward metastable, 3D printable polymers is introduced, which are intrinsically programmed for controlled depolymerization under mild conditions, enabling circular recovery. This concept is realized using self‐immolative polymers (SIPs), which undergo triggered, domino‐like depolymerization upon activation of a specific labile unit. These polymers are formulated for high‐resolution digital light processing 3D printing, yielding mechanically robust structures. Upon exposure to a defined trigger, the printed networks rapidly (in seconds) and completely disassemble under ambient conditions, regenerating their pristine monomers. These are recovered in near‐quantitative yield and subsequently reprocessed into chemically identical printable polymers. This metastability‐driven approach establishes a transformative pathway for circular 3D printing.",crossref
Diketopyrrolopyrrole‐Based Cation as a Semiconducting Spacer in Layered Perovskite,https://advanced.onlinelibrary.wiley.com/doi/10.1002/adma.74681?af=R,,Wiley: Advanced Materials: Table of Contents,2026-08-18 10:05:06+00:00,10.1002/adma.74681,Kevin Sivula,,"ABSTRACT
                  
                    Incorporating π‐conjugated organic spacers in layered “2D” perovskites in order to extend solar light harvesting has remained a challenge, as typically‐incorporated spacers (e.g. phenethylammonium, PEA
                    +
                    ) do not absorb deep into the visible spectrum. Here, we introduce a visible‐light‐absorbing π‐conjugated dithiophene–diketopyrrolopyrrole‐based spacer cation that forms a pure iodide layered perovskite that exhibits complementary organic–inorganic absorption and a type‐II nano‐heterojunction electronic structure. By chain length engineering, a dihexyl‐substituted diketopyrrolopyrrole cation (DPP‐dH
                    2+
                    ) is identified as the optimal length required to form an ordered layered structure
                    
                      (DPP‐dH)PbI
                      4
                    
                    . Transient absorption spectroscopy reveals bidirectional charge transfer, with hole transfer from the inorganic [PbI
                    4
                    ]
                    2−
                    slabs to the organic spacer, and electron transfer in the reverse direction upon excitation at longer wavelengths. Time‐resolved microwave conductivity and space‐charge‐limited current measurements demonstrate reduced trap density and electron mobilities up to 1.3 × 10
                    −3
                    cm
                    2
                    V
                    −1
                    s
                    −1
                    . Leveraging its extended visible absorption, the resulting layered perovskite exhibits a marked improvement in photovoltaic power conversion efficiency compared to
                    
                      (PEA)
                      2
                      PbI
                      4
                    
                    as well as an extended incident photon harvesting reaching 650 nm (1.9 eV), establishing diketopyrrolopyrrole spacers as a promising platform for next‐generation optoelectronics.",crossref
Sub‐Nanometer Cobalt on Tungsten Titanium Carbide MXene (W2TiC2Tx): An Electrocatalyst for Highly Efficient and Stable Alkaline Hydrogen Evolution at Industrial‐Scale Current Density,https://advanced.onlinelibrary.wiley.com/doi/10.1002/adma.74654?af=R,,Wiley: Advanced Materials: Table of Contents,2026-08-18 10:07:50+00:00,10.1002/adma.74654,Yue Wu,,"ABSTRACT
                  
                    Developing non‐precious electrocatalysts that simultaneously deliver high activity, long‐term durability, and industrial operability remains the critical challenge for the alkaline hydrogen evolution reaction (HER). Herein, a structurally well‐defined two‐dimensional metal carbide MXene, tungsten titanium carbide (W
                    2
                    TiC
                    2
                    T
                    x
                    ), is synthesized for the first time via the W
                    2
                    TiAlC
                    2
                    MAX‐phase precursor. Cobalt loading combined with rational modulation of local atomic configurations and metal–support interactions (MSI) enables the construction of a highly active and robust Co/W
                    2
                    TiC
                    2
                    HER catalyst. The optimized Co/W
                    2
                    TiC
                    2
                    ‐700 exhibits small overpotentials of 63 and 191 mV at 10 and 100 mA cm
                    −
                    2
                    , and outstanding long‐term durability of over 1000 h stable hydrogen production at 4000 mA cm
                    −
                    2
                    . In a flow‐cell MEA electrolyzer, Co/W
                    2
                    TiC
                    2
                    delivers near‐unity hydrogen Faradaic efficiency across a wide current range (50–400 mA cm
                    −
                    2
                    ) while requiring significantly lower cell voltages than commercial Pt/C. Quasi‐in‐situ XPS, XANES, and EXAFS analyses reveal that thermal modulation induces the transformation of Co from isolated atoms and large nanoparticles into uniform sub‐nanometer particles anchored on the outer tungsten layers. DFT calculations identify Co–W interfacial sites as the primary active centers. This work highlights the critical role of rational design and utilization of MSI in MXene‐supported catalysts for electrochemical water splitting.",crossref
Grain‐Boundary‐Rich SEI Synergizing with an H2O‐Poor EDL Enables Multidimensional Interfacial Regulation for Stable Zn Anodes,https://advanced.onlinelibrary.wiley.com/doi/10.1002/aenm.71481?af=R,,Wiley: Advanced Energy Materials: Table of Contents,2026-08-18 11:51:34+00:00,10.1002/aenm.71481,Xiang Gao,,"ABSTRACT
                  
                    The reversibility and sustainability of aqueous zinc‐ion batteries (AZIBs) are drastically compromised by interfacial issues arising from the H
                    2
                    O‐rich electric double layer (EDL) and unstable solid‐electrolyte interphase (SEI). Herein, trace biomolecule additive, zinc hyaluronate (HA‐Zn), is introduced to synergistically construct a grain‐boundary‐rich SEI and an H
                    2
                    O‐poor EDL for stable zinc anodes. Mechanistic studies reveal that HA‐Zn preferentially adsorbs onto the Zn anode and reconstructs an H
                    2
                    O‐poor EDL, effectively suppressing the water‐related side reactions. Simultaneously, the centred tetra‐oxygen ligands chelate Zn
                    2+
                    ions at the interface to homogenize ions distribution. This reconfigured interface further promotes the in situ decomposition of HA‐Zn and SO
                    4
                    2−
                    , generating an organic‐inorganic hybrid SEI with abundant Zn
                    2+
                    ‐conductive grain boundaries, which not only accelerates Zn
                    2+
                    transport but also guides oriented Zn(101) deposition. Benefiting from the designed interface comprising HA‐Zn adsorption and grain‐boundary‐rich SEI, the Zn||Zn symmetric cells achieve long lifespans exceeding 4700 h and 1700 h at 1 and 4 mAh·cm
                    −2
                    , respectively. More significantly, the Zn||I
                    2
                    full cells retain 88.67% capacity retention rate after more than 15000 cycles at 2 A·g
                    −1
                    , and the Zn||I
                    2
                    pouch batteries (0.3 Ah) maintain 86.34% capacity over 3300 cycles at 0.5 A·g
                    −1
                    .",crossref
Ether‐Based Electrolytes and the Solvation Structure in Sodium Ion Batteries,https://advanced.onlinelibrary.wiley.com/doi/10.1002/aenm.71452?af=R,,Wiley: Advanced Energy Materials: Table of Contents,2026-08-18 11:53:12+00:00,10.1002/aenm.71452,John T. S. Irvine,,"ABSTRACT
                  Sodium‐ion batteries (SIBs) are promising candidates for large‐scale energy storage due to the cost‐effectiveness of sodium resources. Suitable and reliable electrolytes with excellent thermodynamic and kinetic properties as well as electrochemical and chemical stability are desired for SIBs. The higher donor number, nucleophilic chelating ability, and the novel co‐intercalation mechanism during the electrochemical process make ether an emerging electrolyte solvent in SIB. Understanding the functionality of ether solvents in batteries would promote the investigation of electrolyte. However, owing to the limitations of existing detection techniques, a comprehensive and in‐depth understanding of localized solvation structures and their evolution during electrochemical processes, which govern battery behavior, is still lacking. The recent investigations about the characterization of ether solvation structure, the solvent and salt impact on adjusting the formation of solid electrolyte interphase and practice application in both laboratory and industry are summarized and discussed in this review. In particular, the correlations between solvation structure, electrochemical behaviors and electrochemical performance are highlighted, aiming to provide insight into the rational design of high‐performance electrolytes for SIBs. Perspectives are proposed to advance research development, and we hope the review can shed light on the understanding of ether solvation structure and future applications in SIBs.",crossref
Diffusion‐Driven Macromolecular Self‐Organization Enables Conformal Perovskite/Silicon Tandems,https://advanced.onlinelibrary.wiley.com/doi/10.1002/adma.74663?af=R,,Wiley: Advanced Materials: Table of Contents,2026-08-18 13:23:14+00:00,10.1002/adma.74663,Peng Gao,,"ABSTRACT
                  
                    Industrial deployment of perovskite/silicon tandem solar cells is limited by the difficulty of forming thick, defect‐controlled wide‐bandgap (WBG) perovskite layers that conformally coat micron‐textured silicon while retaining interfacial passivation. Here, we introduce a diffusion‐driven macromolecular passivation strategy (DMPS) employing a π‐extended zinc phthalocyanine derivative (ZnPc‐C
                    12
                    ) that simultaneously regulates perovskite crystallization and mitigates interfacial defects. Interfacial‐energy gradients created during solvent evaporation impose a thermodynamic driving force that expels ZnPc‐C
                    12
                    from the bulk toward both interfaces, establishing dual‐interface passivation and uniform 1.5 µm WBG perovskite films on industrial Czochralski silicon heterojunctions. The resulting single‐junction devices achieve 24.26% power‐conversion efficiency, while monolithic tandems deliver 34.26% (certified 33.83%) efficiency and &gt; 90% retention after 800 h of continuous operation. DMPS provides a general and scalable pathway for integrating defect‐controlled perovskite absorbers into textured silicon architectures, advancing the manufacturability of next‐generation film‐on‐wafer tandem photovoltaics.",crossref
Ambient‐Processed Organic Solar Cells Achieving Nearly 20.5% Efficiency and Industrially Viable Environmental Stability,https://advanced.onlinelibrary.wiley.com/doi/10.1002/adma.74716?af=R,,Wiley: Advanced Materials: Table of Contents,2026-08-18 13:26:12+00:00,10.1002/adma.74716,Yanming Sun,,"ABSTRACT
                  The ability to process organic solar cells (OSCs) in ambient air is a critical prerequisite for industrial‐scale production, as it obviates the need for a high‐cost inert atmosphere. However, state‐of‐the‐art cathode interlayers (CILs) typically require strongly hydrophilic groups to ensure adequate solubility and feasible work function, which inevitably render them susceptible to moisture and oxygen in air, thereby compromising the photovoltaic performance. In this study, we introduce diethoxysilane (DEES) and its derivatives into the high‐performance CIL PNDIT‐F3N, where they hydrolyze and condense under ambient conditions to form a cross‐linked, hydrophobic Si─O─Si moisture‐protective network. Moreover, DEES incorporation effectively reduces the activation energy for electron transport of PNDIT‐F3N and suppresses detrimental aggregation, thus optimizing charge transport and extraction efficiency. As a result, the DEES‐modified OSCs achieve record efficiencies of 20.48% under 50% relative humidity (RH) and 20.22% under 80% RH, each representing one of the highest values reported for air‐processed devices. More importantly, the unencapsulated DEES‐modified devices exhibit exceptional operational stability, averaging 2270 h to 80% of initial efficiency under continuous visible‐LED illumination (photocurrent equivalent to AM1.5G, 45%–55% RH). This work provides a facile and generalizable strategy to enhance moisture tolerance of OSCs, advancing the industrial production and commercial viability of air‐processed organic photovoltaics.",crossref
Engineering Multiscale Biohybrid Interfaces for Signal Sensing and Functional Regulation of Electronic Plants,https://advanced.onlinelibrary.wiley.com/doi/10.1002/adma.74652?af=R,,Wiley: Advanced Materials: Table of Contents,2026-08-18 13:28:37+00:00,10.1002/adma.74652,Shu Wang,,"ABSTRACT
                  Electronic plants (e‐Plants), typically constructed by integrating artificial electronic materials with natural living plants, have demonstrated as a powerful platform for bioelectronic applications, but the realization of high‐performance e‐Plant systems still remains challenging. In this Review, we concisely summarize the state‐of‐the‐art of the multiscale biohybrid interface construction strategies, namely surface‐attachable, implantable, and in situ formable methods, and discuss how these approaches can be applied to engineer e‐Plants. In addition, the applications of e‐Plants for sensing of signaling molecule‐based signal transduction and metabolism as well as monitoring of plant physiological states and microecological conditions are introduced, highlighting their intriguing potential in precision agriculture. Moreover, biohybrid e‐Plants that are capable of light‐to‐chemical energy conversion and photocatalysis are further outlined, conceivably opening up a new avenue for photosynthesis enhancement and disease treatment. On the other hand, the challenges and perspectives on advancing fast response time, multimodal responsiveness, artificial intelligence assistance, and biosafety are also discussed, clearly mapping the future development directions in such field.",crossref
Heterojunction‐Guided Reconstruction Toward Ru‐Co Bridged Dual Sites for Efficient Oxide‐Path Water Electrolysis,https://advanced.onlinelibrary.wiley.com/doi/10.1002/adma.74676?af=R,,Wiley: Advanced Materials: Table of Contents,2026-08-18 13:31:52+00:00,10.1002/adma.74676,Wenwu Zhong,,"ABSTRACT
                  
                    The oxide path mechanism (OPM) offers a compelling route to bypass the activity–stability trade‐off of conventional oxygen evolution catalysis. However, its deliberate activation has largely relied on doping strategies to create heterometallic dual sites, which suffer from limited electronic tunability. Here, we demonstrate a fundamentally different approach that combines heterojunction engineering with guided in situ reconstruction. By integrating ruthenium oxide with a cobalt–nickel telluride heterostructure, we exploit the pronounced surface reconstruction of tellurides under anodic potentials to in situ generate a metastable CoO
                    2
                    phase featuring high‐valent cobalt. This reconstructed phase intimately couples with neighboring RuO
                    2
                    to form well‐defined Co–O–Ru bridged dual sites, which are proposed as the pivotal centers for OPM‐enabled O─O coupling. The telluride framework further acts as an electronic modulator, stabilizing ruthenium while promoting high‐valent cobalt formation. This synergy yields a catalyst with an overpotential of 213 mV at 100 mA cm
                    −2
                    and a mass activity 103 times that of commercial RuO
                    2
                    . When deployed in an anion‐exchange membrane electrolyzer, it operates at 1 A cm
                    −2
                    with a cell voltage of 1.78 V for over 800 h. Our work establishes heterojunction‐induced reconstruction as a powerful strategy to unlock OPM catalysis, moving beyond conventional doping toward dynamically assembled active interfaces.",crossref
Retraction Note: The LINC01138 drives malignancies via activating arginine methyltransferase 5 in hepatocellular carcinoma,https://www.nature.com/articles/s41467-026-76482-8,,Nature Communications,2026-08-19 00:00:00+00:00,10.1038/s41467-026-76482-8,Xianghuo He,,,
An Icelandic pangenome reference,https://www.nature.com/articles/s41586-026-10924-7,,Nature,2026-08-19 00:00:00+00:00,10.1038/s41586-026-10924-7,Bjarni V. Halldorsson,,"Reference bias is an issue that affects most genomic studies analysing short reads mapped to a reference genome1,2. It can be mitigated by mapping to multiple haplotypes represented in a pangenome3,4,5. Here we introduce two new methods to address reference bias: Emblask for pangenome construction and Weaver for mapping to pangenomes at scale. Emblask is a hybrid long- and short-read haplotype-resolved dual assembly pipeline for parent–offspring trio data. Using Emblask, we assembled 698 Icelandic haplotypes and added them to the Human Pangenome Reference Consortium (HPRC) pangenome4 to construct an Icelandic pangenome reference (HPRC-ICE) including 51.41 million small variants. We mapped the short reads of 57,630 Icelanders to HPRC-ICE with Weaver and called 98.96 million variants, representing a 6.17% increase over mapping to a linear reference. We uncovered new variants in low-mappability regions, including a pathogenic single nucleotide polymorphism (SNP) in GBA1 that associates with early onset Parkinson’s disease and a missense SNP in CBS that is pathogenic for homocystinuria. We replicated the GBA1 association in the UK Biobank6 with a targeted remapping of 429,193 British and Irish participants.",nature_html
The HydroGym reinforcement learning platform for fluid dynamics,https://www.nature.com/articles/s41586-026-10917-6,,Nature,2026-08-19 00:00:00+00:00,10.1038/s41586-026-10917-6,Steven L. Brunton,,"Effective control of fluid flows is critical across transportation, energy and medicine, where it can increase lift, reduce drag, enhance mixing and attenuate noise1,2,3. Yet fluids are notoriously difficult to control because they involve high-dimensional, nonlinear and multiscale dynamics that resist conventional approaches4,5,6. Reinforcement learning has driven remarkable progress in fields such as protein folding and complex games, which have shared benchmarks and standardized environments7,8,9,10. Fluid dynamics has lacked such infrastructure, so each controller is typically tuned to a single geometry and operating condition, making progress difficult to accumulate, transfer and compare11,12,13. Here we introduce HydroGym, a solver-independent reinforcement learning platform providing more than 60 validated, openly available flow control environments spanning from canonical laminar flows to complex turbulent flows, with systematic progression in the Reynolds number up to Re = 4 × 105, and Mach number variations in two and three dimensions. Across these environments, agents repeatedly discover robust control principles, including boundary layer manipulation, disruption of acoustic feedback and reorganization of turbulent wakes. Critically, we demonstrate a proof of concept for zero-shot transfer, in which agents that are trained exclusively in inexpensive surrogate environments are deployed to challenging real-world scenarios such as a three-dimensional wing section. We achieve a 38% reduction in local skin friction while reducing exploration costs by four orders of magnitude compared with direct on-wing optimization. As this transfer exploits shared near-wall physics, the breadth of generalization remains open, suggesting a new pathway for research toward policy generalization across computationally prohibitive simulation environments. By offering a common, extensible foundation for reproducible research, HydroGym moves flow control from isolated case studies toward a cohesive community effort.",nature_html
Multiyear tropical warm pool warming drives slowdown in Antarctic mass loss,https://www.nature.com/articles/s41586-026-10912-x,,Nature,2026-08-19 00:00:00+00:00,10.1038/s41586-026-10912-x,Eric J. Steig,,"Antarctic mass loss has been a major contributor to global sea-level rise for most of the last few decades, mainly driven by West Antarctica1. During 2021–2023, however, a sharp increase in surface mass balance over Queen Mary Land and Wilkes Land in East Antarctica offset West Antarctic loss and slowed the rate of total ice mass loss2,3. Although this slowdown is consistent with the expected long-term precipitation response to global warming through poleward-shifted storm tracks and Antarctic moistening4, our results point to a different mechanism. Here we show that the recent ice mass gain was linked to a recurrent atmospheric teleconnection driven by sea surface temperature anomalies in the tropical warm pool, which experienced unusually persistent warming from 2021 to 2023 relative to the previous two decades. On the basis of observations and model experiments, we find that tropical warm pool warming excites a poleward-propagating Rossby-wave train that induces a high-pressure anomaly over East Antarctica, enhancing Queen Mary Land and Wilkes Land precipitation and driving the observed mass gain, with moisture primarily sourced from the mid-latitude Indian Ocean. Similar multiyear warming in the tropical warm pool recurs about once per decade in observations and historical simulations, and its influence on precipitation is distinct from the effects of global warming. Therefore, the recent Antarctic Ice Sheet mass gain is probably temporary and does not yet reflect a sustained, global-warming-driven moistening of Antarctica.",nature_html
Human brain organoids record the passage of time over multiple years,https://www.nature.com/articles/s41586-026-10877-x,,Nature,2026-08-19 00:00:00+00:00,10.1038/s41586-026-10877-x,Paola Arlotta,,"The human brain develops and matures over an exceptionally prolonged period of time that spans nearly two decades of life. Processes that govern species-specific aspects of human postnatal brain development are difficult to study in animal models1. While human brain organoids offer a promising in vitro model, they have thus far been shown to largely mimic early stages of brain development. Here we develop human brain organoids for 5 years in culture, optimizing growth conditions to extend excitatory neuron viability beyond previous limits. Using maturation-associated modules derived from endogenous human brain, we show that brain organoids transcriptionally age with cell type specificity over years in culture. Whole-genome methylation profiling reveals that the predicted epigenomic age of organoids correlates precisely with time spent in vitro, and parallels epigenomic ageing in vivo. Notably, we show that in chimeric organoids generated by mixing neural progenitors of different ages, old progenitors rapidly produce late neuronal fates, skipping the production of earlier neuronal progeny, therefore showing that progenitors that age in organoids retain a memory of the time spent in vitro. The data indicate that human brain organoids can continue to mature and record the passage of time over many years in culture.",nature_html
Synthesis of pyrroles from isoxazoles by an O-to-C skeletal edit,https://www.nature.com/articles/s41586-026-10933-6,,Nature,2026-08-19 00:00:00+00:00,10.1038/s41586-026-10933-6,Mark D. Levin,,"Isoxazoles and pyrroles feature prominently in pharmaceutical and bioactive compounds of interest1,2. Although their core structures differ by only a single atom (O versus C), their respective de novo ring assemblies require vastly different syntheses, as the electronically consonant isoxazole core is amenable to a range of disconnections that are inaccessible for the corresponding pyrroles3,4. Given the structural similarity between these two heterocyclic classes, skeletal editing offers an opportunity to meet this need, as it empowers non-traditional retrosynthetic disconnections5. Here we achieve an O-to-C atom replacement of isoxazoles, affording pyrroles in a one-pot sequence. We identify the N-propargylic enaminone as a key intermediate connecting the two heterocycle classes, providing a retrosynthetic disconnection orthogonal to traditional syntheses for otherwise challenging pyrrole scaffolds6. During our investigations, we encountered unexpected enaminone reactivity and developed a predictive computational model capturing the conformational features controlling reaction outcomes7. Regioselective syntheses of elusive pyrroles can be achieved by linking these two heterocycles with an O-to-C replacement reaction.",nature_html
Functional role of skull lymphoid structures in CNS immunosurveillance,https://www.nature.com/articles/s41586-026-10951-4,,Nature,2026-08-19 00:00:00+00:00,10.1038/s41586-026-10951-4,Jonathan Kipnis,,"Accumulating evidence demonstrates that the central nervous system (CNS) is not disconnected from the peripheral immune system; however, precisely how the adaptive immune system surveils the CNS remains a critical question. Recent findings reveal that channels between the skull and the dura mater facilitate the exchange of cerebrospinal fluid and immune cells between the CNS and skull bone marrow of mice under both homeostatic and disease conditions1,2,3,4,5,6. Skull bone marrow functions as a source of immune cells for the CNS5, yet its role in CNS antigen-specific adaptive immune responses remains unclear. Here we identify lymphoid structures within the skull bone marrow, featuring germinal-centre-like formations and containing a distinct population of follicular-helper-like T cells that promote B cell activation and humoral immunity through CD40L, IL-21 and IFNγ signalling. Adaptive immune cells within these skull bone marrow lymphoid structures surveil and respond to CNS-derived antigens and contribute to anti-tumour immune responses in mouse brain cancer models. Together, our findings show that the skull bone marrow is a site of CNS immunosurveillance that may influence immune responses across diverse neurological diseases.",nature_html
Dual-ferroelectric stacked high-performance field-effect transistor,https://www.nature.com/articles/s41467-026-76907-4,,Nature Communications,2026-08-19 00:00:00+00:00,10.1038/s41467-026-76907-4,Xiaohong Xu,,"Ferroelectric transistors have the potential to meet the computing demands of data-intensive applications such as artificial intelligence. However, the existing research lacks functional reconfigurability and multi-task parallel processing capability. Here, we report a dual-ferroelectric stacked transistor that operates through opto-electric dual-mode induced ferroelectric polarization reversal, which features configurable multi-mode functionality encompassing electronic storage, multi-level optical memory, and visual functional emulation. The dual-ferroelectric architecture significantly enhances non-volatile memory performances, demonstrating an ultra-high current on/off ratio, ultra-low dark current and energy consumption, over 8-bit conductance states, multiple analog states and large dynamic range. Furthermore, the simulated artificial visual system enables multi-task parallel processing of static and motion mixed-color information. This work demonstrates that dual-ferroelectric stacked architecture holds potential in parallel processing of multidimensional information.",nature_html
Observation of conformal field theory spectra in a quantum simulator,https://www.nature.com/articles/s41586-026-10904-x,,Nature,2026-08-19 00:00:00+00:00,10.1038/s41586-026-10904-x,Manuel Endres,,"Conformal field theories (CFTs) feature prominently in high-energy physics1,2, statistical mechanics3 and condensed matter4,5,6. For example, CFTs govern emergent universal properties of systems tuned to quantum phase transitions4,7, including their entanglement, correlations and low-energy excitation spectra. Much of the rich structure predicted by CFTs nevertheless remains unobserved in experiment. Here we directly observe the energy excitation spectra of emergent CFTs at quantum phase transitions—recovering universal energy ratios characteristic of the underlying field theories8,9. Specifically, we develop and implement a modulation technique to resolve the finite-size spectra of a Rydberg chain, variably tuned to quantum phase transitions described by either Ising or tricritical Ising CFTs. We also use local control to distinguish parities of excitations under reflection and, in the tricritical Ising chain, to induce transitions between distinct CFT spectra associated with changing boundary conditions. By using a variant of the modulation technique, we furthermore study the dynamical structure factor of the critical system, which is closely related to the correlation of an underlying Ising conformal field. Our work not only probes the emergence of CFT features in a quantum simulator but also provides a technique for diagnosing a priori unknown universality classes in future experiments.",nature_html
Virus deploys a ‘loose cannon’ enzyme to overpower bacterial defences,https://www.nature.com/articles/d41586-026-02537-x,,Nature,2026-08-19 00:00:00+00:00,10.1038/d41586-026-02537-x,,,,
Wake-activated neuronal populations that regulate sleep drive,https://www.nature.com/articles/s41586-026-10928-3,,Nature,2026-08-19 00:00:00+00:00,10.1038/s41586-026-10928-3,Alexander F. Schier,,"Prolonged wakefulness increases sleep drive and is normally compensated for by increased sleep1,2,3. This homeostatic regulation of sleep shapes our lives profoundly, but the underlying neural circuit mechanisms remain poorly understood. Here, we identify wake-activated neurons that regulate sleep drive in mice, using whole-brain activity mapping, targeted neuronal manipulations and electrophysiology. By comparing whole-brain responses to sleep deprivation, recovery sleep and circadian behaviour, we identify the anterior medial preoptic area and the median raphe as candidate regions that encode sleep deficit. Activating sleep-deprivation-responsive cells in these regions induces increases in sleep duration and intensity that resemble recovery sleep. Conversely, inhibiting deprivation-responsive cells reduces sleep and abolishes the increased sleep propensity usually observed during deprivation. Neurons in the median raphe that are responsive to sleep deprivation project to subcortical sleep-associated regions and act through the preoptic hypothalamus. These deprivation-sensitive cells include serotonergic neurons and a distinct population of GABAergic neurons, whose intrinsic excitability increases during sleep deprivation. Co-activation of GABAergic and serotonergic neurons synergistically promotes sleep, whereas co-inhibition chronically decreases sleep by nearly 70%. Remarkably, most mice survive despite this marked reduction in sleep, without the compensatory increases in sleep drive or the behavioural deficits typically associated with severe sleep deprivation. Together, these results define neuronal populations that are activated during wakefulness and are crucial for sleep drive.",nature_html
Increasing CO2 levels fertilize C4 grass production,https://www.nature.com/articles/s41586-026-10935-4,,Nature,2026-08-19 00:00:00+00:00,10.1038/s41586-026-10935-4,Colin P. Osborne,,"Rising atmospheric CO2 concentrations are impacting the global terrestrial biosphere through indirect climate effects and direct effects on plant performance1,2,3. In tropical forests, long-term monitoring indicates a substantial CO2-driven carbon sink4. C4-grass-dominated tropical and subtropical savannas contribute approximately 30% of terrestrial net primary production5, and yet equivalent long-term analyses of CO2 responses are lacking. Here we show a clear and consistent result across a meta-analysis of 70 CO2-addition experiments and 32 years of in situ field observations from southern Africa: CO2 fertilization of wild C4 grasses is widespread in dry conditions. In experiments, grasses reduced stomatal conductance under higher levels of CO2, limiting water loss while increasing carbon gain. In the field, improved water use efficiency translated into increased C4 grass biomass production across three decades of observations. Finally, simulations via the Community Land Model6 suggest that CO2 fertilization of C4 grass aboveground productivity may continue to increase under future conditions. Together, these results challenge the view that C4 grasses are unresponsive to increasing levels of CO2, demonstrating instead that annual aboveground production of grasses in the field in southern Africa has increased by 28% over three decades (a CO2-driven increase of 75.1 g m−2 (95% confidence interval of 74.5–75.8 g m−2) or 0.37 tons C ha−1 of annual production). Although the fate of this carbon is uncertain (depending on feedbacks with fire, herbivory and woody vegetation), effects on the global carbon cycle may be profound.",nature_html
Twenty-two easy ways to power up your lab meetings,https://www.nature.com/articles/d41586-026-02037-y,,Nature,2026-08-19 00:00:00+00:00,10.1038/d41586-026-02037-y,Hannah Docter-Loeb,,,
Atomic-scale double-slit interferometry with a focused electron probe,https://www.nature.com/articles/s41586-026-10914-9,,Nature,2026-08-19 00:00:00+00:00,10.1038/s41586-026-10914-9,Naoya Shibata,,"Since Young’s original work with light1, double-slit interference experiments have been paradigmatic demonstrations of wave–particle duality2,3,4,5,6. They now underpin modern electron, neutron, atom and molecule interferometers, whose fringe visibility and phase encode quantitative information about both the wave and the diffracting object. Extending this to atomic length scales would offer direct, local access to microscopic structure and dynamics, but has remained unexplored. Here we show that double-slit interferometry can be realized at atomic scales inside a crystal. Using scanning transmission electron microscopy (STEM), we demonstrate the generation of interference fringes with a focused electron beam that is delocalized over two adjacent Si [110] atomic columns separated by 1.36 Å. At finite temperature, these two atomic ‘slits’ vibrate strongly, imprinting their motion on the fringes. The fringes persist from 300 K to 900 K, indicating that only a subset of phonon modes degrades visibility; correlated thermal vibrations between neighbouring atoms preserve coherence that independent motion would otherwise destroy. Quantitative analysis of this preserved visibility provides direct experimental access to vibrational correlations between a pair of atomic columns. These correlations map to the anisotropic stiffness of the specific atomic bond, giving access to the low-energy phonon dynamics that affect thermal transport. By recasting crystals as atomic-scale interferometers, this platform enables direct visualization of local atomic arrangements and their correlated dynamics, opening routes to examine lattice dynamics at the single-bond level.",nature_html
Reconsidering the drivers of ice-shelf collapse,https://www.nature.com/articles/s41467-026-76772-1,,Nature Communications,2026-08-19 00:00:00+00:00,10.1038/s41467-026-76772-1,B. J. Wallis,,,
Artefacts in single-cell mtDNA analyses misinform phylogenies,https://www.nature.com/articles/s41586-026-10777-0,,Nature,2026-08-19 00:00:00+00:00,10.1038/s41586-026-10777-0,Leif S. Ludwig,,,
Modelling anti-Ov16 seroprevalence for the control and elimination of onchocerciasis,https://www.nature.com/articles/s41467-026-76562-9,,Nature Communications,2026-08-19 00:00:00+00:00,10.1038/s41467-026-76562-9,Martin Walker,,"The World Health Organization aims to verify elimination of onchocerciasis transmission in 12 endemic countries by 2030. Serological assays detecting IgG4 antibodies against the Onchocerca volvulus Ov16 antigen guide decision-making regarding start- and stop-mass ivermectin treatment, post-treatment and post-elimination surveillance. Transmission models are crucial for understanding anti-Ov16 IgG4 seroprevalence dynamics. Uncertainty associated with the parasite stage(s) stimulating seroconversion and duration of antibody persistence has hitherto hindered progress. We use the individual-based stochastic transmission model, EPIONCHO-IBM, to test hypotheses regarding the timing of seroconversion and seroreversion. We fit the model to data from (treatment-naïve) Gabon and validate it using data from Togo (four decades of control). The best-fit hypothesis is that seroconversion is elicited by near-patent/patent infection. The duration of antibody persistence remains uncertain. Our findings support the use of mechanistic transmission models to refine serological thresholds for start- and stop-treatment, and aid interpretation of post-treatment and post-elimination surveillance serological signals.",nature_html
Reticular chemistry mimics enzyme pockets,https://www.nature.com/articles/s41563-026-02716-1,,Nature Materials,2026-08-19 00:00:00+00:00,10.1038/s41563-026-02716-1,Wendy L. Queen,,,
From equilibrium to ultrafast antiferromagnetism,https://www.nature.com/articles/s41563-026-02686-4,,Nature Materials,2026-08-19 00:00:00+00:00,10.1038/s41563-026-02686-4,Dmytro Afanasiev,,"Although ferromagnets are known from ancient times, antiferromagnets were only discovered in the twentieth century and represent a much larger, less explored class of magnets. In this Review, we present the current understanding of the ultrafast response of spins in antiferromagnets to ultrashort laser stimuli. We progressively transition from equilibrium to ultrafast out-of-equilibrium dynamics, highlighting fundamental pillars that make the ultrafast magnetic response in antiferromagnets qualitatively distinct, compared with that in ferromagnets. Throughout this Review, we demonstrate how ultrashort laser excitation serves as a powerful tool for investigating and controlling antiferromagnets, providing access to coherent terahertz spin dynamics, dissipation mechanisms, nonlinear interactions and magnetic switching on ultrafast timescales. This unique combination of rich fundamental physics and advanced control capabilities positions antiferromagnets as both a fascinating subject of basic research and a promising platform for next-generation ultrafast and low-dissipation spintronic technologies.",nature_html
Merging performance with manufacturability,https://www.nature.com/articles/s44286-026-00439-3,,Nature Chemical Engineering,2026-08-19 00:00:00+00:00,10.1038/s44286-026-00439-3,Mo Qiao,,,
Nanoclusters in waste-derived electrolyte build electric fields at battery interfaces,https://www.nature.com/articles/s44286-026-00432-w,,Nature Chemical Engineering,2026-08-19 00:00:00+00:00,10.1038/s44286-026-00432-w,,,,
Shifting gears from scalability to efficiency in bioplastics manufacturing,https://www.nature.com/articles/s44286-026-00429-5,,Nature Chemical Engineering,2026-08-19 00:00:00+00:00,10.1038/s44286-026-00429-5,Jeremy S. Luterbacher,,,
Evidence for vacuum-enhanced superconductivity in NbSe2,https://www.nature.com/articles/s41586-026-11037-x,,Nature,2026-08-19 00:00:00+00:00,10.1038/s41586-026-11037-x,Changgan Zeng,,"Vacuum fluctuations provide an important new way to control material properties noninvasively1-6. Here, we present experimental evidence that they can enhance superconductivity. NbSe2 is a layered transition-metal dichalcogenide with well-characterized superconducting behavior, providing a clear platform to reveal this effect. We have observed an increase in the critical temperature of superconducting NbSe2 when it is embedded in a split-ring cavity resonator. Near the transition temperature, the critical current and critical field increase dramatically. Our observations are consistent with theoretical calculations showing that hybridization between electronic degrees of freedom and fluctuating cavity modes lowers the energy of the superconducting state. By providing a proof-of-principle demonstration of superconductivity enhancement via vacuum fluctuations, our work establishes a noninvasive technique for controlling the mainstay of quantum technology.",nature_html
Too much mate choice overwhelms frogs,https://www.nature.com/articles/d41586-026-02554-w,,Nature,2026-08-19 00:00:00+00:00,10.1038/d41586-026-02554-w,,,,
A black hole's spin could finally be measured by a high-speed star,https://www.nature.com/articles/d41586-026-02607-0,,Nature,2026-08-19 00:00:00+00:00,10.1038/d41586-026-02607-0,Nick Petrić Howe,,,
Reply to: Artefacts in single-cell mtDNA analyses misinform phylogenies,https://www.nature.com/articles/s41586-026-10776-1,,Nature,2026-08-19 00:00:00+00:00,10.1038/s41586-026-10776-1,Vijay G. Sankaran,,,
Coupled trapping and de-trapping dynamics govern spectral evolution in multi-center luminescent systems,https://www.nature.com/articles/s41467-026-76888-4,,Nature Communications,2026-08-19 00:00:00+00:00,10.1038/s41467-026-76888-4,Zhiguo Xia,,"In luminescent materials, excitation-time-dependent spectral evolution in connection with nonequilibrium carrier dynamics often remain poorly understood. Here we show that coupled trapping and de-trapping processes govern this behavior in a multi-center luminescent system for the case of Sb3+ doped CsCdCl3, featuring hexagonal and cubic phases. Especially in hexagonal CsCdCl3:Sb3+, multiple emission centers and trap states form competing carrier transfer pathways under steady excitation, leading to a time-dependent redistribution of excitation energy. Trapping introduces spectrally selective absorption overlapping the green Sb3+ emission, resulting in trap-assisted reabsorption, while optically stimulated de-trapping preferentially feeds the lower energy Cd-Cl orange-near-infrared emission. The competition among trapping, trap-assisted reabsorption, and de-trapping establishes a dynamic steady state that continuously reshapes the emission spectrum. These results identify coupled trapping and de-trapping dynamics as the microscopic origin of excitation-time-driven spectral evolution in multi-emitter systems.",nature_html
Pervasive phosphorylation by phage T7 kinase disarms bacterial defences,https://www.nature.com/articles/s41586-026-10934-5,,Nature,2026-08-19 00:00:00+00:00,10.1038/s41586-026-10934-5,Mikhail M. Savitski,,"Bacteria and bacteriophages are in a constant arms race to develop defence and anti-defence systems, respectively. Currently known phage-encoded anti-defence systems are specific to the activity of the targeted bacterial defence system. Here we identify a mechanism by which the T7 bacteriophage broadly counteracts bacterial defences using protein phosphorylation. Its kinase (T7K), which has been reported to redirect the function of a few host proteins1,2,3,4,5, is actually a hyperpromiscuous dual-specificity kinase that phosphorylates nearly all host and phage proteins during infection. The scale of phosphorylation vastly exceeds known phosphosites in Escherichia coli, has no sequence motif specificity and results in a higher proteome-wide phosphorylation density than mammalian cells with around 500 kinases. Stoichiometry analysis of phosphorylation sites revealed strong bias in T7K activity towards nucleic-acid-binding substrates mediated by its C-terminal DNA-binding domain. This highly stoichiometric phosphorylation enables the deactivation of DNA-targeting or DNA-containing bacterial defence systems. We provide mechanistic insights into how T7K weakens DNA-containing Retron-Eco9 through specific phosphorylation events, with single phosphomimetic mutations in key sites of the toxin abolishing defence. Moreover, by screening a large collection of E. coli strains, we provide evidence of broad anti-defence abilities of T7K in nature, as counteracted strains contain diverse bacterial defence systems. T7K homologues are found almost exclusively in phages, with hyperpromiscuous kinase activity probably being enabled by a divergent DFG-like motif in the catalytic centre.",nature_html
Daily briefing: How 3D printers are changing lab work,https://www.nature.com/articles/d41586-026-02614-1,,Nature,2026-08-19 00:00:00+00:00,10.1038/d41586-026-02614-1,Flora Graham,,,
"South Africa’s scientists must register with official body or risk prison, according to draft law",https://www.nature.com/articles/d41586-026-02516-2,,Nature,2026-08-19 00:00:00+00:00,10.1038/d41586-026-02516-2,Sarah Wild,,,
A biased allosteric modulator is a molecular glue for β2AR dimerization,https://www.nature.com/articles/s41586-026-10892-y,,Nature,2026-08-19 00:00:00+00:00,10.1038/s41586-026-10892-y,Brian K. Kobilka,,"Family A G-protein-coupled receptors (GPCRs) are typically described as monomers, yet growing evidence suggests that they can form dimers with distinct signalling properties1,2,3. However, the mechanisms and therapeutic potential of such dimerization remain poorly understood. Here we show that AP-7-168, an optimized derivative of a β-arrestin-biased negative allosteric modulator of the β2-adrenergic receptor (β2AR) that sustains bronchorelaxation in cell and tissue models4, functions as a molecular glue to stabilize β2AR homodimerization. Cryogenic electron microscopy structures reveal a unique binding mode in which two AP-7-168 molecules pack within a pocket formed by transmembrane helices 3, 4 and 5 of two protomers, stabilizing a dimeric conformation that selectively prevents β-arrestin coupling. In cells, AP-7-168 robustly stabilizes β2AR dimerization and drives enlarged nanocluster formation. Combined with extensive functional studies, our findings identify an allosteric mechanism by which a small molecule biases β2AR signalling through dimerization, highlighting ligand-stabilized dimerization as a strategy for GPCR modulation.",nature_html
How do people live beyond 110? Abundance of cancer-killing cells might be key,https://www.nature.com/articles/d41586-026-02587-1,,Nature,2026-08-19 00:00:00+00:00,10.1038/d41586-026-02587-1,Katherine Bourzac,,,
Self-n-doped small molecules for highly stable and low-power biosensing,https://academic.oup.com/nsr/advance-article/doi/10.1093/nsr/nwag489/8766035?rss=1,,National Science Review Advance Access,2026-08-19 00:00:00+00:00,10.1093/nsr/nwag489,Ting Lei,,"Minimizing power consumption and improving long-term stability of bioelectronic devices are crucial for ensuring prolonged operation and reducing the risk of tissue damage. Organic electrochemical transistors (OECTs) have gained widespread attention in biosensing applications due to their high transconductance and excellent biocompatibility. Although considerable efforts have been directed toward optimizing performance metrics (e.g. µC*) in OECTs, strategies to reduce power consumption have been largely overlooked, despite their critical importance for large-scale integration and in vivo sensing applications. Here, we present a unique self-doping strategy to achieve low power consumption in OECTs. Small molecules with certain end groups can undergo self-doping through ethylene glycol side chains, enabling n-type depletion-mode OECTs with near-zero threshold voltage (VTh) and outstanding long-term stability. Based on these, we developed biosensors with high signal-to-noise ratios while operating at an ultralow power consumption of 12 nW. Our findings highlight self-doping molecules for energy-efficient biosensing.",rss_oup
Screening babies’ genomes could save lives. Here’s how it would work,https://www.nature.com/articles/d41586-026-02528-y,,Nature,2026-08-19 00:00:00+00:00,10.1038/d41586-026-02528-y,Uzma Rentia,,,
Ordered liquid crystal-SAM supramolecules stabilize perovskite interfaces,https://www.cell.com/joule/fulltext/S2542-4351(26)00320-X?rss=yes,,Joule,2026-08-19 00:00:00+00:00,10.1016/j.joule.2026.102636,Fei Zhang,,"Here, we developed a “liquid crystal-SAM supramolecule” strategy to suppress SAM aggregation and construct a dense, preferentially oriented monolayer. This supramolecular strategy enhanced SAM adhesion under external stress and promoted hole transport through strong π-π interactions. The resulting nBuO-TPEP-based devices achieved a PCE of 26.72% in small areas and 20.10% in flexible modules, along with outstanding operational stability in air. This strategy also showed good universality across different SAM molecules.",rss_cell
On-demand capacity extraction through thermo-electrochemical hysteresis in metastable Li-Cu alloy,https://www.cell.com/joule/fulltext/S2542-4351(26)00316-8?rss=yes,,Joule,2026-08-19 00:00:00+00:00,10.1016/j.joule.2026.102632,Yi Cui,,"Batteries steadily lose usable lithium as they cycle, as reactive lithium is consumed spontaneously—a key factor limiting how long they retain capacity. A metastable lithium-copper alloy, built into the current collector, stores lithium in reserve and keeps it dormant during operation. The stored lithium is released only when intentionally triggered, boosting the cell’s capacity on demand and extending cycle life in both lithium-metal and lithium-ion batteries, illustrating how metastable materials can introduce functionalities to energy storage.",rss_cell
Sequentially adaptive electron transfer in heteroatom-modulated NiFe-MOFs for efficient anion exchange membrane water/seawater electrolysis,https://www.cell.com/joule/fulltext/S2542-4351(26)00314-4?rss=yes,,Joule,2026-08-19 00:00:00+00:00,10.1016/j.joule.2026.102630,Liejin Guo,,"Sequentially adaptive electron transfer in NiFe-MOFs enables high-performance AEM water electrolysis with ultralow cell voltage at industrial-level current densities, excellent stability under harsh operating conditions, and efficient solar-driven hydrogen production under natural sunlight irradiation.",rss_cell
Programmable polyphasic stimulation with bioresorbable phototransistors,https://www.nature.com/articles/s41928-026-01682-5,,Nature Electronics,2026-08-19 00:00:00+00:00,10.1038/s41928-026-01682-5,Jun Chen,,,
Co-packaged optics for high-performance computing and artificial intelligence,https://www.nature.com/articles/s41928-026-01681-6,,Nature Electronics,2026-08-19 00:00:00+00:00,10.1038/s41928-026-01681-6,Kyusang Lee,,"The large data movement required in high-performance computing and artificial intelligence workloads has exposed the fundamental limits of electrical interconnects, where resistive losses, capacitive loading and frequency-dependent distortion increasingly constrain bandwidth, latency and energy efficiency. Optical compute interconnects, which replace electrical links with co-packaged photonic channels, could provide low propagation loss, high bandwidth and superior signal integrity. Here, we examine the development of optical chip-to-chip interconnects and co-packaged optics for high-performance computing and artificial intelligence. We analyse the key domains, including electrical subsystems, electro–optical and opto–electronic conversion interfaces, and optical transmission networks, that determine system-level performance across bandwidth, energy and latency metrics. We also provide a technology roadmap from two-dimensional (2D) co-packaged optics, 2.5D interposer-based integration and 3D heterogeneous stacking, identifying critical challenges in thermal management, manufacturability and standardization that will need to be addressed to establish optical compute interconnects as a foundational communication technology for high-performance computing infrastructure.",nature_html
A room-temperature cavity–magnonic source of correlated microwave magnon polariton pairs,https://www.nature.com/articles/s41928-026-01689-y,,Nature Electronics,2026-08-19 00:00:00+00:00,10.1038/s41928-026-01689-y,Luqiao Liu,,"Correlated microwave photon sources are required for the development of quantum-limited sensing, signal amplification and communication. However, the devices typically have a millikelvin operating temperature, which limits their broader application. Here we report a hybrid magnon–photon platform that is based on a printed-circuit-board microstrip resonator coupled to an yttrium iron garnet film and emits strong correlated microwave signals at room temperature. Our approach achieves non-degenerate excitations by coupling magnon modes simultaneously with two cavity photon modes. Through the magnon–photon interactions in the corresponding linear and nonlinear regimes, one input microwave photon splits into a pair of magnon polaritons that have distinct frequencies and maintain strong intermode correlations. The nonlinear magnon polariton dynamics exhibit true randomness and robust multichannel correlations, and we use the system to demonstrate microwave communication with reliable signal transmission through two noisy channels.",nature_html
"Ultradense metal-chelated nanoconfined network hydrogels enable tough, anti-swelling, and cryogenic electrolyte performance",https://www.cell.com/matter/fulltext/S2590-2385(26)00331-0?rss=yes,,Matter,2026-08-19 00:00:00+00:00,10.1016/j.matt.2026.102968,Wenbo Wang,,"An ultradense metal-chelated poly(acrylic acid) network with sub-100 nm pores is designed to combine toughness, dimensional stability, and cryogenic ion transport. The homogeneous topology minimizes structural defects and converts nearly all free water to bound water, forming a nanoscaffold-confined aqueous state. The resulting hydrogel achieves 69 MPa compressive strength, near-zero swelling, and 24.15 mS·cm−1 ionic conductivity at −65°C. As a quasi-solid electrolyte, it sustains Zn–air batteries over 20,000 cycles at −65°C without capacity decay.",rss_cell
Energy resources and geopolitical conflicts: ARDL analysis of Iraq's socioeconomic dynamics,https://www.sciencedirect.com/science/article/pii/S0301421526004350?dgcid=rss_sd_all,,ScienceDirect Publication: Energy Policy,2026-08-19 00:00:00+00:00,,Foued Saâdaoui,,,
Geopolitical risk exposure and resilience of energy support-chain trade: A multilayer network diagnosis,https://www.sciencedirect.com/science/article/pii/S0301421526004830?dgcid=rss_sd_all,,ScienceDirect Publication: Energy Policy,2026-08-19 00:00:00+00:00,,Xiangyu Wang,,,
A direct diagnosis method for degradation modes of LiFePO4 batteries based on mechanism analysis,https://www.sciencedirect.com/science/article/pii/S0306261926013450?dgcid=rss_sd_all,,ScienceDirect Publication: Applied Energy,2026-08-19 00:00:00+00:00,,Limei Wang,,,
"The role of small modular reactors with thermal energy storage in zero-carbon electricity systems: a technological, economic, and resilience analysis across 75 countries",https://www.sciencedirect.com/science/article/pii/S0306261926013413?dgcid=rss_sd_all,,ScienceDirect Publication: Applied Energy,2026-08-19 00:00:00+00:00,,Meiqi Song,,,
Exploiting convexity of neural networks in dynamic operating envelope optimization for distributed energy resources,https://www.sciencedirect.com/science/article/pii/S0306261926012353?dgcid=rss_sd_all,,ScienceDirect Publication: Applied Energy,2026-08-19 00:00:00+00:00,,Zhaoyu Wang,,,
AI tool lets researchers 'vibe code' in the quantum realm,https://www.nature.com/articles/d41586-026-02495-4,,Nature,2026-08-19 00:00:00+00:00,10.1038/d41586-026-02495-4,Davide Castelvecchi,,,
A global atmospheric methane record from a tropical ice core,https://www.nature.com/articles/s41586-026-10938-1,,Nature,2026-08-19 00:00:00+00:00,10.1038/s41586-026-10938-1,Edward J. Brook,,"Tropical wetlands are widely considered the largest natural source of atmospheric methane (CH4)1,2,3,4. However, uncertainties about wetland extent and CH4 production have led to large variations in modelled CH4 emission trends2,3. Most historical reconstructions rely on data from polar ice cores, which cannot fully resolve the tropical contribution5,6 to the CH4 budget. Here we present a 2,000-year record of atmospheric CH4 concentrations from ice cores drilled from the South Peak summit of Nevado Huascarán (Summit Core A, SCA; −9.122° S, −77.605° W; 6,768 m asl). We find that the trends and magnitudes of our CH4 record are broadly consistent with polar records7. Our δ13C-CH4 measurements (from approximately 1530 CE to 1999 CE) align with isotope values8 consistent with a dominant tropical CH4 source. Integration of our record into an atmospheric four-box model suggests a sustained equatorial dominance of CH4 source strength over the past two millennia. Our findings indicate that equatorial CH4 emissions are higher than previous estimates based only on polar ice core data, supporting the long-standing hypothesis that low-latitude CH4 emissions dominated pre-industrial (PI) CH4 variability5,6. These results demonstrate the importance of tropical ice cores on the reconstruction of CH4 variability and latitudinal distribution.",nature_html
PV-JSSR: Joint super-resolution and segmentation with cross-task interaction for photovoltaic panel mapping from multi-resolution imagery,https://www.sciencedirect.com/science/article/pii/S0306261926012833?dgcid=rss_sd_all,,ScienceDirect Publication: Applied Energy,2026-08-19 00:00:00+00:00,,Yung-Cheol Byun,,,
Asymmetric prefrontal representations for leader–follower dynamics,https://www.nature.com/articles/s41586-026-10900-1,,Nature,2026-08-19 00:00:00+00:00,10.1038/s41586-026-10900-1,Herbert Zheng Wu,,"Across species, cooperative behaviour is often organized by distinct social roles such as leaders and followers1, yet the neural mechanisms that support these emergent role dynamics remain unclear. Here we introduce a mouse paradigm that captures leader–follower dynamics during cooperation. In this paradigm, stable social roles emerge through reciprocal interaction and predict learning speed. Disrupting the activity of the medial prefrontal cortex (mPFC), particularly in followers, impairs cooperation and induces complementary shifts in how animals weigh self- and partner-related cues during decision-making. Calcium imaging reveals that the mPFC represents leader–follower dynamics and computes an egocentric social value map of the partner’s position in a role-dependent manner. By integrating these empirical findings with a multi-agent inverse reinforcement learning framework, we identify latent value functions that guide cooperative decisions and are decodable from mPFC activity. These findings identify prefrontal representations of leader–follower dynamics and partner information, revealing how social roles structure asymmetric yet reciprocal influence over joint decisions.",nature_html
Rudolph A. Marcus obituary: theoretical chemist who explained how electrons jump between molecules,https://www.nature.com/articles/d41586-026-02610-5,,Nature,2026-08-19 00:00:00+00:00,10.1038/d41586-026-02610-5,Kenneth H. Marcus,,,
Safety and security of large language models in healthcare,https://www.nature.com/articles/s41586-026-10687-1,,Nature,2026-08-19 00:00:00+00:00,10.1038/s41586-026-10687-1,Jakob Nikolas Kather,,"Integration of artificial intelligence methods into clinical care is proceeding rapidly, driven by advances in generative artificial intelligence, most notably large language models. Large language models trained on large amounts of text have shown potential across nearly every domain of healthcare. However, their broad applicability also comes with new responsibilities, vulnerabilities and threats. These need to be assessed and mitigated before widespread clinical adoption. Here we review the available literature on security and safety of large language models themselves as well as their integration with hospital workflows and interactions with human healthcare providers. We systematically map security hazards to development stages of clinical artificial intelligence systems (design, data, model, inference and environment), identify safety layers, from core optimization objectives, knowledge integrity and alignment, to interaction with humans and systems, and classify threats by their current clinical relevance. Finally, we provide a perspective on current mitigation techniques, illustrating respective stakeholders’ responsibilities.",nature_html
Computational ‘gym’ trains AI models to control turbulence,https://www.nature.com/articles/d41586-026-02375-x,,Nature,2026-08-19 00:00:00+00:00,10.1038/d41586-026-02375-x,Clara M. Velte,,,
Family genetic designs in MoBa provide insights into health and functioning,https://www.nature.com/articles/s41586-026-10926-5,,Nature,2026-08-19 00:00:00+00:00,10.1038/s41586-026-10926-5,Alexandra Karoline Havdahl,,"Genome-wide association studies using large, population-based samples of unrelated individuals have discovered thousands of genetic associations with health and disease1. These studies can help explain genetic and environmental risks. However, increasing evidence suggests that population-based estimates, while precise, can also reflect confounding that affects their use and interpretation. This confounding can be overcome using data from genotyped family members, such as nuclear mother–father–child trios2,3. However, samples of genotyped families are rare4,5,6,7,8,9,10,11. Here we illustrate some of the advantages of familial data using the Norwegian Mother, Father and Child Cohort Study (MoBa), a population-based cohort of parents and offspring with extensive genotype data (n ≈ 230,000) (ref. 3), along with broad and longitudinal phenotyping of health and functioning. We provide an overview of MoBa and describe the quality control of genotype data tailored to this extensively related sample. We then use trio data to illustrate how family-based genomic designs can identify distinct direct and indirect sources of genetic influence and structural confounding. As examples, we analyse children’s height, educational achievement, depressive symptoms and sleep duration. These demonstrations highlight MoBa as a broadly valuable resource for advancing understanding of health and functioning across the lifecourse and generations.",nature_html
Human organoids that mimic brain development grown for years in lab,https://www.nature.com/articles/d41586-026-02585-3,,Nature,2026-08-19 00:00:00+00:00,10.1038/d41586-026-02585-3,Rachel Fieldhouse,,,
Activity of solar-driven polymer catalysts unleashed to produce a potential green fuel,https://www.nature.com/articles/d41586-026-02373-z,,Nature,2026-08-19 00:00:00+00:00,10.1038/d41586-026-02373-z,Filip Podjaski,,,
Delisted,https://www.nature.com/articles/d41586-026-02410-x,,Nature,2026-08-19 00:00:00+00:00,10.1038/d41586-026-02410-x,Ximing Zhang,,,
Psychedelics tune the brain to the environment,https://www.nature.com/articles/d41586-026-02377-9,,Nature,2026-08-19 00:00:00+00:00,10.1038/d41586-026-02377-9,Mihai Avram,,,
Embodied Learning under Policy and Dynamics Shifts,https://academic.oup.com/nsr/advance-article/doi/10.1093/nsr/nwag506/8766030?rss=1,,National Science Review Advance Access,2026-08-19 00:00:00+00:00,10.1093/nsr/nwag506,Huaping Liu,,"Embodied agents must continuously adapt to the physical world using interaction data collected across varying timescales, controllers, and environmental conditions. However, standard reinforcement learning assumes stationary dynamics and on-policy data, a premise often violated in reality where physical parameters drift and historical data becomes heterogeneous. The central challenge lies in the compound distribution shift: replayed transitions follow an occupancy distribution that diverges fundamentally from the current physical reality, leading to biased value estimation and catastrophic learning collapse. In this work, we propose Transition Occupancy Matching as a unifying principle to resolve policy and dynamics shifts within a single mathematical framework. We introduce Occupancy-Matching Policy Optimization (OMPO), a novel algorithm that optimizes a surrogate objective explicitly correcting for transition discrepancies. By leveraging a dual reformulation with a sign-free logarithmic link, OMPO transforms the intractable matching problem into a stable min-max optimization, amenable to arbitrary reward structures. Crucially, OMPO integrates a distributional critic and a multimodal encoder with a small-scale local buffer, allowing the agent to anchor massive historical data to the immediate physical context for rapid adaptation. Extensive evaluations across diverse benchmarks—including MuJoCo locomotion, DM-Control, Meta-World, and high-fidelity Panda robot manipulation—demonstrate that OMPO consistently outperforms specialized baselines in stationary, domain-shifting, and non-stationary settings. By unifying distribution correction across policy and dynamics shifts, OMPO addresses a fundamental bottleneck in transfer learning, providing a robust algorithmic framework for continual adaptation in changing physical conditions.",rss_oup
Nanocatalytic medicine: pathological chemical microenvironments as regulation targets for fundamental solutions of major chronic diseases,https://academic.oup.com/nsr/advance-article/doi/10.1093/nsr/nwag510/8766027?rss=1,,National Science Review Advance Access,2026-08-19 00:00:00+00:00,10.1093/nsr/nwag510,Jianlin Shi,,"Major chronic diseases, including cancer, cardiovascular and neurodegenerative disorders, diabetes, and non-infectious inflammations, are fundamentally driven by dysregulated pathological chemical microenvironments characterized by oxidative stress, hypoxia, acidosis, protein misfolding, and abnormal carbohydrate and lipid metabolism. These aberrant chemical milieus not only drive pathogenesis but also create a pathological ‘soil’ that supports disease progression and confers therapeutic resistance. Traditional strategies predominantly target cellular components, overlooking this fundamental chemical basis. Nanocatalytic medicine has recently emerged as a novel paradigm that directly targets these pathological chemical microenvironments through controlled in-situ catalytic reactions. Rationally designed nanocatalysts enable precise regulation of disease-associated chemicals, including generating cytotoxic reactive oxygen species for tumor therapy, scavenging excessive oxidants to alleviate inflammatory damage, catalyzing oxygen production to relieve hypoxia, and treating biomolecular aggregates in neurodegenerative diseases. This Review delineates the chemical hallmarks of major diseases, elucidates nanocatalytic strategies for their regulation, and proposes design principles for optimizing nanocatalytic medicines. By positioning pathological chemical microenvironments as fundamental therapeutic targets, nanocatalytic medicine offers an innovative and powerful chemical toolbox for treating major chronic diseases.",rss_oup
Deep Earth Forcing and Paleoclimate Evolution,https://academic.oup.com/nsr/advance-article/doi/10.1093/nsr/nwag502/8766026?rss=1,,National Science Review Advance Access,2026-08-19 00:00:00+00:00,10.1093/nsr/nwag502,Qiuming Cheng,,,
Psychedelics align brain activity with context,https://www.nature.com/articles/s41586-026-10910-z,,Nature,2026-08-19 00:00:00+00:00,10.1038/s41586-026-10910-z,Adeel Razi,,"Psychedelics can profoundly alter consciousness by reorganizing brain connectivity1,2, producing acute experiences that shape lasting psychological change3,4. Psychedelic dynamics are commonly described as desynchronized or entropically disordered5,6, yet the brain organization underlying self-dissolving and boundary-dissolving experiences that participants often report7, and how context shapes that organization8, remain unresolved. To address this, we acquired the largest single-site psychedelic neuroimaging dataset to date. Sixty-two adults underwent functional magnetic resonance imaging (fMRI) and electroencephalography (EEG) during rest and naturalistic stimuli (meditation, music and movie), before and on the day of psilocybin administration (fMRI ~ 80 min post-dose; EEG ~ 150 min post-dose). Half ranked the experience among the most meaningful of their lives7. Here, using machine learning to represent the brain dynamics of each individual as low-dimensional trajectories, we show that psilocybin reorganizes brain activity into structured, context-sensitive patterns that co-vary with the quality of subjective experience, revealing a latent order missed by time-averaged measures. Networks that ordinarily segregate internal and external processing integrated, producing cohesive context-aligned trajectories in participants reporting the felt experience of being continuous with, rather than separate from, the environment, a state we refer to as embeddedness. The strength of this context alignment scaled with both the depth of self-dissolving and boundary-dissolving experience and the next-day mindset change. Our findings recast apparent disorder as latent organization aligned with context, linking neurobiology to subjective experience and behavioural change.",nature_html
The Antarctic ice sheet has gained mass — but probably not for long,https://www.nature.com/articles/d41586-026-02376-w,,Nature,2026-08-19 00:00:00+00:00,10.1038/d41586-026-02376-w,Jonathan Wille,,,
Towards the integration of remote renewable energy hubs with CCUS chain for a future energy system: the Belgian case,https://www.sciencedirect.com/science/article/pii/S0306261926010822?dgcid=rss_sd_all,,ScienceDirect Publication: Applied Energy,2026-08-19 00:00:00+00:00,,Damien Ernst,,,
Antioxidant Proline Carbon Dot‐Composited Poly(L‐methionine) Hydrogel Restores Mitophagy to Alleviate Cellular Senescence in Intervertebral Disc Degeneration (Adv. Mater. 46/2026),https://advanced.onlinelibrary.wiley.com/doi/10.1002/adma.74557?af=R,,Wiley: Advanced Materials: Table of Contents,2026-08-19 02:51:35+00:00,10.1002/adma.74557,Jianxun Ding,,,
NiMo Dual‐Atom Dimers on Pd Nanosheets for Selective C─H and C─C Bond Cleavage of Ethylene Glycol From Waste Plastics (Adv. Mater. 46/2026),https://advanced.onlinelibrary.wiley.com/doi/10.1002/adma.74556?af=R,,Wiley: Advanced Materials: Table of Contents,2026-08-19 02:51:35+00:00,10.1002/adma.74556,Myong Yong Choi,,,
Laplace‐Pressure‐Stabilized Rutile Solid‐Solution Catalysts for Acidic Water Oxidation: Enabling DSA‐Inspired Compositions (Adv. Mater. 46/2026),https://advanced.onlinelibrary.wiley.com/doi/10.1002/adma.74554?af=R,,Wiley: Advanced Materials: Table of Contents,2026-08-19 02:51:35+00:00,10.1002/adma.74554,Sung‐Yoon Chung,,,
Turning Unpredictable Biomolecule Adsorption to Controlled Corona Formation: Focus on Carbon Nanomaterials (Adv. Mater. 46/2026),https://advanced.onlinelibrary.wiley.com/doi/10.1002/adma.74555?af=R,,Wiley: Advanced Materials: Table of Contents,2026-08-19 02:51:35+00:00,10.1002/adma.74555,Alberto Bianco,,,
Understanding the Electrolyte‐Hard Carbon Interphase Synergy in Sodium‐Ion Batteries: From Mechanistic Insights to Design Strategies,https://advanced.onlinelibrary.wiley.com/doi/10.1002/aenm.71425?af=R,,Wiley: Advanced Energy Materials: Table of Contents,2026-08-19 06:27:14+00:00,10.1002/aenm.71425,Xingqiao Wu,,"ABSTRACT
                  
                    Hard carbon is the most practical anode for sodium‐ion batteries, yet its deployment is hindered by an unstable, non‐uniform solid electrolyte interphase (SEI) that causes irreversible Na loss, high interfacial resistance, and capacity fading. This review discusses SEI formation as a dynamic coupling between electrolyte chemistry and the local carbon interface, and discuss the interactions of solvation structure, anion chemistry, concentration, and additives with hard carbon surface groups, dopants, pores, and defects to govern SEI properties. Based on this understanding, we propose a perspective framework for electrolyte‐hard carbon interphase synergy, which includes four coupled design directions: (i) solvation‐pore coupling to balance desolvation, pore accessibility, and confined sodium storage; (ii) surface‐ and additive‐guided electrolyte decomposition to regulate SEI composition; (iii) pore‐defect‐electrolyte regulation to enable selective Na
                    +
                    transport while suppressing intrapore SEI growth; (iv) constructing chemically and mechanically robust interphases through inorganic‐organic hybrid architectures. A key gap remains the missing in
                    operando
                    link between interfacial electric fields and SEI evolution, hindering rational design of self‐limiting passivation. We outline future directions toward chemically robust, ultrathin, and ionically conductive interphases for high‐performance sodium‐ion batteries.",crossref
Timescale‐Decoupled Polarization Kinetics Guide the Design of Polarization‐Resistant Cathode Hosts for Zinc–Iodine Batteries,https://advanced.onlinelibrary.wiley.com/doi/10.1002/aenm.71468?af=R,,Wiley: Advanced Energy Materials: Table of Contents,2026-08-19 06:28:05+00:00,10.1002/aenm.71468,Haibo Hu,,"ABSTRACT
                  
                    Severe voltage polarization limits the deployment of zinc–iodine batteries by collapsing energy/power output under high iodine loadings (&gt; 10 mg cm
                    −2
                    ) and current densities (&gt; 3 A g
                    −1
                    ). Yet its origins remain unresolved because ohmic, charge‐transfer, and mass‐transport losses evolve concurrently during operation. Here we establish a timescale‐decoupled polarization framework that quantitatively differentiates these overlapping voltage losses in operando and links them to electrode design principles. The analysis reveals that concentration‐polarization dominates under practical high‐loading and high‐rate conditions. Guided by this insight, we design a polarization‐resistant cathode host consisting of Fe single atoms anchored on porous graphene (Fe@PG). The architecture integrates a conductive graphitic framework for rapid electron transport, atomically dispersed Fe–N
                    4
                    sites for accelerated I
                    −
                    /I
                    3
                    −
                    redox conversion, and hierarchical pores with strong iodine affinity for efficient mass transport and species confinement, thereby concurrently suppressing ohmic, activation, and concentration polarization. At an iodine loading of 14.1 mg cm
                    −2
                    , the I
                    2
                    /Fe@PG‖Zn cell delivers a low polarization loss of 0.43 V at 70.5 mA cm
                    −2
                    (5 A g
                    −1
                    ), 29.5% lower than the control, together with energy/power densities of 214.1 Wh kg
                    −1
                    /1761.4 W kg
                    −1
                    , and 82.0% capacity retention after 3000 cycles. This work provides a generalizable strategy for decoding and regulating polarization kinetics in conversion‐type Zn–halide batteries.",crossref
Selenocyanate Driven Organic Cations Homogenization in Wide‐Bandgap Perovskite,https://advanced.onlinelibrary.wiley.com/doi/10.1002/aenm.71462?af=R,,Wiley: Advanced Energy Materials: Table of Contents,2026-08-19 06:28:16+00:00,10.1002/aenm.71462,Wallace C. H. Choy,,"ABSTRACT
                  
                    Achieving both high efficiency and long‐term stability in wide‐bandgap formamidinium ((FA
                    +
                    )‐based perovskite solar cells remains challenging. This difficulty primarily arises from FA
                    +
                    vacancy formation and halide ion migration, which induce ionic disorder and structural degradation. These coupled instabilities compromise lattice integrity, disrupt carrier dynamics, and accelerate device decay. Here, we introduce selenocyanate (SeCN
                    −
                    ) pseudohalide anions into wide bandgap (1.66 eV) FA‐based perovskites to simultaneously stabilize the lattice and suppress ion migration. Leveraging its lattice compatibility and robust hydrogen bonding with FA
                    +
                    , the formation energy of FA
                    +
                    vacancies is raised, thereby increasing the migration barrier for I
                    −
                    , thereby mitigating ionic heterogeneity. Consequently, SeCN
                    −
                    ‐doped films exhibit uniform FA distributions both laterally and vertically, reduced defect densities, and a more robust lattice network. These microscopic improvements translate into substantial device‐level benefits: single‐junction wide‐bandgap solar cells deliver efficiencies exceeding 24%, while monolithic perovskite/silicon tandem devices achieve over 32% efficiency and retain more than 90% of their initial performance after 1000 h of continuous operation. This work establishes anion‐site engineering with pseudohalides as a promising strategy to homogenize cation distributions, stabilize lattice structures, and suppress ion migration.",crossref
Separating Hydrogen Evolution From Electroplating in Zn Metal Batteries Using Scanning Electrochemical Microscopy,https://advanced.onlinelibrary.wiley.com/doi/10.1002/aenm.71398?af=R,,Wiley: Advanced Energy Materials: Table of Contents,2026-08-19 06:29:29+00:00,10.1002/aenm.71398,Svetlana Menkin,,"ABSTRACT
                  The performance of Zn metal batteries is limited by the parasitic hydrogen evolution reaction (HER), which occurs at potentials similar to Zn plating. The HER contributes to losses in coulombic efficiency and causes passivation via local pH changes, resulting in by‐product formation on the electrode surface. Understanding these processes is essential for controlling Zn morphology and improving the lifetime and safety of ZMBs. This work uses scanning electrochemical microscopy (SECM) to quantify hydrogen evolution by monitoring the hydrogen oxidation reaction at an ultramicroelectrode during electrode cycling. We demonstrate, across a series of battery‐relevant electrolytes, that hydrogen evolution decreases upon cycling because of changes in Zn crystallinity and by‐product formation, as supported by in‐situ Raman spectroscopy and X‐ray diffraction. Using the generation and collection modes of SECM, we quantify the contribution of HER to charge passed during Zn electroplating and show that, under the present conditions, it is orders of magnitude smaller than irreversible charge losses inferred from Coulombic efficiency measurements. These findings establish SECM as a powerful operando method for decoupling HER from other degradation pathways in aqueous Zn electrolytes.",crossref
Wide‐Stable Dynamics Enabling Ultra‐High Power Density in Compact Magneto‐Mechano‐Electric Energy Harvesters for Self‐Powered Smart Grid Monitoring,https://advanced.onlinelibrary.wiley.com/doi/10.1002/aenm.71352?af=R,,Wiley: Advanced Energy Materials: Table of Contents,2026-08-19 06:47:47+00:00,10.1002/aenm.71352,Ming Liu,,"ABSTRACT
                  
                    Cantilever‐structured magneto‐mechano‐electric energy harvesters (MME‐EHs) are considered as one of promising candidates for powering Internet of Things (IoT) devices by capturing ambient magnetic fields. However, conventional MME‐EHs with volumes comparable to button cell batteries (≤1 cm
                    3
                    ) face a critical challenge in overcoming the output power density bottleneck to meet advancing IoT demands under weak excitations. In this work, we overcome this limitation by proposing a wide‐stable energy harvesting strategy. Unlike conventional bistable systems that struggle to sustain high‐energy interwell oscillations under weak excitations, or monostable systems restricted by steep potential wells, our design leverages nonlinear dynamics to engineer a broadened and flattened potential well that facilitates large‐amplitude intrawell motion even under weak fields. This strategy significantly enhances magneto‐mechanical coupling efficiency, enabling a compact MME‐EH (effective volume 0.968 cm
                    3
                    ) to generate 0.89 mW output power under a weak magnetic field of 1 Oe at 50 Hz, representing an 89% enhancement over the original MME‐EH. The output power density reaches 0.92 mW cm
                    −3
                    Oe
                    −2
                    , revealing a 26% improvement compared to state‐of‐the‐art performance. Its potential for practical application is validated via a self‐powered wireless sensor network (WSN) for grid monitoring and fire alarms, paving the way for maintenance‐free, wide‐area distributed WSNs.",crossref
Hydrogen-ready infrastructure risks new carbon lock-in,https://www.pnas.org/doi/abs/10.1073/pnas.2601685123?mi=eymic2&af=R&access=on&content=articlesChapters&publication=pnas&sortBy=Earliest&target=default,,Proceedings of the National Academy of Sciences: Keyword search for query,2026-08-19 07:00:00+00:00,10.1073/pnas.2601685123,Y. Frank Cheng,,,
Heme-binding protein CYB5D1 couples intraflagellar redox to calcium signaling for coordinated flagellar beating,https://www.pnas.org/doi/abs/10.1073/pnas.2535939123?mi=eymic2&af=R&access=on&content=articlesChapters&publication=pnas&sortBy=Earliest&target=default,,Proceedings of the National Academy of Sciences: Keyword search for query,2026-08-19 07:00:00+00:00,10.1073/pnas.2535939123,Kaiyao Huang,,"Coordinated ciliary/flagellar beating requires precise spatiotemporal regulation of molecular motors such as dyneins, yet the molecular mechanisms governing ciliary synchrony remain poorly understood. Here, we demonstrate that a heme-binding axonemal protein CYB5D1 functions as a redox-sensitive switch that controls flagellar beating coordination by regulating Ca
                    2+
                    dynamics. Both the D58G point mutation, which abolishes heme-binding activity, and the complete loss of CYB5D1 lead to a reduction in the flagellar redox potential. More importantly, the hyperreductive intraflagellar redox shift in the
                    cyb5d1
                    mutant increases
                    cis
                    -flagellar Ca
                    2+
                    spike frequency and amplitude, similar to reductive treatment of wild-type flagella, resulting in the loss of flagellar beating coordination. Interestingly, oxidative treatments induced synchronized Ca
                    2+
                    spikes across both
                    cis
                    - and
                    trans
                    -flagella of
                    cyb5d1
                    and increased flagellar beating coordination. In addition, loss of CYB5D1 raised the intraflagellar Ca
                    2+
                    pool. These results indicate that CYB5D1 links redox sensing to Ca
                    2+
                    signaling in ciliary coordination and reveal how the two flagella of the same cell achieve synchronized beating through redox-gated Ca
                    2+
                    dynamics. Furthermore, CYB5D1 loss impairs gliding motility by dysregulating Ca
                    2+
                    spiking specifically in the leading flagellum, extending the redox-Ca
                    2+
                    regulatory axis to surface-associated flagellar behaviors. Given the evolutionary conservation of both CYB5D1 and the redox-Ca
                    2+
                    signaling axis, this mechanism likely regulates ciliary function across eukaryotes, with implications for understanding ciliopathies and respiratory diseases.",crossref
High-resolution mapping of osteoblast metabolism and bone matrix turnover in vivo,https://www.pnas.org/doi/abs/10.1073/pnas.2533109123?mi=eymic2&af=R&access=on&content=articlesChapters&publication=pnas&sortBy=Earliest&target=default,,Proceedings of the National Academy of Sciences: Keyword search for query,2026-08-19 07:00:00+00:00,10.1073/pnas.2533109123,Haibo Jiang,,"Understanding how osteoblasts build and remodel bone matrix in vivo remains a fundamental challenge because cellular metabolism and matrix turnover are difficult to resolve across time and space within mineralized tissues. Here, we developed an integrated imaging platform combining stable isotope labeling with correlative electron microscopy and nanoscale secondary ion mass spectrometry (NanoSIMS) to visualize bone cell metabolism and matrix dynamics at nanometer resolution in vivo. This approach revealed rapid incorporation of dietary amino acids into osteoblast subcellular compartments within minutes of oral administration, followed by deposition of newly labeled extracellular matrix within hours. By linking elemental composition, isotope incorporation, and ultrastructure, we further show that cellular phosphorus signal is associated with early osteoblast amino acid incorporation. Multiday labeling revealed that newly deposited matrix is spatially associated with local osteocyte process architecture. Long-term amino acid tracing uncovered localized matrix turnover at osteocyte and osteoclast interfaces, including osteocyte-associated pericellular matrix remodeling and osteoclast association with newly formed, old, and mixed matrix regions. Finally, aging was associated with reduced osteoblast amino acid incorporation, diminished matrix deposition, and impaired osteocyte process-associated activity. Together, this work establishes a high-resolution platform for linking bone cell metabolism with matrix deposition and turnover in vivo, providing a broadly adaptable strategy to investigate skeletal aging, tissue remodeling, and metabolic dysfunction in disease.",crossref
The dual-function enzyme PpLipO protects polar marine bacteria from phospholipid peroxidation,https://www.pnas.org/doi/abs/10.1073/pnas.2527470123?mi=eymic2&af=R&access=on&content=articlesChapters&publication=pnas&sortBy=Earliest&target=default,,Proceedings of the National Academy of Sciences: Keyword search for query,2026-08-19 07:00:00+00:00,10.1073/pnas.2527470123,Ping-Yi Li,,"Membrane phospholipid peroxidation is a deleterious process in which reactive oxygen species (ROS) attack unsaturated fatty acids embedded in cell membranes, generating phospholipid hydroperoxides and triggering structural damage that can ultimately lead to cell death. While mammalian strategies to mitigate peroxidation, primarily through the combined activities of phospholipase A
                    2
                    (PLA
                    2
                    ) and subsequent reduction of resultant fatty acid hydroperoxides with glutathione peroxidases/peroxiredoxins have been well characterized for more than two decades, mechanisms by which prokaryotes contend with this oxidative challenge remain poorly understood. Here, we report a phospholipid hydroperoxide elimination strategy mediated by the bifunctional enzyme
                    Pp
                    LipO from the Antarctic sea-ice bacterium
                    Pseudoalteromonas prydzensis
                    . This enzyme comprises an N-terminal lipase domain and a C-terminal lipoyl peroxidase domain. Through synergistic action of these domains,
                    Pp
                    LipO first hydrolyzes ROS-induced phospholipid hydroperoxides into fatty acid hydroperoxides via its lipase domain, then catalyzes their reduction to hydroxy fatty acids via the peroxidase domain. Comprehensive phylogenetic and structural analyses of the C-terminal peroxidase domain revealed its unique position within a distinct clade of the Ohr/OsmC family, known for their roles in organic hydroperoxide detoxification. Functional studies of
                    Pp
                    LipO homologs in other marine bacteria, combined with metagenomic surveys, suggest that this strategy is widespread in global oceans, particular among polar marine bacteria. Altogether, our findings identify a prokaryotic phospholipid peroxidation repair mechanism that parallels the mammalian PLA
                    2
                    - peroxidase system, expanding our understanding of oxidative stress response across domains of life.",crossref
A human pluripotent stem cell triculture platform to elucidate microglial regulation of retinal ganglion cells in neuroinflammation,https://www.pnas.org/doi/abs/10.1073/pnas.2522958123?mi=eymic2&af=R&access=on&content=articlesChapters&publication=pnas&sortBy=Earliest&target=default,,Proceedings of the National Academy of Sciences: Keyword search for query,2026-08-19 07:00:00+00:00,10.1073/pnas.2522958123,Jason S. Meyer,,"Optic neuropathies, including glaucoma, are characterized by the progressive degeneration of retinal ganglion cells (RGCs), ultimately leading to irreversible vision loss. Increasing evidence implicates microglia, the resident immune cells of the central nervous system, as key modulators of RGC health and disease progression. However, the precise mechanisms by which microglia influence RGCs remain poorly understood, particularly in the human context. In this study, we established human pluripotent stem cell-derived coculture systems incorporating microglia, astrocytes, and RGCs to explore how microglia shape RGC growth and maturation under physiological conditions. We first examined the impact of homeostatic microglia on RGCs in both coculture and triculture systems, revealing distinct influences of cell types in coculture compared to when they were grown individually. We then modeled inflammatory states by activating microglia with lipopolysaccharide and evaluated their effects on RGCs both directly and in the context of astrocyte coculture. This stepwise, reductionist approach enabled us to dissect the cellular interactions driving RGC vulnerability in inflammatory conditions relevant to optic neuropathies. Our findings provide insight into the complex neuroimmune landscape that underlies RGC degeneration and identify key pathways that may serve as therapeutic targets across a range of optic nerve diseases.",crossref
USP14 competitively binds to FBXW7 to stabilize MTDH and promotes metastasis and drug resistance of head and neck squamous cell carcinoma,https://www.pnas.org/doi/abs/10.1073/pnas.2504068123?mi=eymic2&af=R&access=on&content=articlesChapters&publication=pnas&sortBy=Earliest&target=default,,Proceedings of the National Academy of Sciences: Keyword search for query,2026-08-19 07:00:00+00:00,10.1073/pnas.2504068123,Yong Liu,,"The development of metastasis marks an aggressive stage of head and neck squamous cell carcinoma (HNSCC) and is closely linked to unfavorable survival outcomes. While metadherin (MTDH) drives tumorigenesis, metastasis, and chemoresistance in HNSCC, its dysregulation mechanisms remain unclear. Here, we identify USP14 as a specific deubiquitinase that stabilizes MTDH. USP14-dependent deubiquitination of MTDH activates NF-κB signaling, which drives epithelial–mesenchymal transition and supports cancer stem cells maintenance, ultimately strengthening HNSCC metastasis and chemoresistance. Mechanistically, we uncovered a competitive interaction: USP14 competes with the ubiquitin ligase FBXW7 for MTDH binding, preventing FBXW7-mediated degradation. Consequently, USP14 inhibition significantly mitigates aggressive phenotypes, an effect reversed by MTDH reintroduction. Clinical analysis confirms that MTDH and USP14 are overexpressed and positively correlated in metastatic HNSCC tissues. In conclusion, our study reveals a regulatory axis where USP14 competitively counteracts FBXW7 to stabilize MTDH, driving HNSCC progression. These findings provide preclinical evidence that targeting USP14 is a promising therapeutic strategy to overcome metastasis and chemoresistance in HNSCC.",crossref
Ultrathin CoO nanosheets enable direct CO2 hydrogenation to acetic acid,https://www.science.org/doi/abs/10.1126/sciadv.aeg1076?af=R,,AAAS: Science Advances: Table of Contents,2026-08-19 07:00:00+00:00,10.1126/sciadv.aeg1076,Jinlong Gong,,"Direct hydrogenation of carbon dioxide (CO
                    2
                    ) to acetic acid, a key commodity chemical, offers a sustainable route to valorize greenhouse gases but is plagued by CO
                    2
                    inertness, thermodynamic barriers, and poor selectivity for C-C coupling over competing overhydrogenation. This paper describes the design and synthesis of ultrathin cobalt(II) oxide nanosheets (&lt;4 nm thick) that achieve direct one-step CO
                    2
                    hydrogenation to acetic acid with over 90% selectivity, minimal C
                    1
                    by-products and the highest reported yield under mild conditions, surpassing traditional multistep routes (such as CO
                    2
                    to CO/methanol followed by carbonylation) in cost, efficiency, and atom economy. These two-dimensional structures feature extended terraces that undergo in situ reconstruction in CO
                    2
                    /H
                    2
                    mixtures to a cobalt(II) carbonate hydroxide–like phase, stabilizing Co
                    2+
                    and generating abundant hydroxyl groups to optimize CO
                    2
                    activation and selective C–C coupling while suppressing over-reduction. In situ characterizations, including electron energy-loss near-edge structure, spatially resolved infrared spectroscopy, and kinetic/isotopic analyses, reveal the reconstructed phase’s role in modulating electron density for superior yields and confirm a formate-coupling mechanism unattainable with conventional catalysts. This study introduces a paradigm for CO
                    2
                    upgrading: harnessing dynamic surface reconstructions and nanoscale morphology to access elusive multicarbon pathways, with implications for sustainable chemical synthesis.",crossref
Ice-sheet dynamics drive glacial-interglacial shifts in North Atlantic seawater neodymium isotopes,https://www.science.org/doi/abs/10.1126/sciadv.aeg5747?af=R,,AAAS: Science Advances: Table of Contents,2026-08-19 07:00:00+00:00,10.1126/sciadv.aeg5747,Norbert Frank,,"Radiogenic neodymium (Nd) isotopic composition (ε
                    Nd
                    ) of seawater is widely used to reconstruct past ocean circulation, assuming quasi-constant end-member signatures throughout the Quaternary. However, the ε
                    Nd
                    signature of Glacial North Atlantic Intermediate Water deviated markedly from its modern value, challenging this assumption, and the driving mechanisms remain debated. Here, we show that the upper Glacial North Atlantic Intermediate Water was consistently more radiogenic (−7.2) than interglacial values (−13.4) over the past 230,000 years and that pronounced glacial-interglacial ε
                    Nd
                    variability closely followed global ice-volume fluctuations (
                    r
                     = 0.80). This variability was primarily reconciled with Icelandic volcanic Nd inputs, modulated by the advance and retreat of the Icelandic Ice Sheet. A forward model reproduces the observed ε
                    Nd
                    evolution and reveals a nonlinear response of Nd export to ice-sheet dynamics, yielding a mean glacial Icelandic Nd input flux of 2.4 × 10
                    8
                    grams per year. Our results highlight the pivotal role of high-latitude ice-sheet systems in regulating North Atlantic seawater chemistry during glacial periods.",crossref
"Correction for Dervishi et al., Sterol divergence across eukaryotic kingdoms determines membrane susceptibility to saponins, a class of plant defense compounds",https://www.pnas.org/doi/abs/10.1073/pnas.2627895123?mi=eymic2&af=R&access=on&content=articlesChapters&publication=pnas&sortBy=Earliest&target=default,,Proceedings of the National Academy of Sciences: Keyword search for query,2026-08-19 07:00:00+00:00,10.1073/pnas.2627895123,,,,
SKI is critical to counter TGF-β signaling to promote T cell function and autoimmunity,https://www.science.org/doi/abs/10.1126/sciadv.aeb7051?af=R,,AAAS: Science Advances: Table of Contents,2026-08-19 07:00:00+00:00,10.1126/sciadv.aeb7051,Yisong Y. Wan,,"Transforming growth factor–β (TGF-β) is central to suppressing T cell function to maintain tolerance and immune homeostasis. The current TGF-β signaling paradigm is however inadequate in explaining how TGF-β controls T cell function. Here, we found a previously unappreciated, SKI-dependent mechanism of TGF-β signaling to better explain how TGF-β restricts T cell function to bolster tolerance. We found that SKI protein was up-regulated in activated T cells and down-regulated in response to TGF-β, indicating a reciprocal relationship between SKI and TGF-β in controlling T cell function. T cell–specific SKI deletion ameliorated spontaneous lethal autoimmunity due to T cell–specific TGFβRII deletion and mitigated MOG/CFA-induced experimental autoimmune encephalomyelitis. SKI was required for activation-induced T cell function and related molecular programs. Therefore, inhibition of TGFβR not only results in the loss of Smad-dependent function but, more importantly, leads to the gain of SKI-dependent activity, which is essential for T cell–mediated autoimmunity. A critical mechanism underlying TGF-β–mediated suppression of T cell function is overcoming SKI activity.",crossref
HMOX1 controls a heme-ferritin switch that protects cells from ferroptosis,https://www.science.org/doi/abs/10.1126/sciadv.aeg3424?af=R,,AAAS: Science Advances: Table of Contents,2026-08-19 07:00:00+00:00,10.1126/sciadv.aeg3424,José Pedro Friedmann Angeli,,"Modulating the intracellular labile iron pool (LIP) has emerged as a promising strategy to induce ferroptosis in cancer cells, offering a way to overcome resistance to apoptosis-based therapies. One of the main contributors to LIP is heme catabolism mediated by heme oxygenase-1 (HMOX1), which promotes ferroptosis sensitivity by releasing free iron. Beyond its role as an iron donor, heme can influence diverse proteins and signaling pathways that drive tumor progression, but how heme regulates ferroptosis remains poorly understood. Here, we uncover a paradoxical, protective function of heme in the absence of HMOX1 activity. When HMOX1 is inactive, heme becomes stabilized, leading to ferritin up-regulation, suppression of ferroptosis, and rescue of cell death induced by both pharmacological and genetic inhibition of GPX4. Our findings reveal an unrecognized heme-HMOX1-ferritin axis that controls ferroptosis sensitivity. Targeting this pathway may offer a new therapeutic strategy to modulate ferroptosis in cancer.",crossref
H3.3 chaperone Hira primes the effector program and function of regulatory T cells,https://www.science.org/doi/abs/10.1126/sciadv.aeg2679?af=R,,AAAS: Science Advances: Table of Contents,2026-08-19 07:00:00+00:00,10.1126/sciadv.aeg2679,Mingzhao Zhu,,"Foxp3
                    +
                    regulatory T (Treg) cells need to differentiate into effector Treg (eTreg) cells to maintain immune tolerance and tissue homeostasis. While several transcription factors such as Batf and JunB have been reported to be essential for eTreg differentiation and function, the underlying epigenetic mechanism remains unclear. Here, we show that the histone variant H3.3 is enriched in tissue Tregs compared to splenic Tregs and its chaperone Hira is a critical regulator of Treg effector program. Treg specific-deletion of
                    Hira
                    resulted in reduced eTreg population, impaired suppressive function and multi-organ inflammation in mice. Mechanistically, Hira-dependent H3.3 deposition establishes a permissive epigenetic environment by enhancing chromatin accessibility, facilitating H3K36me3 and preventing H3K27me3 modifications on loci of genes enriched for AP-1 family binding motifs and associated with Treg effector function. Furthermore, overexpression of Batf in
                    Hira
                    -deficient Treg cells largely ameliorates their regulatory defects. Together, our findings reveal a previously unreported epigenetic mechanism critical for Treg effector differentiation and function.",crossref
Endometriosis-derived iPSCs reveal conserved stromal maturation and endocrine responsiveness,https://www.science.org/doi/abs/10.1126/sciadv.aeg2362?af=R,,AAAS: Science Advances: Table of Contents,2026-08-19 07:00:00+00:00,10.1126/sciadv.aeg2362,J. Julie Kim,,"Endometriosis is a chronic, hormone-dependent disease characterized by altered endometrial stromal function, but mechanistic and translational studies have been hindered by the lack of tractable human models. Here, we establish an induced pluripotent stem cell (iPSC)–based platform derived from patients with endometriosis to model endometrial stromal differentiation in a controlled human context. Using a defined differentiation protocol, endometriosis-derived iPSCs transition from pluripotency through mesenchymal commitment toward stromal-like states and acquire transcriptional hormone responsiveness. Transcriptomic analyses reveal coordinated repression of pluripotency and proliferative programs with induction of stromal lineage signatures. Comparison with independent transcriptomic datasets demonstrated that in vitro–derived stromal cells progressively acquired gene expression profiles resembling eutopic endometrial stromal programs in endometriosis. Conditioned media from iPSC-derived stromal cells also induced transcriptional reprogramming in THP-1 macrophage-like cells. Together, these findings establish a patient-derived platform for investigating stromal differentiation and stromal-immune interactions in endometriosis.",crossref
A spinoreticular pathway mediates nocifensive responses to noxious mechanical stimuli,https://www.pnas.org/doi/abs/10.1073/pnas.2604642123?mi=eymic2&af=R&access=on&content=articlesChapters&publication=pnas&sortBy=Earliest&target=default,,Proceedings of the National Academy of Sciences: Keyword search for query,2026-08-19 07:00:00+00:00,10.1073/pnas.2604642123,Yan-Nong Dou,,"Spinal projection neurons (SPNs) relay somatosensory information to the brain, yet how molecularly defined SPN subsets transmit noxious mechanical signals to drive nocifensive behaviors remains unclear. Here, we identify
                    Sncg
                    -expressing SPNs (
                    
                      Sncg
                      +
                    
                    SPNs) that convey noxious mechanical signals through a spinoreticular ascending pathway. Using intersectional genetics, anatomical tracing, and pathway-specific manipulations in mice, we show that
                    
                      Sncg
                      +
                    
                    SPNs project predominantly to the parabrachial nucleus and the lateral reticular nucleus (LRN). Functional analyses reveal that
                    
                      Sncg
                      +
                    
                    spinoreticular pathway transmits noxious mechanical information. LRN neurons receiving
                    Sncg
                    +
                    spinal input are required for nocifensive behaviors elicited by noxious mechanical stimulation and contribute to mechanical allodynia of neuropathic pain. Monosynaptic tracing identifies local interneurons innervating
                    Sncg
                    +
                    SPNs, providing a substrate for spinal gating of ascending mechanical signals. These findings highlight a spinoreticular circuit involving the LRN that is essential for nocifensive behaviors to noxious mechanical stimuli.",crossref
QnAs with Richard Ostfeld,https://www.pnas.org/doi/abs/10.1073/pnas.2626100123?mi=eymic2&af=R&access=on&content=articlesChapters&publication=pnas&sortBy=Earliest&target=default,,Proceedings of the National Academy of Sciences: Keyword search for query,2026-08-19 07:00:00+00:00,10.1073/pnas.2626100123,Sandeep Ravindran,,,
Self-sustaining leadless intracardiac pacemaker powered by triboelectric nanogenerator,https://www.science.org/doi/abs/10.1126/sciadv.aef8903?af=R,,AAAS: Science Advances: Table of Contents,2026-08-19 07:00:00+00:00,10.1126/sciadv.aef8903,Xudong Wang,,"Leadless intracardiac pacemakers (LIP) are a technological breakthrough that offer tremendous benefits to patients, including minimally invasive delivery, improved quality of life, and reduced financial burden. However, limited by its size and capacity, the battery component becomes a major roadblock to further advancing LIP technology toward lifelong, maintenance-free implants without the need for device retrieval or replacement. Here, we present an integrated, nanogenerator-powered LIP with a clinically compatible architecture. The LIP is solely powered by a double-oscillatory triboelectric nanogenerator (TENG) that is capable of generating a volumetric power density of 276.6 μW cc
                    −1
                    driven by heartbeats. The miniaturized TENG can also fit within the battery compartment of a commercial Medtronic Micra LIP, allowing standard femoral-venous delivery by commercial catheters. When implanted in the heart of a swine model, the device delivers stable, rate-responsive electrical energy in vivo, which reliably supports the cardiac pacing function for heart rates control at physiological levels through harvested energy. Long-term intracardiac implantation further confirmed secure fixation, unaffected cardiac function and minimal tissue reaction of the fully integrated device. This development suggests a clinically compatible path toward self-sustainable intracardiac electronic systems.",crossref
Unlocking dormant Li+ pathways drives fast ion transport in Li4Ti5O12 oxide spinels,https://www.science.org/doi/abs/10.1126/sciadv.aef5575?af=R,,AAAS: Science Advances: Table of Contents,2026-08-19 07:00:00+00:00,10.1126/sciadv.aef5575,H. Martin R. Wilkening,,"Li-rich lithium titanate (Li
                    
                      4+
                      x
                    
                    Ti
                    5
                    O
                    12
                    ,
                    x
                     &gt; 0) is known for superior ionic conductivity, yet we show that stoichiometric Li
                    4
                    Ti
                    5
                    O
                    12
                    (LTO,
                    x
                     = 0), typically characterized by sluggish ion dynamics, can be transformed into a fast ion conductor without changing its Li content. Local defects, most notably oxygen vacancies, introduced by vacuum treatment activate a previously inaccessible 8
                    a
                    -16
                    c
                    -8
                    a
                    diffusion pathway in stoichiometric LTO, markedly enhancing Li
                    +
                    mobility throughout the bulk. Using a synergistic combination of impedance spectroscopy, solid-state nuclear magnetic resonance (NMR), and electron paramagnetic resonance (EPR), we resolve the diffusion processes responsible for this transformation. Lithium NMR unambiguously shows that a formerly localized Li
                    +
                    hopping process becomes long-range transport after vacuum treatment, evidencing the activation of extended diffusion pathways. Atomic-scale insights reveal defect-driven structural and dynamical priming that enables rapid Li
                    +
                    insertion, establishing zero-strain LTO as a leading anode for solid-state lithium batteries. Defect-mediated transport emerges as the key mechanism underlying these dynamics, resolving the long-standing conductivity puzzle of stoichiometric spinel LTO (
                    x
                     = 0) and indicating transferable pathways in related spinel-type ion conductors with similar Li
                    +
                    distributions.",crossref
Repression of ferroptotic cell death mediated antitumor immunity by mitochondrial calcium signaling,https://www.pnas.org/doi/abs/10.1073/pnas.2606216123?mi=eymic2&af=R&access=on&content=articlesChapters&publication=pnas&sortBy=Earliest&target=default,,Proceedings of the National Academy of Sciences: Keyword search for query,2026-08-19 07:00:00+00:00,10.1073/pnas.2606216123,Haitao Wen,,"Ferroptosis is a unique type of programmed cell death caused by excessive lipid peroxidation and represents a vulnerability in certain types of cancer. However, the signaling mechanisms that modulate ferroptosis and its functional consequence on the tumor microenvironment are poorly understood. Here, we demonstrate an inhibitory effect of mitochondrial calcium uniporter (MCU) on ferroptosis during embryogenesis and tumor development. MCU-dependent production of metabolite acetyl-coenzyme A (acetyl-CoA) supports the normal function of glutathione peroxidase 4 (GPX4), a critical gatekeeper of ferroptosis. Mechanistically, acetylation of GPX4 on lysine 90 (K90) prevents the formation of a detrimental salt bridge between K90 and aspartate 23, therefore protecting GPX4 enzymatic activity and avoiding ferroptosis. Deletion of MCU in cancer cells caused a robust antitumor T cell response and significantly blunted tumor growth. Thus, our findings indicate MCU-mediated acetyl-CoA metabolism as a critical anti-ferroptosis mechanism, which can be investigated as potential therapeutic candidate for tumor treatment.",crossref
Regulatory logic of neuronal differentiation in the Drosophila visual system,https://www.pnas.org/doi/abs/10.1073/pnas.2614314123?mi=eymic2&af=R&access=on&content=articlesChapters&publication=pnas&sortBy=Earliest&target=default,,Proceedings of the National Academy of Sciences: Keyword search for query,2026-08-19 07:00:00+00:00,10.1073/pnas.2614314123,Mehmet Neset Özel,,"Combinations of terminal selector transcription factors (tsTFs) are thought to establish and maintain the unique identities of the numerous cell types found in nervous systems. However, it remains largely unclear how tsTF combinations are specified during development and how they then coordinate the type-specific differentiation programs of each neuron. To investigate these regulatory mechanisms, we performed simultaneous single-cell RNA and ATAC (assay for transposase-accessible chromatin) sequencing on the
                    Drosophila
                    optic lobes at four stages of their development and identified over 250 distinct cell types. We characterized the common cis-regulatory features of neuronal enhancers and performed comprehensive inference of gene regulatory networks across cell types and stages. Our results reveal cell type– and stage-specific enhancers of many neuronal genes and the cooperative actions of tsTFs, pan-neuronal and ecdysone-responsive TFs on these enhancers. We show that the same effector genes are often regulated by different tsTF combinations acting through distinct enhancers in different neurons. During neurogenesis, tsTF codes are established within a brief critical period in newborn neurons, often through cell type–specific enhancers that are not accessible in their progenitors. Accordingly, when neuroblast temporal patterning TFs are reutilized as tsTFs in neurons, they are regulated independently through separate enhancers. Therefore, neuronal identity specification and differentiation is a multistep regulatory program, wherein the same TFs enact distinct regulatory codes at different steps and across cell types.",crossref
Large language models enhance annotation of enzymes in metagenomes,https://www.science.org/doi/abs/10.1126/sciadv.aee4389?af=R,,AAAS: Science Advances: Table of Contents,2026-08-19 07:00:00+00:00,10.1126/sciadv.aee4389,Guanxiang Liang,,"Metagenomic data have notable biological potential, but their functional interpretation is frequently impeded by incomplete protein function annotations. Accurate enzyme annotation is essential for elucidating the metabolic capabilities of microbial communities within metagenomic datasets. To address this challenge, we developed FEDKEA, an enzyme annotation tool leveraging protein language models, and provided a web platform for its use. In addition, we designed a user-friendly, FEDKEA-based metagenomic pipeline, MEnzMap, which encompasses the entire analysis workflow—from raw data quality control to function prediction and downstream analyses. Applying MEnzMap to human gut metagenomic data from the iHMP2 project, we generated a comprehensive enzyme profile landscape for both healthy individuals and patients with inflammatory bowel diseases. These tools provide an efficient method for the functional annotation of microbial dark matter and facilitate the identification of disease-associated enzymes.",crossref
Ptpn2 limits plasma cell fate and antiviral immunity by integrating B cell receptor and IFN-γ signals in B cells,https://www.science.org/doi/abs/10.1126/sciadv.aec0162?af=R,,AAAS: Science Advances: Table of Contents,2026-08-19 07:00:00+00:00,10.1126/sciadv.aec0162,Michel L. Tremblay,,"Antigen-specific humoral responses are critical for long-term protection against infectious diseases, yet the mechanisms that regulate B cell differentiation and antibody production remain incompletely defined. Here, we identify the Protein Tyrosine Phosphatase Nonreceptor Type 2 (Ptpn2) as a B cell–intrinsic regulator of plasma cell fate and isotype switching. Using a B cell–specific Ptpn2 knockout mouse model, we show that Ptpn2 restrains both B cell receptor and interferon-γ (IFN-γ) signaling by directly dephosphorylating Lyn, STAT1, and STAT3. Loss of Ptpn2 leads to hyperactivation of these two signaling pathways, resulting in transcriptional reprogramming that promotes plasma cell differentiation and increased IFN-γ–driven antibody production. Functionally, Ptpn2-deficient mice generated enhanced primary antiviral antibody responses following influenza infection and elevated virus-specific and neutralizing titers upon recall without compromising affinity. These findings identify Ptpn2 as a key intracellular checkpoint that integrates antigenic and inflammatory cues to regulate humoral immunity, with potential implications for enhancing vaccine-induced protective immunity.",crossref
Structural basis for target discrimination and activation by Cas13d,https://www.science.org/doi/abs/10.1126/sciadv.aec4221?af=R,,AAAS: Science Advances: Table of Contents,2026-08-19 07:00:00+00:00,10.1126/sciadv.aec4221,Ilya J. Finkelstein,,"CRISPR-Cas13d is increasingly used for RNA knockdowns, but off-target cleavage of near-cognate RNAs hinders its broader adoption. Here, we solve seven cryo–electron microscopy structures of wild-type Cas13d in complex with matched and mismatched targets. These structures reveal active, intermediate, and inactive states that illustrate a detailed activation mechanism. Upon target RNA binding, the CRISPR RNA undergoes marked conformational changes. The Helical-1 domain transitions from a docked state with the amino-terminal domain to an allosterically switched conformation that stabilizes the RNA duplex. Quantitative kinetics show that a single proximal mismatch preserves the binding rate constant but abolishes nuclease activity by trapping Cas13d in an inactive state. We also identify an active site loop in the higher eukaryotes and prokaryotes nucleotide-binding (HEPN) domains that regulates substrate accessibility and can be mutated to generate both hypo- and hyperactivated variants. These findings establish the structural basis for Cas13d mismatch surveillance and provide a framework for engineering HEPN nuclease specificity and activity.",crossref
Reconstructing pathogen-specific antibody binding epitopes and age-dependent immune signatures from proteomic-scale peptide libraries,https://www.science.org/doi/abs/10.1126/sciadv.aec5478?af=R,,AAAS: Science Advances: Table of Contents,2026-08-19 07:00:00+00:00,10.1126/sciadv.aec5478,Benjamin F. Arnold,,"High-density peptide arrays are useful for mapping linear antibody epitopes and resolution of antibody specificity in a single-assay platform. Here, we used peptide library screening to evaluate magnitude and breadth of humoral responses to enteric pathogens in the context of public health interventions. We characterized the epitope landscape to known immunogenic proteins to several viruses, bacteria, and parasites and used that to infer immunological profiles at age 3, 14, and 28 months. The peptide libraries detected immune signatures better for viruses compared with bacteria and parasites and captured distinct dynamics of protein-level variation in immune signatures over time. We found limited sensitivity for bacterial and protozoan pathogens whose humoral responses may depend more on conformational or natively modified epitopes than linear-peptide binding. Unbiased peptide libraries have potential utility for broad analysis of antibody responses in integrated serosurveillance, but our results reveal pathogen-specific limitations where peptide-based serology would be less predictive of true infection status and where it would provide greater surveillance value. Beyond assay performance, peptide arrays are useful for studying epitope architecture, and a practical implication would require augmentation with alternative antigen formats (whole-protein or folded antigens) in a complementary hybrid approach.",crossref
Isocaloric switch from low-fat to Western high-fat diet triggers transcriptomic reprogramming and ectopic olfactory receptor responses,https://www.science.org/doi/abs/10.1126/sciadv.aef5698?af=R,,AAAS: Science Advances: Table of Contents,2026-08-19 07:00:00+00:00,10.1126/sciadv.aef5698,Andreas FH Pfeiffer,,"Although Western diet (WD) rich in saturated fat is regarded as a trigger of metabolic disease and inflammation, the role of this diet in the absence of obesity is unclear. We studied the metabolic, inflammatory, anthropometric, and adipose tissue transcriptomic responses of 92 twins to 6 weeks of WD following 6 weeks of a healthy low-fat diet while maintaining stable body weight. The WD increased total, LDL and HDL cholesterol but not triglycerides or free fatty acids and induced transient and moderate increases of insulin resistance and some inflammatory markers after 1 week, which disappeared after 6 weeks. Extensive transcriptomic changes reflected restructuring of subcutaneous abdominal adipose tissue. Olfactory receptor (OR) mRNAs were increased in correlation with insulin resistance, liver, and visceral fat, cytokines like IL-18 and VEGF, but inversely related to adiponectin and extracellular NAMPT. In conclusion, WD triggers metabolic and transcriptomic reprogramming closely linked to ectopic OR responses.",crossref
Targeting PKGIα Cys42 attenuates cardiac dysfunction in heart failure with preserved ejection fraction,https://www.science.org/doi/abs/10.1126/sciadv.aec8088?af=R,,AAAS: Science Advances: Table of Contents,2026-08-19 07:00:00+00:00,10.1126/sciadv.aec8088,Joseph R. Burgoyne,,"Heart failure with preserved ejection fraction (HFpEF) is a highly prevalent condition associated with substantial morbidity and mortality, yet effective therapeutic options remain limited. As oxidation of Cys
                    42
                    in cyclic guanosine monophosphate (cGMP)-dependent protein kinase Iα (PKGIα) can enhance vessel and diastolic relaxation, processes impaired in HFpEF, we sought to target this mechanism using natural compounds with predicted thiol reactivity. Among these, urolithin A emerged as a compound with a previously unidentified and counterintuitive mode of action, directly modifying Cys
                    42
                    in PKGIα. In a multihit HFpEF model that closely mimics the human condition, urolithin A improved diastolic function and attenuated cardiac remodeling through cysteine 42–dependent activation of PKGIα. These findings were further validated in human engineered heart tissue, where urolithin A enhanced both relaxation and contraction kinetics. These findings collectively highlight Cys
                    42
                    in PKGIα as a promising therapeutic target for HFpEF and identify urolithin A as a previously unidentified activator of this protective mechanism.",crossref
AI-driven robotics for optics,https://www.science.org/doi/abs/10.1126/sciadv.aee1381?af=R,,AAAS: Science Advances: Table of Contents,2026-08-19 07:00:00+00:00,10.1126/sciadv.aee1381,Marin Soljačić,,"Optical experiments are essential across science and technology, yet their design, assembly, and alignment remain predominantly manual, limiting throughput, reproducibility, and scalability. Automating such experiments is challenging because of stringent precision requirements and the diversity of setups in typical real-world optical laboratory environments. Here, we introduce a platform that integrates generative artificial intelligence, computer vision, and precision robotics to automate free-space optical experiments. The system translates user-defined goals into valid optical configurations, assembles them with submillimeter accuracy, and performs micrometer-scale fine alignment using a robotic tool. It then executes a range of accurate measurements, including beam characterization, polarization mapping, and spectroscopy. This work establishes a platform for reconfigurable optics automation, potentially enabling programmable and adaptive experimental workflows.",crossref
Ultrafast energy transfer across Pd/MXene interface via hot phonon-electron interactions,https://www.science.org/doi/abs/10.1126/sciadv.aee2017?af=R,,AAAS: Science Advances: Table of Contents,2026-08-19 07:00:00+00:00,10.1126/sciadv.aee2017,Xueming Yang,,"The interfacial structure and energy transfer (ET) in heterostructures have attracted tremendous attention for their growing importance in thermal management, catalysis, and optoelectronic applications. However, the role of carrier-lattice interaction in interfacial ET at the nanoscale remains unclear. Here, we construct metal/MXene heterostructures via in situ chemical growth as platforms to study interfacial energy flow. On the basis of femtosecond transient absorption spectroscopic measurements, interfacial ET within ∼1.3 picoseconds is observed in Pd/MXene, which could not be explained by traditional phonon-phonon interaction. Experimental results combined with density functional theory calculations identify an ultrafast ET route involving strong interfacial coupling and high-density-of-state electrons near the Fermi level, enabling hot phonon–driven electron excitation. Distinct from conventional diffusive phonon processes, this ET route exhibits higher ET rate and efficiency with increasing absorbed photon energy and pump fluence. These findings reveal that the tuning of interfacial chemical bonds holds the promise to achieve high-efficiency energy transport across nanoscale interfaces.",crossref
Unconventional role of hydroxymethylglutaryl-CoA synthase 1 in driving pathogenic TH17 cell immunity and autoimmune diseases,https://www.science.org/doi/abs/10.1126/sciadv.aee4337?af=R,,AAAS: Science Advances: Table of Contents,2026-08-19 07:00:00+00:00,10.1126/sciadv.aee4337,Bing Wu,,"T helper 17 (T
                    H
                    17) cells are heterogeneous and able to adopt pathogenic and non-pathogenic phenotypes. Identifying factors controlling pathogenic T
                    H
                    17 cells is of importance for their vital role in inflammation and immune-pathology. Here, we demonstrated that HMGCS1, a cholesterol biosynthesis precursor enzyme, was highly induced by inflammatory cytokines and preferentially expressed by pathogenic T
                    H
                    17 cells in vitro and in vivo. HMGCS1 specifically dictated pathogenic T
                    H
                    17 cell differentiation and augmented autoimmune diseases, yet it has no discernible effect on nonpathogenic T
                    H
                    17 cells. Unexpectedly, this role is independent of its canonical function in cholesterol metabolism but requires its catalytic Cys
                    129
                    residue. Notably, HMGCS1 governs pT
                    H
                    17 cell generation and pathogenicity by leveraging an IRE1α-XBP1s–dependent ER stress response, which in turn transcriptionally activates the lineage-defining factor RORγt (encoded by
                    Rorc
                    ). Mechanistically, HMGCS1 is located to the ER membrane, where it bound and stabilized IRE1α protein. This stabilization is achieved by preventing IRE1α’s interaction with the E3 ubiquitin ligase MARCH5, thereby inhibiting its K48-linked ubiquitination and subsequent degradation. Moreover, interfering with HMGCS1 or the ER stress response in T cells impedes pT
                    H
                    17 immunity and mitigates autoimmune disease in vivo. Therefore, our work unveils a noncanonical axis in which HMGCS1 sustains ER stress to license pT
                    H
                    17 differentiation during autoimmune responses.",crossref
"Perspiration vapor lightens near-skin air, but hinders human evaporative cooling in arid heat",https://www.science.org/doi/abs/10.1126/sciadv.aee4703?af=R,,AAAS: Science Advances: Table of Contents,2026-08-19 07:00:00+00:00,10.1126/sciadv.aee4703,Konrad Rykaczewski,,"Sweat evaporation is the body’s primary cooling mechanism, yet the physical factors governing it are not fully understood. We identify a “dueling buoyancy” effect in the context of the human body, in which perspiration vapor reduces the near-skin air density, counteracting the downward flow driven by cooling of warm air upon contact with the skin. In hot, arid, stagnant environments, this opposing buoyancy suppresses free convection and can reduce sweat evaporation by more than half. As a result, commonly used thermoregulation models can substantially underpredict body temperature (e.g., by 1°C after 2 hours of exposure to typical Arizona summer conditions). We develop compact, physics-informed models for free-convective heat transfer coefficients across wide temperature and humidity ranges, enabling improved thermoregulation modeling and thermal audits. These results enhance understanding of human heat balance and support more accurate heat-stress assessment to inform behavioral, infrastructural, and policy decisions for extreme-heat adaptations.",crossref
Tree selection in urban greening shapes air quality for global cities,https://www.science.org/doi/abs/10.1126/sciadv.aee5583?af=R,,AAAS: Science Advances: Table of Contents,2026-08-19 07:00:00+00:00,10.1126/sciadv.aee5583,Min Shao,,"Mitigating ozone pollution remains a pressing challenge for megacities worldwide. Biogenic volatile organic compounds (VOCs) are proposed as pivotal precursors to urban ozone formation. However, direct observational evidence is scarce and the extent of this effect across cities is unclear. Here, by combining an unprecedented eddy covariance flux dataset from Beijing with modeling analysis, we find that urban vegetation contributes over half of organic reactivity essential for ozone production, predominantly driving ozone exceedances during hot periods. The unexpectedly high biogenic influences are attributed to the abundance of urban trees with strong emission potentials of VOCs within the city. Model extrapolations reveal that similar or even greater challenges exist for other cities across Asia and Oceania, where urban greening strategies often favor highly emitting trees. Our findings underscore the critical need for selective urban planning in greening programs to counteract a warming climate.",crossref
"A pressure-tolerant, miniature ocean-sensing tag with acoustic telemetry for real-time CTD monitoring",https://www.science.org/doi/abs/10.1126/sciadv.aee9809?af=R,,AAAS: Science Advances: Table of Contents,2026-08-19 07:00:00+00:00,10.1126/sciadv.aee9809,Xueju Sophie Wang,,"Real-time ocean monitoring enables instantaneous oceanographic analysis and supports maritime operations. However, conventional sensors require metallic housings to withstand high hydrostatic pressure, increasing their weight and power demand. Soft electronics offer a promising alternative, but their functionality and commonly used electromagnetic communication are ineffective underwater. Here, we present a pressure-tolerant, miniaturized ocean-sensing tag that seamlessly integrates soft conductivity, temperature, and depth (CTD) sensors with acoustic transducers for in situ monitoring and underwater data transmission. Measuring 17 mm by 20 mm by 7.5 mm and weighing 4.90 g, the tag maintains reliable performance under hydrostatic pressures of up to 15 MPa, corresponding to a depth of approximately 1,500 m, and achieves underwater transmission ranges of up to 492.7 m. Field testing in the Salish Sea demonstrates wireless, real-time CTD monitoring with measurement accuracy comparable to commercial sensors and reliable acoustic telemetry (87.34% detection efficiency and 100% accuracy over evaluated transmission distances). This ocean sensing platform enables energy-efficient deployment on diverse platforms and significantly advances next-generation ocean observation and deep-sea exploration.",crossref
"The structure of a complex, asymmetric coronal mass ejection revealed by 17 spacecraft across the inner heliosphere",https://www.science.org/doi/abs/10.1126/sciadv.aed9960?af=R,,AAAS: Science Advances: Table of Contents,2026-08-19 07:00:00+00:00,10.1126/sciadv.aed9960,Norbert Krupp,,"Coronal mass ejections (CMEs) are enormous bursts of plasma and magnetic field from the Sun that propagate explosively through the Solar System. CMEs are the primary drivers of the most severe space-weather events, posing major radiation hazards for human exploration beyond Earth’s magnetosphere, including missions to the Moon and Mars. During Europa Clipper’s cruise between Earth and Mars, its Plasma Instrument for Magnetic Sounding (PIMS) recorded unusual solar-wind conditions later identified as the wake of a complex CME. Data from an unprecedented network of 17 spacecraft across the inner Solar System revealed a hidden Earth-directed component that propagated asymmetrically and could not have been predicted without off-Sun-Earth-line observations. This component also affected Europa Clipper and Mars, demonstrating how a missed forecast of this kind could endanger a crewed mission. These findings highlight the need for multipoint observations, including planetary missions in cruise, to improve space-weather forecasting, mission planning, and operations.",crossref
Neutrophil-intrinsic Vgll4 constrains tumorigenesis by preventing a STAT3/STAT5-driven immunosuppressive switch,https://www.pnas.org/doi/abs/10.1073/pnas.2606983123?mi=eymic2&af=R&access=on&content=articlesChapters&publication=pnas&sortBy=Earliest&target=default,,Proceedings of the National Academy of Sciences: Keyword search for query,2026-08-19 07:00:00+00:00,10.1073/pnas.2606983123,Shi Jiao,,"Neutrophils display profound functional plasticity within the tumor microenvironment (TME), a key determinant of cancer progression; however, the intrinsic mechanisms safeguarding their antitumor identity remain elusive. Here, we identify the Hippo pathway component Vgll4 as a pivotal guardian of neutrophil functional fate in the TME. While dispensable for homeostatic granulopoiesis, Vgll4 in neutrophils is crucial for restraining tumor growth. Neutrophil-specific ablation of Vgll4 triggers a phenotypic shift toward an immunosuppressive state, accelerating tumor progression. Mechanistically, Vgll4 binds STAT3 and STAT5 in a JAK-dependent manner; loss of Vgll4 reduces SOCS3 expression, a negative regulator of STAT3, thereby unleashing STAT3 hyperactivation while suppressing STAT5, leading to transcriptional reprogramming that establishes an immunosuppressive profile. This regulatory axis operates specifically in tumor-associated neutrophils, as Vgll4 is dispensable for steady-state development but essential within the TME. Consequently, Vgll4-deficient neutrophils remodel the TME by promoting regulatory T cell (Treg) differentiation and impairing CD8
                    +
                    T cell effector function. Our findings unveil a noncanonical role for Vgll4 in innate immune regulation and establish the Vgll4-STAT3/STAT5 axis as a crucial checkpoint in neutrophil polarization, presenting a therapeutic target for cancer immunotherapy.",crossref
Probabilistically defining environmentally relevant concentrations in ecotoxicology,https://www.pnas.org/doi/abs/10.1073/pnas.2617990123?mi=eymic2&af=R&access=on&content=articlesChapters&publication=pnas&sortBy=Earliest&target=default,,Proceedings of the National Academy of Sciences: Keyword search for query,2026-08-19 07:00:00+00:00,10.1073/pnas.2617990123,John P. Sumpter,,"A long-standing issue in ecotoxicology is the arbitrarily chosen and ambiguous definition of “environmentally relevant” concentrations, which undermines research comparability and hampers risk characterization. Here, we propose a probabilistic framework that anchors exposure levels to percentiles of environmental concentration distributions, defining low (&lt;5th percentile), typical (5th to 95th percentiles), and high (&gt;95th percentile) concentrations, as well as worst-case scenarios (e.g., the 99th percentile) for specific contexts. This framework transforms test concentration selection from a subjective assertion into a statistically justified practice, where each concentration corresponds to an explicit occurrence probability. Using global monitoring data, we demonstrate that environmental concentrations reliably follow cumulative probability distributions, validating the fundamental assumption. Crucially, the framework offers a statistical solution for designing proof-of-relevance and proof-of-concept studies. Collectively, this work provides an empirically grounded, immediately usable template for designing ecotoxicological experiments that bridge environmental monitoring, laboratory testing, and regulatory decision-making.",crossref
Identification of potent inhibitors of JUN N-terminal kinases for treatment of endometriosis and associated pain,https://www.pnas.org/doi/abs/10.1073/pnas.2607561123?mi=eymic2&af=R&access=on&content=articlesChapters&publication=pnas&sortBy=Earliest&target=default,,Proceedings of the National Academy of Sciences: Keyword search for query,2026-08-19 07:00:00+00:00,10.1073/pnas.2607561123,Diana Monsivais,,"Endometriosis, defined as the ectopic growth of endometrial tissue outside of the uterine cavity, is an inflammatory and hormone-dependent disease that causes excruciating pelvic pain, infertility, and significantly decreases quality of life in affected patients. The JUN N-terminal kinases (JNKs) are a leading class of nonhormonal therapeutic targets that have been validated in preclinical models of endometriosis and in a Phase 1/2 clinical trial. Despite their therapeutic potential, JNK inhibitors with increased potency and specificity are needed to address the inflammatory pathology of endometriosis and to prevent disease progression. Leveraging a DNA-encoded chemical library collection of ~4 billion compounds, we identified lead inhibitor CDD-2428 and optimized derivatives, CDD-2728 and CDD-3013, with excellent binding affinity to JNK1-3 (K
                    d
                    = 0.12 to 3.7 nM), enhanced selectivity, metabolic stability, and cellular permeability. Crystallographic and biochemical studies confirmed that CDD-3013 exhibited superior kinase selectivity with improved efficacy compared to existing JNK inhibitors. In primary endometriosis cell models, CDD-2728 and CDD-3013 suppressed JNK-dependent inflammatory signaling, dampening pathways linked to pain, invasion, angiogenesis, and macrophage recruitment. In an endometriosis mouse model, both CDD-2728 and CDD-3013 reduced endometriotic lesion size, macrophage infiltration, and cellular proliferation, showing in vivo efficacy. When tested in a lipopolysaccharide-induced hyperalgesia model, CDD-2728 and CDD-3013 decreased markers of induced pain, as measured by changes in a dynamic weight bearing test and Grimace scores. These findings nominate CDD-2728 and CDD-3013 as potent, nonhormonal therapeutic candidates for endometriosis with broad anti-inflammatory and analgesic activity, addressing a critical unmet clinical need.",crossref
Lattice engineering of thermally evaporated perovskite enables monolithically integrated micro-display,https://www.science.org/doi/abs/10.1126/sciadv.aeg7804?af=R,,AAAS: Science Advances: Table of Contents,2026-08-19 07:00:00+00:00,10.1126/sciadv.aeg7804,Jiang Tang,,"Perovskite light-emitting diodes (PeLEDs) have recently demonstrated substantial potential for next-generation micro-displays due to their excellent efficiency and brightness. However, the best-performing PeLEDs typically suffer from low brightness and severe efficiency roll-off, as well as the considerable challenge of monolithic integration at pixel sizes down to 2 μm. Here, we present a lattice-engineering approach for thermally evaporated perovskites that simultaneously achieves high-performance PeLEDs and high-definition monolithic integration for perovskite micro-display applications. The lattice engineering achieved by in situ incorporation of FABr effectively suppresses Ruddlesden–Popper (RP) faults within nanocrystals and yields a uniform electric-field distribution, thereby reducing charge accumulation and suppressing Auger recombination. We further fabricated PeLEDs with a fully vacuum-deposited device architecture, demonstrating an external quantum efficiency (EQE) of 20.6% and high brightness levels exceeding 160,000 cd m
                    −2
                    , with reduced efficiency roll-off. More importantly, through process and device optimizations, we achieved nanometer-scale conformal deposition on the surfaces of complementary metal-oxide-semiconductor (CMOS) driver pixel pits, thereby developing a perovskite micro-display with a resolution of 3,000 pixels per inch (PPI) capable of displaying vivid video. Our research paves the way for advancing micro-display technology.",crossref
All-inorganic perovskites for four-dimensional dynamic encryption,https://www.science.org/doi/abs/10.1126/sciadv.aed3494?af=R,,AAAS: Science Advances: Table of Contents,2026-08-19 07:00:00+00:00,10.1126/sciadv.aed3494,Ben Zhong Tang,,"In an era marked by increasing demand for advanced anticounterfeiting measures, we introduce a four-dimensional (4D) dynamic physical unclonable function that uses defect-engineered photoluminescence blinking in all-inorganic CsPbBr
                    3
                    perovskite quantum dots (QDs) embedded within a polymethylmethacrylate matrix. Even within a single
                    z
                    -axis layer, this system achieves an unprecedented theoretical encoding capacity of more than 10
                    216,742
                    , while each device can generate up to 25 billion distinct codes. The QDs exhibit stochastic transitions between emissive and nonemissive states, enabling binary encoding across both spatial and temporal dimensions. The mechanism reveals that surface lead interstitials predominantly mediate nonradiative Auger recombination, whereas cesium vacancies act as effective Shockley-Read-Hall recombination centers, jointly governing the blinking of CsPbBr
                    3
                    . Alkali metal doping modulates this blinking behavior, providing precise control over the emission dynamics. Practical utility is demonstrated through a dual-mode authentication strategy that enables rapid field verification via standard smartphones while retaining high-security 4D verification via microscopy. We further establish a spatial-temporal dual-model authentication framework that integrates convolutional neural network (CNN)–based spatial matching with a temporal-branch dynamic check and decision-fusion assessment. The framework resists 14 adversarial attacks spanning replay, impersonation, temporal and local manipulation, Z-stack modification, projection forgery, and synthetic forgery attack, showing robust sequence-level security beyond frame-level CNN recognition. This work transforms what was once considered a detrimental phenomenon—QD blinking—into a valuable asset for dynamic, high-capacity encryption, opening new avenues for ultrasecure cryptographic systems.",crossref
BeetleBot: An integrated bioinspired soft robot for multimodal sensing and adaptive interaction,https://www.science.org/doi/abs/10.1126/sciadv.aeg8849?af=R,,AAAS: Science Advances: Table of Contents,2026-08-19 07:00:00+00:00,10.1126/sciadv.aeg8849,Wei Gao,,"Biological organisms exhibit tightly integrated motor functions, sensory input, and control systems that enable adaptive behaviors across diverse environments. Emulating such coordination in robotics remains challenging, as most soft machines compartmentalize actuation, sensing, and control. Here, we present BeetleBot, an adaptive beetle-bioinspired soft robot platform that seamlessly integrates programmable locomotion, object manipulation, sensory feedback, and intuitive human-machine interaction. BeetleBot features electrothermally actuated liquid crystal elastomer muscles embedded in modular leg structures and a soft gripper, with a flexible circuit enabling independent control. A wearable strain-sensing patch supports wireless gesture-based operation, while embedded vision and tactile sensors provide real-time environmental feedback. All functional components are fabricated through scalable additive manufacturing techniques. We demonstrate terrain navigation, object recognition, and gesture-control synchronized bidirectional interaction between the user and the robot. This multifunctional platform emulates the adaptability of living systems and establishes a promising foundation for next-generation intelligent soft robotics.",crossref
Low-SWaP magneto-optical trap enabled by planar photonic and magnetic components,https://www.science.org/doi/abs/10.1126/sciadv.aeg0219?af=R,,AAAS: Science Advances: Table of Contents,2026-08-19 07:00:00+00:00,10.1126/sciadv.aeg0219,Cheng Zhang,,"Compact, lightweight, and energy-efficient cold-atom systems are foundational for the development of deployable quantum technologies, yet their realization remains largely constrained due to reliance on bulky optical and magnetic components. Here, we demonstrate a record-low-SWaP (size, weight, and power) magneto-optical trap architecture seamlessly integrating planar photonic and magnetic components into a monolithic, scalable, and manufacturable platform. This is achieved by developing a multifunctional metasurface that converts a linearly-polarized Gaussian beam into a circularly-polarized flat-top beam (FTB), replacing conventional lens-waveplate assemblies. In parallel, a planar magnetic coil chip substitutes bulky anti-Helmholtz coils and generates the required quadrupole magnetic field with substantially reduced power consumption. Using D
                    2
                    line cooling of
                    87
                    Rb atoms, the fully planar system achieves nearly an order-of-magnitude improvement in trapped-atom number while operating at a fraction of the SWaP of traditional implementations. This planar integration strategy provides an energy-efficient and scalable pathway toward robust, deployable cold-atom platforms.",crossref
ROS-responsive nanogels enable inhaled CD24 immunotherapy for selective hyperinflammation suppression in severe pneumonia,https://www.science.org/doi/abs/10.1126/sciadv.aec3712?af=R,,AAAS: Science Advances: Table of Contents,2026-08-19 07:00:00+00:00,10.1126/sciadv.aec3712,Zhiyuan Zhong,,"Acute pneumonia triggered by pathogen infection and lung injury persists as a critical global life-threatening issue. Cluster of differentiation 24 (CD24), by selectively inhibiting the inflammatory response associated with damage-associated molecular patterns (DAMPs) through the interaction with Siglec, has appeared as a unique paradigm to alleviate acute pneumonia, yet its effective pulmonary delivery remains challenging. Here, we report on reactive oxygen species (ROS)–responsive and mucus-penetrable nanogels (ROSμNG) for pulmonary CD24 delivery to rescue acute pneumonia by selective inhibition of hyperinflammatory response. CD24-loaded nanogels (CD24-ROSμNG) exhibit excellent stability during nebulization, efficient mucus penetration, and inflammation-triggered CD24 release, affording over 80% drug enrichment in lung tissues through nebulization inhalation. In lipopolysaccharide-induced severe acute pneumonia mouse models, nebulized CD24-ROSμNG effectively attenuates cytokine storm, suppresses DAMP-mediated inflammation, and mitigates lung injury, achieving an over 3.5-fold increase in survival rate compared to intravenous administration of over 12-fold higher dose of free CD24. In an H1N1 virus influenza model, CD24-ROSμNG not only prevents cytokine storm but also preserves neutrophil-mediated viral clearance by limiting excessive neutrophil extracellular trap formation, thereby avoiding uncontrolled inflammation while maintaining antiviral defenses. These inhalable CD24 nanogels establish a strategy to manage pulmonary hyperinflammatory disorders.",crossref
"Catalyst-free, autoinductive photochemical upcycling of aromatic polymers and mixed plastics via autosensitization",https://www.science.org/doi/abs/10.1126/sciadv.aeg9384?af=R,,AAAS: Science Advances: Table of Contents,2026-08-19 07:00:00+00:00,10.1126/sciadv.aeg9384,Xiao Xiao,,"Photochemical upcycling of polymers is a promising strategy for mitigating the plastic-waste crisis; however, many recent advances have centered on developing costly photocatalysts. In contrast, the auto-sensitized photoreactivity of aromatic polymers such as polystyrene (PS)—albeit documented for decades—has remained unexploited for practical upcycling. Here we leverage this overlooked reactivity to develop a catalyst-free platform that converts PS into benzoic acid under visible light irradiation in air. The approach extends to other aromatic polymers including polyethylene terephthalate (PET), polycarbonate, polyether sulfone (PES), and epoxy resins, as well as biomass feedstocks such as lignin. Mechanistic experiments combined with DFT calculations reveal a non-innocent role for the chloroalkane solvent, an aspect that has been underrecognized in related photochemical upcycling systems, as well as an autoinductive rate acceleration. This intrinsic PS photoreactivity further enables co-upcycling with non-aromatic polymers and remains effective in a waste-emulating halogenated solvent mixture, pointing to potential synergy between mixed plastics/biomass valorization and solvent waste management.",crossref
Photocatalytic CO2-to-ethanol conversion via multiple enrichment effects in porous liquids,https://www.science.org/doi/abs/10.1126/sciadv.aeg8278?af=R,,AAAS: Science Advances: Table of Contents,2026-08-19 07:00:00+00:00,10.1126/sciadv.aeg8278,Lin-Bing Sun,,"Photocatalytic CO
                    2
                    reduction to multi-carbon products like ethanol remains challenging. We report a porous liquid (PL) system, PL(Cu-Cu
                    2
                    O@NU), driving selective CO
                    2
                    -to-ethanol conversion. It features Cu
                    0
                    /Cu
                    +
                    dual sites in NH
                    2
                    -UiO-66 (NU) hybridized with a methoxypolyethylene glycol-functionalized imidazolium ionic liquid (IL). This system facilitates C-C coupling via a triple enrichment mechanism: IL and NU synergistically enrich CO
                    2
                    , IL enriches electrons at Cu sites, and confined pores enrich intermediates. Consequently, PL(Cu-Cu
                    2
                    O@NU) achieves an 83.3 μmol·g
                    −1
                    ·h
                    −1
                    ethanol yield with 95.2% selectivity, outperforming Cu-Cu
                    2
                    O@NU by 4.7-fold. Control experiments (showing no ethanol over isolated NU, IL, or Cu-Cu
                    2
                    O) directly validate this mechanism. Supplemental computations substantiate these findings: molecular dynamics confirm confined pores reduce *CO diffusion for enrichment, while density functional theory reveals lowered C-C coupling barriers. Furthermore, d-band upshifts enhance CO
                    2
                    -Cu overlap, and Cu
                    0
                    /Cu
                    +
                    sites mediate the critical *CO → *COCO transition. These integrated observations firmly establish PLs as robust confinement-driven platforms for selective CO
                    2
                    -to-C
                    2
                    +
                    conversion.",crossref
Mitochondrial profiling across macrophage states reveals inhibition of IL-4/IL-13 reprogramming by the integrated stress response,https://www.science.org/doi/abs/10.1126/sciadv.aed6318?af=R,,AAAS: Science Advances: Table of Contents,2026-08-19 07:00:00+00:00,10.1126/sciadv.aed6318,Alexis A. Jourdain,,"Mitochondria drive cellular reprogramming by integrating metabolism and signaling. In macrophages, mitochondria are central to immunometabolic responses to external cues, but the extent to which they are remodeled and participate in macrophage reprogramming remains unclear. Here, we integrate transcriptomics with whole-cell and purified mitochondrial proteomics to profile lipopolysaccharide (LPS)/interferon-γ (IFN-γ)– and interleukin-4 (IL-4)/IL-13–stimulated macrophages. We reveal a notable disconnect between mitochondrial transcript and protein levels following either stimulus and a signal transducer and activator of transcription 6 (STAT6)–dependent increase in mitochondrial DNA (mtDNA) expression and intramitochondrial translation in IL-4/IL-13 macrophages. We demonstrate that pharmacological inhibition of mitochondrial translation or individual respiratory chain complexes variably impairs reprogramming, whereas ATP synthase inhibition uniquely triggers a heme-regulated inhibitor (HRI)–dependent integrated stress response (ISR) through mitochondrial hyperpolarization, thereby preventing IL-4/IL-13 reprogramming. Mechanistically, we show that restoring mitochondrial membrane potential or inhibiting the ISR rescues IL-4/IL-13–mediated reprogramming. Together, we identify mtDNA expression, intramitochondrial translation, and mitochondrial membrane potential as critical, drug-sensitive determinants of the IL-4/IL-13 response.",crossref
"A biomimetic, ultralow-power edge-AI-empowered and self-sustaining gait analysis system",https://www.science.org/doi/abs/10.1126/sciadv.aeh9625?af=R,,AAAS: Science Advances: Table of Contents,2026-08-19 07:00:00+00:00,10.1126/sciadv.aeh9625,Simiao Niu,,"Smart digital health has reshaped patient monitoring, but it faces a fundamental trade-off between device intelligence and continuous, energy-efficient monitoring. Inspired by self-sustaining intelligent biospecies, we develop a biomimetic, battery-free, and high-precision edge-AI system through a harvested-energy-constrained holistic co-design that couples ultralow-power edge-AI-empowered sensor hardware with biomechanical energy harvesting and cold-start power management. Our edge-AI-empowered motion sensor performs instantaneous, context-aware on-device inference and timely result updating from raw sensor data while consuming only 86 μW. A high-output energy harvester and tailored high-efficiency power management circuitry sustain energy levels exceeding system requirements, eliminating downtime associated with charging and enabling true 24/7, hassle-free monitoring. This breakthrough establishes a paradigm for system-level, edge-AI-empowered, and self-sustaining sensing, demonstrating that intelligence and energy autonomy can coexist within a single wearable platform and pointing to next-generation always-on, personalized digital health systems.",crossref
Ultrawide-FOV full-color waveguides free of rainbow and fishbone artifacts via physics-constrained generative metagrating design,https://www.science.org/doi/abs/10.1126/sciadv.aeh5234?af=R,,AAAS: Science Advances: Table of Contents,2026-08-19 07:00:00+00:00,10.1126/sciadv.aeh5234,Zhenrong Zheng,,"Augmented reality (AR) displays are gaining prominence in consumer and industrial applications due to two-dimensional pupil-expanding waveguides, which achieve the essential dual requirements of compact form factors and large eyebox through innovative dual-axis beam replication technology. Nevertheless, these systems face an intrinsic trilemma compromising three critical parameters—efficiency, angular uniformity, and chromatic dispersion—with all three limitations becoming particularly pronounced at wide angles (&gt;50°) across the visible spectrum, manifesting as fishbone artifacts (periodic non-uniformity patterns) and rainbow effects. To overcome these fundamental limitations, we present a physics-constrained generative adversarial network (PC-GAN) that systematically resolves the trilemma by incorporating two key physical principles: dilated pupil restraint ratio (DPRR) for uniformity control and periodic constraint theory (PCT) for dispersion management. This framework enables high-throughput discovery of metagrating designs while ensuring high-quality imaging performance in single-layer waveguides across the full visible spectrum and ultrawide field of view. Notably, the PC-GAN demonstrates its unique capability by autonomously discovering optimized snowflake-like metagrating (SLMG) geometries - fractal structures that provide breakthrough solutions for pupil expansion uniformity through their hierarchical light manipulation properties. Experimental realization of PC-GAN-optimized metagratings in disparate material systems (polymer and SiC) consistently delivered wide-angle, full-color operation in single-layer waveguides, while eliminating the characteristic fishbone artifacts and rainbow effects of conventional diffractive designs. This physics-constrained generative framework unlocks transformative potential for complex photonic systems beyond AR, enabling advanced designs ranging from ultrathin VR displays to multi-physics-optimized quantum optical devices.",crossref
Atomistic twinning process with ultra-high shear in hexagonal close-packed crystals,https://www.pnas.org/doi/abs/10.1073/pnas.2607072123?mi=eymic2&af=R&access=on&content=articlesChapters&publication=pnas&sortBy=Earliest&target=default,,Proceedings of the National Academy of Sciences: Keyword search for query,2026-08-19 07:00:00+00:00,10.1073/pnas.2607072123,Scott X. Mao,,"Twinning is a critical deformation mechanism that can significantly enhance the mechanical performance of materials. Predicting active twinning modes has long been a fundamental challenge. It is generally believed that active twinning modes should exhibit low to moderate shear strains to minimize the associated strain energy. Here, using in situ atomic-scale straining experiments, we identify an unconventional twinning mode in hexagonal close-packed (HCP) rhenium nanocrystals, characterized by an extraordinarily large shear strain of ~1.2, the highest reported for HCP crystals to date. Remarkably, this twinning process proceeds via pure lattice shear without the atomic shuffling typically required for conventional HCP twinning. Our results indicate that high stress states attainable in nanocrystals, together with favorable energetics, enable activation of this mode. This ultra-high-shear twinning mechanism holds significant potential for enhancing the formability and ductility of HCP metals.",crossref
Evolutionary diversification via modular compliance for self-reconfigurable continuum robots,https://www.science.org/doi/abs/10.1126/sciadv.aeg9191?af=R,,AAAS: Science Advances: Table of Contents,2026-08-19 07:00:00+00:00,10.1126/sciadv.aeg9191,Yue Chen,,"Modular self-reconfigurable robots promise adaptability through changes in morphology, yet most existing systems remain limited by low functional density, rigid modules, and constrained docking interfaces that restrict scalable locomotion and manipulation. In contrast, biological organisms achieve rich behavioral diversity through repeated compliant segments combined with flexible articulated body architectures to support locomotion, manipulation, and environmental interaction. Here, we present a modular self-reconfigurable continuum robot that exploits modular compliance as a unifying design principle to enable cross-species bioinspired loco-manipulation within a single platform. Each module integrates a continuum backbone for compliant bending and a pair of grippers for omnidirectional, quasi-freeform docking, achieving high functional density within a compact unit. As a result, a small number of modules can assemble into diverse morphologies capable of distinct capabilities. We further develop a morphology-conditioned gait library covering rolling, undulation, crawling, quadrupedal walking, and multisegment manipulation, organized within an evolutionary diversification tree that explicitly links biological locomotion strategies to corresponding robotic assembly patterns. To enable autonomous transitions between configurations, we introduce a unified geometric-topological representation and a self-reconfiguration planner that decomposes reconfiguration into discrete grasping and releasing actions and continuous deformation actions. Hardware experiments demonstrate online self-reconfiguration, followed by integrated loco-manipulation. Together, these results show that embedding compliance at the module level unifies locomotion, manipulation, and self-reconfiguration within a single robotic platform, suggesting a pathway toward more adaptable machines that exhibit organism-like behaviors across species.",crossref
Topological mixing and irreversibility in animal chromosome evolution,https://www.science.org/doi/abs/10.1126/sciadv.adz5561?af=R,,AAAS: Science Advances: Table of Contents,2026-08-19 07:00:00+00:00,10.1126/sciadv.adz5561,Oleg Simakov,,"Animal chromosome homology can persist over hundreds of millions of years, despite fusions and translocations. The frequency, pace, and impact of these changes remain unclear. We develop a multiscale manifold representation of pan-animal genome homology to compare 5821 chromosome-scale genomes across 19 phyla and 4454 species. This “evolutionary genome topology” approach simultaneously captures chromosomal and subchromosomal organization. We find that while all 406 pairwise fusions of 29 ancestral animal linkage groups have been sampled by metazoan genome diversity, the full combinatorial potential within chromosomes remains far from explored. Our approach shows that irreversible genomic changes, caused in particular by chromosomal consolidation, dissociation, and fusion-with-mixing, place clades in distinct regions of genome architecture space. Progressive accumulation of these mixed states across genomic scales contributes to the diverging paths of animal genome evolution and has a long-lasting impact on a broad range of genes, including key developmental loci.",crossref
Hope for heart failure with preserved ejection fraction?,https://www.science.org/doi/abs/10.1126/sciadv.aek5991?af=R,,AAAS: Science Advances: Table of Contents,2026-08-19 07:00:00+00:00,10.1126/sciadv.aek5991,Robert M. Blanton,,A common form of heart failure improves when cyclic guanosine monophosphate-dependent protein kinase is activated with a novel agent that promotes cysteine-42 oxidation.,crossref
Large-scale outdoor 3D trajectory measurements enabled by drone-assisted multicamera tracking,https://www.science.org/doi/abs/10.1126/sciadv.aeh8352?af=R,,AAAS: Science Advances: Table of Contents,2026-08-19 07:00:00+00:00,10.1126/sciadv.aeh8352,Jin-Tae Kim,,"Accurate measurement of three-dimensional (3D) trajectories in outdoor environments is essential for studying complex dynamic processes such as atmospheric transport, aerial vehicle motion, and collective behavior. However, obtaining quantitative trajectory measurements over large outdoor volumes remains challenging because multicamera systems require reliable calibration and synchronization under field conditions. Here, we introduce a portable and automated drone-assisted multicamera 3D tracking (DAM3T) framework for georeferenced trajectory reconstruction. The system estimates multicamera extrinsic parameters from an autonomous drone flight without dedicated calibration markers and aligns the reconstructed coordinate system with geographic coordinates (WGS84) using real-time kinematic Global Positioning System (RTK-GPS) measurements. Validation under indoor motion-capture and outdoor RTK-GPS conditions demonstrates trajectory errors below 2%. We further demonstrate the framework through Lagrangian analysis using passive tracers, georeferenced tracking of multiple unmanned aerial vehicles, and 3D motion analysis in sports scenes. This establishes DAM3T as a scalable measurement platform that extends outdoor tracking from local-coordinate reconstruction to georeferenced measurement of complex dynamic systems.",crossref
"Coupled Atlantic atmosphere-ocean variability modulates cutaneous leishmaniasis in North Africa, enabling long-lead seasonal forecasts",https://www.science.org/doi/abs/10.1126/sciadv.aeb0774?af=R,,AAAS: Science Advances: Table of Contents,2026-08-19 07:00:00+00:00,10.1126/sciadv.aeb0774,Xavier Rodó,,"Early warning systems for climate-driven diseases require predictors with sufficient lead time, a persistent challenge for many diseases and regions. While coupled atmosphere-ocean phenomena offer a potential solution, they remain largely underexploited in temperate zones. Here, we establish a multiscale connection between cutaneous leishmaniasis (CL) dynamics in North Africa, the North Atlantic Oscillation (NAO), and the Atlantic Multidecadal Variability (AMV). Beyond the NAO’s influence on seasonal rainfall, we uncover low-frequency variability in the NAO-AMV system that modulates interannual rainfall patterns in North Africa, yielding multiyear periods of high and low CL activity. To quantify this predictability, we develop a unified transmission model applied across Morocco and Tunisia for both anthroponotic (
                    Leishmania tropica
                    ) and zoonotic (
                    Leishmania major
                    ) forms. Predictive skill up to 12 months ahead improves across all contexts when we incorporate local temperature and precipitation alongside the multiscale signals of the NAO and AMV. This study shows how coupled Atlantic climate variability modulates an infectious disease across timescales, enabling an operational, long-lead seasonal forecast system for a vector-borne disease in the Mediterranean region.",crossref
Potential survivable niches for microbial life on the lunar south pole,https://www.science.org/doi/abs/10.1126/sciadv.aec0811?af=R,,AAAS: Science Advances: Table of Contents,2026-08-19 07:00:00+00:00,10.1126/sciadv.aec0811,Noah E. Petro,,"Most lunar surface conditions are incredibly harsh for microbial survival. High ultraviolet radiation, temperatures, and energetic particle radiation limit survival over most unprotected lunar surfaces, particularly in equatorial regions where all previous crewed exploration occurred. However, whether these harsh conditions are widespread at lunar poles has not been examined considering topographical effects. Here, we show that recent microorganism survivability data and lunar surface remote sensing reveal likely survivable niches in lunar polar regions. Analysis of topography and latitude-driven surface conditions using remote sensing data and high-resolution illumination models indicates the lunar south pole has substantial regions with persistent low temperatures and ultraviolet flux. Comparing these conditions to survivability data of specific microorganisms, we find that significant lunar polar areas likely have surface conditions amenable to microbial survival. Our findings suggest that lunar polar regions may be less hostile to microbial survival than previously assumed. This does not encompass growth likelihood, but survival in a cryptobiotic state where growth would be possible if habitable conditions were present. Potential microbial survivability at lunar poles is particularly significant given many examined microbes will likely be transported to the Moon during crewed lunar south pole exploration planned in numerous near-term missions. Thoughtfully planning exploration and tracking its impact is key to limiting and understanding potential unintended life transfer to the Moon.",crossref
Screening of anti-metastasis drugs by targeting angiopellosis and cancer cluster extravasation,https://www.science.org/doi/abs/10.1126/sciadv.aed4204?af=R,,AAAS: Science Advances: Table of Contents,2026-08-19 07:00:00+00:00,10.1126/sciadv.aed4204,Ke Cheng,,"Metastasis accounts for 90% of cancer-related deaths. Extravasation is a necessary step for cancer metastasis. Currently, there are no drugs that specially target extravasation. Most cancer therapies target either proliferation or angiogenesis. We previously identified “angiopellosis” as the dominant mechanism by which vascular endothelial cells undergo conformational changes and actively “push” circulating cancer cells out of blood vessels. In this study, we developed an image-based high-throughput drug screening assay by coculturing cancer membrane–coated spheres with endothelial monolayers. Through this platform, we identified Bay 61-3606 as a lead angiopellosis inhibitor. Bay 61-3606 substantially reduced cancer cluster extravasation, an activity solely supported by angiopellosis and associated with higher metastatic potential, in both zebrafish and mouse models. Furthermore, Bay 61-3606 decreased distant metastases in murine models of lung carcinoma and triple-negative breast cancer. Mechanistically, Bay 61-3606 targeted the c-Jun amino-terminal kinase signaling pathway, down-regulating COL8A1 expression in endothelial cells and impairing the angiopellosis process.",crossref
Perceptual and neural constraints on photometric measures of heterochromatic brightness,https://www.pnas.org/doi/abs/10.1073/pnas.2610398123?mi=eymic2&af=R&access=on&content=articlesChapters&publication=pnas&sortBy=Earliest&target=default,,Proceedings of the National Academy of Sciences: Keyword search for query,2026-08-19 07:00:00+00:00,10.1073/pnas.2610398123,Karl R. Gegenfurtner,,"Luminance and the candela provide the foundation of photometry and define standard measures of the visual impact of light. They are defined by classical photometric methods that fail to capture key aspects of brightness judgments across different colors in spatially extended, real-world scenes: Highly saturated colors appear brighter, mixtures are subadditive relative to luminance, and short wavelengths contribute more strongly than expected. Despite these long-standing discrepancies, progress has been limited by the lack of scalable methods to measure heterochromatic brightness under steady viewing. Here, we introduce a ranking-based paradigm that enables reliable measurement of brightness across large stimulus sets. Observers ranked 144 colored stimuli spanning hue and intensity, yielding highly consistent results across sessions, observers, and display environments, including large-scale online studies. This approach reveals a stable global structure of heterochromatic brightness preserved across devices and viewing contexts. Using these data, we evaluate a broad range of candidate models. Luminance, radiance, and established color appearance models leave key systematic patterns unexplained. In contrast, simple nonlinear pooling rules, specifically taking the weighted maximum of the red, green, and blue channel values, provide a near-ceiling account of observed rankings. Neural recordings reveal a corresponding temporal dissociation: High-frequency responses track luminance, whereas low-frequency responses align with nonlinear predictions. Experiments with spectrally tunable illumination confirm the same pattern in spatially extended scenes. Together, these results establish a scalable framework for measuring heterochromatic brightness and identify a simple computational rule governing brightness under steady viewing.",crossref
"Soft matter, hard rules: Emulsions follow the laws of granular suspension rheology",https://www.pnas.org/doi/abs/10.1073/pnas.2611013123?mi=eymic2&af=R&access=on&content=articlesChapters&publication=pnas&sortBy=Earliest&target=default,,Proceedings of the National Academy of Sciences: Keyword search for query,2026-08-19 07:00:00+00:00,10.1073/pnas.2611013123,Bloen Metzger,,"The flow of dense emulsions underlies applications from food and pharmaceutical processing to bioengineering, yet their rheology remains difficult to interpret under conventional volume-imposed conditions. Here, we change the control variable to osmotic-pressure using a recently developed instrument—the Capillarytron. This approach reveals a unified rheological structure where the osmotic pressure
                    
                      
                        Π
                      
                    
                    , by controlling droplet deformation, sets a
                    pressure-dependent
                    jamming volume fraction. When expressed in terms of the distance to this jamming point, all rheological data—spanning both
                    
                      
                        Π
                      
                    
                    - and
                    
                      
                        ϕ
                      
                    
                    -imposed measurements—collapse onto a single power-law divergence, akin to granular suspensions. The resulting constitutive relations provide a predictive, parameter-free description of emulsion rheology across Newtonian, yielding, and shear-thinning regimes. Together with recent results on soft spheres, our findings point to a unifying paradigm: Soft amorphous materials—from soft spheres to emulsions and likely foams—obey the same
                    hard rules
                    as granular suspensions, with softness entering through a pressure-dependent jamming point. This framework rationalizes Herschel–Bulkley rheology, assigns its parameters microscopic meaning, and opens perspectives on rigidity transitions in soft, deformable systems, including biological tissues.",crossref
Numerical investigation of the equilibrium Kauzmann transition in a two-dimensional atomistic glass,https://www.pnas.org/doi/abs/10.1073/pnas.2612355123?mi=eymic2&af=R&access=on&content=articlesChapters&publication=pnas&sortBy=Earliest&target=default,,Proceedings of the National Academy of Sciences: Keyword search for query,2026-08-19 07:00:00+00:00,10.1073/pnas.2612355123,Ludovic Berthier,,"Dense liquids gradually transform into nonequilibrium amorphous solids as they pass through the experimental glass transition. Experimentally, ergodicity is lost because measurements are conducted within a finite time window. More than seventy years ago, Kauzmann posed a fundamental question: If experiments could run indefinitely, would there exist a critical temperature at which an ergodicity-breaking phase transition occurs? Random first-order transitions represent the modern theoretical framework for this idea. However, theoretical calculations in finite dimensions are challenging, whereas experimental and numerical limitations on accessible timescales hinder direct observation of the putative Kauzmann transition. Here, we overcome this longstanding barrier by developing a computational strategy that properly combines three Monte Carlo methods to access the desired equilibrium thermodynamic properties of a two-dimensional atomistic glass-former down to zero temperature across a range of system sizes up to 77 particles. This enables us to directly measure thermodynamic and structural observables that provide unambiguous evidence that the system undergoes a finite-size version of the Kauzmann transition at a temperature that is much lower than other energy scales and decreases rapidly with system size, thus suggesting the existence of a zero-temperature Kauzmann transition for two-dimensional glasses. The transition is toward an ideal glass state characterized by a complex energy landscape and a hierarchical organization of low-lying states.",crossref
Dynamic multiphase flow triggers chaotic mixing in porous media,https://www.pnas.org/doi/abs/10.1073/pnas.2612884123?mi=eymic2&af=R&access=on&content=articlesChapters&publication=pnas&sortBy=Earliest&target=default,,Proceedings of the National Academy of Sciences: Keyword search for query,2026-08-19 07:00:00+00:00,10.1073/pnas.2612884123,Tanguy Le Borgne,,"Solute mixing plays a pivotal role in a broad spectrum of chemical and biological processes across natural and engineered porous media. However, current understanding of mixing dynamics remains largely constrained to steady flows in fully or partially water-saturated environments. Multiphase flow systems are generally unsteady, with moving fluid interfaces and flow paths that change in time. Despite the widespread occurrence of dynamic multiphase flows, their impacts on solute mixing are largely unknown. Here, we use experiments and numerical simulations to investigate the effect of dynamic two-phase flow on the stretching and folding of fluid elements, a fundamental mechanism driving solute mixing and reactions in porous media. We find that dynamic two-phase flows induce chaotic mixing, characterized by exponential stretching of fluid elements, leading to strongly enhanced mixing compared to steady single-phase flows. By extensive numerical multiphase flow simulations, we establish dynamic steady states where we reliably measure the mean fluid stretching rate as a function of flow rate. We show that stretching is maximized at an optimum flow rate which balances fluid shear deformation against the frequency of flow reorientation by the intermittent motion of the fluid interface. The findings are rationalized by a mechanistic model linking basic multiphase flow characteristics to the stretching rate, opening perspectives to understand and control mixing and reactions in a wide range of multiphase flow systems.",crossref
China’s lakes remain carbon sources: Insights from the balance between intrinsic carbon sequestration and emissions,https://www.science.org/doi/abs/10.1126/sciadv.aed7393?af=R,,AAAS: Science Advances: Table of Contents,2026-08-19 07:00:00+00:00,10.1126/sciadv.aed7393,Zhongwu Li,,"Accurate assessments of lake carbon balance are essential for filling gaps in the global carbon budget and addressing climate change. However, persistent uncertainties arise from an incomplete understanding of intrinsic carbon sequestration and its balance with emission effects. Here, using source fingerprinting techniques, we isolated the autochthonous organic carbon (OC
                    Auto
                    ) burial, which represents the intrinsic carbon sequestration of lakes. We found that OC
                    Auto
                    burial accounted for only 53.23% of total lake carbon emissions in the 2020s, leaving China’s lakes as carbon sources (−0.83 teragrams of carbon per year). Regionally, lakes on the Qinghai-Tibet and Yunnan-Guizhou Plateaus have shifted to carbon sinks, whereas lakes in the eastern and northeastern regions remain major carbon sources. Scenario projections indicated that restoring China’s lakes to macrophyte-dominated states under the Shared Socioeconomic Pathway SSP2-4.5 scenario could transition them into stable carbon sinks before OC
                    Auto
                    burial peaks around 2070. To facilitate this transition, we proposed a lake classification-and-management framework based on carbon sink potential and emission risks to guide carbon sequestration and climate mitigation efforts.",crossref
Neuronal overexpression of Kcnn1 in A53T α-synuclein mice suppresses phospho-serine 129 α-synuclein formation and doubles survival time,https://www.pnas.org/doi/abs/10.1073/pnas.2622262123?mi=eymic2&af=R&access=on&content=articlesChapters&publication=pnas&sortBy=Earliest&target=default,,Proceedings of the National Academy of Sciences: Keyword search for query,2026-08-19 07:00:00+00:00,10.1073/pnas.2622262123,Arthur L. Horwich,,"Synucleinopathies, including idiopathic Parkinson’s Disease, are driven by misfolding and aggregation of the 140 residue α-synuclein protein that plays a role in presynaptic vesicle regulation. We describe effects of a modifier, neuronal overexpression of the mouse calcium-activated potassium channel subunit Kcnn1, on a mouse model in which transgenic Thy1.2-driven human A53T α-synuclein directs fully penetrant lethal motor disease. Kcnn1 overexpression increased median survival of these mice from 8.5 to 18 mo, associated with an altered presentation from rapidly progressive dystonic-like behavior of the limbs to a later-onset (12 to 16 mo) and slowly progressive lower limb clasping when lifted by the tail. At the tissue level, accretion of disease-associated phospho-serine 129 α-synuclein was prevented by overexpression of Thy1.2-driven Kcnn1 in many brain regions/spinal cord, where phospho-serine 129 α-synuclein copiously accreted in A53T mice at endstage. The action of blocking production of phospho-serine 129 α-synuclein was also observed in adult A53T mice injected presymptomatically with an AAV9 scCMV-Kcnn1 virus into the right superior colliculus. At endstage ~2 mo later, the right superior colliculus exhibited overexpression of Kcnn1 and showed essentially no phospho-serine 129 α-synuclein, whereas the uninjected left superior colliculus exhibited copious phospho-serine 129 α-synuclein. The neuroprotective action of Kcnn1 overexpression remains to be fully resolved, but the channel protein subunit, targeted to the ER membrane, has been shown to induce an ER stress response. This response, which may activate autophagy, along with potential channel formation, may diminish the rate of formation or lifetime of neurotoxic forms of A53T α-synuclein.",crossref
"Peter H. Raven: Botanist, evolutionary biologist, and biodiversity champion",https://www.pnas.org/doi/abs/10.1073/pnas.2624553123?mi=eymic2&af=R&access=on&content=articlesChapters&publication=pnas&sortBy=Earliest&target=default,,Proceedings of the National Academy of Sciences: Keyword search for query,2026-08-19 07:00:00+00:00,10.1073/pnas.2624553123,Barbara A. Schaal,,"Peter H. Raven was a transformative leader whose influence extended far beyond his own research. From a precocious childhood passion for natural history to landmark contributions to coevolution, ecological speciation, biogeography, and botanical systematics, his career reshaped modern plant science. He was also an extraordinary mentor, collaborator, and institution builder spending most of his career as Director of the Missouri Botanical Garden and professor at Washington University in Saint Louis, while taking leadership roles at the National Academy of Sciences, the National Geographic Society, and many other organizations. Raven advanced global biodiversity conservation and scientific infrastructure and worked tirelessly to provide opportunities for emerging scholars worldwide. His legacy lies not only in the breadth of his scholarship and public service but also in his enduring commitment to connecting people, fostering collaboration, and helping others realize their potential.",crossref
A cloaked glutamate decarboxylase sustains the GABA shunt in Mycobacterium tuberculosis,https://www.pnas.org/doi/abs/10.1073/pnas.2619778123?mi=eymic2&af=R&access=on&content=articlesChapters&publication=pnas&sortBy=Earliest&target=default,,Proceedings of the National Academy of Sciences: Keyword search for query,2026-08-19 07:00:00+00:00,10.1073/pnas.2619778123,Luiz Pedro S. de Carvalho,,"Despite the exponential growth in genome sequencing, the functional annotation of genes, particularly the discovery of novel enzymatic activities, remains a formidable challenge. This gap is exacerbated by annotation biases that propagate assumptions about enzyme function across homologous sequences. Here, we report the identification of an unannotated enzymatic activity within a presumed well-characterized enzyme family. The gene
                    rv2531
                    c, under strong purifying selection across
                    Mycobacterium tuberculosis
                    strains, has been annotated as a member of the lysine-ornithine-arginine (KOR) decarboxylase superfamily, which includes over 26,000 sequences. Contrary to this annotation, we show that Rv2531c does not decarboxylate KOR substrates. Instead, using an integrative approach combining bioinformatics, microbiology, metabolomics, and enzymology, we demonstrate that Rv2531c is a L-glutamate decarboxylase that sustains carbon flux through the γ-aminobutyric acid shunt in
                    M. tuberculosis
                    . This newly identified subfamily of enzymes is conserved across Bacteria, Archaea, and Eukarya and exhibits distinct structural and kinetic features, including an additional domain, hysteresis, and strong positive cooperativity. These characteristics differentiate it from canonical, enterobacterial KOR decarboxylases. More broadly, our findings challenge the narrow substrate and functional scope traditionally assigned to the KOR-DC superfamily. We propose that many members of this large and diverse enzyme family catalyze distinct reactions and participate in previously unrecognized metabolic pathways, revealing a broader and more nuanced role for pyridoxal 5′-phosphate-dependent enzymes in microbial physiology and evolution.",crossref
Reconstruction and attribution of Late-Pleistocene changes in the Earth’s energy imbalance,https://www.science.org/doi/abs/10.1126/sciadv.aec9034?af=R,,AAAS: Science Advances: Table of Contents,2026-08-19 07:00:00+00:00,10.1126/sciadv.aec9034,Feng He,,"The Earth’s energy imbalance (EEI) that develops at the top of the atmosphere is accommodated by gains or losses of energy in Earth’s heat reservoirs, leading to temperature and sea level change. The global ocean has stored about 90% of the EEI from anthropogenic forcing, but the attribution of past changes of EEI remains largely unknown, thus obscuring our understanding of past climate change. Here, we reconstruct changes in mean ocean temperature over the past 150,000 years that, with a reconstruction of ice sheet–volume changes, allow us to isolate the contributions of the dominant ocean and ice sheet heat reservoirs to the global energy inventory as well as to derive their associated contributions to EEI. We attribute orbital-scale EEI variability to joint precessional and CO
                    2
                    forcing that caused changes in rates of ice sheet energy storage. In contrast, millennial-scale EEI variability can be attributed to radiative responses to decreases in the Atlantic meridional overturning circulation and increasing CO
                    2
                    during Heinrich stadials that caused changes in rates of ocean energy storage.",crossref
Population-level geometric filtering generates motion-coherence selectivity in the retina,https://www.science.org/doi/abs/10.1126/sciadv.aeg7846?af=R,,AAAS: Science Advances: Table of Contents,2026-08-19 07:00:00+00:00,10.1126/sciadv.aeg7846,Daniel Kerschensteiner,,"Object-motion–sensitive (OMS) circuits must ignore self-motion while remaining sensitive to independently moving objects. We show that the mouse retina solves this by geometrically filtering motion coherence. Correlative light and electron microscopy reveal that TH2 amacrine cells (GABAergic Type-2 wide-field amacrine cells in the TH-Cre mouse strain) combine a dense proximal arbor with sparse radiating distal neurites, distributing synapses uniformly across both compartments. Two-photon imaging and compartmental modeling establish that sparse inhibition and voltage-gated sodium channels allow this bipartite arbor to multiplex signals: Proximal dendrites compute locally, whereas distal neurites integrate over hundreds of micrometers. A population model built from this architecture predicts a daisy-shaped inhibitory surround for OMS ganglion cells (W3/Ultra-High-Definition), with a circular near-surround and radially orientation-selective far-surround subunits. Patch-clamp recordings confirmed this organization and revealed that the surround suppresses coherent global motion while preserving object-motion detection, even amid high densities of independently moving objects. Thus, single-cell morphology and dendritic processing scale through plexus geometry to implement motion-coherence selectivity.",crossref
Central T cell tolerance from sparse peptide sampling,https://www.science.org/doi/abs/10.1126/sciadv.aeg8240?af=R,,AAAS: Science Advances: Table of Contents,2026-08-19 07:00:00+00:00,10.1126/sciadv.aeg8240,Saket Navlakha,,"Negative selection in the thymus limits autoimmunity by eliminating T cells that react strongly to self. Individual T cells, however, are only exposed to a small fraction of all self-peptides during their “training” in the thymus, and how tolerance is generalized to the remaining “test” self-peptides across peripheral tissues in the body remains an open question. We show that this can be achieved because the immune system satisfies two conditions necessary for generalization in machine learning settings. Consequently, sparse, random sampling of only 10% of self-peptides in the thymus is sufficient to avoid reactivity to 90% of peripheral self. We support this result and validate predictions from our model with diverse experimental data. Overall, we provide a plausible answer to a long-standing question underlying adaptive immunity, and we highlight how generalization, a fundamental challenge faced by nearly every learning algorithm, is tackled by the immune system.",crossref
Perceptual meta-uncertainty reveals enhanced calibration of sensory confidence in autism,https://www.science.org/doi/abs/10.1126/sciadv.aee2332?af=R,,AAAS: Science Advances: Table of Contents,2026-08-19 07:00:00+00:00,10.1126/sciadv.aee2332,Amit Yashar,,"Atypical metacognition has been suggested to underlie autistic phenotypes, given its role in social cognition and behavioral flexibility. However, no study has quantitatively assessed metacognitive abilities in autism. Here, we measured meta-uncertainty—the noise corrupting estimates of one’s own decision uncertainty—in autism. In three experiments, autistic and non-autistic participants (
                    N
                     = 145) performed orientation categorization tasks while simultaneously reporting their choice confidence. By independently manipulating each Bayesian component—sensory uncertainty, prior, and reward—and fitting a recently established process model, we assessed metacognitive abilities and their contingency on the Bayesian components while controlling for first-order decisions. Unlike non-autistic participants, autistic participants’ meta-uncertainty depended on which decision component was manipulated and was lower than that of non-autistic participants, specifically when decisions were adjusted for sensory uncertainty. These findings reveal that metacognition in autism is not generally reduced but rather enhanced for inferences that rely primarily on sensory information.",crossref
A bacterial enzyme enhances both energy metabolism and health across the life span of C. elegans and mice,https://www.science.org/doi/abs/10.1126/sciadv.aef3262?af=R,,AAAS: Science Advances: Table of Contents,2026-08-19 07:00:00+00:00,10.1126/sciadv.aef3262,An-Ping Zeng,,"The consequence of enhanced energy metabolism for health and life span of organisms is a fundamental yet controversially discussed issue of life and aging among others because of the fact that increasing energy metabolism often entails the risk of oxidative damage. To resolve this paradox, we introduce the bacterial-derived lipoic acid protein ligase A (LplA) as an orthogonal and defined molecular tool to enhance energy metabolism and at the same time to foster a low oxidative stress environment. Investigations in
                    Caenorhabditis elegans
                    (
                    C. elegans
                    ) and mouse models demonstrate that LplA expression significantly enhances energy metabolism and health across the life span, without compromising maximum longevity. Our work not only transcends the long-standing paradox between energy metabolism and health life span but also provides a hereto unreported strategy to intervene in human aging.",crossref
"Programmable photonic neural engine with all-optical nonlinear activation and 40,000 connections",https://www.science.org/doi/abs/10.1126/sciadv.aee9649?af=R,,AAAS: Science Advances: Table of Contents,2026-08-19 07:00:00+00:00,10.1126/sciadv.aee9649,José Azaña,,"The rapid advancement of artificial neural networks (ANNs) demands computational platforms with higher speed, energy efficiency, and scalability. Optical computing offers an appealing solution owing to the high-speed processing, inherent parallelism, and low energy consumption. However, existing optical neural network architectures face fundamental trade-offs between scalability, reconfigurability, and processing latency, constrained by the need to rely on electronic nonlinearities or fixed optical interconnections. Here, we report an end-to-end photonic neuromorphic engine that integrates all-optical nonlinearity into a loop-based, time-multiplexed photonic architecture. This approach enables all optical neurons to share common hardware, supporting enhanced connectivity and full reconfigurability with reduced latency. Implementations of four distinct network topologies, with a maximum of 40,000 optical connections for the single-layer perceptron, achieve digital-level inference accuracy and computational latency over two orders of magnitude shorter than state-of-the-art electronic processors, potentially paving the way for scalable, reconfigurable, and ultrafast optical artificial intelligence systems.",crossref
Undoing of firing rate adaptation enables invariant population codes,https://www.science.org/doi/abs/10.1126/sciadv.aeg3535?af=R,,AAAS: Science Advances: Table of Contents,2026-08-19 07:00:00+00:00,10.1126/sciadv.aeg3535,Carlotta Martelli,,"Neural adaptation supports coding efficiency by tuning responses to prevailing stimulus statistics. However, when information is represented by populations of neurons, adaptation of individual units could degrade behaviorally relevant signals. Here, we investigate how the fly olfactory system implements adaptation to background odors in olfactory receptor neurons (ORNs) and the consequences for combinatorial coding in downstream circuits. We show that adaptation of ORN firing rate is compensated at the axon terminal, where inhibitory presynaptic feedback supports background-invariant calcium responses to increases (but not decreases) in odor concentration. Computational analyses demonstrate that such invariance requires an adaptation strategy in ORNs that shifts response amplitude rather than sensitivity, diverging from efficient coding principles in single neurons. Downstream, postsynaptic projection neurons also exhibit background-invariant responses through presynaptic plasticity involving Unc13 proteins. Thus, the olfactory circuit restores stable population codes by undoing peripheral firing rate adaptation, enabling an asymmetric contrast representation that preserves stimulus identity across backgrounds.",crossref
Ni‐Rich Cathodes for High‐Energy All‐Solid‐State Batteries Suppressing Phase‐Gradients,https://advanced.onlinelibrary.wiley.com/doi/10.1002/aenm.71455?af=R,,Wiley: Advanced Energy Materials: Table of Contents,2026-08-19 07:20:04+00:00,10.1002/aenm.71455,Yang‐Kook Sun,,"ABSTRACT
                  
                    All‐solid‐state batteries (ASSBs) based on Ni‐rich layered cathode active materials (CAMs) promise high energy density and enhanced safety; however, their electrochemical performance is inferior to that of conventional Li‐ion batteries. A key challenge is the inefficient Li‐ion diffusion within the CAM particles, which limits Li‐ion utilization. Here, we investigate how the Ni‐rich Li[Ni
                    0.921
                    Co
                    0.069
                    Al
                    0.01
                    ]O
                    2
                    (NCA) CAM microstructure, tuned by doping with Ti
                    4+
                    , Ta
                    5+
                    , and W
                    6+
                    , influences the electrochemical performance of ASSBs. It is revealed that the CAM microstructure plays a crucial role in governing the Li‐ion diffusion dynamics, suppressing microcrack formation, and mitigating phase‐gradient development within the secondary CAM particles, thereby strongly influencing the overall electrochemical performance. W‐doped NCA, which features the most radially aligned columnar primary particles, provides efficient and sustainable Li‐ion diffusion pathways, leading to superior capacity, rate capability, and cycling retention. Furthermore, transmission electron microscopy revealed that W doping suppresses the formation of a crystallographic phase gradient, which is indicative of surface‐to‐core electrochemical heterogeneity within secondary CAM particles in ASSBs. These insights provide essential design principles for the optimization of Ni‐rich CAMs for ASSBs.",crossref
Half‐Electrode Absence and Asymmetric Arrangement Design Integrated With Shielding Electrodes for Boosting Sliding Triboelectric Nanogenerator Performance,https://advanced.onlinelibrary.wiley.com/doi/10.1002/aenm.71476?af=R,,Wiley: Advanced Energy Materials: Table of Contents,2026-08-19 07:40:32+00:00,10.1002/aenm.71476,Chenguo Hu,,"ABSTRACT
                  Enhance charge transmission performance of sliding mode triboelectric nanogenerators (TENG) is critical approach for achieving efficient energy harvesting in constructing self‐powered systems. However, the charge transmission efficiency in practical applications remains challenge, and the output current regulation and control are still deficiency. Herein, a half‐electrode absence and asymmetric arrangement design combined with shielding‐electrodes (HAS) strategy is proposed to address the low charge transmission efficiency and output current loss for sliding‐TENGs. Through this unique design of the electrode structure and the interaction between different materials, HAS‐TENG enables uniform charge accumulation across the entire surface of the dielectric layer and prevents output current distortion. Additionally, the corresponding equivalent circuit model and dynamic charge transfer mechanism of the HAS‐TENG are analyzed. The HAS‐TENG outputs a root‐mean‐square current of 3.86 µA, which is approximately 3.3 and 2.2 times that of the sliding‐TENG and the charge‐space accumulation TENG, respectively, under equivalent dimensions. Furthermore, based on the charge accumulation effect, the rotational HAS‐TENG not only maintains a stable current after 100 000 operating cycles but also achieves an average power output of 53.94 mW. This work offers design strategies for optimizing charge accumulation and transport performance in sliding‐mode TENG, facilitating its path toward practical application.",crossref
AFM‐Quantified Adhesion Energy Describes Bubble‐Mediated Mass Transport on Gas‐Evolving Electrodes,https://advanced.onlinelibrary.wiley.com/doi/10.1002/adma.74725?af=R,,Wiley: Advanced Materials: Table of Contents,2026-08-19 08:08:07+00:00,10.1002/adma.74725,Tierui Zhang,,"ABSTRACT
                  
                    Mass transport at three‐phase interfaces is a primary bottleneck for industrial gas‐evolving electrodes due to severe bubble coverage and suppressed liquid renewal. Here, we establish the interfacial work of adhesion (Δ
                    G
                    ad
                    )—quantified via spherical‐tip AFM nanoindentation—as a predictive nanoscale descriptor of surface energetics under ambient conditions. Δ
                    G
                    ad
                    captures the thermodynamic competition between electrolyte wetting and gas adhesion at the solid surface, thereby governing bubble‐mediated mass transport. Using model MoS
                    2
                    electrodes, we show that vertical structuring and phase engineering (V
                    hetero
                    ‐MoS
                    2
                    ) significantly increase the AFM‐quantified Δ
                    G
                    ad
                    . This heightened Δ
                    G
                    ad
                    strengthens the solid‐electrolyte affinity, effectively suppressing gas adhesion and reducing bubble blockage. In situ Particle Image Velocimetry (PIV) and pseudopotential simulations consistently show that surfaces with higher Δ
                    G
                    ad
                    yield smaller bubbles and enhanced interfacial renewal. Accordingly, the apparent aerophobicity follows from stronger electrolyte affinity via interfacial energy competition. Using hydrogen evolution as a representative gas‐evolving reaction, the V
                    hetero
                    ‐MoS
                    2
                    electrode sustains stable hydrogen evolution at 1000 mA cm
                    −
                    2
                    . This work provides a unified energetic framework for three‐phase interface engineering, establishing Δ
                    G
                    ad
                    as a quantifiable, AFM‐accessible metric for the rational design of high‐performance gas‐evolving electrodes.",crossref
Streamlined One‐Step Dimerization of Small‐Molecule Acceptors for High‐Performance Organic Solar Cells,https://onlinelibrary.wiley.com/doi/10.1002/anie.1114374?af=R,,Wiley: Angewandte Chemie International Edition: Table of Contents,2026-08-19 08:27:50+00:00,10.1002/anie.1114374,Yanming Sun,,"ABSTRACT
                  Achieving both high power conversion efficiency (PCE) and long‐term operational stability remains a formidable challenge for organic solar cells (OSCs). Dimeric small‐molecule acceptors (DSMAs), constructed by linking small‐molecule acceptor (SMA) subunits, have recently emerged as promising candidates. However, their conventional synthesis via Stille coupling necessitates multistep reactions, rendering large‐scale, low‐cost preparation impractical. Herein, we report a streamlined direct dimerization strategy that efficiently constructs core‐linked DSMAs through the condensation of bromoacetyl groups with diamine subunits, obviating the need for expensive palladium catalysts and toxic organotin reagents. By systematically varying the linking units, we synthesized a series of DSMAs with precisely tunable optical and electronic properties, demonstrating the generality of the approach. Such a direct dimerization approach effectively resolves the long‐standing trade‐off between cost‐effective synthesis and high photovoltaic performance. Consequently, the best‐performing device delivers a record‐high PCE of 20.15%, while maintaining outstanding photostability. Collectively, this work provides a versatile blueprint for the cost‐effective synthesis of stable, high‐performance DSMAs, effectively bridging the gap between molecular design and practical OSC scalability.",crossref
Dosing PPARγ Activation With Light Using Fast Relaxing Photoswitches,https://onlinelibrary.wiley.com/doi/10.1002/anie.7525141?af=R,,Wiley: Angewandte Chemie International Edition: Table of Contents,2026-08-19 08:31:22+00:00,10.1002/anie.7525141,Daniel Merk,,"ABSTRACT
                  The transcription factor PPARγ regulates glucose and lipid homeostasis, and its activation, e.g., with glitazones, has antidiabetic, insulin‐sensitizing activity, but also adverse effects which possibly arise from overstimulation. Here we developed a novel high‐precision tool to enable light‐dosed PPARγ activation. Structure‐guided incorporation of a photoswitchable diazene motif into a PPARγ ligand and molecular fine‐tuning provided potent, light‐activated PPARγ agonists with millisecond to multiple‐hour half‐lives, suitable for biological research applications. Phenotypic effects of light‐dosed PPARγ activation in an in vitro model of adipogenesis suggested time‐dependent importance of the receptor in adipocyte development and illustrated the unprecedented precision of controlling PPARγ activity with light‐activated chemical tools.",crossref
Coherent 1T‐Phase Surface Architecture Unlocks Ultrafast and Durable High‐Voltage LiCoO2 Cathodes,https://onlinelibrary.wiley.com/doi/10.1002/anie.6545119?af=R,,Wiley: Angewandte Chemie International Edition: Table of Contents,2026-08-19 08:35:04+00:00,10.1002/anie.6545119,Zaiping Guo,,"ABSTRACT
                  
                    Nowadays, fast‐charging capability in battery materials is intensively pursued in both academia and industry, yet the crystallographic factors that fundamentally determine rapid Li
                    +
                    transport remain unclear. Here, we identify the theoretical structural capacity for collective Li
                    +
                    transport, defined by the availability of crystallographically accessible Li diffusion sites, as a decisive but previously underappreciated structural origin governing interfacial Li
                    +
                    transport, and introduce Li‐site density (ρ
                    Li‐site
                    ) as a quantitative descriptor to guide surface architecture design for accelerated Li
                    +
                    migration. Guided by this principle, we construct a coherent and fluorinated 1T‐Li
                    1
                    +
                    
                      x
                    
                    CoO
                    2
                    −
                    
                      y
                    
                    F
                    
                      y
                    
                    surface structure on LiCoO
                    2
                    , which simultaneously preserves crystallographic compatibility with the O3 matrix and provides an exceptionally high ρ
                    Li‐site
                    (∼48 sites·nm
                    −3
                    ), substantially exceeding those of commonly employed frameworks (≤ 31 sites·nm
                    −3
                    ). The modified cathode delivers unprecedented rate capability, achieving 183 and 175 mAh g
                    −1
                    at 10C and 20C, respectively. In‐situ synchrotron x‐ray and neutron diffraction results further reveal that the 1T phase effectively suppressed O3 to H1‐3 phase transitions and stabilized oxygen frameworks, enabling outstanding cycling stability with 87% capacity retention after 500 cycles. This work establishes Li site density‐guided surface engineering as a general structural principle for simultaneously improving interfacial reaction kinetics and structural durability in high‐voltage layered oxide cathodes.",crossref
Rhenium‐Based β‐Galactosidase Probe Allows Senescence Profiling by Mass Cytometry,https://onlinelibrary.wiley.com/doi/10.1002/anie.5043520?af=R,,Wiley: Angewandte Chemie International Edition: Table of Contents,2026-08-19 08:35:17+00:00,10.1002/anie.5043520,Mark Nitz,,"ABSTRACT
                  Mass cytometry is an attractive analytical technique for the study of cellular senescence due to its ability to simultaneously interrogate the multiple biomarkers necessary to define senescent phenotypes. However, measuring senescence‐associated β‐Galactosidase (SA‐β‐Gal) activity, the gold standard biomarker for detection of senescent cells, requires a functional mass cytometry detectable probe compatible with an antibody‐based panel. Herein, we report a small‐molecule mass cytometry probe for SA‐β‐Gal, ReGal, that uses a piano‐stool rhenium complex as a mass tag. We demonstrate that the probe measures β‐Gal activity in vitro and in cellulo with minimal background signal. We further show that the probe improves the discrimination of senescence‐induced mouse embryonic fibroblasts (MEFs) against untreated cells compared to using only antibody‐based mass cytometry reagents. Finally, we demonstrate that the probe reveals a putatively senescent sub‐population of mouse peripheral blood mononuclear cells (PBMCs), which is enriched in old vs. young mice, that could not be segmented by antibody‐based reagents alone.",crossref
Visualizing Labor Division in Oxygen Electrocatalysis: Fully Exposed Ni Clusters Enabling Dual‐Site Catalysis via Asymmetric Atomic Bridging,https://onlinelibrary.wiley.com/doi/10.1002/anie.8680687?af=R,,Wiley: Angewandte Chemie International Edition: Table of Contents,2026-08-19 08:36:37+00:00,10.1002/anie.8680687,Zhenbo Wang,,"ABSTRACT
                  
                    Fully exposed metal cluster catalysts combine the atomic precision of single‐atom catalysts with the multi‐site reactivity of nanomaterials; however, achieving both structural stability and site‐specific bifunctionality remains challenging. Herein, we report a Janus‐type bifunctional catalyst comprising fully exposed atomic‐layered nickel clusters anchored on Co
                    2
                    P nanocrystals (Ni
                    AC
                    ‐Co
                    2
                    P), demonstrating excellent oxygen reduction/evolution reaction (ORR/OER) performance. Leveraging an electronic metal‐support interaction, interfacial charge redistribution fine‐tunes the d‐band centers, optimizes intermediate adsorption and promotes dual‐site catalysis. Theoretical calculations show the Ni‐P‐Co bridge lowers the *OOH formation barrier in ORR (half‐wave potential of 0.90 V), while Ni clusters facilitate *O to *OOH conversion in OER (overpotential of 260 mV), enabling efficient four‐electron kinetics via spatially decoupled dual‐site cooperation. Operando x‐ray absorption spectroscopy further confirms this mechanism, revealing Ni sites at the Ni‐P‐Co bridge undergo reversible Ni‐P coordination modulation and transient Ni‐O bond formation during ORR, whereas Ni‐Ni clusters transform into NiOOH‐like species to drive OER. Importantly, Ni
                    AC
                    ‐Co
                    2
                    P‐assembled Zn‐air battery delivers a peak power density of 199.8 mW cm
                    −2
                    and stable cycling performance exceeding 1400 h (approximately 4200 cycles). This work introduces a dual‐site catalysis paradigm in transition metal phosphide‐supported, fully exposed cluster catalysts, providing a robust strategy for designing multifunctional catalysts for energy conversion.",crossref
Iridium Artificial Metalloenzymes Enabled Photo‐Enzymatic Radical Indolone Synthesis,https://onlinelibrary.wiley.com/doi/10.1002/anie.5014162?af=R,,Wiley: Angewandte Chemie International Edition: Table of Contents,2026-08-19 08:40:11+00:00,10.1002/anie.5014162,Debabrata Maiti,,"ABSTRACT
                  Biotin–streptavidin artificial metalloenzymes (ArMs) provide a platform to integrate transition‐metal catalysis within a protein‐defined microenvironment. Traditional indolone syntheses often rely on transition metal catalysts, high temperatures, and strong oxidants, limiting functional‐group tolerance, and sustainability. In this study, we report a visible‐light‐driven radical cyclization of acrylamides and diazo‐esters to indolones mediated by a biotinylated iridium‐photocatalyst. Incorporation into engineered streptavidin generates highly active photo‐ArMs, enabling reactions under mild aqueous conditions at 0.01 mol% Ir loading, broad substrate scope, and TONs up to 6300. Confinement of the iridium center within the protein binding pocket enhances turnover efficiency, establishing indolone formation as a new transformation accessible via biotin–streptavidin ArMs and highlighting their potential as sustainable platforms for bioactive motif synthesis.",crossref
All‐Sequence‐Defined Bottlebrush Polymers via the Passerini Iterative Exponential Growth (P‐IEG),https://onlinelibrary.wiley.com/doi/10.1002/anie.8297442?af=R,,Wiley: Angewandte Chemie International Edition: Table of Contents,2026-08-19 08:41:35+00:00,10.1002/anie.8297442,Kyoung Taek Kim,,"ABSTRACT
                  Iterative synthesis of sequence‐defined polymers (SDPs) via multicomponent reactions, such as the Passerini three‐component reaction, can diversify the chemistry and spatial arrangement of the constituting repeating units in the macromolecules with minimal synthetic complexity. Here, we report that the Passerini iterative exponential growth (P‐IEG) method enables control over the chemistry, number, and sequence of all monomers that constitute high‐molecular‐weight bottlebrush polymers (BBPs) and copolymers (BBCPs). Employing uniform polymers and SDPs as isocyanide components, bifunctional backbone building blocks are connected via the Passerini three‐component reaction between aldehyde, carboxylic acid, and isocyanide, which yields uniform BBPs and self‐assembling BBCPs composed of up to 64 backbone repeating units and 63 side chains (a molar mass of up to 63.6 kDa). To demonstrate the ability of P‐IEG to compose the complex sequence of a large library of building blocks, an all‐sequence‐defined bottlebrush polymer (ASD‐BBP) featuring 47 sequence‐defined oligomers (a molecular mass of 50.2 kDa) was successfully synthesized to encode the simple musical score, “Twinkle, Twinkle, Little Star,” into its chemical structure. We suggested that three independent sequences in the polymer backbone, side chains, and side‐chain locations on the backbone could be deciphered using selective backbone immolation without side‐chain degradation.",crossref
Implanted Zn2+‐Conducting Hydrogel Interphase Enables Highly Compacted Thick Iodine Electrodes for Ah‐Level Aqueous Zinc–Iodine Pouch Batteries,https://onlinelibrary.wiley.com/doi/10.1002/anie.6865881?af=R,,Wiley: Angewandte Chemie International Edition: Table of Contents,2026-08-19 08:42:59+00:00,10.1002/anie.6865881,Yang Yang,,"ABSTRACT
                  
                    Increasing the compaction density of dry‐processed thick iodine cathodes is essential for enhancing energy density, yet remains hindered by sluggish reaction kinetics and aggravated polyiodide shuttling. Herein, we report an implanted Zn
                    2+
                    ‐conducting (PAMPS‐Zn, poly(zinc 2‐acrylamido‐2‐methylpropane sulfonate)) hydrogel interphase via in situ ultraviolet‐induced polymerization, which enables local Zn
                    2+
                    buffering, enhanced Zn
                    2+
                    transport, and suppression of polyiodide migration in highly compacted dry‐processed iodine cathodes. Abundant sulfonate groups in polymeric chains serve as immobilized anionic sites that coordinate Zn
                    2+
                    and provide a local Zn
                    2+
                    reservoir, which mitigates interfacial Zn
                    2+
                    depletion. Meanwhile, the interconnected Zn
                    2+
                    ‐conducting hydrogel network facilitates Zn
                    2+
                    transport through the thick electrode, reducing reliance on conventional electrolyte‐permeation‐mediated ion transport in dry‐processed electrodes, which is intrinsically limited by the hydrophobic nature of the PTFE binder and high ionic tortuosity. Importantly, the negatively charged, water‐regulated hydrogel interphase also suppresses polyiodide diffusion through electrostatic repulsion and reduced water‐driven dissolution. Consequently, under high compaction conditions (∼0.5 g cm
                    −3
                    ), Zn–I
                    2
                    batteries incorporating PAMPS‐Zn interphase achieve a high areal capacity of 9.6 mAh cm
                    −2
                    at 0.5 C and an ultralong lifespan exceeding 4400 cycles at 5 C. Notably, Ah‐level Zn‐I
                    2
                    pouch cells (∼1.2 Ah) achieve stable operation for 850 cycles, providing compelling proof‐of‐concept validation of this strategy.",crossref
Site‐Specific Molecular Spectroscopy Reveals Monomeric Cu Active Sites in SSZ‐13 Zeolite for Methane Oxidation and NOx Reduction,https://onlinelibrary.wiley.com/doi/10.1002/anie.8285953?af=R,,Wiley: Angewandte Chemie International Edition: Table of Contents,2026-08-19 08:44:12+00:00,10.1002/anie.8285953,Kunlun Ding,,"ABSTRACT
                  
                    Copper–zeolite catalysts exhibit superior performance in selective catalytic reduction (SCR) of NO
                    
                      x
                    
                    and partial oxidation of methane (POM), but identification of their active sites remains elusive and is often controversial. Recent reports suggest that dimeric copper species are responsible for the active sites for these reactions. We demonstrate that infrared and UV‐resonance Raman spectroscopy (using 244 nm laser) combined with UV–vis spectroscopy can reveal the anchoring and speciation of copper in SSZ‐13 zeolite, particularly the dominant monomeric copper species that cannot be observed by Raman spectroscopy with commonly employed visible laser excitation (∼400–600 nm). Electronic structure modeling corroborates the spectroscopic features and reveals the vibrational coupling modes associated with the interfacial bonding between copper and the zeolite framework. The pseudo‐square‐planar monomeric Z
                    2
                    Cu species (“Z” represents the zeolite framework charge site) were found to be the active sites for both SCR and POM at ∼400°C, whereas monomeric ZCuOH species are responsible for SCR at lower temperatures.",crossref
Enhanced Photocatalytic Hydrogen Production Assisted by Seawater Ions,https://onlinelibrary.wiley.com/doi/10.1002/anie.3256076?af=R,,Wiley: Angewandte Chemie International Edition: Table of Contents,2026-08-19 08:46:33+00:00,10.1002/anie.3256076,Hai‐Long Jiang,,"ABSTRACT
                  
                    Photocatalytic hydrogen production from water, particularly seawater, offers a promising route for converting solar energy into storable chemical fuels. However, despite considerable efforts in photocatalyst design, the influence of seawater ions on photocatalytic processes remains poorly understood. In this study, covalent organic frameworks (COFs) are adopted as a structurally well‐defined platform to investigate how representative inorganic ions present in seawater influence photocatalytic hydrogen production. Among the ionic species commonly present in seawater, sodium bromide (NaBr) is identified as the most effective promoter. Mechanistic studies reveal that Br
                    −
                    regulates the catalytic process through multiple pathways. During Pt photodeposition, Br
                    −
                    modulates the electronic structure of Pt nanoparticulate cocatalyst, promoting interfacial charge separation. During the photocatalytic reaction, Br
                    −
                    interacts with photogenerated holes and stabilizes the excited‐state charge, thereby prolonging the lifetime of charge carriers. At high concentrations, Br
                    −
                    reduces the number of accessible active sites on the Pt surface, leading to catalyst poisoning. Significantly, the mechanistic insights gained from COF systems can be extended to common semiconductor photocatalysts, offering valuable guidance for ion‐regulated photocatalysis under seawater‐relevant conditions.",crossref
Self‐Assembled Molecules Based on a Spiro‐Core and Conjugated Linkers Enable 21% Efficiency in Organic Solar Cells,https://onlinelibrary.wiley.com/doi/10.1002/anie.9288707?af=R,,Wiley: Angewandte Chemie International Edition: Table of Contents,2026-08-19 08:47:35+00:00,10.1002/anie.9288707,Deping Qian,,"ABSTRACT
                  Conventional carbazole‐derived self‐assembled monolayers (SAMs) are widely utilized as hole‐transport layers in organic solar cells (OSCs). However, the planar structure of the carbazole core, combined with the conformational flexibility and insulating nature of the alkyl linkers, often results in inadequate SAM coverage, loose molecular packing, and inefficient charge transport, thereby limiting device performance and operational stability. In this work, we develop a novel SAM molecule, SAF‐Ph‐PA, by employing a sterically bulky spiro core as the backbone and replacing the conventional flexible alkyl linker with a rigid phenylene group. Compared to its alkyl‐linked counterpart SAF‐PA, this newly designed SAM exhibits denser and more ordered molecular packing, as well as enhanced hole extraction and charge transfer efficiencies. In OSCs based on the PM6:BTP‐eC9 system, SAF‐Ph‐PA achieves an excellent power conversion efficiency (PCE) of 20.3%, representing one of the highest reported values for this binary system. Furthermore, SAF‐Ph‐PA demonstrates outstanding performance in devices incorporating a PM6:FTCC‐Br:BTP‐eC9 blend, achieving a peak PCE of 21.0% (certified 20.68%). These findings highlight the critical importance of a synergistic design strategy that integrates both the head group and the linker in SAM engineering, paving the way toward further efficiency enhancements in OSCs.",crossref
Orientation‐Engineered Interfacial Bi‐Anchoring Molecules for Efficient and Stable Perovskite Solar Cells,https://onlinelibrary.wiley.com/doi/10.1002/anie.2298813?af=R,,Wiley: Angewandte Chemie International Edition: Table of Contents,2026-08-19 08:50:50+00:00,10.1002/anie.2298813,Yongqiang Shi,,"ABSTRACT
                  
                    Self‐assembled monolayers as hole‐transport materials have been a milestone in the advancement of inverted perovskite solar cells (PSCs). However, its strong‐acidity and weak‐interface‐bonding inherences remain great challenges for commercially desirable PSCs. To overcome the limitation, we proposed the orientation‐engineered interfacial bi‐anchoring molecules with a symmetric linear donor–acceptor–donor (D–A–D) structured N‐oxide‐based building block. The D–A–D structure with intramolecular push–pull electron effects features superior hole‐selective ability than the widely used donor units, endowing effective hole‐transport planar. However, the bilateral N‐oxide functional groups (N
                    +
                    ‐O
                    −
                    ) in the acceptor bipyridine introduce a steric effect to drive the D–A–D planar in both in‐plane and out‐of‐plane directions, effectively promoting the hole extraction. Moreover, the reversely oriented N
                    +
                    ‐O
                    −
                    function groups can firmly adsorb on ITO substrate and perovskite buried surface, respectively, constructing an interfacial bi‐anchoring connection. This molecular configuration considerably promotes the photothermal tolerance, connective strength as well as energy‐level alignment at perovskite/HTLs interface, enabling superior charge extraction and durability. Consequently, BPyDO‐TPA‐based inverted PSCs achieve an impressive efficiency of 26.53%, ranking as one of the highest efficiencies among nonphosphonic acid small‐molecule transporting materials. BPyDO‐TPA‐based devices also demonstrate excellent operational stability, retaining 94.82% of its initial efficiency after MPP tracking for 1000 h at 85 °C.",crossref
Electrochemically Activated Highly Reversible Sulfate Conversion Enables High‐Voltage and Large‐Volumetric‐Capacity Zinc‐Based Anion–Cation Shuttle Battery,https://onlinelibrary.wiley.com/doi/10.1002/anie.3330483?af=R,,Wiley: Angewandte Chemie International Edition: Table of Contents,2026-08-19 08:53:13+00:00,10.1002/anie.3330483,Bao‐Lian Su,,"ABSTRACT
                  
                    Aqueous dual‐ion batteries (DIBs) are becoming one of the most compelling choices for large‐scale stationary energy storage owing to the excellent safety performance, high power density, and cost‐effectiveness. However, their low output voltage leads to insufficient energy density. Here, we design a highly reversible pH‐neutral Ag↔Ag
                    2
                    SO
                    4
                    electrochemistry and construct a novel Zn‐based conversion‐type aqueous anion–cation shuttle DIB. A dendrite‐free Zn anode with functional graphite layer is prepared to improve cycle life. Benefitting from the synchronous effect of Zn
                    2+
                    /SO
                    4
                    2−
                    dual charge carries and dendrite‐free anode, the DIB delivers a high output voltage of 1.41 V, volumetric energy density of 3295.4 Wh L
                    −1
                    at 0.5 A g
                    −1
                    , and 95.9% capacity retention over 300 cycles at 1 A g
                    −1
                    , superior to most reported DIBs. As a proof of concept, we fabricate a quasi‐solid‐state aqueous DIB with remarkable mechanical strength, flexibility, and impressive temperature resistance. With working temperature decreasing from 20 to −10°C, it shows only a very low‐capacity loss (8.4%) and negligible polarization change (0.05 V). This work overcomes the bottleneck of low output voltage in aqueous DIBs and offers a promising pathway for the development of future aqueous batteries with high energy density.",crossref
Mimicking Enzymatic Proton Channeling Enables Near‐Unity Selective Ammonia Electrosynthesis Beyond Neutral Limits,https://onlinelibrary.wiley.com/doi/10.1002/anie.2808377?af=R,,Wiley: Angewandte Chemie International Edition: Table of Contents,2026-08-19 09:02:58+00:00,10.1002/anie.2808377,Zhimin Chen,,"ABSTRACT
                  
                    Fragmented hydrogen‐bond networks relegate proton transport to sluggish diffusion, leading to mismatched proton supply that compromises catalytic efficiency and selectivity, thereby necessitating strategies to enhance water‐network ordering. Inspired by the proton channel mechanism in enzymatic catalysis, this work anchors silicotungstate (SiW
                    12
                    ) onto Co
                    3
                    O
                    4
                    to construct a SiW
                    12
                    /Co
                    3
                    O
                    4
                    catalyst. The domain electrostatic field of SiW
                    12
                    induces the ordered arrangement of interfacial water molecules, establishing an ordered water channel for proton migration. The results demonstrate that SiW
                    12
                    promotes interfacial water activation and alleviates proton‐transfer limitations, enabling rapid and directional proton delivery to nitrogen‐containing intermediates. Leveraging this unique proton channel, SiW
                    12
                    /Co
                    3
                    O
                    4
                    achieves near 100% selectivity over a wide potential window (−0.3 to −0.9 V vs. RHE) and a broad nitrate concentration range (0.01–1 M), achieving 99.3% NH
                    3
                    FE and 15.1 mg h
                    −1
                    cm
                    −2
                    yield at −0.8 V versus RHE. Furthermore, the assembled Zn–NO
                    3
                    −
                    battery delivers the highest reported power density (26.1 mW cm
                    −2
                    ) under neutral conditions. This work establishes interfacial solvation‐structure engineering as a general strategy for regulating proton delivery and developing highly selective electrocatalysts for sustainable ammonia electrosynthesis.",crossref
Light‐Driven Out‐of‐Equilibrium Helicity Control in a Diarylethene–Helicene Photosystem,https://onlinelibrary.wiley.com/doi/10.1002/anie.5252700?af=R,,Wiley: Angewandte Chemie International Edition: Table of Contents,2026-08-19 09:03:12+00:00,10.1002/anie.5252700,Ben L. Feringa,,"ABSTRACT
                  Molecular photoswitches are key tools to control responsive functions and to drive systems away from equilibrium by enabling kinetic asymmetry and energy ratchet mechanisms. Incorporating dynamic chirality control within such non‐equilibrium frameworks, however, remains challenging. Here, the responsive behavior of a diarylethene–[5]helicene photoswitch comprising multiple interconverting diastereomers is investigated. Distinct energy profiles govern the helicity dynamics in the open and closed forms of the switch. While helix inversion in the open state is kinetically hindered by a high energy barrier, the closed state allows rapid equilibration toward the thermodynamically favored diastereomer. Upon photochemical ring‐opening, the helicity acquired in the closed state is transferred and kinetically trapped in the open form, generating a persistent out‐of‐equilibrium configuration. This sequence constitutes a rare energy ratchet mechanism operating within a single covalently linked molecule, enabling directional control over helicity. These findings provide a concept for light‐driven helicity control in adaptive chiral systems.",crossref
Interfacial Self‐Organization of Bottlebrush Amphiphiles Enables Stable Monodisperse Submicron Emulsion Droplets: Thermodynamic Insights,https://onlinelibrary.wiley.com/doi/10.1002/anie.1797442?af=R,,Wiley: Angewandte Chemie International Edition: Table of Contents,2026-08-19 09:10:30+00:00,10.1002/anie.1797442,Dong‐Po Song,,"ABSTRACT
                  Emulsions, in which one liquid is dispersed within another immiscible liquid, are fundamental to a wide range of natural phenomena and technological applications. Because their physical properties critically depend on droplet size, generating droplets with predictable and precisely controlled dimensions has long been a central objective in soft matter science. Classical theory, however, dictates that submicron emulsions are intrinsically metastable, thereby precluding thermodynamic control over their formation. Here, we demonstrate that bottlebrush block copolymer (BBCP) surfactants enable the spontaneous formation of stable, monodisperse water‐in‐oil (W/O) emulsions with programmable diameters in the submicron range. We find that the rigid BBCP surfactants can generate substantial solvation energy upon interfacial self‐assembly, exceeding the increase of interfacial energy. Accordingly, we propose a revised thermodynamic model by including a surfactant‐associated free‐energy term. Based on the model, a new theory of spontaneous emulsification (SE) is proposed to clearly explain the phenomenon. Moreover, the rigid conformation of the bottlebrush macromolecules balances interfacial tension with intermolecular repulsion, forming an equilibrium interfacial curvature. Consequently, droplet diameter can be quantitatively programmed simply by varying the polymer architecture. This finding establishes emulsions as a previously unrecognized class of equilibrium soft‐matter systems, which are highly desirable in multidisciplinary applications.",crossref
Surface‐Assisted Cyclodehydrogenation and Annulative Dimerization on TiO2(110): Formation of an Azacoronene and Its Octagon‐Fused Dimer,https://onlinelibrary.wiley.com/doi/10.1002/anie.3729447?af=R,,Wiley: Angewandte Chemie International Edition: Table of Contents,2026-08-19 09:10:35+00:00,10.1002/anie.3729447,Szymon Godlewski,,"ABSTRACT
                  
                    Surface‐assisted reactions on nonmetallic substrates remain much less developed than their counterparts on metals, especially for heteroatom‐doped precursors and intermolecular coupling processes. Here we show that TiO
                    2
                    (110) can support not only cyclodehydrogenation of a nitrogen‐rich nanographene precursor but also annulative intermolecular coupling on a semiconducting oxide surface. Under ultrahigh vacuum, hexapyrrolylbenzene (HPB) undergoes cyclodehydrogenation on rutile TiO
                    2
                    (110) to give unsubstituted hexapyrrolohexaazacoronene (HPHAC,
                    1
                    ). Upon further annealing,
                    1
                    undergoes dehydrogenative dimerization to form a cyclooctatetraene‐annulated HPHAC dimer (
                    2
                    ), as supported by scanning tunneling microscopy and spectroscopy (STM/STS), density functional theory (DFT), and simulated STM images. The dimer, but not the monomer, undergoes single‐electron transfer to the substrate to form [
                    2
                    ]
                    •+
                    , consistent with STM/STS observations, its lower ionization threshold, and computed frontier orbital energies. Gas‐phase calculations are consistent with a plausible arenium‐type pathway for annulative dimer formation and further indicate that oxidation increases global aromatic character across the fused framework.",crossref
Tailoring Crystallization Modulators for the Facile Synthesis of One‐Dimensional Covalent Organic Frameworks to Boost Ultrasound‐Triggered Pyroptosis and Immunotherapy,https://onlinelibrary.wiley.com/doi/10.1002/anie.5056685?af=R,,Wiley: Angewandte Chemie International Edition: Table of Contents,2026-08-19 09:14:08+00:00,10.1002/anie.5056685,Jun Lin,,"ABSTRACT
                  
                    Ultrasound (US)‐induced tumor cell pyroptosis holds great potential for cancer immunotherapy; however, its efficacy is often constrained by the inadequate reactive oxygen species (ROS) generation of conventional sonosensitizers. Herein, one‐dimensional porphyrin‐based covalent organic frameworks (designated as TD‐aniline and TD‐FeCl
                    3
                    ) with well‐defined structures were constructed under mild conditions via a novel synthesis strategy that employed aniline or FeCl
                    3
                    as crystallization modulators, thereby achieving efficient ROS generation and controllable activation of tumor cell pyroptosis. Notably, FeCl
                    3
                    not only promoted the ordered assembly of TD‐FeCl
                    3
                    but also introduced metal sites via coordination with porphyrin cores, resulting in superior sonodynamic performance compared to TD‐aniline. Specifically, metal coordination in TD‐FeCl
                    3
                    reduced its band gap to promote electron‐hole pair (e
                    −
                    –h
                    +
                    ) generation under ultrasound. Meanwhile, the introduced Fe
                    3+
                    diminished spatial e
                    −
                    –h
                    +
                    overlap in the excited state, thereby suppressing charge recombination, and ultimately channeling more excited‐state energy into a synergistic enhancement of superoxide anion and singlet oxygen production. Moreover, US irradiation enhanced the Fenton‐like activity of TD‐FeCl
                    3
                    . Based on its superior ROS generation capacity, TD‐FeCl
                    3
                    effectively promoted US‐triggered pyroptosis in tumor cells, leading to robust antitumor immune responses. This work establishes a novel paradigm for the controlled synthesis of one‐dimensional COFs and opens new avenues for pyroptosis‐based immunotherapy.",crossref
Reconstructing Zn2+ Storage Pathways Enables Ultrastable High‐Rate Zn‐Air Flow Batteries,https://advanced.onlinelibrary.wiley.com/doi/10.1002/adma.74713?af=R,,Wiley: Advanced Materials: Table of Contents,2026-08-19 09:15:54+00:00,10.1002/adma.74713,Yu Zhang,,"ABSTRACT
                  
                    Despite their high theoretical energy density (1086 Wh kg
                    −1
                    ) and environmental compatibility, aqueous Zn‐air flow batteries suffer from critical performance limitations at high current densities, including intensified concentration polarization, uncontrolled Zn dendrite growth, and hydrogen evolution reaction (HER) and corrosion, primarily driven by active water molecules and inadequate Zn
                    2+
                    regulation in conventional electrolytes. Here we report a Bayesian optimization‐guided electrolyte design employing alginic acid (AA) as a bifunctional additive to regulate both interfacial and bulk electrolyte chemistry. Under alkaline conditions, AA molecules coordinate with Zn
                    2+
                    and further dynamically self‐assemble, constructing reversible alginate‐Zn
                    2+
                    colloidal reservoirs instead of irreversible ZnO accumulation. Meanwhile, AA preferentially adsorbs on the Zn surface, modulating local ion flux and nucleation behavior to promote uniform Zn stripping/plating and mitigate dendrite growth, corrosion, and hydrogen evolution. This strategy achieves 2400 h of stable cycling at 20 mA cm
                    −2
                    , significantly outperforming conventional systems. More broadly, this work demonstrates how data‐driven electrolyte optimization combined with bio‐derived polymer additives can reshape Zn
                    2+
                    storage chemistry and mitigate the intrinsic current density‐stability trade‐off in Zn‐air batteries.",crossref
Polycrystalline Li‐Rich Mn‐Based Cathodes for All Solid‐State Batteries,https://advanced.onlinelibrary.wiley.com/doi/10.1002/adma.74741?af=R,,Wiley: Advanced Materials: Table of Contents,2026-08-19 09:17:55+00:00,10.1002/adma.74741,Qiang Zhang,,"ABSTRACT
                  High‐capacity Li‐rich Mn‐based oxide cathode (LRMO) materials are promising candidates for all‐solid‐state batteries (ASSBs). While single‐crystal materials have been widely regarded as a promising strategy to enhance cycling stability in ASSBs, the potential of commercialized polycrystalline Li‐rich Mn‐based cathodes (PC‐LRMO) remains largely unexplored. Herein, we propose a simple but effective strategy to pre‐construct a stabilized, organic‐rich cathode electrolyte interface (CEI) both on the surface of PC‐LRMO cathodes and at the grain boundaries (GBs) of the secondary particles. This organic‐rich CEI facilitates low interfacial impedance and fast interfacial ion transfer kinetics. Consequently, this enhanced interfacial ion transport alleviates polarization under high‐temperature operating conditions, thereby improving the discharge specific capacity of a working battery. Furthermore, the organic‐rich CEI effectively mitigates direct contact and facilitates the formation of a self‐adaptive interface between the high‐voltage cathodes and the solid electrolytes. This adaptive interface alleviates stress and strain during charge‐discharge cycling, suppresses detrimental side reactions and voltage decay, and stabilizes the high‐voltage interface. Therefore, an improved rate capability and long‐term cycling stability of the LRMO cathode is achieved. This facile solution‐based preparation strategy provides an economically viable approach for effective utilization of emerging cathodes for ASSBs.",crossref
Accelerating H* Redistribution via Hydrogen Spillover for Enhanced Electrochemical Hydrogen Production From Formaldehyde,https://onlinelibrary.wiley.com/doi/10.1002/anie.5574811?af=R,,Wiley: Angewandte Chemie International Edition: Table of Contents,2026-08-19 09:22:07+00:00,10.1002/anie.5574811,Yang Hou,,"ABSTRACT
                  
                    Producing hydrogen from formaldehyde oxidation reaction (FOR) offers a promising low‐energy approach for generating clean fuel. However, the FOR involves continuous C─H bond cleavage of adsorbed intermediates to generate abundant surface H*. This necessitates rapid transfer and consumption of H* to sustain fast oxidation kinetics. Herein, we developed a hydrogen‐spillover strategy to redistribute these surface H* to accelerate FOR kinetics by constructing RhCu single‐atom alloy supported on a Cu single‐atom‐rich carbon matrix (RhCu@Cu
                    SA
                    NC). In this design, Cu incorporation creates a favorable landscape for H* migration toward the Cu
                    SA
                    NC support, which acts as efficient H* acceptors and H─H coupling centers. Verified through multiple analyses, this hydrogen‐spillover mechanism is demonstrated to enhance FOR activity by accelerating H* redistribution. Consequently, RhCu@Cu
                    SA
                    NC shows outstanding FOR performance, achieving a current density of 800 mA cm
                    −
                    2
                    at 0.39 V with nearly 100% H
                    2
                    selectivity and excellent durability. When integrated into a hybrid alkali‐acid cell, it provides an open circuit voltage of 1.72 V and peak power density of 152.6 mW cm
                    −
                    2
                    with stable H
                    2
                    production for over 1200 h at 10 mA cm
                    −
                    2
                    . These results demonstrate that hydrogen spillover boosts oxidative electrocatalysis, providing a general design principle for multicomponent catalysts with coordinated hydrogen dynamics.",crossref
Interfacial Water Activation via Reconstruction‐Induced Sites for pH‐Universal Electroreduction of CO2,https://onlinelibrary.wiley.com/doi/10.1002/anie.2221316?af=R,,Wiley: Angewandte Chemie International Edition: Table of Contents,2026-08-19 09:23:45+00:00,10.1002/anie.2221316,Jintao Zhang,,"ABSTRACT
                  
                    Renewable electricity‐driven electroreduction of CO
                    2
                    into formate represents one of the most commercially attractive routes for carbon valorization, yet Bi‐based catalysts often suffer from unstable surface states under reaction conditions. Here, we exploit this intrinsic instability to construct an interfacial Cs/Cl dual‐modified Bi nanoflower catalyst via an in situ electrochemical surface reconstruction strategy, which delivers high formate selectivity across a broad pH window, including acidic, neutral, and alkaline media. In situ spectroscopic analysis and theoretical calculations reveal that Cs/Cl dual‐modification fundamentally serves as synergistic sites by reconfiguring the interfacial electronic environment, accelerating water dissociation, and stabilizing *OCHO intermediates, thereby steering the reaction pathway toward formate. Furthermore, pairing CO
                    2
                    reduction with methanol oxidation in a two‐electrode configuration enables the simultaneous electrosynthesis of formate at both electrodes under low cell voltages, offering a dual‐value coproduction strategy for carbon utilization and biomass upgrading. This work establishes interfacial water activation via reconstruction‐induced dual‐sites as a powerful design principle for next‐generation CO
                    2
                    reduction electrocatalysts.",crossref
Single‐Cell Imaging of Site‐Specific RNA‐Protein Interactions,https://onlinelibrary.wiley.com/doi/10.1002/anie.2990236?af=R,,Wiley: Angewandte Chemie International Edition: Table of Contents,2026-08-19 09:29:16+00:00,10.1002/anie.2990236,Jinghong Li,,"ABSTRACT
                  Detecting and quantifying specific RNA‐protein interaction pairs under diverse physiological conditions is crucial for elucidating disease mechanisms and exploring potential therapeutic targets. However, it still remains a major challenge to visualize specific intracellular RNA‐protein interactions at near‐single‐molecule resolution. In this work, we introduce an RNA‐protein interaction visualization method by antibody‐guided proximal in situ reverse‐transcription detection (RAPID), to enable spatial localization and quantification of specific RNA‐protein interaction pairs within single cells at near‐single‐molecule resolution. We demonstrate the high specificity and robustness of RAPID by validating the interaction between the heterogeneous nuclear ribonucleoprotein hnRNPC and the long noncoding RNA (lncRNA) MALAT1 in HeLa cells. Using RAPID, we found that SFPQ‐NEAT1 interactions exhibited distinct spatial organization and dynamic changes upon cellular stimulation, indicating that the SFPQ‐NEAT1 axis is closely associated with nuclear reorganization and stimulus‐responsive gene regulation. RAPID, providing a new perspective on RNA‐protein interactions, represents a novel analytical tool that facilitates further investigation of their roles in biology and disease.",crossref
Chloride Ions: Essential Agents for Achieving Spontaneous Delamination of MXene,https://advanced.onlinelibrary.wiley.com/doi/10.1002/adma.74422?af=R,,Wiley: Advanced Materials: Table of Contents,2026-08-19 10:07:18+00:00,10.1002/adma.74422,Hee‐Tae Jung,,"ABSTRACT
                  
                    Despite significant advancements in MXene synthesis, the etching and delamination processes remained largely empirical, with limited understanding of their underlying mechanisms. Here, we uncover the pivotal role of chloride ions (Cl
                    –
                    ) in enabling spontaneous delamination by facilitating Li
                    +
                    ion intercalation through interlayer expansion and surface termination during the etching. In all cases, delamination is not observed where Cl
                    −
                    was absent in the etchant, and spontaneous delamination occurs only in samples where chlorine terminations are formed during the etching. Our findings are utilized to develop a one‐step, maximized spontaneous MXene synthesis method with high delamination efficiency, yielding an 83.6% production rate and an enhanced electrical conductivity of ∼15 000 S/cm. It shows superior performance in transparent conductive films and Joule heating devices, showcasing their potential for next‐generation electronic and energy systems. This delamination mechanism and synthesis approach are not limited to Ti
                    3
                    AlC
                    2
                    MAX but can be extended to other MAX phases, highlighting their broad applicability. Observations made in this effort should serve as the foundation for designing new synthesis routes for diverse MAX phases and advancing MXene‐based applications.",crossref
Electropolymerized Aptasensor for Femtogram‐Level Cytokine Detection,https://advanced.onlinelibrary.wiley.com/doi/10.1002/adma.74691?af=R,,Wiley: Advanced Materials: Table of Contents,2026-08-19 10:09:00+00:00,10.1002/adma.74691,Tanja Weil,,"ABSTRACT
                  
                    Detecting cytokines at ultralow concentrations is important for the early diagnosis and monitoring of inflammatory and immune disorders, yet remains constrained by the sensitivity and stability of bioelectronic interfaces. Here, we present an electropolymerization strategy for preparing poly(amino‐ʟ‐tyrosine) (pALT) nanofilms as functional biointerfaces for DNA aptamer‐based cytokine recognition. Electropolymerization yields ultrathin, continuous, and ultrasmooth coatings that combine chemical stability with accessible carboxyl functionalities for the direct bioconjugation of amine‐terminated aptamers. Integrated into fiber‐optic surface plasmon resonance and organic electrochemical transistor platforms, the pALT interfaces support interleukin‐6 detection with femtogram‐level sensitivity (100 fg mL
                    −1
                    ) across five orders of magnitude in dynamic range, among the lower reported detection ranges. By coupling controllable electropolymerization with direct surface biofunctionalization, this approach provides a versatile route to optical and bioelectronics sensing interfaces on electrically conductive substrates.",crossref
Multidentate Anion [C6H6NO6]3− Coordinated Hybrid Bismuth Complex Single Crystal for Stable X‐Ray Detection With High Sensitivity,https://advanced.onlinelibrary.wiley.com/doi/10.1002/adma.74715?af=R,,Wiley: Advanced Materials: Table of Contents,2026-08-19 10:17:55+00:00,10.1002/adma.74715,Zhiwen Jin,,"ABSTRACT
                  
                    Replacing halides with pseudohalides is effective strategy to address the ion migration and corrosion issues in bismuth (Bi) halides. However, pseudohalides also suffer from weak single‐point bonding, and larger molecular size enhances electron localization that are unfavorable for carrier transport. Therefore, it is crucial to develop new ligand that both ensures structural stability and delivers excellent detection performance. Herein, we first designed a novel multidentate ligand, Nitrilotriacetate [N(CH
                    2
                    COO)
                    3
                    ]
                    3−
                    (NTA), which forms (NH
                    4
                    )
                    3
                    Bi(NTA)
                    2
                    through coordination with Bi. Theoretical calculations reveal that NTA coordination enhances the Bi─O bond, raising migration energies of Bi and O to 5.57 and 1.04 eV, which are significantly higher than those of Bi and I in (NH
                    4
                    )
                    3
                    Bi
                    2
                    I
                    9
                    (1.94 and 0.42 eV). Furthermore, unlike in halide complex where the band edges are dominated by Bi and I atomic orbitals, the band edges of (NH
                    4
                    )
                    3
                    Bi(NTA)
                    2
                    are primarily contributed by NTA molecular orbitals, and the hydrogen bond network (N─H···O) effectively links the individual NTA
                    3−
                    , enhancing the carrier transport efficiency. Ultimately, (NH
                    4
                    )
                    3
                    Bi(NTA)
                    2
                    ‐based device demonstrated ultralow limit of detection 24.83 nGy/s and high sensitivity (6116 µC Gy
                    −1
                    cm
                    −2
                    ), along with no obvious corrosion for electrodes. This work provides new approach to address the challenges of halide coordination complexes.",crossref
Correction to “Enhancing Radiofrequency Ablation for Hepatocellular Carcinoma: Nano‐Epidrug Effects on Immune Modulation and Antigenicity Restoration”,https://advanced.onlinelibrary.wiley.com/doi/10.1002/adma.74696?af=R,,Wiley: Advanced Materials: Table of Contents,2026-08-19 10:19:41+00:00,10.1002/adma.74696,,,,
Decoupling Thermodynamic and Kinetic Moisture Instability Reveals a Critical Humidity Threshold for Sodium Thiophosphate Solid Electrolyte,https://advanced.onlinelibrary.wiley.com/doi/10.1002/aenm.71467?af=R,,Wiley: Advanced Energy Materials: Table of Contents,2026-08-19 10:22:20+00:00,10.1002/aenm.71467,Chengcheng Fang,,"ABSTRACT
                  
                    Sodium sulfide solid electrolytes are widely regarded as highly moisture‐sensitive, requiring ultralow‐humidity (typically 15–100 ppm) processing that imposes a major cost barrier to solid‐state battery manufacturing. Yet the actual moisture‐stability limit of these materials remains poorly quantified, and the mechanistic origin of degradation, whether thermodynamic or kinetic, is unresolved. Here, using sodium thiophosphate, Na
                    3
                    PS
                    4
                    , as a model system, we establish a quantitative moisture‐stability framework that decouples thermodynamic and kinetic contributions to apparent instability. Controlled exposure studies across 13%–38% relative humidity, correlated with H
                    2
                    S evolution, mass uptake, structural evolution, and ionic conductivity recovery, reveal a critical humidity threshold near 15% relative humidity, below which Na
                    3
                    PS
                    4
                    undergoes reversible hydration with minimal hydrolysis on the surface, fully recovering its ionic conductivity at 13% relative humidity after brief heat treatment. Density functional theory shows that hydration is thermodynamically favorable (ΔG = −0.76 eV), whereas hydrolysis is kinetically gated by a 1.78 eV activation barrier, rationalizing the unexpected tolerance. By defining a practical humidity‐tolerance window and a reproducible benchmarking protocol, this work provides a transferable foundation for the rational design of moisture‐tolerant sulfide electrolytes toward substantially relaxed humidity requirements for all‐solid‐state battery manufacturing.",crossref
Graded Supramolecular Frameworks for Extending Space‐Charge Modulation Regions and Boosting Carrier Dynamics in Perovskite Solar Cells,https://advanced.onlinelibrary.wiley.com/doi/10.1002/adma.74489?af=R,,Wiley: Advanced Materials: Table of Contents,2026-08-19 10:24:16+00:00,10.1002/adma.74489,Yudi Wang,,"ABSTRACT
                  Efficient carrier separation and transport in perovskite solar cells are fundamentally constrained by the narrow space‐charge regions intrinsic to conventional device architectures, leaving thick perovskite bulks electrically inactive. Here, we report a supramolecular graded electrostatic potential modulation strategy enabled by a fluorine‐functionalized porous aromatic framework (PAF‐2F) that spatially redistributes space charge throughout the perovskite absorber. The graded incorporation of PAF‐2F continuously modulates the local electronic structure throughout the perovskite bulk, establishing an extended electrostatic potential gradient and transforming carrier transport from diffusion‐dominated motion into field‐assisted drift. This extended internal field accelerates charge separation, suppresses nonradiative recombination, and enhances charge extraction, yielding a champion power conversion efficiency of 26.66%. Moreover, the rigid conjugated framework and strong interfacial interactions of PAF‐2F stabilize the graded doping profile and inhibit ion migration, resulting in excellent operational stability with 93% efficiency retention after 1000 h of continuous illumination without encapsulation. This work presents a general supramolecular strategy for bulk electronic structure engineering in perovskite semiconductors, offering a viable pathway toward simultaneously achieving high efficiency and long‐term stability.",crossref
Cu@Cr2O3 Noble‐Metal‐Free Hydrogen‐Evolving Cocatalyst on Al‐Doped SrTiO3 for Photocatalytic Overall Water Splitting,https://advanced.onlinelibrary.wiley.com/doi/10.1002/aenm.71440?af=R,,Wiley: Advanced Energy Materials: Table of Contents,2026-08-19 10:25:44+00:00,10.1002/aenm.71440,Huagui Yang,,"ABSTRACT
                  
                    The development of noble‐metal‐free cocatalysts is crucial for low‐cost photocatalytic overall water splitting (POWS) systems. However, dynamic structural evolution of non‐noble‐metal materials under
                    operando
                    conditions results in a restricted activity of cocatalysts in POWS. Herein, we construct a core–shell structured Cu@Cr
                    2
                    O
                    3
                    cocatalyst on Al‐doped SrTiO
                    3
                    (SrTiO
                    3
                    :Al) via a photodeposition method (denoted as Cu‐PD/STO) for efficient H
                    2
                    evolution in POWS. The Cu‐PD/STO achieves the H
                    2
                    evolution rate of 788.7 µmol/h, surpassing all the recently reported noble‐metal‐free H
                    2
                    evolution cocatalysts on SrTiO
                    3
                    for POWS. Quasi in situ/
                    operando
                    characterizations elucidate the stable operation of Cu
                    0
                    active sites in POWS, guaranteed by the photoinduced reduction of Cu sites and core–shell structure. Further characterizations and theoretical calculations reveal that Cu
                    0
                    active sites provide accelerated electron extraction from SrTiO
                    3
                    :Al, optimized water dissociation, and hydrogen adsorption. Moreover, Cu
                    0
                    active sites can promote the formation of Cr
                    2
                    O
                    3
                    shells, which encapsulate the Cu
                    0
                    active sites, protecting them against surface oxidation and suppressing the reverse reaction in POWS.",crossref
"A Practical, Technology‐Agnostic Framework For Shockley–Queisser Benchmarking of Solar Cells: Robust Bandgap Definitions and Loss Decomposition From EQE, Electroluminescence, and J–V Data",https://advanced.onlinelibrary.wiley.com/doi/10.1002/aenm.71465?af=R,,Wiley: Advanced Energy Materials: Table of Contents,2026-08-19 10:29:45+00:00,10.1002/aenm.71465,Seungwoo Lee,,"ABSTRACT
                  Shockley–Queisser (SQ) benchmarking is used to contextualize photovoltaic (PV) efficiencies, but it is often misapplied when devices deviate from the step‐function absorber idealization or when optical, radiative, and electrical losses are mixed. Here, we present a practical workflow that begins with a stated SQ reference and measured external quantum efficiency (EQE), electroluminescence quantum efficiency (), and current‐density–voltage (–) data. The framework defines a photovoltaic bandgap (), computes EQE‐based radiative dark current and open‐circuit voltage, and separates generation/current loss, optical étendue, radiative edge‐shape loss, nonradiative recombination, temperature, shunt, and fill‐factor losses. It applies across silicon, gallium arsenide, copper indium gallium selenide, halide perovskites, organic PVs, and transition‐metal dichalcogenides. We provide an interpretation order for the short‐circuit‐current factor (), radiative‐emission factor (), luminescence factor (), and fill‐factor ratio (). In this notation,  is not an electrical/nonradiative loss; for a stated step‐SQ reference and a properly defined , it corresponds to a positive radiative edge‐shape voltage loss, whereas inconsistent factors indicate the measured‐EQE detailed balance should be reported. This ordering makes closeness‐to‐limit claims reproducible and comparable across materials, architectures, optical references, and measurement states.",crossref
Electric Double Layer Engineering Induces O‐Down Interfacial Water Reorientation for Efficient and Long‐Term Seawater Electrolysis,https://advanced.onlinelibrary.wiley.com/doi/10.1002/aenm.71429?af=R,,Wiley: Advanced Energy Materials: Table of Contents,2026-08-19 10:31:01+00:00,10.1002/aenm.71429,Zhigang Shao,,"ABSTRACT
                  
                    Direct seawater electrolysis for hydrogen production is plagued by sluggish hydrogen evolution reaction (HER) kinetics and severe Mg/Ca hydroxide deposition, which restrict its large‐scale application. Herein, we address these two issues via a targeted electrolyte‐mediated electric double layer (EDL) engineering strategy by introducing a chelating agent, ethylene diamine tetra (methylene phosphonic acid) sodium (EDTMPS). EDTMPS adsorbed on the Pt surface effectively chelates Mg
                    2+
                    /Ca
                    2+
                    to inhibit hydroxide deposition. Meanwhile, it disrupts the hydrogen bond networks of interfacial H
                    2
                    O and increases the thickness of EDL, thereby reducing the free H
                    2
                    O reorganization energy barrier by weakening the interfacial electric field intensity. Electron transfer from Pt to EDTMPS generates a localized non‐uniform electric field, further facilitating the reorientation of H
                    2
                    O from the conventional H‐down to the more readily adsorbable O‐down configuration for HER participation inferred by second harmonic generation spectra and theoretical calculations. Simultaneously, the abundant ‐[P‐O]
                    −
                    groups in EDTMPS synergistically promote H
                    2
                    O dissociation with Pt active sites and accelerate the HER kinetics. The assembled natural seawater electrolyzer achieves 1.0 A cm
                    −2
                    at 2.41 V and long‐term stability for over 2500 h at industrial‐level current densities. This work offers a sustainable pathway toward scalable green hydrogen production from natural seawater via electrolyte‐mediated EDL modification.",crossref
Suppressing Non‐Radiative Recombination in Perovskite Solar Cells Through Integrated Tuning of Out‐of‐Plane Lattice Texture and Strain,https://advanced.onlinelibrary.wiley.com/doi/10.1002/aenm.71474?af=R,,Wiley: Advanced Energy Materials: Table of Contents,2026-08-19 10:32:59+00:00,10.1002/aenm.71474,Guijun Li,,"ABSTRACT
                  
                    Crystallographic orientation and lattice strain directly govern performance and stability; however, they are often treated as independent structural parameters, and therefore their combined influence on non‐radiative recombination remains poorly understood. Here, we reveal the interplay between these parameters and establish their correlation with non‐radiative recombination in perovskite solar cells (PSCs). The coupled control of structural parameters is achieved through novel bimolecular cooperative interactions between sodium hydroxyquinoline sulfonate and sodium aminonaphthalene sulfonate. These interactions regulate crystallization at molecular level by destabilizing solvent–PbI
                    2
                    adducts. As a result, they promote out‐of‐plane growth of corner‐sharing [PbI
                    6
                    ]
                    4─
                    networks along [100] direction and shift the lattice strain from a tensile to a compressive state. This leads to an open‐circuit voltage of 1.22 V (only 49 mV behind the theoretical limit), achieving a power conversion efficiency (PCE) up to 26.21% and a reverse‐bias breakdown voltage of −16.5 V in PSCs. Furthermore, the device retains 90% of its initial PCE after 3300 h at &gt;85% relative humidity. Control experiments further confirm that this integrated structural tuning is the dominant factor governing suppressed non‐radiative recombination and enhanced breakdown voltage.",crossref
Regulating Interfacial Electron Density of Carbon for Stable and High‐Performance Batteries,https://advanced.onlinelibrary.wiley.com/doi/10.1002/aenm.71466?af=R,,Wiley: Advanced Energy Materials: Table of Contents,2026-08-19 10:41:11+00:00,10.1002/aenm.71466,Yuping Wu,,"ABSTRACT
                  Conductive carbon is widely used in battery systems as a conductive additive and structural scaffold, yet its role in parasitic reactions remains poorly understood. Contrary to the common assumption of electrochemical inertness, growing evidence shows that carbon actively governs interfacial reactions, leading to electrolyte decomposition, hydrogen evolution, and structural degradation that limit battery stability and lifetime. Here, we provide an electronic‐structure‐based perspective to elucidate and regulate carbon‐induced parasitic reactions across diverse battery chemistries. We demonstrate that these seemingly distinct degradation phenomena originate from a common electronic origin defined by interfacial electron density and Fermi‐level alignment. Carbon operates within a finite electronic stability window, where electron oversupply drives reductive side reactions, while electron depletion induces oxidative degradation. Based on this understanding, we outline design strategies to control interfacial electron density, including Fermi‐level engineering, defect‐state optimization, and decoupling bulk electron transport from interfacial electron injection. These strategies enable suppression of parasitic reactions and provide pathways to improve cycling stability, energy efficiency, and durability in advanced battery systems. This review presents a unified electronic framework for understanding and controlling carbon‐induced degradation and offers practical guidance for the rational design of electronically stable carbon materials for next‐generation energy storage.",crossref
Geometrically Asymmetric Phosphonium Zwitterions Enable Efficient Printable Mesoscopic Perovskite Solar Cells,https://advanced.onlinelibrary.wiley.com/doi/10.1002/adma.74629?af=R,,Wiley: Advanced Materials: Table of Contents,2026-08-19 10:41:41+00:00,10.1002/adma.74629,Hongwei Han,,"ABSTRACT
                  
                    Carbon‐based, fully printable hole‐transport‐layer‐free mesoscopic perovskite solar cells (p‐MPSCs) offer a low‐cost, scalable photovoltaic technology, yet suffer from efficiency losses due to non‐radiative recombination at electron‐selective interface. Here, we design geometrically asymmetric zwitterions, featuring a bulky charge‐dispersed triphenylphosphonium cation and a small charge‐concentrated sulfonate anion linked by an alkyl chain, to weaken intermolecular and intramolecular charge attraction, thereby constructing a permanent dipole interlayer that mitigates such recombination. By extending the alkyl spacer and introducing methyl substituents on triphenylphosphonium, the optimized zwitterion, 4‐(tri‐p‐tolylphosphonio)butane‐1‐sulfonate (4MePS), achieves an ultrahigh dipole moment of 14.92 Debye. 4MePS strongly interacts with both perovskite and TiO
                    2
                    to form surface dipoles, drastically lowering their work functions by 0.42 and 0.54 eV, respectively. Comprehensive characterizations confirm that 4MePS suppresses non‐radiative recombination and accelerates charge extraction in p‐MPSCs. Consequently, 4MePS‐treated p‐MPSCs deliver a champion power conversion efficiency (PCE) of 23.3% (vs. 21.8% for control) and a minimodule efficiency of 20.2% over 57.3 cm
                    2
                    , among the highest reported for p‐MPSCs. Encapsulated devices retain 90% of their initial PCE after 1200 hours of maximum power point tracking under 1‑sun illumination at 55 ± 5 °C. This work establishes a charge density‐asymmetric molecular design strategy for engineering interfacial dipoles toward high‐performance perovskite devices.",crossref
Stable and Low‐Pressure Anode‐Free All‐Solid‐State Li–S Batteries Enabled by Reaction‐Derived Nanocrystalline‐Amorphous Li2S Cathodes and Deformable Sodium Current Collectors,https://advanced.onlinelibrary.wiley.com/doi/10.1002/aenm.71471?af=R,,Wiley: Advanced Energy Materials: Table of Contents,2026-08-19 10:43:30+00:00,10.1002/aenm.71471,Jinkui Feng,,"ABSTRACT
                  
                    Anode‐free all‐solid‐state Li–S batteries (ASSLSBs) are promising for high‐energy‐density storage, but their development is hindered by sluggish Li
                    2
                    S activation and unstable solid–solid interfaces, especially under low stack pressure. Here we report a low‐pressure anode‐free ASSLSB enabled by a solid‐state in situ reaction‐derived nanocrystalline‐amorphous Li
                    2
                    S cathode and a deformable Na current collector. During short‐term high‐energy ball milling, PI
                    3
                    reacts with Li
                    2
                    S to generate LiI and amorphous thiophosphate species around nanocrystalline Li
                    2
                    S domains, forming a reaction‐derived ion‐conductive framework. Meanwhile, the Na current collector maintains intimate contact with the sulfide electrolyte even under limited external pressure, while the mitigated volume variation of Li
                    2
                    S and amorphous interfacial framework jointly stabilize the solid–solid interfaces during cycling. Consequently, the optimized Li
                    2
                    S‐PI
                    3
                    8% full cell exhibits a capacity retention of approximately 100% after 200 cycles at 0.5 C under a stacking pressure of 4 MPa. Under the same external pressure, the cell further exhibits a capacity retention of 89.71% after 400 cycles at 0.2 C. Remarkably, even under an external pressure as low as 1 MPa, the full cell maintains 70.54% capacity retention after 300 cycles, underscoring its robust cycling stability under low‐external‐pressure conditions.",crossref
Entropy‐Mediated Nonporous Polymer Separator Unlocks Ultra‐Wide Temperature Range (−70°C to 150°C) Lithium Metal Batteries,https://advanced.onlinelibrary.wiley.com/doi/10.1002/aenm.71480?af=R,,Wiley: Advanced Energy Materials: Table of Contents,2026-08-19 10:44:32+00:00,10.1002/aenm.71480,Yuliang Gao,,"ABSTRACT
                  
                    The separator, as an indispensable component in batteries, has attracted extensive attention. Nevertheless, its poor temperature adaptability restricts the application of lithium (Li) metal batteries under extreme temperature scenarios. Herein, we develop a novel nonporous high‐entropy separator (HES) based on a rationally designed high‐entropy polymer, achieving for the first time, from the perspective of the separator, the long‐term operation of Li metal batteries from −70 to 150°C. The as‐prepared HES delivers superior electrolyte wettability and thermal stability. Moreover, the abundant ion transport channels in HES homogenize and accelerate ion transport, while facilitating the formation of stable, inorganic/B‐rich solid electrolyte interphase and cathode electrolyte interphase in the Li metal batteries. These effectively inhibit Li dendrites and parasitic reactions across a wide temperature range. Consequently, Li||Li cells operate for 2200 h at −70°C, 6548 h at 25°C, and 700 h at 150°C. Li||V
                    2
                    O
                    5
                    batteries can run from −70 to 150°C, demonstrating excellent application potential. This work enriches separator design strategies and expands the temperature boundaries for the application of Li metal batteries.",crossref
Suppressing Carbon Losses to 5% in Alkaline CO2 Electrocatalysis Using Gold‐Decorated CuO Nanoneedle Catalysts With Modified Microenvironment,https://advanced.onlinelibrary.wiley.com/doi/10.1002/aenm.71405?af=R,,Wiley: Advanced Energy Materials: Table of Contents,2026-08-19 10:50:13+00:00,10.1002/aenm.71405,Mohammad Asadi,,"ABSTRACT
                  
                    Alkaline CO
                    2
                    electrolysis can reach industrially relevant rates, but it typically incurs substantial carbon losses through carbonate formation, limiting conversion efficiency. In this study, we show that combining a gold‐decorated CuO nanoneedle catalyst (N‑CuAu) with dynamic pulsed electrocatalysis and a synthetic electrolyte with tuned bulk hydroxide concentration ([OH
                    −
                    ]‐Bulk) suppresses carbonation while maintaining high overall performance in an alkaline electrolyzer. The integrated strategy reduces carbon losses to 5.7%, while achieving a single‐pass CO
                    2
                    conversion of 51% and an overall Faradaic efficiency (FE) of 92% for selective CO
                    2
                    reduction. The resulting carbonate formation ratio is about 182‐fold lower than conventional alkaline CO
                    2
                    electrolysis and 27 fold lower than state‐of‐the‐art neutral media CO
                    2
                    electrolysis. Using complementary in situ and ex situ characterizations, we identify an operative semi‐quantitative local alkalinity ([OH
                    −
                    ]‐Local) of 0.17 mol/Lit that correlates with suppressed carbonate formation and enhanced selectivity toward alcohol products, while confirming catalyst structural stability under dynamic pulsed operation. Together, these results establish hydroxide microenvironment control as a lever to reconcile high‐performance alkaline CO
                    2
                    electrolysis with low carbonation losses.",crossref
In Situ Reconstruction of a Highly Integrated Cu/Cu2O/MoO2 Dual Heterojunctions for High‐Performance CO2 Photothermal Catalysis,https://advanced.onlinelibrary.wiley.com/doi/10.1002/adma.74707?af=R,,Wiley: Advanced Materials: Table of Contents,2026-08-19 10:53:26+00:00,10.1002/adma.74707,Tingjiang Yan,,"ABSTRACT
                  
                    During heterogeneous photothermal catalysis, catalysts are prone to undergo random and disordered structural evolution, which poses a severe challenge to the construction of advanced photothermal catalytic systems integrating photoexcited charge carrier separation, molecular activation, and active‐site engineering. In this work, we employ an in situ reconstruction strategy to fabricate a highly integrated Cu/Cu
                    2
                    O/MoO
                    2
                    composite catalyst using Cu
                    3
                    Mo
                    2
                    O
                    9
                    as the precursor under a CO
                    2
                    /H
                    2
                    reaction atmosphere. The as‐constructed Cu/Cu
                    2
                    O Schottky junction and Cu
                    2
                    O/MoO
                    2
                    p‐n junction form a dual‐heterojunction structure, enabling efficient separation of photogenerated charge carriers. Meanwhile, amorphous MoO
                    2
                    with abundant oxygen vacancies and Cu/Cu
                    2
                    O provide functionally complementary activation sites for CO
                    2
                    activation and H
                    2
                    dissociation/spillover, respectively. Benefiting from the efficient synergistic interplay among the three components (Cu, Cu
                    2
                    O, and MoO
                    2
                    ), the Cu/Cu
                    2
                    O/MoO
                    2
                    catalyst enables the efficient conversion of CO
                    2
                    via the photothermal reverse water‐gas shift (RWGS) reaction, delivering a superior CO production rate of 14.65 mmol g
                    −1
                     h
                    −1
                    alongside ultra‐long stability, retaining high activity across an impressive 215‐h continuous reaction run. This study offers a new avenue for the construction of integrated functional photothermal catalysts with high performance via an in situ reconstruction approach.",crossref
Toward In Vivo Energy Harvesters: High Piezoelectric Response in a Pharmaceutical Drug Polymorph Enabled by Monopolar Domain Architecture,https://advanced.onlinelibrary.wiley.com/doi/10.1002/aenm.71458?af=R,,Wiley: Advanced Energy Materials: Table of Contents,2026-08-19 10:56:03+00:00,10.1002/aenm.71458,Sajesh P. Thomas,,"ABSTRACT
                  
                    Biocompatible piezoelectric materials capable of efficient mechanical‐to‐electrical energy conversion are critical for the development of implantable energy harvesters and in vivo biomedical sensors. Here, we report an unusually high piezoelectric response in a polymorph of the pharmaceutical drug hydrochlorothiazide (HCT), originating from conformationally driven solid‐state chirality and an uncommon monopolar domain architecture. In contrast to most polar molecular crystals, where micro‐ to nanoscale orientational disorder suppresses macroscopic polarization, HCT forms enantiomorphic twin domains arranged in a tail‐to‐tail polarity configuration. This intrinsic domain organization eliminates the need for external electric poling during device fabrication, providing a significant technological advantage for biocompatible applications. Kelvin probe force microscopy (KPFM) surface potential mapping and piezoresponse force microscopy (PFM) phase contrast measurements provide compelling experimental support for this polarity model. X‐ray quantum crystallography reveals an enhanced spontaneous polarization of 10.2 µC cm
                    −2
                    , while facet‐resolved PFM measurements yield an effective piezoelectric coefficient  of ∼9.2 ± 0.13 pm V
                    −1
                    . Enabled by the monopolar domain architecture, the fabricated devices generate a remarkably high piezoelectric voltage output of 88 ± 5.2 V under moderate mechanical loading (29–30 N), placing it among the highest voltage outputs reported to date for an organic material‐based energy harvesting device.",crossref
"Membrane‐Bound Multimodal Plasmonic Transducers for Noninvasive, In Situ Monitoring and Control of CAR T Cells Against Heterogeneous Solid Tumors",https://advanced.onlinelibrary.wiley.com/doi/10.1002/adma.74686?af=R,,Wiley: Advanced Materials: Table of Contents,2026-08-19 10:56:55+00:00,10.1002/adma.74686,Stanislav Y. Emelianov,,"ABSTRACT
                  
                    Noninvasive monitoring and control of CAR T cells against heterogeneous solid tumors remain major challenges in understanding and improving treatment response. To address this, membrane‐bound plasmonic transducers, composed of plasmonically coupled gold nanospheres in an anisotropic framework, were developed for multimodal photoacoustic imaging and localized thermal modulation of CAR T cell activity. These transducers exhibit approximately 90% absorption efficiency and photostability under laser fluences exceeding 20 mJ cm
                    −2
                    , delivering photoacoustic and thermal responses over multiple lasing cycles. Membrane‐bound transducers on CAR T cells thus enable photoacoustic and thermal responsiveness upon laser excitation without compromising key cellular functions. In heterogeneous HER2‐expressing breast tumor models, longitudinal photoacoustic imaging enabled prospective stratification of tumors based on early T cell trafficking, predicting responders versus nonresponders with high sensitivity and specificity. Moreover, transducer‐mediated thermal modulation of intratumoral CAR T cells engineered with thermogenetic circuits to secrete T cell engagers redirected cytotoxicity toward antigen‐negative tumors, overcoming antigen escape and consequently enhancing therapy. Taken together, we demonstrate a strategy to noninvasively monitor and control CAR T cells against heterogeneous solid tumors via membrane‐bound multimodal transducers.",crossref
Energy‐Efficient Spin Hall Nano‐Oscillators Using Near‐Compensated CoGd Ferrimagnets,https://advanced.onlinelibrary.wiley.com/doi/10.1002/adma.74677?af=R,,Wiley: Advanced Materials: Table of Contents,2026-08-19 11:18:23+00:00,10.1002/adma.74677,Hyunsoo Yang,,"ABSTRACT
                  
                    Conventional spin Hall nano‐oscillators (SHNOs) based on ferromagnets face practical limitations due to high threshold current densities and large external magnetic field requirements. Ferrimagnets provide an attractive alternative due to their unique magnetic dynamics and potential for energy‐efficient spintronic devices. In this study, we report rare‐earth−transition‐metal (RE−TM) ferrimagnetic SHNOs utilizing Co
                    1‐x
                    Gd
                    x
                    alloys, in which compositional tuning enables high‐performance operation near the magnetization compensation. The optimized SHNO operates at a low current density (1.43 × 10
                    7
                    A/cm
                    2
                    ), a small magnetic field (5 mT), and exhibits a narrow linewidth (0.61 MHz) simultaneously, showing an order‐of‐magnitude improvement over its ferromagnetic counterparts. This enhanced performance arises from high spin‐orbit torque efficiency, low magnetic anisotropy, reduced effective magnetization, and minimized nonlinearity near the compensation point. These results establish RE−TM ferrimagnets as a promising material platform for next‐generation spintronic devices and offer new strategies for realizing energy‐efficient, high‐performance spintronic oscillators.",crossref
Synergistic Regulation of Crystallization Kinetics and Thermodynamics by Liquid Crystal Engineering Enables Efficient and Stable Organic Solar Cells,https://advanced.onlinelibrary.wiley.com/doi/10.1002/adma.74697?af=R,,Wiley: Advanced Materials: Table of Contents,2026-08-19 11:20:38+00:00,10.1002/adma.74697,Chao Gao,,"ABSTRACT
                  Organic solar cells (OSCs) hold great promise for next‐generation photovoltaics, yet achieving both high efficiency and long‐term stability remains a formidable challenge. This difficulty originates from the multiple influences of crystallization kinetics and thermodynamics in bulk heterojunction films. Herein, we introduce a nematic liquid crystal, 3UTPP4, to synergistically regulate both the kinetic and thermodynamic aspects of film formation in the PM6:BTP‐eC9 system. 3UTPP4 prolongs the film formation process, enabling more controlled molecular assembly and effectively circumventing the metastable state (cold crystallization) of BTP‐eC9. The resulting films exhibit enhanced molecular ordering with reduced π–π stacking distance, suppressed recombination, and improved charge carrier mobility. Consequently, the optimized devices deliver a power conversion efficiency (PCE) of 20.07% with an excellent fill factor (FF) of 80.51%. Moreover, outstanding device stability was successfully realized, retaining 95% of the initial PCE after 1,600 h of storage in nitrogen and achieving a photothermal stability T80 exceeding 1,000 h. The generality of this strategy is further validated across other high‐performance systems, with D18:L8‐BO achieving an excellent PCE of 20.73% and an FF of 82.14%. This work establishes liquid crystal‐assisted synergistic regulation of kinetic and thermodynamic processes as a promising pathway toward efficient and stable OSCs.",crossref
Polyphenol‐Inspired Materials for Agricultural Applications,https://advanced.onlinelibrary.wiley.com/doi/10.1002/adma.74575?af=R,,Wiley: Advanced Materials: Table of Contents,2026-08-19 11:21:57+00:00,10.1002/adma.74575,Frank Caruso,,"ABSTRACT
                  Securing global food production while reducing environmental burdens demands materials that combine high nutrient use efficiency with sustainability. Polyphenols, a class of natural plant‐derived molecules, provide redox activity, multidentate interactions, and strong interfacial adhesion, making them versatile building blocks for bio‐derived agricultural systems. This review summarizes recent advances in the molecular design and multifunctional applications of polyphenol‐inspired materials across diverse agriculture sectors, including soil remediation, seed coating, nutrient delivery, crop protection, sensing, nitrification inhibition, and food preservation. It focuses on interfacial assembly, structure–property relationships, and environmental interactions of polyphenol‐enabled materials, which collectively govern their performance from laboratory tests to field conditions. Key challenges in current agricultural practice—including low precision and high labor dependence, environmental degradation and ecological imbalance, instability under extreme environmental conditions, and low economic efficiency and unsustainability—are also discussed. Finally, future directions centered on precision and smart agriculture, ecosystem protection, climate‐resilient plant interfaces, and circular bioeconomy are outlined. This review presents a comprehensive framework that connects molecular innovation to system‐level applications, offering a roadmap for future research and the deployment of polyphenols in agriculture.",crossref
Machine Learning‐Based Screening of Optimal miRNA Targets Enabled by a Cytosolic Delivery Carrier for Augmenting Cancer Therapy,https://advanced.onlinelibrary.wiley.com/doi/10.1002/adma.202521283?af=R,,Wiley: Advanced Materials: Table of Contents,2026-08-19 11:28:11+00:00,10.1002/adma.202521283,Peifeng Liu,,"ABSTRACT
                  Nucleic acid therapeutics offer promise for precision cancer treatment, but are limited by inaccurate target selection and inefficient delivery. This work presents a therapeutic platform combining dual machine learning models (LASSO and RSF)‐based miRNA target screening with a modular biomimetic nanocarrier system. Systematic screening and experimental validation identify miR‐873 as a previously uncharacterized tumor‐suppressive miRNA in prostate cancer, and miR‐20a as oncogenic. Mechanistic studies reveal that they regulate HNRNPK and ABL2, modulating pathways involved in proliferation and metastasis. Then, the biomimetic nanocarrier, engineered with prostate cancer cell‐derived endoplasmic reticulum membrane (ERM), is successfully developed for cytosolic co‐delivery of miR‐873 mimic and miR‐20a inhibitor in prostate cancer, achieving significant and synergistic suppression of tumor proliferation and metastasis both in vitro and in vivo. Besides, co‐loading with docetaxel further enhances antitumor effects, underscoring its potential for combination therapies to inhibit cancer progression. These findings highlight both the therapeutic synergy of rationally selected miRNA combinations and the platform's versatility for precision cancer treatment.",crossref
Unilateral‐Cyano‐Functionalized Asymmetric Ether‐Based Electrolytes Enable Stable High‐Voltage Lithium Metal Batteries,https://advanced.onlinelibrary.wiley.com/doi/10.1002/adma.74706?af=R,,Wiley: Advanced Materials: Table of Contents,2026-08-19 11:28:17+00:00,10.1002/adma.74706,Huai Yang,,"ABSTRACT
                  
                    Enhanced demand for high‐energy‐density batteries has intensified the focus on high‐voltage Ni‐rich ternary cathodes. However, their high‐voltage characteristics are challenging to match the narrow electrochemical stability window of traditional ether electrolytes. Herein, we propose a series of unilateral‐cyano‐functionalized asymmetric glyme (glyme‐CN) electrolytes with broadened oxidation stability by molecular engineering. The electron‐withdrawing cyano group enhances oxidation stability by suppressing ether‐oxygen lone pair loss, while their solvation structures are finely tuned to promote anion‐derived interfacial chemistry. The optimized electrolyte glyme‐CN named TF achieves a 5.2 V electrochemical stability window, 98.9% Coulombic efficiency in Li||Cu cells, and stable cycling in Li||Li cells over 1400 h. The Li||LiFePO
                    4
                    full battery with electrolyte TF delivers remarkable cycling stability, maintaining 133.3 mAh g
                    −1
                    high capacity with a 90.8% capacity retention rate after 4000 cycles at 1C. Furthermore, TF enables a 4.3 V LiNi
                    0.8
                    Co
                    0.1
                    Mn
                    0.1
                    O
                    2
                    cathode to retain 64.2% capacity after 800 cycles and sustains stable operation even at 4.6 V. This precise molecular engineering strategy for structure and property customization provides new insights into the development of advanced battery materials.",crossref
Host–Guest Charge‐Transfer Co‐Crystals With Record‐High Photothermal Conversion Efficiency for Solar‐Driven Interfacial Water Evaporation,https://advanced.onlinelibrary.wiley.com/doi/10.1002/adma.74733?af=R,,Wiley: Advanced Materials: Table of Contents,2026-08-19 11:50:16+00:00,10.1002/adma.74733,Kecheng Jie,,"ABSTRACT
                  
                    Solar‐driven interfacial water evaporation using photothermal conversion materials is essential to address global freshwater scarcity. Organic charge‐transfer (CT) co‐crystals are effective for photothermal conversion, but their efficiency is often limited by suboptimal CT interactions. Here, we developed a host–guest‐enhanced CT interaction strategy in organic CT co‐crystals for efficient photothermal conversion. Two co‐crystals,
                    TCNQ@An34C10
                    and
                    
                      F
                      4
                      TCNQ@An34C10
                    
                    , are prepared by employing an anthracene‐containing crown ether (
                    An34C10
                    ) as the electron donor host and two electron acceptor guests, 7,7,8,8‐tetracyanoquinodimethane (
                    TCNQ
                    ) and 2,3,5,6‐tetrafluoro‐7,7,8,8‐tetracyanoquinodimethane (
                    
                      F
                      4
                      TCNQ
                    
                    ), respectively. Benefiting from the superior electron affinity of
                    
                      F
                      4
                      TCNQ
                    
                    ,
                    
                      F
                      4
                      TCNQ@An34C10
                    
                    achieves a record‐high photothermal conversion efficiency of 98.0% under 808 nm laser irradiation, far exceeding the 79.9% efficiency of
                    TCNQ@An34C10
                    . This performance disparity is attributed to the distinct intermolecular interactions within the host–guest complexes, as revealed by combined experimental and theoretical calculations. Based on the exceptional photothermal properties, a composite foam is fabricated for solar‐driven interfacial water evaporation by loading
                    
                      F
                      4
                      TCNQ@An34C10
                    
                    onto porous polyurethane, which achieves a high water evaporation rate of 1.343 kg m
                    −2
                    h
                    −1
                    and a solar‐to‐vapor efficiency of 91.1% under 1 sun irradiation. This work provides new avenues for developing advanced photothermal materials toward efficient solar energy utilization.",crossref
ROS‐Scavenging Single‐Component Polymeric Nanocarriers for Precision siRNA Delivery in Pulmonary Fibrosis Therapy,https://advanced.onlinelibrary.wiley.com/doi/10.1002/adma.74615?af=R,,Wiley: Advanced Materials: Table of Contents,2026-08-19 11:59:52+00:00,10.1002/adma.74615,Jiangli Fan,,"ABSTRACT
                  Idiopathic pulmonary fibrosis (IPF) is a progressive refractory lung disorder with limited effective therapies. Although RNA interference (RNAi) holds promise for IPF treatment, current delivery systems are hampered by complex preparation, redundant components, and an inability to modulate oxidative stress, which severely compromises their therapeutic outcomes. Herein, we design a single‐component, lung‐targeted nanosystem, PPN@siIL11, that simplifies formulation while integrating dual functions of efficient siRNA delivery and reactive oxygen species (ROS) scavenging. Upon intravenous administration, this streamlined platform exhibits enhanced pulmonary accumulation, effectively silences the profibrotic gene IL11, and suppresses fibroblast‐to‐myofibroblast transdifferentiation and excessive extracellular matrix deposition. Concurrently, it scavenges overproduced ROS to alleviate oxidative stress–mediated lung damage. Both in vitro and in vivo results demonstrate the potent anti‐fibrotic efficacy of PPN@siIL11. By overcoming critical drawbacks of conventional multi‐component carriers, this multifunctional single‐component platform establishes a translatable approach for RNAi‐based IPF therapy, with potential applicability to other lung diseases.",crossref
A Fully Integrated Wearable Sensor for Real Time Monitoring of Multiple Sweat Liver Disease Biomarkers,https://advanced.onlinelibrary.wiley.com/doi/10.1002/adma.74688?af=R,,Wiley: Advanced Materials: Table of Contents,2026-08-19 12:04:50+00:00,10.1002/adma.74688,Qiang Zhang,,"ABSTRACT
                  Early diagnosis and personalized management of chronic liver disease are critical for preventing disease progression and reducing mortality. However, existing diagnostic methods primarily depend on invasive blood sampling and laboratory‐based analyses, which limit their suitability for continuous, real‐world monitoring. In this study, we developed a skin‐conformal, wearable electrochemical biosensing platform capable of real time monitoring of liver health by continuously analyzing liver‐related metabolic biomarkers (creatine and lactate) in sweat. To improve sensor reliability, we introduced a universal enzyme immobilization strategy based on covalent organic frameworks, which enhances enzymatic stability and maintains catlytic activity under dynamic conditions. The fully integrated system supports efficient passive sweat collection, real time multi‐analyte detection, on‐board signal processing, and digital display. The platform was applied in preliminary human studies to track dynamic changes in sweat creatine and lactate in healthy individuals and participants with chronic liver disease. Overall, this work demonstrates a versatile wearable platform for noninvasive, continuous assisted evaluation of liver metabolic functions, contributing to the advancement of next‐generation personalized healthcare technologies.",crossref
Surface‐Engineered Ti3C2Tx MXene/Cu2O Photocathodes for Highly Selective Photoelectrocatalytic CO2 Reduction to Ethanol,https://advanced.onlinelibrary.wiley.com/doi/10.1002/aenm.71469?af=R,,Wiley: Advanced Energy Materials: Table of Contents,2026-08-19 12:09:42+00:00,10.1002/aenm.71469,Pavla Eliášová,,"ABSTRACT
                  
                    Cu
                    2
                    O is an inexpensive p‐type semiconductor that promotes the photoelectrocatalytic CO
                    2
                    reduction reaction (PEC CO
                    2
                    RR). While its low bandgap enables photoexcitation by visible light, long‐term stability remains limited due to quick charge recombination and photocorrosion. Here, we enhanced charge separation and extraction by combining Cu
                    2
                    O with surface‐engineered MXenes. In this novel architecture, TiO
                    2
                    grows in situ on the surface of Ti
                    3
                    C
                    2
                    T
                    x
                    and serves as a charge‐transport layer, forming a junction with Cu
                    2
                    O. On the other side, the outer TiO
                    2
                    surface exposed to the CO
                    2
                    ‐saturated electrolyte offers catalytically active sites for CO
                    2
                    reduction. Acting as a central layer, the MXene conductive backbone provides an electronically continuous pathway for electron transport. In PEC CO
                    2
                    RR, the photocathode containing 50 wt.% of MXene and a balanced amount of TiO
                    2
                    on the Ti
                    3
                    C
                    2
                    surface outperformed the best Cu/Cu
                    x
                    O‐based systems operating in non‐organic electrolytes reported in the literature. The FTO/Cu
                    2
                    O/ml‐Ti
                    3
                    C
                    2
                    T
                    x
                    ‐350‐N
                    2
                    photocathode reached 8.4 µmol cm
                    −2
                    h
                    −1
                    ethanol production rate and 2.74% solar‐to‐ethanol efficiency after 2 h. Moreover, pairing TiO
                    2
                    ‐MXene with Cu
                    2
                    O significantly stabilized the photocathode, which maintained 76% of the ethanol production rate after 6 h. Overall, our results establish surface‐engineered Cu
                    2
                    O/TiO
                    2
                    ‐MXene heterostructures as a solid platform for highly selective, visible‐light‐driven ethanol production with significantly improved operational stability.",crossref
Swelling‐Resistant Functionalized 1T′‐MoS2 Membranes for Crossover‐Free Organic Electrosynthesis,https://advanced.onlinelibrary.wiley.com/doi/10.1002/adma.74735?af=R,,Wiley: Advanced Materials: Table of Contents,2026-08-19 12:45:08+00:00,10.1002/adma.74735,Chengyi Hu,,"ABSTRACT
                  
                    Organic electrosynthesis offers a sustainable future for chemical manufacturing but is severely hindered by the instability of commercial polymer ion‐exchange membranes in organic electrolytes. The excessive swelling of flexible polymer networks, such as Nafion, often results in massive reactant crossover and diminished product yields. In this study, we report a swelling‐resistant membrane engineered from functionalized 1T′ phase molybdenum disulfide (MoS
                    2
                    ). By covalently grafting acetamide groups onto the electron‐rich 1T′‐MoS
                    2
                    , we create rigid nanochannels that physically exclude organic solvents while enabling efficient proton transport. This precise molecular sieving reduces organic permeability by an order of magnitude versus commercial Nafion 117, enabling near‐quantitative yields (&gt;96%) in diverse organic electrosynthesis reactions. Bridging the gap between lab and industrial application, we demonstrate scalable fabrication of this material via slot‐die coating, with the resulting large‐area membranes delivering robust stability and high productivity in a scaled‐up electrolyzer stack. These findings establish functionalized 2D channels as a general platform for designing next‐generation ion‐conductive membranes capable of operating in aggressive organic media.",crossref
Nonporous Metal–Organic Framework Enables Record‑High Uranium Extraction and Complete Diglyme Degradation,https://advanced.onlinelibrary.wiley.com/doi/10.1002/adma.74708?af=R,,Wiley: Advanced Materials: Table of Contents,2026-08-19 12:49:34+00:00,10.1002/adma.74708,Linjuan Zhang,,"ABSTRACT
                  
                    Nuclear energy accommodates rising energy demand of artificial intelligence yet poses environmental risks, making uranium extraction from wastewater important. We herein report a nonporous metal–organic framework CuTTB‐3 as cathode in an H‐type electrolytic cell (two compartments separated by an anion‐exchange membrane) for uranium extraction. Unlike single‐chamber cell limited by diglyme‐induced redissolution of uranium deposits, CuTTB‐3‐based H‐type configuration facilitates 99.8% uranium extraction within 1 h and complete diglyme degradation. This system overcomes concentration limits of 100 g L
                    −1
                    diglyme and 100 mg L
                    −1
                    uranyl in conventional setups. It retains &gt;96.4% extraction efficiency over 15 cycles, achieving a cumulative U(VI) extraction amount of 28855 mg g
                    −1
                    within 10 h and an extraction rate of 2886 mg g
                    −1
                    h
                    −1
                    , both record‐high values among reported materials. A flow‐cell setup treated 1 L simulated wastewater, delivering 96.8% extraction efficiency and cumulative capacity of 19360 mg g
                    −1
                    . Comparisons with porous analogue CuTTB‐4 confirm structural robustness and interfacial charge transfer kinetics dominate electrochemical uranium extraction. Different from traditional adsorption‐based uranium extraction materials that rely heavily on porostiy, this work realizes efficient uranium extraction via an electrochemical deposition route based on a nonporous MOF, which expands the application scenario of nonporous materials in radioactive wastewater treatment.",crossref
Phase‐Engineered 1T/2H‐WS2 Heterostructures in Hybrid Carbon Networks for High‐Rate and Durable Sodium‐Ion Storage,https://advanced.onlinelibrary.wiley.com/doi/10.1002/aenm.71453?af=R,,Wiley: Advanced Energy Materials: Table of Contents,2026-08-19 13:09:30+00:00,10.1002/aenm.71453,Manab Kundu,,"ABSTRACT
                  
                    Metallic 1T transition‐metal dichalcogenides are promising for sodium‐ion storage because of their higher electrical conductivity and faster ion transport than semiconducting 2H counterparts, yet stabilizing the 1T phase remains challenging. Here, we report phase‐engineered WS
                    2
                    /hybrid‐carbon nanocomposites prepared by lithium‐assisted exfoliation and freeze‐drying, delivering a high‐performance sodium‐ion battery (SIB) anode. Integration of reduced graphene oxide and multiwalled carbon nanotubes (rGO and MWCNTs) induces partial phase conversion (2H→1T) in WS
                    2
                    and yields a stabilized 1T/2H mixed‐phase architecture within a conductive carbon network. Structural and spectroscopic analyses support the coexistence of 1T and 2H domains and reveal strong interfacial coupling with the carbon scaffold, thereby enhancing electrical conductivity, suppressing nanosheet restacking, and improving structural stability. As a result, the 1T/2H‐WS
                    2
                    @rGO/MWCNTs composite delivers a reversible capacity of ∼500 mAh/g at 25 mA/g, excellent rate capability up to 5 A/g, and long‐term cycling stability over 1000 cycles with negligible capacity decay, ∼99.2% capacity retention, together with strong full‐cell performance when paired with NaFePO
                    4
                    . First‐principles calculations further reveal stronger Na adsorption and a wider thermodynamically stable sodiation window for 1T‐WS
                    2
                    than for 2H‐WS
                    2
                    . These results highlight the combination of phase‐engineering and conductive carbon‐scaffolding as an effective strategy for developing fast and durable WS
                    2
                    ‐based anodes for SIBs.",crossref
A Full‐Spectrum‐Responsive MOF‐on‐MOF Heterojunction Photocatalyst for Concurrent Nitrate Reduction and Biomass Oxidation,https://onlinelibrary.wiley.com/doi/10.1002/anie.8582451?af=R,,Wiley: Angewandte Chemie International Edition: Table of Contents,2026-08-19 13:52:50+00:00,10.1002/anie.8582451,Chao Liu,,"ABSTRACT
                  
                    Photocatalytic nitrate reduction reaction (PNitRR) offers a sustainable route for ammonia (NH
                    3
                    ) synthesis and wastewater treatment. The insufficient utilization of near‐infrared (NIR) light and sluggish reaction kinetics of coupled water oxidation result in unsatisfactory performance. Herein, a conductive metal organic framework (
                    c
                    MOF)‐on‐
                    c
                    MOF S‐scheme heterojunction is reported as an efficient full‐spectrum photocatalyst for driving an innovative hybrid system of PNitRR to NH
                    3
                    and photocatalytic 5‐hydroxymethylfurfural oxidation reaction (PHMFOR) to 2, 5‐furandicarboxylic acid (FDCA). The integration of Co‐
                    c
                    MOF and Ni‐
                    c
                    MOF with dual NIR‐response features and well‐matched band structures into an S‐scheme heterojunction enables sufficient light utilization and efficient charge separation. Moreover, the formation of interfacial Ni‐Co dual sites with modulated electronic structures accounts for PNitRR and PHMFOR, respectively, with enhanced activity and selectivity. The designed
                    c
                    MOF‐on‐
                    c
                    MOF S‐scheme heterojunction photocatalyst exhibits production rates of 4677.5 and 5932.5 µmol g
                    cat
                    −1
                    h
                    −1
                    with apparent quantum yields of 13.3% and 13.1% at 500 nm for NH
                    3
                    and FDCA production, respectively. This work opens new avenues for the development of advanced photocatalysts and integrated photocatalytic systems to produce valuable chemicals.",crossref
Unlocking Long‐Range Exciton Diffusion via Hydrogen‐Bonded‐to‐Covalent Organic Framework Transformation for Photocatalytic H2O2 Synthesis,https://onlinelibrary.wiley.com/doi/10.1002/anie.4371883?af=R,,Wiley: Angewandte Chemie International Edition: Table of Contents,2026-08-19 13:53:42+00:00,10.1002/anie.4371883,J. Fraser Stoddart,,"ABSTRACT
                  
                    Controlling long‐range exciton diffusion remains a central challenge in organic photocatalysts because of the inherent trade‐off between extended π‐conjugation and long‐range structural order. Here, we report a topochemical polymerization strategy that converts a single‐crystalline hydrogen‐bonded organic framework (HOF) into a fully π‐conjugated covalent organic framework (COF) while largely preserving crystalline order. The preorganized hydrogen‐bonded precursor enables the formation of interlayer covalent linkages, resulting in a narrowed bandgap and enhanced electrical conductivity. Using power‐dependent femtosecond transient absorption spectroscopy, we quantitatively reveal exciton diffusion along the π‐conjugated channels with an average diffusion length of ∼12 nm. To illustrate the chemical consequences of exciton diffusion, the π‐conjugated COF is employed as a metal‐free photocatalyst for hydrogen peroxide (H
                    2
                    O
                    2
                    ) photosynthesis from O
                    2
                    and H
                    2
                    O without sacrificial agents. These results establish HOFs as versatile crystalline precursors for constructing previously inaccessible fully π‐conjugated COFs and highlight exciton diffusion as a key parameter linking framework structure to photocatalytic performance.",crossref
Atomic‐Level Strain‐Engineered Piezoelectric Nanosheets for cGAS‐STING Activation,https://onlinelibrary.wiley.com/doi/10.1002/anie.5643285?af=R,,Wiley: Angewandte Chemie International Edition: Table of Contents,2026-08-19 13:56:16+00:00,10.1002/anie.5643285,Piaoping Yang,,"ABSTRACT
                  
                    The cGAS‐STING pathway, a cornerstone of innate immunity and a crucial bridge to adaptive immune responses, represents a promising frontier in cancer immunotherapy. However, achieving tumor‐specific activation and precise modulation of this pathway remains a significant challenge. Herein, we adopt an atomic‐level strain engineering strategy to synthesize oxygen vacancy‐enriched Cu‐doped ZnAl‐LDH nanosheets as an ultrasound (US)‐driven piezoelectric‐STING agonist. Both the structural characterizations and theoretical calculations confirm that Cu ion doping triggers the local atomic strain, oxygen vacancy generation, and bond length adjustment to optimize the
                    d
                    ‐band center and enhance the built‐in electric field, significantly enhancing piezoelectric catalytic activity. Under US, this piezoelectric catalysis generates reactive oxygen species to disrupt mitochondrial integrity, trigger mtDNA release, and activate cGAS‐STING pathway. Concurrently, Zn
                    2+
                    ions liberated in the acidic tumor microenvironment amplify STING signaling. The piezoelectric activity also reduces tumor interstitial fluid pressure to improve agonist penetration and immunotherapeutic efficacy. Furthermore, cuproptosis‐released damage‐associated molecular patterns enhance antigen presentation and establish a synergistic “cuproptosis‐innate immunity” cascade. This integrated strategy not only unveils a novel “piezoelectric catalysis‐Zn
                    2+
                    release‐cuproptosis triple amplified STING” regulatory pathway, but also provides a biodegradable material platform and theoretical framework for developing tumor microenvironment‐responsive and externally controlled immunotherapies.",crossref
Electro‐Oxidation of Glycerol to Formate at Near‐Zero Potential Driven by Cathodic Oxygen Reduction‐Generated *OH,https://onlinelibrary.wiley.com/doi/10.1002/anie.3107244?af=R,,Wiley: Angewandte Chemie International Edition: Table of Contents,2026-08-19 13:58:40+00:00,10.1002/anie.3107244,You‐Nian Liu,,"ABSTRACT
                  
                    Electrochemical oxidation of glycerol to formate via C─C bond cleavage has emerged as an attractive technology for the conversion of surplus glycerol into diverse high‐value chemicals; yet the performance is limited by the high anodic potential as the reaction typically follows the oxygen evolution reaction (OER)‐coupled pathway. In this study, we demonstrate that glycerol oxidation to formate can be mediated by the cathodic oxygen reduction reaction (ORR) instead at near‐zero potential. Among the model catalysts with different ORR selectivity, oxygen‐doped carbon (O‐C
                    NP
                    ) stands out as the best catalyst for glycerol oxidation with 91.0% formate selectivity, producing 246 mM formate at −0.3 V versus RHE after 8 h. Such a performance is comparable to that with state‐of‐the art OER‐coupled strategy operated at potentials over +1.3 V versus RHE. The selective glycerol oxidation at low cathodic potentials is driven by the active *OH species generated during ORR, as evidenced by in situ spectroscopy and radical quantification and quenching experiments. Computational studies reveal that the generation of *OH and the mediation in glycerol oxidation are thermodynamically favorable on O‐C
                    NP
                    as compared to others in the series. This work paves a new avenue for glycerol oxidation via cathodic reactive oxygen species mediation.",crossref
A Tri‐Spiral‐Mediated Spatial Hybrid LRCT/SRCT Strategy for High‐Efficiency Narrowband Blue Emitters,https://onlinelibrary.wiley.com/doi/10.1002/anie.3174728?af=R,,Wiley: Angewandte Chemie International Edition: Table of Contents,2026-08-19 14:00:38+00:00,10.1002/anie.3174728,Jian‐Xin Tang,,"ABSTRACT
                  
                    The conventional hybrid strategy that directly links long‐range charge‐transfer (LRCT) and short‐range charge‐transfer (SRCT) units through a single bond inevitably induces an uncontrollable electron push–pull effect, resulting in emission redshift and spectral broadening. In this study, we propose a spiro‐mediated spatial decoupling strategy that bridges an LRCT‐type donor–acceptor fragment and an SRCT‐type multiple‐resonance (MR) fragment through a nonconjugated tri‐spiral skeleton for the first time. This design effectively interrupts the π‐conjugation between the two units, allowing the LRCT fragment to introduce additional reverse intersystem crossing (RISC) channels without perturbing the MR core. As a result, a 16‐fold enhancement in RISC rate is achieved relative to the MR prototype while preserving narrowband emission. TRZN//NBO exhibits an emission peak of 473 nm with a narrow full width at half maximum of 24 nm in toluene and a fast RISC rate of 1.26 × 10
                    5
                    s
                    −1
                    . The corresponding device achieves a maximum external quantum efficiency (EQE) of 36.1%, retaining high EQEs of 28.2% and 21.0% at luminance of 100 and 1000 cd m
                    −2
                    , respectively. These results demonstrate that the spiro‐mediated spatial hybrid LRCT/SRCT strategy offers a promising route to circumvent the trade‐off between efficiency and color purity in narrowband emitters.",crossref
Transient Interfacial Electron Transfer: The Hidden Kinetic Driver of Graphite Lithiation,https://onlinelibrary.wiley.com/doi/10.1002/anie.5840654?af=R,,Wiley: Angewandte Chemie International Edition: Table of Contents,2026-08-19 14:02:31+00:00,10.1002/anie.5840654,Long Kong,,"ABSTRACT
                  
                    Graphite (Gr) lithiation is fundamentally an electron‐driven process, where the temporal disparity between femtosecond‐scale (10
                    −15
                    s) interfacial electron transfer (IET) and picosecond‐to‐nanosecond (10
                    −12
                    ∼ 10
                    −9
                    s) ion migration dictates a non‐concerted kinetic response. Since electrons respond instantaneously to potential while solvated lithium (Li) remains momentarily stationary, this transient IET acts as a critical upstream “kinetic regulator” by pre‐polarizing the interface, which in turn lowers the activation barrier for the subsequent rate‐determining Li
                    +
                    desolvation step. However, this foundational precursor is frequently overlooked. Compared with neutral solvents, anions possess higher charge density and frontier orbital levels, offering a superior propensity for electron transfer. In this work, we reveal that modulating anion participation in the solvation sheath can purposely tailor the Gr surface toward an electron‐rich state, which effectively weakens Li
                    +
                    –solvent interactions and lowers the activation barrier of Li de‐coordination. To quantify this effect, we propose the “apparent electron transfer propensity” (AETP) descriptor to bridge microscopic solvation speciation with macroscopic kinetics. This finding also elucidates why anion‑rich Li solvates or anions with high electron density delocalization (such as FSI
                    −
                    ) can deliver superior battery rate capability. This work establishes IET as a discrete physical criterion for deciphering kinetic bottlenecks and designing high‐power battery interfaces.",crossref
Facile C≡O Triple Bond Cleavage of Carbon Monoxide by a Mononuclear Uranium Borohydride Complex,https://onlinelibrary.wiley.com/doi/10.1002/anie.1233737?af=R,,Wiley: Angewandte Chemie International Edition: Table of Contents,2026-08-19 14:03:16+00:00,10.1002/anie.1233737,Congqing Zhu,,"ABSTRACT
                  Complete scission of the C≡O triple bond in carbon monoxide by an actinide complex has so far been restricted to multimetallic nitride‐bridged systems, where the reaction proceeds via formation of strong C─N multiple bonds. Here we report an alternative mode of complete CO cleavage mediated by a mononuclear uranium(IV) borohydride complex supported by a double layer N–P ligand at room temperature. Single‐crystal x‐ray diffraction reveals that the oxygen atom becomes bonded to both uranium and boron (U–O–B), while the carbon atom is inserted into a new hydrocarbyl framework, forming U─C, C─C, and C─Si bonds. Computational studies elucidate a cooperative mechanism involving CO insertion into the U–H–B linkage followed by low‐barrier rearrangements. This work demonstrates complete CO cleavage by a mononuclear actinide complex operating through a U–H–B cooperative pathway, thereby establishing an alternative, nitride‐free route for this transformation at a single uranium center.",crossref
Excitation‐Wavelength‐Controlled Spin Injection in Core–Shell Chiral Perovskite Nanocrystals for Amplified Circularly Polarized Luminescence,https://onlinelibrary.wiley.com/doi/10.1002/anie.3461860?af=R,,Wiley: Angewandte Chemie International Edition: Table of Contents,2026-08-19 14:04:38+00:00,10.1002/anie.3461860,Xue Jin,,"ABSTRACT
                  
                    Chiral perovskites enable spin‐polarized light emission through the chiral‐induced spin selectivity (CISS) effect, offering a pathway toward magnet‐free spin‐optoelectronic devices. However, in most CISS‐based luminescent systems, the spin‐filtering and light‐emitting functions are intrinsically coupled, which obscures the independent role of spin injection in modulating emission and precludes a clear mechanistic understanding. Here, a core–shell chiral perovskite nanocrystal system consisting of an achiral MAPbI
                    3
                    core and a two‐dimensional chiral perovskite shell based on
                    R
                    /
                    S
                    ‐1‐(2‐naphthyl)ethylamine (NEA) is reported. This heterostructure enables excitation‐wavelength‐controlled spin injection. Owing to the strong absorption of the chiral shell at 375 nm and its transparency at 532 nm, 375 nm excitation activates a CISS‐mediated shell‐to‐core spin‐polarized carrier injection pathway, whereas 532 nm excitation mainly populates the MAPbI
                    3
                    core directly. This optical switching of the injection pathway boosts the circularly polarized luminescence (CPL) dissymmetry factor (
                    g
                    lum
                    ) from 1.5 × 10
                    −3
                    (532 nm excitation) to 3.8 × 10
                    −3
                    (375 nm excitation). In parallel, the magnetic conductive‐probe atomic force microscopy (mCP‐AFM) measurements reveal up to 85% spin polarization, and transient absorption spectroscopy shows a distinct 48 ps shell‐mediated population transfer component. These findings establish that CISS‐mediated spin injection can be optically controlled by excitation wavelength, enabling wavelength‐addressable spin manipulation in chiral heterostructures.",crossref
High‐Entropy Rare‐Earth Halide Double Perovskites Convert Compositional Disorder Into Ion‐Transport‐Stabilized Broadband Near‐Infrared Emission for LEDs,https://onlinelibrary.wiley.com/doi/10.1002/anie.9927134?af=R,,Wiley: Angewandte Chemie International Edition: Table of Contents,2026-08-19 14:07:11+00:00,10.1002/anie.9927134,Zhuolei Zhang,,"ABSTRACT
                  
                    The high‐entropy halide‐perovskite field has expanded rapidly, yet two central chemical questions remain insufficiently understood: how compositional disorder in complex ionic lattices can be converted into predictable, component‐differentiated photophysical behavior with tailorable functionality, and what atomistic origin underlies the enhanced environmental robustness. Here we address these questions using entropy‐engineered rare‐earth halide double‐perovskite single crystals, Cs
                    2
                    Na(Sb, RE)Cl
                    6
                    (RE
                    3+
                     = Sc
                    3+
                    , Er
                    3+
                    , Yb
                    3+
                    , and Tm
                    3+
                    ), as a composition‐tunable platform. Near‐equiatomic B(III)‐site alloying yields a single‐phase high‐entropy solid solution (Δ
                    S
                    config
                     ≈ 1.6R), where cations assume complementary, component‐specific photophysical functions. The ns
                    2
                    ‐configured Sb
                    3+
                    centers provide broadband absorption and sensitization, whereas RE
                    3+
                    define orthogonal NIR emissive manifolds. By integrating chemically distinct optical centers within one lattice, compositional disorder is converted from a mere entropy‐stabilization motif into a tailorable emissive architecture, producing multipeak NIR emission across ∼850–1600 nm for self‐referenced ratiometric sensing. Accelerated aging verifies relatively improved phase and emission stability, while combined DFT and MD analyses provide, a mechanistic, simulation‐supported rationalization of high‐entropy stabilization in halide double perovskites: configurational entropy thermodynamically disfavors decomposition, whereas suppressed RE
                    3+
                    /Cl
                    −
                    self‐diffusion kinetically retards ion‐migration‐assisted reconstruction and degradation. Together, these results translate role‐differentiated emission into stable broadband NIR LEDs, validating entropy engineering for durable perovskite photonics.",crossref
Operando Identification of Ni dz2 Orbital Descriptor Governing Urea Oxidation Electrocatalysis,https://onlinelibrary.wiley.com/doi/10.1002/anie.4712106?af=R,,Wiley: Angewandte Chemie International Edition: Table of Contents,2026-08-19 14:08:01+00:00,10.1002/anie.4712106,Hao Ming Chen,,"ABSTRACT
                  
                    Electrocatalytic urea oxidation reaction (UOR) offers a low‐thermodynamic‐potential alternative to the oxygen evolution reaction, yet the true reactive state of nickel and a quantitative electronic descriptor governing activity remain unresolved. Here, we construct a well‐defined catalyst–support interaction platform that enables dynamic regulation of the Ni 3d electronic structure through π–π coupling between nickel phthalocyanine (NiPc) and carbon supports with tunable curvature. Crucially, operando x‐ray absorption spectroscopy, Kβ x‐ray emission spectroscopy, and high‐energy‐resolution fluorescence‐detected XAS unambiguously demonstrate that enhanced UOR activity originates from dynamic redistribution of Ni 3d orbitals rather than oxidation‐state evolution, thereby resolving a long‐standing controversy in Ni‐based catalysis. The operando results further confirm that Ni
                    2+
                    remains the catalytically active state throughout the reaction and identify the occupancy of the 3dz
                    2
                    orbital as a quantitative electronic descriptor governing intrinsic activity. NiPc supported on 2 nm carbon nanotubes achieves a turnover frequency of 1.67 s
                    −1
                    at 1.45 V versus RHE, outperforming its planar and weakly interacting counterparts, in which strong interfacial interaction induces a high‐spin Ni(II) configuration with a nearly half‐filled 3dz
                    2
                    orbital. This study establishes operando‐validated frontier orbital engineering via catalyst–support interactions as a rational strategy for advanced electrocatalyst design.",crossref
Remote Control Over Covalent Assemblies With Photoswitch‐Modulated Dynamic C–N Bonds,https://onlinelibrary.wiley.com/doi/10.1002/anie.2812801?af=R,,Wiley: Angewandte Chemie International Edition: Table of Contents,2026-08-19 14:09:55+00:00,10.1002/anie.2812801,Lei You,,"ABSTRACT
                  Dynamic covalent assemblies offer ample structural and functional diversity, and dynamic bonding systems with tunable stability and controlled bond transformation are challenging to achieve due to the inherent conflict between the stability and the reversibility. Herein we report a photoswitching‐mediated C–N bond strategy based on a novel molecular design that overcomes this limitation, enabling remote and multiple regulation of dynamic covalent macrocycles and polymers. The integration of dithienylethene (DTE) with sultam‐derived hemiaminal provided photocontrolled switching of reactivity, where the closed‐ring form undergoes facile C–N bond making/breaking while the open‐ring form remains kinetically locked. This photoswitchable platform allowed the construction of intramolecular/intermolecular macrocycles by incorporating multiple reactive sites via modular synthesis. On‐demand reversible topological transformation between an intramolecular macrocycle and its linear scaffold was realized with light and acid/base stimuli. Moreover, the change of irradiation wavelength achieved reversal of kinetic selectivity and photoprogrammed self‐sorting in competing intermolecular macrocycle systems, further locking non‐equilibrium states and temporal component distribution with light. Finally, the strategy was employed for photocontrolled polymer degradation and polymer‐to‐macrocycle conversion. This work showcases the capability of sulfonamide‐based photoaddressed dynamic C–N bonds for constructing diverse architectures and should set the stage for adaptive materials and responsive systems.",crossref
Chiral Supramolecular Templating Enables Tunable Second‐Harmonic Generation in Hybrid Zinc Thiocyanates,https://onlinelibrary.wiley.com/doi/10.1002/anie.2118217?af=R,,Wiley: Angewandte Chemie International Edition: Table of Contents,2026-08-19 14:11:42+00:00,10.1002/anie.2118217,Kang Min Ok,,"ABSTRACT
                  
                    Chiral organic molecules have been widely used to construct hybrid nonlinear optical (NLO) materials with second‐harmonic generation (SHG) activity. However, the limited diversity of chiral building blocks has restricted both structural diversity and SHG performance. Herein, we introduce a chiral supramolecular templating strategy for engineering hybrid zinc thiocyanates with tunable SHG responses. Alkali or alkaline‐earth metal ions and natural amino acids cooperatively assemble into one‐dimensional (1D) chiral coordination polymers that serve as supramolecular templates, while the hard‐soft acid‐base principle suppresses undesired coordination between amino acid ligands and zinc ions. This coordination orthogonality enables different chiral supramolecular templates to direct the spatial organization of the SHG‐active [Zn(SCN)
                    4
                    ]
                    2−
                    units. The resulting hybrid solids combine wide optical bandgaps, phase‐matchable birefringence, and diverse SHG responses. Notably, [K
                    2
                    (L‐ser)][Zn(SCN)
                    4
                    ] exhibits an SHG intensity of 8.0 × KH
                    2
                    PO
                    4
                    , representing the strongest response reported to date for homochiral zinc‐based materials derived from natural amino acids. Theoretical analyses reveal that the [Zn(SCN)
                    4
                    ]
                    2−
                    units dominate the SHG response, establishing chiral supramolecular templating as a general strategy for designing high‐performance hybrid NLO materials.",crossref
Regioselective Acylation for the Versatile Synthesis of Carbonyl‑Functionalized Boron‐Based Multiple Resonance Emitters,https://onlinelibrary.wiley.com/doi/10.1002/anie.2809640?af=R,,Wiley: Angewandte Chemie International Edition: Table of Contents,2026-08-19 14:13:51+00:00,10.1002/anie.2809640,Takuji Hatakeyama,,"ABSTRACT
                  Multiple resonance (MR) emitters have attracted considerable attention owing to their narrowband emission and high efficiency in organic light‐emitting diodes (OLEDs). Although carbonyl incorporation into MR frameworks is an effective strategy for enhancing spin‐related excited‐state processes, synthetic approaches for introducing carbonyl groups into MR skeletons remain highly limited. Herein, we report a regioselective late‐stage acylation strategy for boron‐based MR emitters using readily accessible acid chlorides. The reaction proceeds without Lewis acid catalysts and exhibits broad substrate scope with excellent regioselectivity. Comparative experiments together with DFT calculations revealed that the unique MR‐type electronic structure of the DABNA framework promotes unusual regioselective C─C bond formation over conventional N‐acylation pathways. The resulting acylated intermediates were further transformed into fused‐ring carbonyl‐functionalized MR emitters through intramolecular cross‐coupling reactions. Furthermore, the resulting acylated intermediates serve as versatile synthetic platforms for the development of advanced MR emitters. Photophysical and theoretical analyses demonstrated that carbonyl incorporation enhances spin–orbit coupling (SOC) and activates ISC/RISC processes, leading to distinct thermally activated delayed fluorescence behavior. This strategy substantially expands the accessible chemical space of MR emitters and provides a versatile platform for developing advanced MR‐TADF materials.",crossref
Atomically Ordered Pd‐Zn Pair Sites Enable Electrochemistry‐Assisted Dual Semi‐Hydrogenation of Alkynols,https://onlinelibrary.wiley.com/doi/10.1002/anie.9591876?af=R,,Wiley: Angewandte Chemie International Edition: Table of Contents,2026-08-19 14:14:00+00:00,10.1002/anie.9591876,Yongwen Tan,,"ABSTRACT
                  
                    Electrochemical semi‐hydrogenation (ECH) driven by renewable energy sources is a promising route for organic synthesis under ambient conditions, but conventional processes suffer from high energy consumption, poor selectivity, and limited Faradaic efficiency (FE). In this study, we report nanoporous PdZn with atomically ordered Pd‐Zn pair sites (np‐PdZn), synthesized via an electrochemical phase transformation approach, as an efficient catalyst for the electrocatalytic semi‐hydrogenation of alkynols to alkenols. In situ spectroscopic studies and theoretical calculations reveal that the exceptional performance of np‐PdZn originates from its atomically ordered Pd‐Zn pair sites, wherein the Pd sites facilitate alkynol adsorption/activation while the Zn sites promote water adsorption/dissociation. The robust electronic interactions inherent to ordered Pd‐Zn pair sites modulate the d‐band center, promoting the dynamic regeneration of active sites through efficient desorption of alkenols, thereby suppressing undesired HER and over‐hydrogenation. We further design an electrochemistry‐assisted dual semi‐hydrogenation system that combines the chemical and cathodic semi‐hydrogenation of alkynols using np‐PdZn as the electrocatalyst, which achieves concurrent electrochemical dual semi‐hydrogenation of alkynols with a near‐zero onset voltage, an FE approaching 200%, and an ultralow energy consumption of 0.19 kWh kg
                    −1
                    . This work establishes a new paradigm for designing atomically ordered pair‐site catalysts and electrochemistry‐assisted dual semi‐hydrogenation systems for energy‐efficient hydrogenation.",crossref
RuCo Nanoalloy Catalysts Obtained From In‐Situ Reconstruction of High‐Entropy Oxides for Green Ammonia Synthesis,https://onlinelibrary.wiley.com/doi/10.1002/anie.9715444?af=R,,Wiley: Angewandte Chemie International Edition: Table of Contents,2026-08-19 14:14:54+00:00,10.1002/anie.9715444,Hideo Hosono,,"ABSTRACT
                  
                    Optimizing promoters is crucial for designing efficient catalysts for ammonia (NH
                    3
                    ) synthesis under mild conditions. However, this endeavor is often hampered by a fundamental trade‐off: weak metal‐promoter interactions (MPI) lead to promoter segregation, while excessively strong ones block active sites, both diminishing the efficiency of promotion. In this work, we report a high‐entropy oxide (HEO) nanoparticle catalyst integrated with active metals (Ru/Co) and promoters (La/Ce/Sm) for efficient NH
                    3
                    synthesis via an in situ reconstruction strategy. Our investigation reveals that the HEO undergoes in situ reconstruction to form RuCo nanoalloys anchored on rare‐earth oxide nanoislands, which simultaneously realizes the exposure of active sites and strong metal‐promoter interaction. This entropy reduction process facilitates the formation of surface oxygen vacancy sites with low work function electrons, facilitating electron transfer to the metal alloys to drive N
                    2
                    dissociation. Furthermore, alloying Ru with Co metal lowers the d‐band center to promote NH
                    3
                    desorption. Consequently, the optimized RuCo‐HEO catalyst delivers a remarkable NH
                    3
                    synthesis rate of 58.2 mmol g
                    −
                    1
                    h
                    −
                    1
                    (2.41% concentration) at 400°C and 1 MPa, approaching the thermodynamic equilibrium value (2.44%). This work provides an in situ reconstruction strategy to engineer active sites exposure and promoter effect for efficient green NH
                    3
                    synthesis.",crossref
Solvation Reconfiguration Enables Two‐Electron Iodine Chemistry Through Chloride Activation for High‐Energy Zn–Iodine Flow Batteries,https://onlinelibrary.wiley.com/doi/10.1002/anie.4798889?af=R,,Wiley: Angewandte Chemie International Edition: Table of Contents,2026-08-19 14:17:04+00:00,10.1002/anie.4798889,Qing Li,,"ABSTRACT
                  
                    Activating the I
                    0
                    /I
                    +
                    redox couple in aqueous Zn–iodine redox flow batteries (ZIRFBs) offers a promising route toward scalable energy storage with high voltage and high energy density. However, the hydrolytic instability of I
                    +
                    species in water severely limits its practical implementation. Although chloride can stabilize I
                    +
                    species through ICl
                    2
                    −
                    formation, substantial side reactions persist in aqueous electrolytes because Cl
                    −
                    activity remains low even at high chloride concentrations. Here, we report a solvation‐reconfiguration strategy that regulates the chloride microenvironment to enhance Cl
                    −
                    activity and thereby stabilize I
                    +
                    species. Guided by solvent descriptors of high donor number and low hydrogen‐bond acidity, N,N‐dimethylformamide (DMF) was identified as the optimal cosolvent. DMF weakens Zn
                    2+
                    –Cl
                    −
                    association and disrupts chloride hydration, markedly increasing chloride activity even at low bulk Cl
                    −
                    concentration. As a result, the ZIRFB delivers stable cycling over 1000 cycles (∼1600 h) with negligible capacity decay, a record‐high Coulombic efficiency of 99.9%, and a high discharge energy density of 72.88 Wh L
                    −1
                    based on the catholyte volume. This work establishes chloride‐activity regulation as an effective strategy for stabilizing reactive multielectron redox couples, opening new opportunities for safe, durable, and high‐energy aqueous flow batteries.",crossref
A Narrow‐Bandgap Fused‐Ring Acceptor for Organic Short‐Wavelength Infrared Imager,https://onlinelibrary.wiley.com/doi/10.1002/anie.8903659?af=R,,Wiley: Angewandte Chemie International Edition: Table of Contents,2026-08-19 14:18:49+00:00,10.1002/anie.8903659,Lixiang Wang,,"ABSTRACT
                  
                    Organic short‐wavelength infrared (SWIR) imaging is a promising technology for consumer electronics and a broad range of other applications. The bottleneck of organic SWIR imaging is the lack of electron acceptors with ultrasmall bandgaps. Herein, we develop ultrasmall‐bandgap electron acceptors by cyclizing the exocyclic vinylene linkers of a typical acceptor–donor–acceptor (A–D–A) electron acceptor with tetrafluorobenzene moieties. This tetrafluorobenzene cyclization redshifts the absorption spectrum by 224 nm and reduces the trap density of states of the neat film by nearly one order of magnitude. The resulting organic photodetector exhibits a peak responsivity of 0.36 A W
                    −1
                    , a noise current of 1.41 × 10
                    −11
                    A Hz
                    −1/2
                    at 1 kHz, a specific detectivity exceeding 10
                    9
                     Jones at 1140 nm under −1 V bias, and a linear dynamic range of 82 dB. Monolithic integration of this organic photodetector with thin‐film transistor arrays yields a 256 × 256 pixel imager capable of high‐contrast SWIR imaging. This work establishes tetrafluorobenzene cyclization as a powerful molecular paradigm for ultrasmall bandgap organic semiconductors, paving the way for low‐cost, heavy‐metal‐free SWIR imagers in consumer electronics.",crossref
Resolving Spectral Complexity in 4D Lipidomics Using a Two‐Dimensional Deconvolution Framework,https://onlinelibrary.wiley.com/doi/10.1002/anie.6117030?af=R,,Wiley: Angewandte Chemie International Edition: Table of Contents,2026-08-19 14:19:59+00:00,10.1002/anie.6117030,Xiaoxiao Ma,,"ABSTRACT
                  The application of data‐independent acquisition (DIA) in 4D lipidomics has been constrained by spectral interference due to fragment ion overlap, a bottleneck that existing one‐dimensional deconvolution methods fail to fully resolve. Here, we overcome this limitation by introducing a two‐dimensional liquid chromatography‐ion mobility (LC‐IM) deconvolution framework that unlocks the full potential of 4D lipidomics. By mathematically modeling the orthogonal LC‐IM separation dimensions, our method reconstructs high‐quality MS/MS spectra from highly complex DIA data, effectively disentangling co‐eluting lipid interferences. We demonstrate the power of this approach by annotating 491 lipids from 1 µL human plasma at a 1% false discovery rate, a two‐fold increase in coverage compared to traditional methods. Beyond bulk analysis, we showcase its unique capability for spatial lipidomics, enabling deep profiling of laser‐microdissected tissue regions equivalent to only hundreds of cells, revealing metabolic reprogramming in human hepatocellular carcinoma. We further integrate this workflow with six‐plex isobaric labeling to achieve high‐throughput, high‐accuracy quantification in spatial tissue mapping. This transition from one‐ to two‐dimensional deconvolution establishes a robust, sensitive platform for deep lipidome characterization, bridging the gap between proteomics‐grade throughput and lipidomic structural complexity.",crossref
Zn─F Diatomic Sites Promote Electrochemical C─N Coupling for the Synthesis of Amino Acids,https://onlinelibrary.wiley.com/doi/10.1002/anie.1293701?af=R,,Wiley: Angewandte Chemie International Edition: Table of Contents,2026-08-19 14:23:42+00:00,10.1002/anie.1293701,Lei Wang,,"ABSTRACT
                  
                    While electrocatalytic C─N coupling offers a promising route for amino acid synthesis, its efficiency is limited by complex reaction pathways and competitive adsorption of reactants and intermediates on single‐site catalysts. Herein, we report a catalyst with F and Zn diatomic sites on MnO
                    2‐x
                    that enables the efficient synthesis of various amino acids from keto acids and nitrate through electrocatalytic C─N coupling in neutral electrolytes. For alanine synthesis, this catalyst exhibits a high Faradaic efficiency (FE) of 76.25% and a production rate of 543.02 µmol cm
                    −2
                    h
                    −1
                    across a broad potential window from –0.3 to –1.3 V
                    RHE
                    , while maintaining stable operation for over 300 h. In a membrane electrode assembly reactor, the catalyst sustains stable alanine production for 200 h with an average FE of 70.86%, enabling the practical isolation of 44.72 g of alanine. In situ spectroscopic and theoretical calculations demonstrate a tandem catalytic cascade, in which nitrate reduction proceeds to NH
                    2
                    OH on MnO
                    2‐x
                    , NH
                    2
                    OH then spontaneously condenses with keto acids adsorbed on Zn sites to form C═N oxime intermediates, and these oximes migrate to F sites for hydrogenation to amino acids. This work offers insights into diatomic‐site design for amino acid electrosynthesis and promotes the sustainable production of high‐value organonitrogen compounds.",crossref
Intrinsically Inhibiting Singlet Quenching of Organic Sensitizers for Enhanced CO2 Photoreduction,https://onlinelibrary.wiley.com/doi/10.1002/anie.9417743?af=R,,Wiley: Angewandte Chemie International Edition: Table of Contents,2026-08-19 14:23:48+00:00,10.1002/anie.9417743,Gangfeng Ouyang,,"ABSTRACT
                  
                    High‐performance, precious‐metal‐free photosensitizers (PSs) are crucial for driving photocatalytic CO
                    2
                    reduction (PCO
                    2
                    R) in an efficient and sustainable manner. Organic PSs exhibiting thermally activated delayed fluorescence (TADF) are particularly promising owing to their ideal photophysics and well‐understood electron‐transfer mechanisms. However, rational improvement via structural design remains elusive. In this study, we present a comparative study on three TADF‐type PSs for precious‐metal‐free PCO
                    2
                    R. Our results reveal that the kinetic competition between intersystem crossing (ISC) and singlet excited‐state quenching determines the utilization efficiency of the long‐lived triplet state, a key species to enable high cage‐escape yield and eventually the PCO
                    2
                    R performance. Guided by this principle, we have developed a Br‐substituted PS derived from 1,3‐dicyano‐2,4,5,6‐tetrakis(diphenylamino)‐benzene, in which the heavy‐atom effect ensures rapid ISC while avoids reinforcing singlet quenching. Such strong steering toward triplet utilizations has led to record‐high quantum yields near 50% for complete CO production with a cobalt catalyst, significantly surpassing the performances of precious‐metal benchmarks (Ru and Ir‐based) and most documented organic PS‐driven systems.",crossref
Selective Adsorption of o‐Xylene From all C8 Aromatics via Secondary Connectivity Manipulation in B←N Frameworks,https://onlinelibrary.wiley.com/doi/10.1002/anie.1406923?af=R,,Wiley: Angewandte Chemie International Edition: Table of Contents,2026-08-19 14:24:44+00:00,10.1002/anie.1406923,Yangjian Quan,,"ABSTRACT
                  
                    Separating
                    o
                    ‐xylene from all C8 aromatic isomers (
                    m
                    ‐xylene,
                    p
                    ‐xylene, and ethylbenzene) is critical for industry but remains a formidable challenge due to their quite similar physicochemical properties. While metal‐free frameworks offer an ideal solution via selective adsorption, their development lags behind metal‐based systems. For instance, due to the limited connection modes and lack of suitable linkers, B←N frameworks (BNFs) struggle to handle complex separations. To address this limitation, we report a programmed assembly strategy by rationally integrating secondary connectivity into bridging linkers. Implementing this strategy yielded stable BNFs,
                    BN‐DPTA1
                    and
                    BN‐DPTA2
                    , featuring tunable and confined cavities.
                    BN‐DPTA1
                    exhibits specific abstraction of toluene, while
                    BN‐DPTA2
                    selectively adsorbs
                    o
                    ‐xylene from benzene derivatives. Notably,
                    BN‐DPTA2
                    represents the first metal‐free framework to achieve highly selective adsorption of
                    o
                    ‐xylene over all C8 aromatic isomers. The multiple non‐covalent interactions between the BNF cavities and guest molecules facilitate tight encapsulation, enabling the effective removal of toluene and
                    o
                    ‐xylene from the atmosphere (97.4% and 96.0% removal efficiency at 50 ppm, respectively). The dynamic, reversible adsorption/desorption behavior of BNFs allows for single‐step purification of toluene and
                    o
                    ‐xylene via solid‐phase extraction columns, achieving purities exceeding 99.9%.",crossref
Activating Triplet Excitons in COFs via Layer‐Bridging Co Single Atoms for Photocatalytic H2O2 Production and Tandem C─N Coupling,https://onlinelibrary.wiley.com/doi/10.1002/anie.1580812?af=R,,Wiley: Angewandte Chemie International Edition: Table of Contents,2026-08-19 14:28:08+00:00,10.1002/anie.1580812,Hermenegildo García,,"ABSTRACT
                  
                    Covalent organic frameworks (COFs) are promising photocatalysts for solar energy conversion in energy and environmental applications. However, their performance is intrinsically limited by weak spin–orbit coupling (SOC) arising from van der Waals interlayer interactions, thereby suppressing intersystem crossing and triplet‐exciton utilization. In this study, we demonstrate that layer‐bridging Co single atoms activate triplet excitons in COFs by synergistically enhancing SOC and inducing energy‐level splitting via Co─N coordination. This layer‐bridging Co coordination markedly promotes singlet‐to‐triplet conversion, enabling efficient O
                    2
                    activation and substantially boosting the generation of both
                    1
                    O
                    2
                    and O
                    2
                    •−
                    . Consequently, the Co‐bridged COF achieves highly efficient photocatalytic H
                    2
                    O
                    2
                    production and tandem C─N coupling. This work establishes layer‐bridging single‐atom coordination as a promising strategy for regulating triplet‐state reactivity in COFs, offering new opportunities for reactive oxygen species (ROS)‐mediated photocatalysis and tandem organic transformations.",crossref
Biotin‐ and Chloroalkane‐Modified Nucleotides for Dual Display of Proteins on DNA Through Streptavidin and Halotag Binding,https://onlinelibrary.wiley.com/doi/10.1002/anie.6259985?af=R,,Wiley: Angewandte Chemie International Edition: Table of Contents,2026-08-19 14:29:09+00:00,10.1002/anie.6259985,Michal Hocek,,"ABSTRACT
                  We designed and synthesized 2’‐deoxyribonucleoside triphosphates (dNTPs) bearing chlorohexyl and biotin modifications attached to position 7 of 7‐deazaadenine or to position 5 of cytosine. The modified dNTPs served as substrates for KOD XL DNA polymerase in the enzymatic construction of DNA bearing either one or a combination of the two modifications. The chlorohexyl‐linked DNA underwent covalent reactions with halotag protein, while the biotin‐linked DNA formed stable non‐covalent complexes with monomeric streptavidin. The dually modified DNA bearing both modifications at different distances apart from each other were used for sequence‐specific, spatially defined display of both halotag and streptavidin proteins. The study provides the foundation for display of proteins on DNA rulers.",crossref
Fluorine‐Aligned Electrostatic Gatekeepers Regulating Polysulfide Migration for Stable Lithium–Sulfur Batteries (Adv. Energy Mater. 31/2026),https://advanced.onlinelibrary.wiley.com/doi/10.1002/aenm.71328?af=R,,Wiley: Advanced Energy Materials: Table of Contents,2026-08-19 16:16:34+00:00,10.1002/aenm.71328,Hee‐Dae Lim,,,
Pushing Energy Density Limits: Anode‐Less Solid‐State Battery Integrated With Amorphous Lithium Vanadium Oxide Thin‐Film Cathode (Adv. Energy Mater. 31/2026),https://advanced.onlinelibrary.wiley.com/doi/10.1002/aenm.71327?af=R,,Wiley: Advanced Energy Materials: Table of Contents,2026-08-19 16:16:34+00:00,10.1002/aenm.71327,Hyun‐Suk Kim,,,
A Tert‐Alkyl Terephthalate Derivative as a Universal Degradable Unit for Condensation Polymers,https://onlinelibrary.wiley.com/doi/10.1002/anie.4234620?af=R,,Wiley: Angewandte Chemie International Edition: Table of Contents,2026-08-19 23:00:02+00:00,10.1002/anie.4234620,Takashi Nishikata,,"ABSTRACT
                  Incorporating cleavable triggers into the backbones of parent polymers enables programmed degradation, offering a pathway to chemically recyclable plastics. Although various triggers have been reported to date, simple esters bearing a C─O bond cleavable by photocatalytic reactions have not been successfully employed as triggers. This is because the C─O bond of simple esters is inert. In this study, we demonstrated that efficient ester C─O bond cleavage can be achieved by generating a stable tertiary alkyl radical upon bond scission. Based on this principle, we designed a dicarboxylic acid core featuring a tertiary alkyl ester incorporated into a terephthalic acid scaffold. The designed core was incorporated into polyarylate, polyurethane, and polyester, and all three polymers underwent selective C─O bond cleavage of the tertiary alkyl ester under identical photocatalytic conditions, achieving degradation efficiencies of up to 99% within 2–4 h. Unlike conventional hydrolysis, our method selectively cleaves only the targeted ester bond, leaving others intact. This yields fewer, simpler products and greatly simplifies monomer recovery. Notably, our degradable polymers retained physical properties comparable to parent plastics despite trigger incorporation.",crossref
Diversity of circular economies from Global South evidence,https://www.nature.com/articles/s41893-026-01901-z,,Nature Sustainability,2026-08-20 00:00:00+00:00,10.1038/s41893-026-01901-z,Julian Kirchherr,,"The circular economy (CE) is widely viewed as a key global lever for sustainable resource use. However, CE conceptualizations have focused mostly on high resource use in the Global North, largely neglecting the drivers, solutions and enablers of circularity in the socio-economic contexts of the Global South. Here, based on a systematic review of 183 peer-reviewed articles, we assess how CE manifests in the Global South. We find circular solutions to be considerably more bottom-up, centring around community-level and often informal practices rather than the top-down, policy and industrially driven activities that dominate the Global North-informed CE literature. CE motivations similarly differ, being primarily rooted in socio-economic needs and cultural practices rather than environmental concerns. Finally, CE enablers are often based on socially and technically adaptive approaches rather than technological innovation. These differences reveal that inclusive circular pathways for sustainable development depend strongly on context, suggesting the need for more flexible and empirically grounded CE concepts.",nature_html
Moderna cancer vaccine stops melanoma returning: what’s next for personalized treatments?,https://www.nature.com/articles/d41586-026-02612-3,,Nature,2026-08-20 00:00:00+00:00,10.1038/d41586-026-02612-3,Mohana Basu,,,
A minimal photoreactive metallocofactor for carbon–sulfur bond formation in small molecules and proteins,https://www.cell.com/chem/fulltext/S2451-9294(26)00271-8?rss=yes,,Chem,2026-08-20 00:00:00+00:00,10.1016/j.chempr.2026.103205,Woon Ju Song,,"Structurally minimal nickel-thiolate complexes function as both light absorbers and reactive centers for photochemical carbon–sulfur bond formation. Ground- and excited-state characterization identifies mononuclear nickel-thiolate motifs as compact photoreactive cofactors whose reactivity can be tuned through nuclearity, substrate structure, and solvent environment. Guided by these structural and reactivity requirements, nickel-thiolate motifs were incorporated into proteins while retaining photochemical activity, providing a foundation for the design of artificial photoreactive metalloproteins.",rss_cell
Dialkyl ether synthesis through heteroatom homolytic substitution,https://www.nature.com/articles/s41586-026-11043-z,,Nature,2026-08-20 00:00:00+00:00,10.1038/s41586-026-11043-z,David W. C. MacMillan,,"The modular and selective synthesis of dialkyl ethers, particularly sterically congested variants, remains a longstanding challenge in drug discovery and medicinal chemistry.1,2 Hindered alkyl ethers are especially desirable given their prevalence in bioactive natural products and favorable physicochemical properties.3 Classically, dialkyl ether synthesis relies on nucleophilic substitution strategies; however, SN2 reactions are fundamentally limited by steric congestion at the transition state, while SN1 pathways proceed through promiscuous carbocation intermediates prone to elimination, rearrangement, and loss of stereogenic information.4–6 Herein, we report a radical-based paradigm for general dialkyl ether synthesis enabled by an underutilized heteroatom homolytic substitution (het-SH2) mechanism. This mechanistic paradigm overcomes the intrinsic limitations of classical polar substitution chemistry by leveraging carbon-centered radicals generated under mild conditions that are insensitive to steric congestion in the bond-forming transition state. Utilizing a titanium-based catalytic platform in combination with visible-light photoredox catalysis, we demonstrate the efficient coupling of carboxylic acid-derived redox-active esters with alcohols across a broad range of substitution patterns, including 3°–2°, 3°–1°, 2°–2°, and 2°–1° architectures. This strategy grants access to dialkyl ether chemical space largely inaccessible through conventional approaches, including sterically demanding BCP ether bioisosteres, and enables late-stage diversification of complex pharmaceutical scaffolds. This platform is expected to serve as a broadly applicable blueprint for radical-mediated heteroatom bond formation.",nature_html
Hidden volcanoes hint at Moon’s turbulent past,https://www.nature.com/articles/d41586-026-02555-9,,Nature,2026-08-20 00:00:00+00:00,10.1038/d41586-026-02555-9,,,,
"To shield the fetus, link a protein to these drugs",https://www.nature.com/articles/d41586-026-02553-x,,Nature,2026-08-20 00:00:00+00:00,10.1038/d41586-026-02553-x,,,,
Astronaut vest cuts radiation exposure in half,https://www.nature.com/articles/d41586-026-02556-8,,Nature,2026-08-20 00:00:00+00:00,10.1038/d41586-026-02556-8,,,,
These trees are making air quality in cities worse,https://www.nature.com/articles/d41586-026-02586-2,,Nature,2026-08-20 00:00:00+00:00,10.1038/d41586-026-02586-2,Mohana Basu,,,
Exclusive: NSF set to issue lowest number of new grants in four decades,https://www.nature.com/articles/d41586-026-02574-6,,Nature,2026-08-20 00:00:00+00:00,10.1038/d41586-026-02574-6,Dan Garisto,,,
Engineered coacervates as emerging liquid biomaterials,https://www.nature.com/articles/s41578-026-00950-2,,Nature Reviews Materials,2026-08-20 00:00:00+00:00,10.1038/s41578-026-00950-2,Liming Bian,,"Liquid−liquid phase separation (LLPS) has emerged as a fundamental organizational principle in biological systems. A wide variety of engineered coacervates have been developed to investigate the mechanisms underlying liquid−liquid phase separation. However, the broader application potential of these coacervates has received comparatively little attention. In this Review, we present engineered coacervates as an emerging class of liquid biomaterials, beginning by highlighting their most distinctive and biomedically relevant properties: liquidity, molecular enrichment, the ability to maintain liquid stability against moderate dilution and the capability to reach hard-to-access locations. We further detail fabrication strategies that harness the supramolecular toolbox to construct engineered coacervates that meet strict biomaterial requirements. We then outline how these liquid biomaterials can be applied across diverse biomedical contexts — including drug delivery, tissue engineering, bioadhesion and antimicrobial applications — to address challenges that remain intractable with conventional approaches. Despite their great promise, key challenges remain in elucidating design principles that ensure the structural integrity and functionality of engineered coacervates within complex biological environments and in identifying the biomedical scenarios in which their advantages can be most prominently demonstrated. Overall, this Review outlines the potential of engineered coacervates as emerging liquid biomaterials for meeting pressing biomedical needs and aims to inspire broader interest and engagement from the research community.",nature_html
Investors’ sneak peak: can this AI tool spot the science that will lead to patents?,https://www.nature.com/articles/d41586-026-02549-7,,Nature,2026-08-20 00:00:00+00:00,10.1038/d41586-026-02549-7,Chris Stokel-Walker,,,
Staggering 90% of biomedical papers now show signs of AI help,https://www.nature.com/articles/d41586-026-02551-z,,Nature,2026-08-20 00:00:00+00:00,10.1038/d41586-026-02551-z,Kaia Glickman,,,
"Researcher, heal thyself: meet the scientists studying their own diseases",https://www.nature.com/articles/d41586-026-02455-y,,Nature,2026-08-20 00:00:00+00:00,10.1038/d41586-026-02455-y,Josie Glausiusz,,,
A hierarchical fibre to trap and sense microplastics,https://www.nature.com/articles/s41578-026-00956-w,,Nature Reviews Materials,2026-08-20 00:00:00+00:00,10.1038/s41578-026-00956-w,Hannah Hatcher,,,
Permafrost thaw has enlarged the burned area proportion from naturally-ignited wildfires in arctic-boreal regions,https://academic.oup.com/nsr/advance-article/doi/10.1093/nsr/nwag515/8766991?rss=1,,National Science Review Advance Access,2026-08-20 00:00:00+00:00,10.1093/nsr/nwag515,Ruowen Yang,,"Recent studies revealed a simultaneous increase in arctic-boreal wildfires and permafrost thaw since 2000. Despite the agreement that wildfires accelerate permafrost thaw, it remains unclear whether permafrost thaw makes the landscapes more prone to wildfires. Our study developed a model-based approach to disentangle wildfires ignited naturally and anthropogenically. The historical simulation demonstrates an abrupt increase in the proportion of burned area by naturally-ignited wildfires that occurred around 2010 in the arctic-boreal regions. The increase in burned area proportion results from the shallow-layer soil drying due to permafrost thaw. Model results and observations verified rapid permafrost thaw in the early 2000s, followed by soil drying lagged by 4.29±1.52 years. The shallow soil drying that can enhance fuel combustibility is more pronounced in permafrost regions with natural wildfires dominated. Our study demonstrated that permafrost thaw has become a critical driver of arctic-boreal wildfires, especially for the naturally-ignited fires that have a larger burned area on average per event in permafrost. The resulting positive feedback, namely, permafrost thaw promoting more fires, and fires further accelerating thaw, could foreshadow profound climate repercussions.",rss_oup
Publisher Correction: How webby is the wood-wide web?,https://www.nature.com/articles/s41557-026-02250-2,,Nature Chemistry,2026-08-20 00:00:00+00:00,10.1038/s41557-026-02250-2,Bruce C. Gibb,,,
Physics-based modeling and kinetic analysis of two-generation energy storage batteries (280 Ah & 314 Ah) via Runge-Kutta integration,https://www.sciencedirect.com/science/article/pii/S0306261926013097?dgcid=rss_sd_all,,ScienceDirect Publication: Applied Energy,2026-08-20 00:00:00+00:00,,Zhongwei Chen,,,
"Climate–Health Warning Systems: Towards Multi-dimensionality, Precision, and Synergy",https://academic.oup.com/nsr/advance-article/doi/10.1093/nsr/nwag514/8766988?rss=1,,National Science Review Advance Access,2026-08-20 00:00:00+00:00,10.1093/nsr/nwag514,Tiantian Li,,,
On-chip broadband magnonic frequency combs based on multi-tone excitation,https://www.nature.com/articles/s41928-026-01686-1,,Nature Electronics,2026-08-20 00:00:00+00:00,10.1038/s41928-026-01686-1,Huajun Qin,,"Magnonic frequency combs—the magnetic analogue of optical frequency combs—consist of evenly spaced spin-wave spectral lines and are of potential use in applications such as metrology, spectroscopy and information processing. However, their narrow bandwidths and small number of comb lines limit practical implementation. Here we report an on-chip broadband magnonic frequency comb based on multi-tone excitation. The octave-spanning magnonic frequency comb is generated at low power thresholds in a continuous yttrium iron garnet thin film. It is driven by spin-wave modulation instability stemming from four-magnon scattering, a nonlinear process validated by micromagnetic simulations. Our magnonic frequency combs exhibit long decay lengths, reaching up to hundreds of micrometres, and offer broad tunability in both the number of comb lines and their frequency spacing. We demonstrate, in particular, a comb with over 2,100 comb lines and densities of up to 200 lines per kilohertz. We also create a magnonic ruler that uses this finely structured spectra to detect microwave frequencies with high precision.",nature_html
Robust capacity planning of hydrogen-based remote microgrids with a co-optimized daily service window,https://www.sciencedirect.com/science/article/pii/S0306261926013425?dgcid=rss_sd_all,,ScienceDirect Publication: Applied Energy,2026-08-20 00:00:00+00:00,,Xiaohong Guan,,,
Interpretable reinforcement-learning energy dispatch co-optimized with system sizing for stable and efficient off-grid green‑hydrogen systems,https://www.sciencedirect.com/science/article/pii/S0306261926013383?dgcid=rss_sd_all,,ScienceDirect Publication: Applied Energy,2026-08-20 00:00:00+00:00,,Kyung Hwa Cho,,,
Mechanism-guided graph learning for carbon border policy evaluation in interconnected european electricity markets,https://www.sciencedirect.com/science/article/pii/S0306261926013395?dgcid=rss_sd_all,,ScienceDirect Publication: Applied Energy,2026-08-20 00:00:00+00:00,,Zhu Han,,,
"A smart humidity-control window for moisture management and energy saving: System design, modeling and validation in tropical regions",https://www.sciencedirect.com/science/article/pii/S0306261926013607?dgcid=rss_sd_all,,ScienceDirect Publication: Applied Energy,2026-08-20 00:00:00+00:00,,Jinyue Yan,,,
Hierarchical reinforcement learning for cost-effective railway microgrid management,https://www.sciencedirect.com/science/article/pii/S0306261926013541?dgcid=rss_sd_all,,ScienceDirect Publication: Applied Energy,2026-08-20 00:00:00+00:00,,Zhengrun Zhao,,,
Multidimensional chiroptical physical unclonable functions based on chiral photonic crystal film,https://www.cell.com/matter/fulltext/S2590-2385(26)00337-1?rss=yes,,Matter,2026-08-20 00:00:00+00:00,10.1016/j.matt.2026.102974,Pengfei Duan,,"Random optical labels often face limitations arising from restricted encoding dimensions or the need for complex readout systems. Chiral photonic crystal films generate multidimensional optical fingerprints that integrate conventional optical features with polarization-state information, enabling high-entropy and readily verifiable authentication for next-generation information security applications.",rss_cell
Iron-mediated reversible lattice-oxygen redox enables stable 200 Wh kg−1 sodium-ion batteries,https://www.nature.com/articles/s41560-026-02112-8,,Nature Energy,2026-08-20 00:00:00+00:00,10.1038/s41560-026-02112-8,Shaohua Guo,,"Lattice-oxygen redox in layered oxides can enhance energy density, but its limited reversibility causes structural instability during deep cycling. Here we develop an iron-mediated strategy to regulate lattice-oxygen redox in layered oxide cathodes. In the Na2/3Mn7/12Mg1/4Fe1/6O2 cathode, Fe ions act as redox mediators, with Fe4+ capturing electrons from lattice oxygen during charging and Fe2+ donating electrons back to oxidized oxygen during discharging through chemical pathways. With the assistance of iron mediation, the reversibility of lattice-oxygen redox is dramatically improved from 75% to 99%. As a result, the lattice-oxygen-activated cathode enables a sodium-ion pouch cell to achieve an energy density of 206 Wh kg−1 and operate stably for 100 cycles at 50 mA g−1, with a capacity retention of 87.8%.",nature_html
Scalable dual-step deposition of cascaded nickel oxide enables high-efficiency inverted perovskite solar cells and mini-modules,https://www.cell.com/joule/fulltext/S2542-4351(26)00319-3?rss=yes,,Joule,2026-08-20 00:00:00+00:00,10.1016/j.joule.2026.102635,Qiang Peng,,"A cascaded NiOx film fabricated via a scalable dual-step CBD process establishes a gradient structure that optimizes energetic alignment and mitigates interfacial non-radiative recombination, boosting hole extraction to deliver an efficiency of 27.05% with an FF of 87%.",rss_cell
Molecular charge-topology electrolytes enable >630 Wh kg−1 lithium-metal batteries,https://www.cell.com/joule/fulltext/S2542-4351(26)00318-1?rss=yes,,Joule,2026-08-20 00:00:00+00:00,10.1016/j.joule.2026.102634,Xiulin Fan,,"Electrolyte reduction at lithium metal limits the efficiency and lifetime of high-energy batteries. A molecular charge-topology framework links electron uptake with molecular reorganization, enabling the rational design of intrinsically stable electrolytes. The resulting electrolyte suppresses parasitic reactions, supports highly reversible lithium cycling, and enables 13.0 Ah pouch cells with energy densities above 630 Wh kg−1 under ultra-lean conditions.",rss_cell
Understanding and suppressing gas evolution in lithium metal batteries with ether-based electrolytes,https://www.nature.com/articles/s41557-026-02219-1,,Nature Chemistry,2026-08-20 00:00:00+00:00,10.1038/s41557-026-02219-1,Chuying Ouyang,,"Understanding and suppressing gas evolution is critical to enabling high-energy-density lithium metal batteries (LMBs). Yet, comprehensive investigations in ether-based systems remain limited. Here we quantify gas generation in ether-based LMBs and elucidate the underlying mechanisms. We link CO and CO2 production to the cathode, and CH4 evolution to the anode. Notably, CO and CO2 are consumed at the Li anode to form Li-containing species such as Li2CO3. Although CH4 ultimately dominates the gaseous products, its evolution during cycling is delayed until a distinct onset point. We show that in a high-concentration ether electrolyte, anode activation improves Li deposition morphology and suppresses interfacial reactions, extending the number of cycles to gas onset and cell failure by an order of magnitude. Achieving these gains without altering the electrolyte enables the reconsideration of seemingly impractical electrolytes, highlighting a practical strategy to enhance the safety and performance of commercial LMBs.",nature_html
When pathways trump orbitals in electrolyte design,https://www.nature.com/articles/s41557-026-02239-x,,Nature Chemistry,2026-08-20 00:00:00+00:00,10.1038/s41557-026-02239-x,Chunsheng Wang,,,
"Large-scale optically active nanomaterials: Synthesis, structural modulation, and functional integration",https://www.cell.com/matter/fulltext/S2590-2385(26)00335-8?rss=yes,,Matter,2026-08-20 00:00:00+00:00,10.1016/j.matt.2026.102972,Wei Ma,,"Large-scale optically active nanomaterials have attracted considerable attention because of their enhanced chiroptical responses and broad application potential. This review systematically summarizes recent advances in their fabrication strategies, structural regulation, and functional applications, and highlights the relationships between structural parameters and optical activity. It also outlines current challenges and potential directions for the further development of optically active nanomaterials.",rss_cell
Construction of Unsymmetrical B─B Bond via Carboranyl Radical,https://onlinelibrary.wiley.com/doi/10.1002/anie.5737313?af=R,,Wiley: Angewandte Chemie International Edition: Table of Contents,2026-08-20 04:19:30+00:00,10.1002/anie.5737313,Zuowei Xie,,"ABSTRACT
                  
                    This work describes a general method for constructing unsymmetrical B(cage)–B single bond at room temperature via boron‐centered carboranyl radicals. The approach enables the efficient utilization of both boron atoms from B
                    2
                    cat
                    2
                    with very high yields. The key hypercoordinate boron radical intermediates are generated through a visible‐light‐driven Ni(I)/Ni(II) redox cycle employing zinc as the reducing agent. These radicals react directly with B
                    2
                    cat
                    2
                    to form B─B bond, which can subsequently undergo further derivatizations including boronic ester formation and hydroxylation.",crossref
Technology is not a replacement for democracy,https://www.science.org/doi/abs/10.1126/science.aej1046?af=R,,AAAS: Science: Table of Contents,2026-08-20 06:00:12+00:00,10.1126/science.aej1046,Carissa Véliz,,A government run by machines is not inevitable—we have been here and rejected it before,crossref
Beyond carbon in renewable energy policy,https://www.science.org/doi/abs/10.1126/science.aek1460?af=R,,AAAS: Science: Table of Contents,2026-08-20 06:00:12+00:00,10.1126/science.aek1460,Yuanning Liang,,China’s policy-driven solar expansion shows why climate policy appraisal should look at biodiversity impacts,crossref
Bonding carbons iteratively,https://www.science.org/doi/abs/10.1126/science.aeg5569?af=R,,AAAS: Science: Table of Contents,2026-08-20 06:00:12+00:00,10.1126/science.aeg5569,Martin D. Burke,,A modular synthesis method could broaden the accessibility of chemistry,crossref
In Other Journals,https://www.science.org/doi/abs/10.1126/science.ael5805?af=R,,AAAS: Science: Table of Contents,2026-08-20 06:00:12+00:00,10.1126/science.ael5805,Angela Hessler,,Editors’ selections from the current scientific literature,crossref
Just say yes!,https://www.science.org/doi/abs/10.1126/science.ael5806?af=R,,AAAS: Science: Table of Contents,2026-08-20 06:00:12+00:00,10.1126/science.ael5806,William Mills,,,
China’s solar expansion policy reduces bird diversity,https://www.science.org/doi/abs/10.1126/science.aee0747?af=R,,AAAS: Science: Table of Contents,2026-08-20 06:00:12+00:00,10.1126/science.aee0747,Thi Thuc Anh Phan,,"Could the global transition to renewable energy create a green dilemma that pits carbon reduction against biodiversity conservation? This study examined the effect of policies promoting solar photovoltaics on local avian biodiversity using a panel dataset covering 2344 counties in China from 2014 to 2023. Policies that favored photovoltaic expansion led to reductions in bird diversity, disproportionately affecting wealthier and nondesert regions, as well as widespread species. The mechanism operated primarily through land conversion: Cropland and grassland were transformed into developed areas, reducing the diversity of vegetation. Paradoxically, the leaf area index increased, a pattern we term “inferior greening,” whereby diverse natural landscapes were replaced by dense but ecologically homogeneous vegetation. We argue that future photovoltaic development should be accompanied by strict biodiversity safeguards, especially in economically developed regions with high habitat complexity.",crossref
Laser Mössbauer spectroscopy of 229Th in CaF2,https://www.science.org/doi/abs/10.1126/science.aea7978?af=R,,AAAS: Science: Table of Contents,2026-08-20 06:00:12+00:00,10.1126/science.aea7978,Koji Yoshimura,,"Mössbauer spectroscopy is widely used in chemistry, geology, and solid-state physics to probe the local physical and chemical environment of nuclei in materials. Here, we extended this technique into the optical range using a vacuum ultraviolet laser to probe the low-energy nuclear transitions of thorium-229 (
                    229
                    Th) doped in calcium fluoride (CaF
                    2
                    ) crystals. We discovered four distinct doping sites for the thorium ions, determined the characteristic electric field gradients emerging from the interaction with the host crystal, and identified the microscopic structure of the two dominant configurations. Site-selective laser excitation enabled the study of the isomeric state lifetime and laser-induced quenching for all sites. This technique provides a powerful probe of the nuclear environment, yielding foundational data for designing future solid-state nuclear clocks.",crossref
Biodiversity monitoring misses behavior,https://www.science.org/doi/abs/10.1126/science.aej9284?af=R,,AAAS: Science: Table of Contents,2026-08-20 06:00:12+00:00,10.1126/science.aej9284,Piotr Tryjanowski,,,
Redirecting wet–interfacial redox pathways for efficient inverted perovskite solar cells,https://www.science.org/doi/abs/10.1126/science.aeg8415?af=R,,AAAS: Science: Table of Contents,2026-08-20 06:00:12+00:00,10.1126/science.aeg8415,Yong Zhang,,"Carbazole-based phosphonic acid self-assembled monolayers (SAMs) are essential for high-efficiency p-i-n perovskite solar cells. However, during processing, these SAMs inevitably contact perovskite inks, where their acidity triggers a dimethyl sulfoxide (DMSO)-mediated iodide redox reaction that imprints device performance, representing a universal bottleneck for inverted devices. We resolve this SAM-triggered redox mechanism and introduce chemistry-matched hydrazide additives to mitigate the degradation. These additives abrogate DMSO activation and redirect unwanted by-products toward benign hydrazide–formamidinium adducts. Consequently, we achieved power conversion efficiencies (PCEs) of 27.7% (certified 27.4%) in small-area (0.06 cm
                    2
                    ) cells and 20.1% in 2.0 m
                    2
                    modules, along with T95 lifetimes of ~2000 hours of maximum power point tracking (MPPT) at 85°C and ~1500 hours MPPT at 85°C and 85% relative humidity.",crossref
Touch and pain shape what brain imaging sees,https://www.science.org/doi/abs/10.1126/science.aek1809?af=R,,AAAS: Science: Table of Contents,2026-08-20 06:00:12+00:00,10.1126/science.aek1809,Laura D. Lewis,,"Sensory inputs influence different blood vessel networks, affecting the precision of brain scans",crossref
Learning to love the machine,https://www.science.org/doi/abs/10.1126/science.aek5943?af=R,,AAAS: Science: Table of Contents,2026-08-20 06:00:12+00:00,10.1126/science.aek5943,Jonathan Wai,,"Big Tech’s crusade to get kids coding is more self-interested than it first appears, argues a journalist",crossref
The lab that learns,https://www.science.org/doi/abs/10.1126/science.aee2448?af=R,,AAAS: Science: Table of Contents,2026-08-20 06:00:12+00:00,10.1126/science.aee2448,Milad Abolhasani,,"Integrating high-throughput experiments, robotics, and artificial intelligence can accelerate scientific discoveries",crossref
A serendipitous sunset on Mars,https://www.science.org/doi/abs/10.1126/science.aec4203?af=R,,AAAS: Science: Table of Contents,2026-08-20 06:00:12+00:00,10.1126/science.aec4203,Paul L. Fox,,,
Dryland restoration needs shared evidence,https://www.science.org/doi/abs/10.1126/science.aek5595?af=R,,AAAS: Science: Table of Contents,2026-08-20 06:00:12+00:00,10.1126/science.aek5595,Wubin Yu,,,
Ultralong sheathed single-metal-atom chains synthesized under high pressure,https://www.science.org/doi/abs/10.1126/science.aeg0028?af=R,,AAAS: Science: Table of Contents,2026-08-20 06:00:12+00:00,10.1126/science.aeg0028,Kuo Li,,"Single-metal-atom chains (SMACs) represent the ultimate limit of one-dimensional nanostructures. They serve as archetypal model systems for condensed matter physics and constitute fundamental building blocks for next-generation nanoelectronics. However, synthesis of SMACs suitable for practical applications remains challenging. In this work, we create micrometer-long, carbon-sheathed copper SMACs at milligram scale by compressing β-copper phthalocyanine to above 21 gigapascals. The SMACs are in atom-scale ordering, are isolable through acid-assisted exfoliation, and exhibit exceptional stability, with Cu-Cu distance confined at 2.57 angstroms. Anisotropic conductance and antiferromagnetic interactions are suggested by experimental and computational results. This work establishes a universal synthetic strategy for sheathed SMACs, positioning them as a compelling platform for prospective electronic and spintronic applications.",crossref
China mission aims to probe the Moon’s hidden water,https://www.science.org/doi/abs/10.1126/science.ael6248?af=R,,AAAS: Science: Table of Contents,2026-08-20 06:00:12+00:00,10.1126/science.ael6248,Dennis Normile,,Chang’e-7 will send a hopping craft into a polar crater to directly sample lunar ice,crossref
Justice Department calls three NSF diversity programs unconstitutional,https://www.science.org/doi/abs/10.1126/science.ael6245?af=R,,AAAS: Science: Table of Contents,2026-08-20 06:00:12+00:00,10.1126/science.ael6245,Jeffrey Mervis,,"Ruling bars programs said to discriminate by race and sex, but others can continue if modified",crossref
Hundreds of paper-mill papers peddled in ads were later published,https://www.science.org/doi/abs/10.1126/science.ael6249?af=R,,AAAS: Science: Table of Contents,2026-08-20 06:00:12+00:00,10.1126/science.ael6249,Jeffrey Brainard,,More than one-fifth of papers at some IEEE conferences appear linked to authorship for sale,crossref
Scientists challenge unexpected finding of lymphatic vessels in bone,https://www.science.org/doi/abs/10.1126/science.ael6246?af=R,,AAAS: Science: Table of Contents,2026-08-20 06:00:12+00:00,10.1126/science.ael6246,Catherine Offord,,"Conflicting data prompt spat, and last-minute publication delay, in prominent journal",crossref
A Brussels Effect for battery sustainability,https://www.science.org/doi/abs/10.1126/science.aed8133?af=R,,AAAS: Science: Table of Contents,2026-08-20 06:00:12+00:00,10.1126/science.aed8133,Ranran Wang,,An EU battery regulation can help drive toward a widely shared evidentiary system for sustainability governance,crossref
Who checks what AI can do?,https://www.science.org/doi/abs/10.1126/science.ael2161?af=R,,AAAS: Science: Table of Contents,2026-08-20 06:00:12+00:00,10.1126/science.ael2161,Thorsten Holz,,"The most important findings about frontier artificial intelligence (AI) are also the hardest to verify. Much of the information needed to understand its capabilities and risks—including results from evaluations of prerelease models and containment experiments—remains largely inaccessible outside the labs that produce it. In recent weeks, OpenAI, Anthropic, and Meta disclosed that research models had reached beyond their intended testing environments and compromised other organizations’ systems. Those labs deserve credit for reporting this. But outside those labs, there was no way to discover, reproduce, or verify what had happened.",crossref
In Science Journals,https://www.science.org/doi/abs/10.1126/science.ael5804?af=R,,AAAS: Science: Table of Contents,2026-08-20 06:00:12+00:00,10.1126/science.ael5804,Phil Szuromi,,"Highlights from the
                    Science
                    family of journals",crossref
Powers of persuasion,https://www.science.org/doi/abs/10.1126/science.ael6251?af=R,,AAAS: Science: Table of Contents,2026-08-20 06:00:12+00:00,10.1126/science.ael6251,Kai Kupferschmidt,,AI chatbots are becoming experts at changing people’s minds. What gives them an edge?,crossref
Key animal and plant disease lab stalled by biosafety issues,https://www.science.org/doi/abs/10.1126/science.ael6250?af=R,,AAAS: Science: Table of Contents,2026-08-20 06:00:12+00:00,10.1126/science.ael6250,Kate Jen Li,,USDA doesn’t know when new facility will be able to handle the most dangerous pathogens,crossref
Arson attack jolts Italy’s bid to host the Einstein Telescope,https://www.science.org/doi/abs/10.1126/science.ael6247?af=R,,AAAS: Science: Table of Contents,2026-08-20 06:00:12+00:00,10.1126/science.ael6247,Alessio Cozzolino,,Two scientists’ cars burned at proposed Sardinian site for the next-generation gravitational-wave observatory,crossref
"A Fluorine‐Free, Low Ion Pair Electrolyte for Transition Metal‐Free and Halogen‐Free Sodium Batteries",https://advanced.onlinelibrary.wiley.com/doi/10.1002/aenm.71422?af=R,,Wiley: Advanced Energy Materials: Table of Contents,2026-08-20 06:04:17+00:00,10.1002/aenm.71422,Feng Lin,,"ABSTRACT
                  
                    Fluorinated solvents, salts, and binders are widely used in modern rechargeable batteries. High durability and superior high‐rate ability are often attributed to fluorine‐rich interphases or fluorine‐tuned solvation structures. To date, fluorine‐free battery development is still nascent, with the interphases and structure‐property‐performance relationship thereby remaining poorly understood. Here, we investigate the impact of anion substituents in Na‐ion salts on electrolyte ion transport properties and interphase compositions on Na‐ion anodes. A fluorine‐free sodium tetraphenylborate‐diglyme electrolyte can cycle hard carbon anode over 2000 cycles at 1C with a capacity retention exceeding 98%. Sodium metal anode exhibits stripping‐plating efficiencies of 99.93% over 1000 cycles at 0.5 mA/cm
                    2
                    and 0.5 mAh/cm
                    2
                    . The steric effect of the bulky phenyl substituent leads to negligible ion pairing and good ionic conductivity, supporting high‐rate performance of Na‐ion electrodes. We demonstrate that a transition‐metal(TM)‐free and fluorine‐free battery as proof of concept, in a perylene‐3,4,9,10‐tetracarboxylic acid diimide (PTCDI)||hard carbon full cell configuration, delivers stable cycling with a ∼85% capacity retention at 1C after 500 cycles and good fast‐charging capability reaching 80% specific energy in less than 4 min. These results show that it is possible to design TM‐free and fluorine‐free sodium ion batteries without an anion‐rich solvation structure or fluorine‐based interphases.",crossref
Fluoride‐Driven Interfacial Engineering: Architecting Functional Layers for High‐Performance Dendrite‐Free Li Metal Batteries,https://advanced.onlinelibrary.wiley.com/doi/10.1002/aenm.71463?af=R,,Wiley: Advanced Energy Materials: Table of Contents,2026-08-20 06:05:46+00:00,10.1002/aenm.71463,Hongqiang Wang,,"ABSTRACT
                  
                    High‐capacity lithium metal anodes are essential for high‐energy‐density batteries. However, their practical deployment is hindered by notorious dendritic growth, severe volume variation and an unstable solid electrolyte interphase (SEI), giving rise to poor cyclic stability and serious safety hazards. Much effort has been devoted to exploring interfacial functional layers to enable dendrite‐free and reversible plating/stripping. Metal fluorides (M
                    x
                    Fᵧ) are being actively exploited due to their high ionic conductivity, mechanical robustness and favorable reactivity with Li. Importantly, conversion and alloying reactions generate favorable interphases containing conductive LiF and alloying species, which effectively regulate Li
                    +
                    flux and facilitate fast ion migration and uniform deposition, thereby enhancing both cycle life and energy density of Li metal batteries (LMBs). This review systematically summarizes the applications of M
                    x
                    Fᵧ in LMBs, including artificial interphase layers, lithiophilic 3D hosts, separator modification layers and electrolyte additives. Particular emphasis is placed on clarifying the role of M
                    x
                    Fᵧ for building a robust SEI and providing host framework that accelerates kinetics and guides homogeneous nucleation for dendrite‐free deposition. Meanwhile, the performance of LMBs from a practical application viewpoint is discussed, especially in pouch cells. Finally, future directions and prospects for M
                    x
                    Fᵧ are presented to stimulate their commercialization and extension to other metal batteries.",crossref
Multi‐Selective Dominant Coordination in Multi‐Salt High‐Entropy Electrolytes Toward High‐Performance Silicon Anodes,https://advanced.onlinelibrary.wiley.com/doi/10.1002/aenm.71486?af=R,,Wiley: Advanced Energy Materials: Table of Contents,2026-08-20 06:06:57+00:00,10.1002/aenm.71486,Wei‐Qiang Han,,"ABSTRACT
                  
                    High‐entropy electrolytes (HEEs) are revolutionizing the design of electrolytes for lithium‐ion batteries. However, significant gaps and numerous uncertainties still persist in this field. To address these issues, we originally proposed the multi‐selective dominant coordination mechanism, which reveals the origin of the anion‐rich solvation environment in multi‐salt high‐entropy electrolytes (HEE
                    salts
                    ). Using commercially available lithium salts, we designed single‐salt (SS), triple‐salt (TS), parent/auxiliary salt (PAS), and mixed pentasalt (MixS) electrolytes to systematically investigate the regulating role of entropy on the electrochemical performance of alloying‐type anodes. Molecular dynamics (MD) simulations and spectroscopic characterization confirm that increased coordination selectivity of anions enables Li
                    +
                    to enter a highly delocalized and dynamically reconfigurable solvation environment, driving the system to spontaneously evolve toward a stable, anion‐rich state. Post‐cycle analysis reveals that HEE
                    salts
                    induce the formation of a thin, uniform, and robust solid electrolyte interphase (SEI), with an inorganic content up to 49.2%. As a result, the entropy‐driven solvation reconfiguration synergistically accelerates ion bulk transport and interfacial reaction kinetics. Accordingly, MixS endows significantly improved electrochemical performance compared to other electrolytes. Remarkably, a 250 mAh pouch cell exhibits a capacity retention rate of 97.18% after 200 cycles, demonstrating the excellent industrial practicability of HEE
                    salts
                    .",crossref
Indoor NFA‐Organic Photovoltaic for Grid‐Free Water Electrolysis,https://advanced.onlinelibrary.wiley.com/doi/10.1002/aenm.71363?af=R,,Wiley: Advanced Energy Materials: Table of Contents,2026-08-20 06:35:48+00:00,10.1002/aenm.71363,Hyeok Kim,,"ABSTRACT
                  
                    Off‐grid hydrogen production via water electrolysis is gaining traction for decentralized energy; however, outdoor solar dependence limits indoor operation. Indoor organic photovoltaics (iOPVs) exhibit high efficiency under artificial illumination and offer a promising power source for such applications. We demonstrate a PM6:Y6‐ based photovoltaic–driven water electrolysis (iOPV–WE) system by integrating optimized OPV devices with a high‐performance oxygen evolution reaction (OER) catalyst. The iOPV devices were engineered using PDINO as the electron transport layer, where thickness optimization (∼6–8 nm) significantly improved charge extraction and reduced interfacial recombination. As a result, the PM6:Y6‐based iOPVs achieved power conversion efficiencies of 12.2% under halogen illumination (1000 lux), while maintaining stable operation in a 30 cm
                    2
                    large‐area device. For efficient electrolysis, a Co‐ and Fe‐doped Ni(OH)
                    2
                    nanosheet catalyst supported on CuO nanowires (NCF–CuO) was developed, exhibiting a low overpotential of 291 mV at 100 mA cm
                    −
                    2
                    and excellent stability. By coupling the optimized iOPV with the NCF–CuO electrode, the integrated system delivered a stable output of ∼1.5 V and 35 mA under halogen illumination (1000 lux), enabling continuous water electrolysis with a Faradaic efficiency of ∼99.2% for O
                    2
                    . These results demonstrate the feasibility of indoor solar‐to‐hydrogen conversion using organic photovoltaics.",crossref
Soft Yet Tough Tanglemers Through Rapid Photopolymerization for DLP 3D Printing,https://advanced.onlinelibrary.wiley.com/doi/10.1002/adma.74661?af=R,,Wiley: Advanced Materials: Table of Contents,2026-08-20 06:39:40+00:00,10.1002/adma.74661,Zachariah A. Page,,"ABSTRACT
                  
                    Additive manufacturing of compliant materials that simultaneously combine softness, elasticity, and toughness remains a central challenge. Here, we report a single‐resin photopolymerization strategy to produce densely entangled polymer networks (“tanglemers”) via digital light processing (DLP) 3D printing using industrially abundant monomers. Comparisons between controlled and uncontrolled radical polymerizations reveal that the uncontrolled, free‐radical approach at low initiator loadings and light intensities balances DLP‐relevant gelation timescale with high molecular weight between crosslinks. The resulting elastomers and hydrogels exhibit a rare combination of properties, including low modulus (
                    E
                    T
                    &lt;1 MPa for elastomers and &lt;100 kPa for hydrogels), high extensibility (
                    ε
                    f
                    &gt; 400%), low hysteresis (∼10%), and high toughness (
                    U
                    t
                    &gt; 1 MJ m
                    −
                    3
                    ,
                    G
                    c
                    ≈ 1 kJ m
                    −
                    2
                    for elastomers;
                    U
                    t
                    ≈ 1 MJ m
                    −
                    3
                    ,
                    G
                    c
                    ≈ 3 kJ m
                    −
                    2
                    for hydrogels). These materials translate from casting to DLP 3D printing with feature sizes down to ∼100 µm, surpassing commercial resins in softness and elasticity, while maintaining competitive toughness and aging resistance after initial accelerated weathering. This work establishes simple, single‐resin formulations as a route to DLP‐printable, defect‐tolerant tanglemers with potential relevance to soft robotic, wearable, and biomedical technologies.",crossref
Defect‐Templated Phase Engineering in Atomically Thin Metals,https://advanced.onlinelibrary.wiley.com/doi/10.1002/adma.74689?af=R,,Wiley: Advanced Materials: Table of Contents,2026-08-20 06:42:16+00:00,10.1002/adma.74689,Joshua A. Robinson,,"ABSTRACT
                  
                    Achieving deterministic control over crystal phase at the atomic limit remains a fundamental challenge for atomically thin metals, where subtle differences in atomic registry can produce large changes in electronic and optical functionality. Here, we establish interfacial defect templating as a general materials‐design strategy for phase engineering in confined two‐dimensional metals, using monolayer silver as a model system. By tailoring the defect chemistry of a graphene overlayer, we selectively stabilize two competing crystalline phases of two‐dimensional Ag at the graphene/SiC interface: a near‐commensurate phase promoted by vacancy and line defects in epitaxial graphene, and a denser phase favored beneath intrinsically sp
                    3
                    ‐rich zero‐layer graphene. Multimodal characterization reveals distinct lattice registries, electronic structures, and charge transfer to the graphene overlayer for each phase. First‐principles calculations show that phase selectivity arises from a competition between kinetically favored nucleation pathways and thermodynamically preferred packing configurations, explaining both controlled phase formation and long‐term evolution. The defect‐programmed Ag phases exhibit strongly contrasting linear and nonlinear optical responses, enabling phase‐tunable optical functionality at atomic thickness. More broadly, this work reframes defects as deliberate design elements for programming structure–property relationships in confined two‐dimensional metals.",crossref
Nitrogen‐Directed Diamond Nanothreads for Ultrahigh‐Sensitivity Humidity Sensing and Noncontact Human‐Machine Interfaces,https://advanced.onlinelibrary.wiley.com/doi/10.1002/adma.74718?af=R,,Wiley: Advanced Materials: Table of Contents,2026-08-20 06:44:32+00:00,10.1002/adma.74718,Xigui Yang,,"ABSTRACT
                  
                    Diamond nanothreads (DNThs) are an emerging class of one‐dimensional carbon materials that combine exceptional mechanical robustness with structural flexibility and tunable surface chemistry. While significant progress has been achieved in the synthesis and structural characterization of DNThs, their functional applications remain relatively unexplored. Here, we employ pyrazine as a nitrogen‐containing precursor to synthesize diamond nanothread materials under high‐pressure and high‐temperature (HPHT) conditions (10 GPa and 400°C). Structural characterization suggests the formation of predominantly
                    sp
                    3
                    ‐bonded one‐dimensional carbon frameworks containing abundant polar surface functionalities. Benefiting from the synergistic effects of the one‐dimensional architecture and hydrophilic surface sites, the fabricated DNThs‐based humidity sensors exhibit outstanding performance over a broad humidity range (11%–96% RH), including ultrahigh sensitivity (1679.11/%RH), rapid response (5.2 s) and recovery (5.4 s), excellent reproducibility, and long‐term stability. Mechanistic investigations indicate that efficient water adsorption and humidity‐induced ionic conduction play critical roles in the sensing process, while the one‐dimensional framework facilitates efficient charge transport. Furthermore, by integrating DNThs sensor arrays with a microcontroller platform, we demonstrate a non‐contact human–machine interface (HMI) capable of gesture recognition and touch‐free phone dialing. This work highlights the potential of diamond nanothread‐based materials for next‐generation intelligent sensing and interactive electronic systems.",crossref
Interlayer Water Activation Supplemented Dual Oxygen Evolution Reaction Channels in Layered Double Hydroxides for Efficient Seawater Electrolysis,https://advanced.onlinelibrary.wiley.com/doi/10.1002/adma.74631?af=R,,Wiley: Advanced Materials: Table of Contents,2026-08-20 06:44:35+00:00,10.1002/adma.74631,Zhaosheng Li,,"ABSTRACT
                  
                    Direct seawater electrolysis powered by renewable electricity offers a promising avenue for sustainable production of green hydrogen, yet the challenges of chloride‐induced corrosion and sluggish kinetics of oxygen evolution reaction (OER) persist with electrocatalysts. Here, a sulfur‐modified CoFe‐layered double hydroxide catalyst (S‐CF·
                    n
                    H
                    2
                    O) is developed to address the above activity and stability issues, in which sulfur etching‐assisted targeted reconstruction occurs and yields high‐density accessible active sites both on the surface and in the interlayer galleries; meanwhile, sulfate ions derived from sulfur oxidation adsorb on catalyst and create an electrostatic Cl
                    −
                    ‐repelling barrier. Featuring interlayer space as a supplementary reaction region and an electrostatic‐protecting sulfate layer, S‐CF·
                    n
                    H
                    2
                    O catalyst achieves exceptional OER activity (with an overpotential of 370 mV at 1 A cm
                    −2
                    ) and unprecedented durability exceeding 12 000 h in alkaline seawater; the seawater electrolyzer assembled from S‐CF·
                    n
                    H
                    2
                    O also demonstrates stable operation for 10 000 h at 600 mA cm
                    −2
                    . In situ spectroscopic and isotope tracing analyses reveal a distinct oxide pathway mechanism with the interlayer water, in contrast to the adsorbate evolution mechanism occurring at the catalyst outer surface. This work conceptually reveals the robustness of interlayer chemistry for the design of high‐performance LDH‐based catalysts.",crossref
Beyond Nanoporosity: A CO2‐Conditioned Glassy Matrix Contributes to the Brittle‐to‐Ductile Transition of Nanocellular Polyetherimide,https://advanced.onlinelibrary.wiley.com/doi/10.1002/adma.74680?af=R,,Wiley: Advanced Materials: Table of Contents,2026-08-20 06:53:19+00:00,10.1002/adma.74680,Judith Martín‐de León,,"ABSTRACT
                  
                    Nanocellular polyetherimide (PEI) exhibits enhanced toughness and impact resistance compared to the initial solid precursor, an effect usually attributed to the presence of nanometric cells within a confined glassy polymer matrix. In this work, we examine whether the CO
                    2
                    saturation step used in gas dissolution foaming can affect the mechanical response by modifying the thermodynamic state of the glassy polymer. Thermal annealing without CO
                    2
                    increases the yield stress and reduces ductility, whereas solid PEI saturated with CO
                    2
                    and subsequently fully desorbed shows lower yield stress, an increase in tensile ductility, and an improved impact response. Density, gas transport, WAXS, and PALS measurements were used to further analyze this state, showing that the effect of CO
                    2
                    leads to a subtle modification of the glassy matrix, changing the packing and gas accessible regions of the matrix. It is proposed that this matrix state, together with the nanocellular architecture, contributes to the brittle‐to‐ductile transition observed in nanocellular PEI. Our work highlights that optimization of the mechanical properties of nanocellular polymers should not only focus on the key characteristics of the final cellular morphology, but also on the conditions that define the state of the polymer matrix surrounding the pores before and during foaming.",crossref
Experiences and economic decision-making,https://www.science.org/doi/abs/10.1126/science.aej2368?af=R,,AAAS: Science: Table of Contents,2026-08-20 07:00:00+00:00,10.1126/science.aej2368,Imran Rasul,,,
Autonomous biomedical research with an artificial intelligence agent,https://www.science.org/doi/abs/10.1126/science.adz4351?af=R,,AAAS: Science: Table of Contents,2026-08-20 07:00:00+00:00,10.1126/science.adz4351,Jure Leskovec,,"Biomedical research is increasingly constrained by repetitive, fragmented workflows that slow discovery. We introduce Biomni, a general-purpose biomedical artificial intelligence agent that autonomously executes diverse research tasks. To map the biomedical action space, Biomni’s action-discovery agent mines tools, databases, and protocols from thousands of publications across 25 domains, building a unified agentic environment. Its general-purpose architecture integrates large language model reasoning with retrieval-augmented planning and code-based execution, dynamically composing workflows without predefined templates. Systematic benchmarking shows strong generalization across heterogeneous tasks—causal gene prioritization, drug repurposing, rare-disease diagnosis, microbiome analysis, and molecular cloning—without task-specific tuning. Real-world case studies demonstrate Biomni interpreting multimodal datasets, optimizing protein stability, orchestrating wet-lab instruments, and generating experimentally testable protocols. Biomni envisions artificial intelligence augmenting human scientists and accelerating discovery.",crossref
RAD51 stabilizes neutrophil extracellular traps to compartmentalize inflammation,https://www.science.org/doi/abs/10.1126/science.aed9286?af=R,,AAAS: Science: Table of Contents,2026-08-20 07:00:00+00:00,10.1126/science.aed9286,Venizelos Papayannopoulos,,"Neutrophil extracellular traps (NETs) feature a branched chromatin architecture whose origin and function remain unknown. We found that NET branching is mediated by RAD51, a protein generating DNA junctions during DNA recombination repair. Pharmacological inhibition,
                    RAD51
                    knockdown, or GEN1 and RuvC resolvase treatment reduced branching and destabilized NETs, whereas RAD51 up-regulation by different stimuli generated NETs with variable stability. RAD51 inhibition during murine pulmonary
                    Aspergillus fumigatus
                    infection dismantled NETs and reduced lung cytokines. However, the increased accumulation of NET components in the circulation led to interleukin-6 (IL-6) induction in circulating monocytes that exacerbated type 2 inflammation and asthma. Extracellular plasma DNA correlated with IL-6 and eotaxin in human aspergillosis. By structurally stabilizing NETs, RAD51 compartmentalizes inflammation to thwart aberrant systemic immune activation, linking DNA repair to inflammation.",crossref
Modality-specific neurovascular coupling via layer-segregated arteriole networks,https://www.science.org/doi/abs/10.1126/science.aeb5077?af=R,,AAAS: Science: Table of Contents,2026-08-20 07:00:00+00:00,10.1126/science.aeb5077,Ravi L. Rungta,,"The brain’s vascular system dynamically regulates energy supply through neurovascular coupling. In this study, we show that in mice, neurovascular coupling is modality-dependent: Distinct sensory inputs recruit specific arteriole types, producing differential laminar blood flow patterns. Using multiscale optical imaging, we compared neuronal and vascular responses to touch, nociception, motor-sensory feedback, and spontaneous activity. Shallow arteriole dilation emerges with increasing superficial-layer activity, whereas deep arterioles integrate signals broadly across input conditions. Arteriole type–specific dilation decouples the magnitude of local neuronal activity from capillary blood flow responses, with flow patterns shaped by vascular topology and recapitulated in silico. Together, these findings reveal how interactions between laminar circuit activity and vascular network architecture dynamically shape the spatial profile of blood flow delivery across the cortex.",crossref
Tracing the origins of de novo coronary collateral formation in cardiac repair,https://www.science.org/doi/abs/10.1126/science.ady3027?af=R,,AAAS: Science: Table of Contents,2026-08-20 07:00:00+00:00,10.1126/science.ady3027,Bin Zhou,,"Coronary collateral arteries have been proposed to form de novo through artery reassembly, a process in which arterial endothelial cells (ECs) migrate away from preexisting arteries and reassemble into new arteries. Using genetic tools that trace arterial ECs, we found that their contribution to collaterals is modest. Dual genetic lineage tracing revealed that capillary ECs, rather than arterial ECs, serve as the major building blocks for de novo collaterals. The capillary-to-collateral conversion is functionally crucial for cardiac repair. In addition, transient
                    Vegfa
                    expression through modified messenger RNA markedly promoted collateral formation. Mechanistically, vascular endothelial growth factor (VEGF) drives arterialization by regulating HES1 transcription through YY1/SETD1A-mediated H3K4 trimethylation. Collectively, these findings redefine the cellular origin and mechanism of coronary collateral formation and highlight its role in facilitating efficient cardiac repair.",crossref
TGW1a locus simultaneously shortens growth duration and boosts grain yield in rice,https://www.science.org/doi/abs/10.1126/science.ady1619?af=R,,AAAS: Science: Table of Contents,2026-08-20 07:00:00+00:00,10.1126/science.ady1619,Jian Zhang,,"Reconciling the trade-off between short growth duration and high grain yield is essential for enhancing annual rice yields. We found that
                    qTGW1a
                    , encoding a flowering locus T-like protein, controls heading and nitrogen use efficiency (NUE) underpinning grain weight and yield in rice. TGW1a interacts with and stabilizes Ghd7 and Hd1 to boost NUE and grain yield. Natural variations in the promoter enable the ancestral allele
                    
                      TGW1a
                      JZ
                    
                    to maintain an intermediate level of
                    TGW1a
                    transcription. By decoupling its linkage to the weak grain number regulator
                    
                      Gn1a
                      JZ
                    
                    ,
                    
                      TGW1a
                      JZ
                    
                    conferred 3.67 to 8.67 days shorter growth duration and 4.22 to 11.00% higher grain yield in five modern cultivars and derived F
                    1
                    hybrids. This research uncovers a locus for breeding rice varieties featuring shorter growth durations and higher yields.",crossref
Genomes of Poaceae relatives reveal key metabolic innovations preceding the evolution of grasses,https://www.science.org/doi/abs/10.1126/science.adv0443?af=R,,AAAS: Science: Table of Contents,2026-08-20 07:00:00+00:00,10.1126/science.adv0443,Hiroshi A. Maeda,,"The grass family (Poaceae) has immense economic and ecological importance and exhibits distinctive metabolic traits, including dual starch and lignin biosynthetic pathways. We sequenced the genomes of
                    Pharus
                    ,
                    Joinvillea
                    ,
                    Ecdeiocolea
                    , and
                    Typha
                    species to investigate when and how these metabolic innovations evolved relative to the origin of the grass family. The
                    rho
                    whole-genome duplication (ρWGD) within the lineage that led to the last common ancestor of all grasses contributed to the gene family expansions underlying cytosolic starch biosynthesis, whereas an earlier tandem duplication of
                    phenylalanine ammonia lyase
                    (
                    PAL
                    ) gave rise to
                    phenylalanine/tyrosine ammonia lyase
                    (
                    PTAL
                    ), which is responsible for the dual lignin biosynthesis. Integrated biochemical, functional, and structural studies, guided by phylogenomic analyses, further revealed the molecular basis of key metabolic innovations predating the evolution of grasses.",crossref
"Tmem117, an oligodendrocyte-enriched regulator of NCX activity, links myelin homeostasis to counterregulation and metabolic health",https://www.pnas.org/doi/abs/10.1073/pnas.2530122123?mi=eymic2&af=R&access=on&content=articlesChapters&publication=pnas&sortBy=Earliest&target=default,,Proceedings of the National Academy of Sciences: Keyword search for query,2026-08-20 07:00:00+00:00,10.1073/pnas.2530122123,Sevasti Gaspari,,"The counterregulatory response (CRR) to hypoglycemia—critically depending on pancreatic glucagon secretion—is a fundamental, evolutionarily conserved homeostatic mechanism orchestrated by the central nervous system (CNS) to ensure survival during glucose scarcity.
                    Tmem117
                    was previously identified in a genetic screen as a potential hypothalamic regulator of CRR. Here, we reveal that Tmem117 is enriched in cells of the oligodendrocytic lineage and we characterize the contribution of oligodendrocytic Tmem117 in CRR. We show that depletion of Tmem117 from either all oligodendrocyte lineage cells or only mature oligodendrocytes leads to myelin deficits and male-specific defects in CRR. Furthermore, we reveal that transient, adult-onset depletion of Tmem117 in mature oligodendrocytes is sufficient to induce long-lasting metabolic imbalances in male mice, suggesting that defects in oligodendrocytes and myelin can affect peripheral glucose homeostasis. Mechanistically, we provide insights on the molecular mechanism of action of Tmem117 showing that it regulates intracellular calcium dynamics through its interaction with the sodium-calcium exchanger NCX1. Together, these results redefine our understanding of the cellular contributors to the CRR, highlight the importance of oligodendrocytes in systemic glucose regulation, and position Tmem117 as a promising molecular target for cell-specific manipulation of sodium-calcium exchanger (NCX) activity.",crossref
A hypersensitive neuromorphic airflow sensor inspired by vision-compensatory scorpion mechanoreceptors for respiratory pattern analysis,https://www.pnas.org/doi/abs/10.1073/pnas.2617376123?mi=eymic2&af=R&access=on&content=articlesChapters&publication=pnas&sortBy=Earliest&target=default,,Proceedings of the National Academy of Sciences: Keyword search for query,2026-08-20 07:00:00+00:00,10.1073/pnas.2617376123,Luquan Ren,,"Efficient acquisition of spatial airflow information is vital for organisms to orient within complex environments and detect predators. For scorpions with degraded vision, specialized mechanosensory trichobothria provide a crucial vision-compensatory mechanism, enabling hypersensitive perception of subtle airflow fluctuations. Inspired by this evolutionary adaptation, we present a biomimetic neuromorphic airflow sensor (BNAS) integrating a bioinspired lever-amplification structure with a pressure-induced ionic enrichment mechanism. This synergistic design inherits the hypersensitive anemosensation and neural response features of scorpion. The BNAS demonstrates a superior sensitivity of 18.22% (m/s)
                    −1
                    at low velocities and maintains high performance across a broad dynamic range (0.1 to 10.27 m/s), along with omnidirectional detection capability. The integration of this neuromorphic hardware with AlexNet deep-learning algorithm enables the efficient extraction of human respiratory patterns, achieving 95.56% accuracy in identifying individual “breathing fingerprints.” Our work underscores the potential of bioinspired neuromorphic systems to bridge the gap between biological perception and artificial sensing, establishing a neuromorphic front-end design paradigm that advances next-generation brain-inspired computing.",crossref
Primary amine–functionalized radially amphiphilic polypeptides target bacterial phospholipids in polyanionic matrices for biofilm therapy,https://www.pnas.org/doi/abs/10.1073/pnas.2616934123?mi=eymic2&af=R&access=on&content=articlesChapters&publication=pnas&sortBy=Earliest&target=default,,Proceedings of the National Academy of Sciences: Keyword search for query,2026-08-20 07:00:00+00:00,10.1073/pnas.2616934123,Menghua Xiong,,"Bacterial biofilm infections, a key contributor to antibiotic resistance, pose a critical global health challenge. Although antimicrobial peptides are promising candidates, their cationic amphipathic structures often lead to nonspecific sequestration by polyanionic biofilm matrix components. Here, we report a class of primary amine–functionalized radially amphiphilic antimicrobial polypeptides (paRAPs) that achieve potent antibiofilm activity by selectively targeting bacterial phosphatidylglycerol (PG) in polyanionic biofilm matrices. Simulation studies support a mechanism of PG-responsive structural rearrangement in paRAPs. In contrast to the compact form of quaternary amine analogs, paRAPs adopt an extended conformation, with outward-facing cationic amine termini that shield the hydrophobic core and thereby reduce nonspecific protein binding. Upon encountering bacterial membranes, strong PG recognition triggers a side-chain rearrangement, reorienting the cationic groups toward the membrane surface and exposing hydrophobic motifs for progressive bilayer insertion and disruption. Supportingly, lengthening the exposed terminal hydrophobic group increased interactions with proteins and mammalian lipids, reduced PG selectivity, and compromised antibiofilm efficacy, underscoring the importance of hidden hydrophobic domains for biofilm bacteria targeting. paRAP showed potent antibiofilm efficacy in vitro and in murine models of both periodontitis and urinary tract infections. Our study provides a PG-targeting strategy for designing matrix-resistant antibiofilm polypeptides.",crossref
Stochastic theory for pattern formation and front propagation in transitional pipe turbulence,https://www.pnas.org/doi/abs/10.1073/pnas.2537018123?mi=eymic2&af=R&access=on&content=articlesChapters&publication=pnas&sortBy=Earliest&target=default,,Proceedings of the National Academy of Sciences: Keyword search for query,2026-08-20 07:00:00+00:00,10.1073/pnas.2537018123,Nigel Goldenfeld,,"The onset of turbulence in a pipe occurs through a subcritical transition. Once turbulent patches (“puffs”) have been nucleated by some external perturbation, they decay; but above a threshold flow velocity, puffs split, leading to a nonzero turbulent fraction in the pipe at long times. Recent theoretical and experimental work has shown that this transition can be understood as a nonequilibrium phase transition in the universality class of directed percolation. At higher flow velocity, the turbulence spreads into the laminar state through front propagation, creating an expanding region of turbulence known as a “slug,” which may exhibit either one or two sharp fronts depending on the flow velocity. It is an open question as to whether the phenomena associated with puff interactions and the slug phase can be understood within the statistical mechanical model framework that predicts the directed percolation transition. Here, we present a stochastic model for the decay, splitting, and propagation of turbulent patches in a background laminar state that accounts for the full range of behavior in the transitional regime. We show that activator–inhibitor (predator–prey) dynamics, coupled to the streamwise shear flow, recapitulates experimental profiles for puffs and slugs, as well as previous simulation results for the spatial structure of the energy flow, the kinematics of puff splitting and the transition to and between the two slug phases. Our work shows that nonequilibrium statistical mechanics can provide a detailed understanding not only of the laminar–turbulent transition, but also the pattern formation phenomena arising in the turbulent state.",crossref
An insoluble de novo protein enables survival of Escherichia coli by sequestering a gene repressor,https://www.pnas.org/doi/abs/10.1073/pnas.2601204123?mi=eymic2&af=R&access=on&content=articlesChapters&publication=pnas&sortBy=Earliest&target=default,,Proceedings of the National Academy of Sciences: Keyword search for query,2026-08-20 07:00:00+00:00,10.1073/pnas.2601204123,Michael H. Hecht,,"De novo proteins that share no ancestry with natural sequences can serve as additions to the evolved proteomes of living cells. Upon expression in cells, these novel proteins can provide biological functions that alter cell viability and growth. To isolate such proteins, we searched a combinatorial library of novel sequences by selecting for sequences that sustain the growth of
                    Escherichia coli
                    under conditions where the recipient cell would otherwise be inviable. This led to the identification of
                    Resc4
                    (
                    Rescuer 4
                    ), a de novo protein that sustains growth on minimal medium of an
                    E. coli
                    strain harboring a lethal deletion of
                    metC
                    , which encodes cystathionine
                    
                      
                        β
                      
                    
                    -lyase, a conditionally essential enzyme in the biosynthesis of methionine. Surprisingly, despite its ability to rescue the deletion of a biosynthetic enzyme,
                    Resc4
                    is insoluble. Nonetheless,
                    Resc4
                    sustains the growth of
                    
                      
                        Δ
                      
                    
                    metC
                    cells by upregulating expression of
                    metB
                    , which encodes a different enzyme, cystathionine
                    
                      
                        γ
                      
                    
                    -synthase, which has a moonlighting activity that compensates for the deleted activity encoded by
                    metC
                    . Proteomic analysis revealed that
                    Resc4
                    sequesters MetJ, the repressor of the methionine biosynthesis operon. Sequestration of MetJ leads to overproduction of cystathionine
                    
                      
                        γ
                      
                    
                    -synthase, thereby allowing it to rescue the deletion of
                    metC
                    . These results, taken together with previous findings on other de novo proteins, demonstrate that novel proteins added to a cell’s proteome can perform life-sustaining functions, and may shed light on de novo gene birth—both in synthetic biology and in natural evolution.",crossref
What controls the superconducting dome of electron-doped FeSe?,https://www.pnas.org/doi/abs/10.1073/pnas.2608091123?mi=eymic2&af=R&access=on&content=articlesChapters&publication=pnas&sortBy=Earliest&target=default,,Proceedings of the National Academy of Sciences: Keyword search for query,2026-08-20 07:00:00+00:00,10.1073/pnas.2608091123,Kyle M. Shen,,"Superconducting domes are conspicuous features of the phase diagrams of most unconventional and high-temperature superconductors. The superconducting transition temperature (
                    T
                    c
                    ) of FeSe can be dramatically enhanced with electron doping, but unlike all other high-temperature and unconventional superconductors, its full phase diagram and superconducting dome has yet to be fully explored. Here, we employ a combination of molecular beam epitaxy synthesis, alkali surface doping, in-vacuum electrical transport, and angle-resolved photoemission spectroscopy to investigate the entire superconducting dome of electron-doped FeSe, achieving a fully metallic state where superconductivity is suppressed in the heavily overdoped regime. We identify a robust scaling between
                    T
                    c
                    and the residual resistivity (ρ
                    0
                    ) which holds across the entire superconducting dome, suggesting that the evolution of
                    T
                    c
                    is heavily influenced by the evolution of the elastic scattering rate in the high-
                    T
                    c
                    electron-doped phase. This in turn suggests that the superconducting dome in electron-doped FeSe appears to be fundamentally different than that of other unconventional superconductors where doping plays the primary role, and may instead be driven primarily by the sensitivity of the superconductivity to disorder.",crossref
Structural basis of ligand recognition and gating in a heteromeric Deg-3/Des-2 nicotinic acetylcholine receptor,https://www.pnas.org/doi/abs/10.1073/pnas.2608998123?mi=eymic2&af=R&access=on&content=articlesChapters&publication=pnas&sortBy=Earliest&target=default,,Proceedings of the National Academy of Sciences: Keyword search for query,2026-08-20 07:00:00+00:00,10.1073/pnas.2608998123,Jingpeng Ge,,"During evolution, nicotinic acetylcholine receptors (nAChRs) have diversified in subunit composition and ligand selectivity, enabling a conserved ion channel scaffold to support a broad range of signaling functions beyond classical synaptic transmission. Deg-3/Des-2 is a nematode-specific, calcium-permeable heteromeric α-type nicotinic receptor in sensory neurons to mediate chemosensation, nociception, and mechanotransduction, and represents a promising anthelmintic target. Here, we report cryo–electron microscopy structures of Deg-3/Des-2 in its apo, agonist-bound intermediate and agonist-bound open states. Deg-3/Des-2 adopts a 2Deg-3:3Des-2 stoichiometry. Five agonist molecules occupy intersubunit orthosteric sites, driving channel opening primarily through rotational rearrangements of the upper M2 helices that relieve a conserved hydrophobic gate and enable calcium permeation. We further identify a Deg-3–specific N-terminal helix that regulates desensitization and a negatively charged extracellular vestibular helix that governs calcium permeability. Together, these structures reveal how evolutionary tuning of ligand recognition, ion selectivity, and gating within a conserved nicotinic receptor framework.",crossref
The TaLYK5–TaDSK2a module serves as a molecular switch between plant growth and immunity during fungal attack,https://www.pnas.org/doi/abs/10.1073/pnas.2612340123?mi=eymic2&af=R&access=on&content=articlesChapters&publication=pnas&sortBy=Earliest&target=default,,Proceedings of the National Academy of Sciences: Keyword search for query,2026-08-20 07:00:00+00:00,10.1073/pnas.2612340123,Qiang Xu,,"Plants are constantly challenged by pathogenic microorganisms that threaten growth and survival. While the individual signaling pathways involved in these immune responses have been well characterized, how plants balance growth with rapid pathogen perception and immune signal transduction remains largely unclear. Here, we report that the receptor-like kinase TaLYK5 receptor of wheat (
                    Triticum aestivum
                    ) recognizes chitin on the fungal pathogen
                    Puccinia striiformis
                    f. sp.
                    tritici
                    (
                    Pst
                    ) and initiates a cascade of events that increase immune response while reducing growth. TaLYK5 acts as a positive regulator of defense by phosphorylating the ankyrin-repeat–containing protein TaAKR2A, which supports reactive oxygen species (ROS) production and defense responses. In parallel, activated TaLYK5 negatively regulates growth responses by phosphorylating serine residue S234 in the ubiquitin-binding protein TaDSK2a, blocking its ability to degrade TaLYK5. Without infection by
                    Pst
                    , TaAKR2A does not initiate ROS signaling and immune responses and TaDSK2a associates with polyubiquitin chains on TaLYK5 to mediate its degradation, suppress TaLYK5-mediated plant defense. Meanwhile, TaDSK2a regulates gibberellin (GA) accumulation to promote plant growth, possibly by accelerating the degradation of TaEUI, a GA-deactivating enzyme. These findings demonstrate that the TaLYK5–TaDSK2a module functions as a molecular switch that dynamically regulates the trade-off between plant immunity and growth.",crossref
Erratum for the Report “Senolysis by glutaminolysis inhibition ameliorates various age-associated disorders”,https://www.science.org/doi/abs/10.1126/science.aek6651?af=R,,AAAS: Science: Table of Contents,2026-08-20 07:00:00+00:00,10.1126/science.aek6651,,,,
Regulatory divergence of homoeologs underlies network optimization for fiber improvement in domesticated cotton,https://www.pnas.org/doi/abs/10.1073/pnas.2523784123?mi=eymic2&af=R&access=on&content=articlesChapters&publication=pnas&sortBy=Earliest&target=default,,Proceedings of the National Academy of Sciences: Keyword search for query,2026-08-20 07:00:00+00:00,10.1073/pnas.2523784123,Maojun Wang,,"Polyploidy is prominent in plant evolution and in many of the world’s most important crops, yet how domestication reshapes the regulation of duplicated genes (homoeologs) to generate superior agronomic traits remains incompletely understood. Here, we integrate population genomics, stage-resolved transcriptomics, expression quantitative trait locus (eQTL) mapping, and coexpression network analysis across 161 semiwild and 376 cultivated accessions of allotetraploid cotton (
                    Gossypium hirsutum
                    ) to dissect the regulatory consequences of domestication. We show that domestication increases both the frequency and magnitude of homoeologous expression bias (HEB), with biased pairs preferentially organized into trait-associated, functionally specialized coexpression network modules. Bias-eQTL mapping identifies HEB-associated
                    cis
                    -regulatory variants that are enriched in open chromatin regions. Bayesian colocalization analysis further reveals that 92 bias-eQTLs colocalize with fiber quality-related genetic loci, where favorable alleles exhibit substantial frequency increases during domestication. Collectively, this work provides a mechanistic framework linking selection-driven regulatory asymmetry to coexpression network optimization in polyploids and highlights expression bias as a promising target for precision breeding in crops.",crossref
